{"type": "FeatureCollection", "features": [{"type": "Feature", "properties": {"threshold": "ge_4", "source": "HistorySUHI", "period": "2013-2025", "hotspot_percentile": "top_10_pct", "label": ">= 4 estati"}, "geometry": {"type": "Polygon", "coordinates": [[[11.25580390962294, 44.49420033039429], [11.255630361590484, 44.49420375918091], [11.255675051116029, 44.49427366508168], [11.2557054087825, 44.49432083300437], [11.255734278336403, 44.49437637572871], [11.255742424925355, 44.49439193328499], [11.255781018248259, 44.4944755520046], [11.255805128526868, 44.49452378862048], [11.255817313946329, 44.49454784336658], [11.25580390962294, 44.49420033039429]]]}}, {"type": "Feature", "properties": {"threshold": "ge_4", "source": "HistorySUHI", "period": "2013-2025", "hotspot_percentile": "top_10_pct", "label": ">= 4 estati"}, "geometry": {"type": "Polygon", "coordinates": [[[11.261376000498286, 44.49192946505718], [11.261753023190643, 44.49192199594091], [11.26176345883645, 44.49219186710287], [11.262140483118477, 44.49218439667315], [11.262161358320919, 44.492724138812996], [11.263669467873573, 44.4926942440991], [11.263659023255222, 44.492424373316304], [11.264413073681217, 44.49240941863788], [11.26440262573735, 44.4921395479803], [11.264779648994718, 44.492132068845756], [11.264758750074494, 44.49159232762634], [11.265135769713547, 44.49158484738825], [11.265114867907469, 44.491045106249864], [11.266999946546166, 44.491007687107036], [11.266979027967905, 44.49046794661003], [11.26735603978429, 44.49046045919114], [11.267346408478003, 44.49021198683654], [11.267073173896074, 44.49026796687907], [11.266771194119787, 44.490329932676644], [11.266567716933062, 44.49037281003732], [11.26592972457093, 44.49050752359798], [11.265870909157133, 44.490520016282325], [11.264759510290515, 44.490756377371106], [11.264071832933858, 44.49090575916801], [11.26402761636276, 44.490906501057246], [11.264027317187702, 44.49090657000878], [11.263959783252089, 44.49092161130197], [11.263710083219534, 44.49097751773258], [11.263603981618202, 44.491001155850256], [11.263011787659206, 44.49113312642855], [11.262969254214168, 44.491142594070325], [11.26275959947422, 44.49118945821045], [11.261882949016837, 44.491395894723205], [11.261831446964605, 44.49140078626849], [11.26178185670769, 44.491391694888236], [11.26177407614351, 44.49139441478231], [11.261705736836836, 44.491418581326215], [11.26140592016032, 44.49150914532834], [11.261360284611484, 44.491522967846], [11.261376000498286, 44.49192946505718]]]}}, {"type": "Feature", "properties": {"threshold": "ge_4", "source": "HistorySUHI", "period": "2013-2025", "hotspot_percentile": "top_10_pct", "label": ">= 4 estati"}, "geometry": {"type": "Polygon", "coordinates": [[[11.247969046424837, 44.496515503114566], [11.247979420165139, 44.496785376619584], [11.249487649125596, 44.496755667040226], [11.249498029957133, 44.497025540252466], [11.24987508856995, 44.49701810967863], [11.24988547128348, 44.49728798280662], [11.250639591545383, 44.49727311778846], [11.250649977877446, 44.497542990762604], [11.251781162387706, 44.49752068369809], [11.251791554074895, 44.497790556448756], [11.252545679826412, 44.49777567871413], [11.252535284666214, 44.497505806102694], [11.253289406361835, 44.497490923532084], [11.253279765570166, 44.49724071556266], [11.253050209858175, 44.49721580913725], [11.252011004100543, 44.497110746205614], [11.251600376953368, 44.49707284269105], [11.251243109876064, 44.49703305719311], [11.251108944809754, 44.49701818384988], [11.251046337037486, 44.497005275333166], [11.250952415456858, 44.496985980208606], [11.250850644759513, 44.49696602053116], [11.250584411354504, 44.496921125077186], [11.250443904354585, 44.496888523839054], [11.249959398463917, 44.49679347291092], [11.249216923949527, 44.496656068195776], [11.249140828010551, 44.49664269517222], [11.248772185712111, 44.49657814384547], [11.248605101912649, 44.496555651624206], [11.24854651484998, 44.49654783902747], [11.24842363849646, 44.49652751866801], [11.248085752084423, 44.496471830087984], [11.247625484259013, 44.49639263162503], [11.247620620462834, 44.496448696507294], [11.247626428498739, 44.49647643617802], [11.247636645660616, 44.496522047523655], [11.247969046424837, 44.496515503114566]]]}}, {"type": "Feature", "properties": {"threshold": "ge_4", "source": "HistorySUHI", "period": "2013-2025", "hotspot_percentile": "top_10_pct", "label": ">= 4 estati"}, "geometry": {"type": "Polygon", "coordinates": [[[11.238780240382361, 44.50290786214194], [11.239157339677975, 44.50290046618526], [11.239147004425709, 44.50263059133943], [11.240278296232015, 44.50260839621267], [11.240267955913646, 44.50233852155985], [11.240645051155523, 44.5023311207654], [11.240624367479755, 44.50179137155416], [11.241001459102735, 44.50178396965421], [11.24099466081471, 44.50160659031493], [11.240970808414188, 44.50161276704851], [11.240926804139564, 44.50162419089146], [11.240910911430724, 44.50162897714853], [11.240741351398327, 44.50168036125605], [11.240577631523362, 44.50175055392481], [11.240478232679756, 44.50180181193525], [11.24020315747229, 44.50198386798052], [11.240005677588039, 44.502103093209435], [11.240005592011894, 44.50210315790671], [11.239978243276118, 44.502117567521424], [11.239744431457234, 44.50224100718721], [11.239578373013215, 44.502318527391324], [11.239359333866958, 44.502416838317764], [11.239110716476759, 44.502526883177886], [11.23911036865371, 44.50252699803112], [11.239046606118258, 44.502547748252205], [11.23897637005717, 44.502570596968155], [11.238838238532535, 44.502596937820904], [11.23876859791689, 44.50260379993096], [11.238780240382361, 44.50290786214194]]]}}, {"type": "Feature", "properties": {"threshold": "ge_4", "source": "HistorySUHI", "period": "2013-2025", "hotspot_percentile": "top_10_pct", "label": ">= 4 estati"}, "geometry": {"type": "Polygon", "coordinates": [[[11.236150862758732, 44.50322947438903], [11.23614686476071, 44.50312493908092], [11.235719585056652, 44.50323532979143], [11.23572129476704, 44.503237884527145], [11.236150862758732, 44.50322947438903]]]}}, {"type": "Feature", "properties": {"threshold": "ge_4", "source": "HistorySUHI", "period": "2013-2025", "hotspot_percentile": "top_10_pct", "label": ">= 4 estati"}, "geometry": {"type": "Polygon", "coordinates": [[[11.248806179501825, 44.498659637467384], [11.248598120431382, 44.498663735674306], [11.248610446065605, 44.49868844029771], [11.24875848795166, 44.49893065454324], [11.248816557878836, 44.49892951071563], [11.248806179501825, 44.498659637467384]]]}}, {"type": "Feature", "properties": {"threshold": "ge_4", "source": "HistorySUHI", "period": "2013-2025", "hotspot_percentile": "top_10_pct", "label": ">= 4 estati"}, "geometry": {"type": "Polygon", "coordinates": [[[11.241978814274422, 44.51742926171233], [11.241601622013736, 44.51743666887576], [11.241591270241967, 44.51716679517046], [11.241214079574462, 44.51717420101989], [11.241234779786467, 44.517713948554395], [11.241611973930652, 44.51770654256635], [11.241622325992722, 44.51797641624222], [11.241999521730131, 44.51796900894015], [11.241978814274422, 44.51742926171233]]]}}, {"type": "Feature", "properties": {"threshold": "ge_4", "source": "HistorySUHI", "period": "2013-2025", "hotspot_percentile": "top_10_pct", "label": ">= 4 estati"}, "geometry": {"type": "Polygon", "coordinates": [[[11.243182905327778, 44.51929614633756], [11.242805701333777, 44.519303557720576], [11.24282641777619, 44.51984330446507], [11.243203625247242, 44.51983589294335], [11.243182905327778, 44.51929614633756]]]}}, {"type": "Feature", "properties": {"threshold": "ge_4", "source": "HistorySUHI", "period": "2013-2025", "hotspot_percentile": "top_10_pct", "label": ">= 4 estati"}, "geometry": {"type": "Polygon", "coordinates": [[[11.244867975921178, 44.52385432791234], [11.243736276573065, 44.52387657680365], [11.243767369296718, 44.52468619573175], [11.244144607774954, 44.52467878047143], [11.24415497404584, 44.52494865334863], [11.24453221411771, 44.524941236773905], [11.244542582272974, 44.52521110956698], [11.245297065458548, 44.52519627254365], [11.24530743723728, 44.52546614518317], [11.246816408819077, 44.52543645591839], [11.246795651494914, 44.52489671118032], [11.246418412295741, 44.52490413522511], [11.246408035590939, 44.524634262764515], [11.246030797985236, 44.52464168549483], [11.246020423164898, 44.52437181295005], [11.24564318715267, 44.52437923436592], [11.245632814216746, 44.524109361736976], [11.244878345233822, 44.52412420069487], [11.244867975921178, 44.52385432791234]]]}}, {"type": "Feature", "properties": {"threshold": "ge_4", "source": "HistorySUHI", "period": "2013-2025", "hotspot_percentile": "top_10_pct", "label": ">= 4 estati"}, "geometry": {"type": "Polygon", "coordinates": [[[11.254329991660939, 44.52447809783633], [11.253952757116009, 44.524485546711254], [11.253973580229774, 44.52502528883422], [11.254350818252584, 44.52501783981988], [11.254329991660939, 44.52447809783633]]]}}, {"type": "Feature", "properties": {"threshold": "ge_4", "source": "HistorySUHI", "period": "2013-2025", "hotspot_percentile": "top_10_pct", "label": ">= 4 estati"}, "geometry": {"type": "Polygon", "coordinates": [[[11.247010125074064, 44.54028684114787], [11.247764801650662, 44.54027198389021], [11.247671310543549, 44.537843140017394], [11.246916665291753, 44.53785799602376], [11.24692704912946, 44.53812786776311], [11.2461723998148, 44.538142718926196], [11.24621392270009, 44.53922220629228], [11.24659125439117, 44.53921478105558], [11.24661202018798, 44.539754524511316], [11.246989355214057, 44.539747097889986], [11.247010125074064, 44.54028684114787]]]}}, {"type": "Feature", "properties": {"threshold": "ge_4", "source": "HistorySUHI", "period": "2013-2025", "hotspot_percentile": "top_10_pct", "label": ">= 4 estati"}, "geometry": {"type": "Polygon", "coordinates": [[[11.25681044480424, 44.539823438342864], [11.2564331118326, 44.539830897420366], [11.256453969001301, 44.54037063716614], [11.257585977919225, 44.54034825577789], [11.25757554404077, 44.54007838612182], [11.256820875055764, 44.54009330815333], [11.25681044480424, 44.539823438342864]]]}}, {"type": "Feature", "properties": {"threshold": "ge_4", "source": "HistorySUHI", "period": "2013-2025", "hotspot_percentile": "top_10_pct", "label": ">= 4 estati"}, "geometry": {"type": "Polygon", "coordinates": [[[11.248246049974837, 44.54296326671312], [11.248623405303794, 44.54295583427462], [11.24863379887144, 44.54322570545611], [11.249388512573253, 44.543210836702606], [11.249367718621297, 44.5426710946032], [11.248613011881922, 44.542685963078405], [11.248571439652116, 44.541606478146285], [11.248194093025923, 44.54161391023703], [11.248142139720425, 44.54026455339289], [11.247764801650662, 44.54027198389021], [11.247847914764519, 44.5424309552205], [11.248225266758043, 44.54242352416686], [11.248246049974837, 44.54296326671312]]]}}, {"type": "Feature", "properties": {"threshold": "ge_4", "source": "HistorySUHI", "period": "2013-2025", "hotspot_percentile": "top_10_pct", "label": ">= 4 estati"}, "geometry": {"type": "Polygon", "coordinates": [[[11.239168778744194, 44.542601525621976], [11.238791423260125, 44.54260892677703], [11.238801771280416, 44.54287879979258], [11.239179128505123, 44.54287139856827], [11.239168778744194, 44.542601525621976]]]}}, {"type": "Feature", "properties": {"threshold": "ge_4", "source": "HistorySUHI", "period": "2013-2025", "hotspot_percentile": "top_10_pct", "label": ">= 4 estati"}, "geometry": {"type": "Polygon", "coordinates": [[[11.243697033223636, 44.54251261459013], [11.243319679483086, 44.542520030694575], [11.243330048390881, 44.54278990287821], [11.243707403872042, 44.54278248670436], [11.243697033223636, 44.54251261459013]]]}}, {"type": "Feature", "properties": {"threshold": "ge_4", "source": "HistorySUHI", "period": "2013-2025", "hotspot_percentile": "top_10_pct", "label": ">= 4 estati"}, "geometry": {"type": "Polygon", "coordinates": [[[11.254734023716205, 44.544725835993106], [11.253601927742931, 44.544748190832685], [11.253612344961189, 44.54501806100579], [11.252857610100232, 44.545032958142365], [11.252888852186787, 44.54584256899151], [11.253266224912755, 44.54583512083705], [11.253255808996999, 44.54556525063843], [11.254010550528958, 44.545550350731276], [11.25400013127767, 44.54528048065737], [11.254754868743458, 44.54526557590617], [11.25474444615674, 44.54499570595701], [11.255121812929591, 44.544988251782364], [11.255100964713217, 44.54444851197937], [11.25472360142185, 44.544455966014475], [11.254734023716205, 44.544725835993106]]]}}, {"type": "Feature", "properties": {"threshold": "ge_4", "source": "HistorySUHI", "period": "2013-2025", "hotspot_percentile": "top_10_pct", "label": ">= 4 estati"}, "geometry": {"type": "Polygon", "coordinates": [[[11.244638496865392, 44.547355471949274], [11.244261112081162, 44.54736289179501], [11.24425073721868, 44.547093020000375], [11.24387335402995, 44.5471004385307], [11.243862981053983, 44.54683056665193], [11.24348559946076, 44.54683798386687], [11.243495970695728, 44.547107855815064], [11.241986435904385, 44.547137512492775], [11.241996800320702, 44.54740738470379], [11.241242028570628, 44.54742220570549], [11.241252389650196, 44.54769207804047], [11.240875001816093, 44.54769948674166], [11.240926800688214, 44.54904884854264], [11.24130419722801, 44.54904143949478], [11.241314559179584, 44.549311311741505], [11.241691957315247, 44.549303901378245], [11.241702321153396, 44.54957377354091], [11.243211919207042, 44.549544119349605], [11.243201548403984, 44.54927424746446], [11.243578945812567, 44.54926683087084], [11.243589318356848, 44.54953670268659], [11.243966717361161, 44.54952928477749], [11.243956343075663, 44.54925941303115], [11.245843327207947, 44.54922230514179], [11.245791414434656, 44.54787294792566], [11.24465925050903, 44.547895215355524], [11.244638496865392, 44.547355471949274]], [[11.244281862242689, 44.54790263534014], [11.244292237541739, 44.54817250709061], [11.243914847388778, 44.54817992589866], [11.243904473830822, 44.54791005407875], [11.244281862242689, 44.54790263534014]]]}}, {"type": "Feature", "properties": {"threshold": "ge_4", "source": "HistorySUHI", "period": "2013-2025", "hotspot_percentile": "top_10_pct", "label": ">= 4 estati"}, "geometry": {"type": "Polygon", "coordinates": [[[11.254869526846146, 44.54823414437452], [11.254848678602567, 44.54769440478561], [11.254471294274625, 44.54770185841189], [11.25449213903613, 44.5482415981403], [11.254869526846146, 44.54823414437452]]]}}, {"type": "Feature", "properties": {"threshold": "ge_4", "source": "HistorySUHI", "period": "2013-2025", "hotspot_percentile": "top_10_pct", "label": ">= 4 estati"}, "geometry": {"type": "Polygon", "coordinates": [[[11.245517838380565, 44.55057908640733], [11.2447630274606, 44.55059393150375], [11.244783784597729, 44.55113367455679], [11.245538602483068, 44.55111882918251], [11.245517838380565, 44.55057908640733]]]}}, {"type": "Feature", "properties": {"threshold": "ge_4", "source": "HistorySUHI", "period": "2013-2025", "hotspot_percentile": "top_10_pct", "label": ">= 4 estati"}, "geometry": {"type": "Polygon", "coordinates": [[[11.243651556677936, 44.551155933272085], [11.242896737337167, 44.55117076618488], [11.242917477642601, 44.551710509873274], [11.24367230394899, 44.551695676682854], [11.243651556677936, 44.551155933272085]]]}}, {"type": "Feature", "properties": {"threshold": "ge_4", "source": "HistorySUHI", "period": "2013-2025", "hotspot_percentile": "top_10_pct", "label": ">= 4 estati"}, "geometry": {"type": "Polygon", "coordinates": [[[11.242917477642601, 44.551710509873274], [11.242540064271202, 44.55171792459923], [11.2425426655032, 44.55178562781083], [11.242944243081489, 44.55240702652756], [11.242917477642601, 44.551710509873274]]]}}, {"type": "Feature", "properties": {"threshold": "ge_4", "source": "HistorySUHI", "period": "2013-2025", "hotspot_percentile": "top_10_pct", "label": ">= 4 estati"}, "geometry": {"type": "Polygon", "coordinates": [[[11.248305203627979, 44.554305280694344], [11.249437488996643, 44.55428297461329], [11.249427087708536, 44.55401310410508], [11.248672234425204, 44.554027975932875], [11.24863064466425, 44.55294849319614], [11.249008064412596, 44.55294105818368], [11.248945673697678, 44.551321834054285], [11.248568264397987, 44.55132926864928], [11.248578660744451, 44.5515991394439], [11.248201249557548, 44.551606572862326], [11.248170066179707, 44.550796960225604], [11.247792660071084, 44.550804392189214], [11.247771875364114, 44.55026465021869], [11.247394472592326, 44.55027208079711], [11.247384082198758, 44.55000220972023], [11.246629279700526, 44.55001706699973], [11.24666044087069, 44.550826680603315], [11.246283034179127, 44.550834107582425], [11.246293419785896, 44.55110397882369], [11.245916011207308, 44.55111140462618], [11.245978317458608, 44.552730632181586], [11.24560089828574, 44.55273805715482], [11.245611281429259, 44.55300792843202], [11.245233860369222, 44.55301535222851], [11.245213097710861, 44.552475609520464], [11.244458262120022, 44.55249045309696], [11.244479017812315, 44.55303019608284], [11.244101596315488, 44.553037616140664], [11.244111972638434, 44.55330748768096], [11.244489395876817, 44.55330006755369], [11.244499774086895, 44.55356993900985], [11.24412234910693, 44.55357735920655], [11.244143102480585, 44.55411710221357], [11.245275387433418, 44.55409483746802], [11.245265005448928, 44.55382496618022], [11.24601985787279, 44.553810116924126], [11.246030243340524, 44.554079988072964], [11.245652815459797, 44.55408741339362], [11.245694351820827, 44.55516689811972], [11.24644922137004, 44.55515204567617], [11.246438833577859, 44.55488217465572], [11.247193699060793, 44.55486731736595], [11.247183307930944, 44.5545974464698], [11.247938169347472, 44.55458258433393], [11.247927774880068, 44.55431271356215], [11.246795487761606, 44.55433500468793], [11.246785098664912, 44.55406513369282], [11.248294807564749, 44.55403540997739], [11.248305203627979, 44.554305280694344]]]}}, {"type": "Feature", "properties": {"threshold": "ge_4", "source": "HistorySUHI", "period": "2013-2025", "hotspot_percentile": "top_10_pct", "label": ">= 4 estati"}, "geometry": {"type": "Polygon", "coordinates": [[[11.244929100863645, 44.55491187427962], [11.244574104284155, 44.55491885487313], [11.24475506450546, 44.55518537194394], [11.24493948168895, 44.55518174557801], [11.244929100863645, 44.55491187427962]]]}}, {"type": "Feature", "properties": {"threshold": "ge_4", "source": "HistorySUHI", "period": "2013-2025", "hotspot_percentile": "top_10_pct", "label": ">= 4 estati"}, "geometry": {"type": "Polygon", "coordinates": [[[11.248315599837039, 44.554575151396556], [11.248318509108923, 44.55465067086581], [11.248583770026686, 44.55456986840472], [11.248315599837039, 44.554575151396556]]]}}, {"type": "Feature", "properties": {"threshold": "ge_4", "source": "HistorySUHI", "period": "2013-2025", "hotspot_percentile": "top_10_pct", "label": ">= 4 estati"}, "geometry": {"type": "Polygon", "coordinates": [[[11.247193699060793, 44.55486731736595], [11.247198493957123, 44.55499184430926], [11.247635877412794, 44.55485861073698], [11.247193699060793, 44.55486731736595]]]}}, {"type": "Feature", "properties": {"threshold": "ge_4", "source": "HistorySUHI", "period": "2013-2025", "hotspot_percentile": "top_10_pct", "label": ">= 4 estati"}, "geometry": {"type": "Polygon", "coordinates": [[[11.252446495003952, 44.553953566943726], [11.252452953358663, 44.554120910091754], [11.252577281059203, 44.55395098591889], [11.252446495003952, 44.553953566943726]]]}}, {"type": "Feature", "properties": {"threshold": "ge_4", "source": "HistorySUHI", "period": "2013-2025", "hotspot_percentile": "top_10_pct", "label": ">= 4 estati"}, "geometry": {"type": "Polygon", "coordinates": [[[11.252079483082495, 44.554230883471504], [11.252089896707963, 44.5545007534775], [11.251712467677805, 44.55450819887764], [11.251732783720017, 44.55503476424501], [11.251876572115883, 44.5548619035775], [11.252105620087045, 44.55458650839544], [11.25216113674027, 44.55451974878414], [11.252376781293504, 44.55422501782569], [11.252079483082495, 44.554230883471504]]]}}, {"type": "Feature", "properties": {"threshold": "ge_4", "source": "HistorySUHI", "period": "2013-2025", "hotspot_percentile": "top_10_pct", "label": ">= 4 estati"}, "geometry": {"type": "Polygon", "coordinates": [[[11.251366269804384, 44.55532525337915], [11.251371803934335, 44.555468710817316], [11.251493223031103, 44.55532274940526], [11.251366269804384, 44.55532525337915]]]}}, {"type": "Feature", "properties": {"threshold": "ge_4", "source": "HistorySUHI", "period": "2013-2025", "hotspot_percentile": "top_10_pct", "label": ">= 4 estati"}, "geometry": {"type": "Polygon", "coordinates": [[[11.251233929899387, 44.5555979380895], [11.251246963904295, 44.55561878463231], [11.251264811775572, 44.55559732918944], [11.251233929899387, 44.5555979380895]]]}}, {"type": "Feature", "properties": {"threshold": "ge_4", "source": "HistorySUHI", "period": "2013-2025", "hotspot_percentile": "top_10_pct", "label": ">= 4 estati"}, "geometry": {"type": "Polygon", "coordinates": [[[11.26108243914554, 44.494095902931036], [11.261836512453153, 44.49408096482371], [11.261815639259774, 44.49354122269147], [11.262192672221925, 44.493533751912196], [11.262182234108607, 44.49326388089387], [11.26180520288253, 44.493271351603234], [11.261794766651578, 44.49300148050026], [11.261417737015258, 44.49300894989613], [11.26142817151016, 44.493278821069005], [11.26105113999152, 44.49328628929117], [11.26108243914554, 44.494095902931036]]]}}, {"type": "Feature", "properties": {"threshold": "ge_4", "source": "HistorySUHI", "period": "2013-2025", "hotspot_percentile": "top_10_pct", "label": ">= 4 estati"}, "geometry": {"type": "Polygon", "coordinates": [[[11.280332169128451, 44.49425316249176], [11.279955136272973, 44.4942606932448], [11.279965656716243, 44.494530560890134], [11.280342691307794, 44.494523030066645], [11.280353213634639, 44.49479289762675], [11.280730249814791, 44.49478536548916], [11.280719725751851, 44.494515497999544], [11.281850828198786, 44.49449289433661], [11.281871886888812, 44.49503262887799], [11.282625961393226, 44.49501755326919], [11.28259436316307, 44.494207951858215], [11.281840299075167, 44.494223027043766], [11.28182977009914, 44.49395315973613], [11.281452739569831, 44.49396069539299], [11.281431685532551, 44.49342096059237], [11.280677630975289, 44.49343602789336], [11.280698678068534, 44.493975762976], [11.280321647096601, 44.49398329490212], [11.280332169128451, 44.49425316249176]]]}}, {"type": "Feature", "properties": {"threshold": "ge_4", "source": "HistorySUHI", "period": "2013-2025", "hotspot_percentile": "top_10_pct", "label": ">= 4 estati"}, "geometry": {"type": "Polygon", "coordinates": [[[11.262642788081243, 44.49541537611524], [11.263019832903886, 44.49540790235915], [11.263030275660359, 44.49567777311965], [11.264161414458648, 44.49565534417936], [11.264171862570354, 44.49592521471522], [11.264548910279839, 44.4959177358444], [11.26451756117535, 44.49510812440257], [11.263763476027439, 44.495123080480596], [11.263753030091316, 44.49485320983051], [11.263375989033909, 44.494860685934036], [11.2633655449804, 44.49459081519926], [11.262988505512777, 44.49459828998918], [11.263009390293803, 44.49513803158391], [11.262632347207397, 44.495145505270045], [11.262642788081243, 44.49541537611524]]]}}, {"type": "Feature", "properties": {"threshold": "ge_4", "source": "HistorySUHI", "period": "2013-2025", "hotspot_percentile": "top_10_pct", "label": ">= 4 estati"}, "geometry": {"type": "Polygon", "coordinates": [[[11.268298445039367, 44.495303139187136], [11.267167316286178, 44.49532560895898], [11.267188240143218, 44.49586534892496], [11.269450517163929, 44.49582039734689], [11.269419100346276, 44.49501078863781], [11.268287978122212, 44.495033269392316], [11.268298445039367, 44.495303139187136]]]}}, {"type": "Feature", "properties": {"threshold": "ge_4", "source": "HistorySUHI", "period": "2013-2025", "hotspot_percentile": "top_10_pct", "label": ">= 4 estati"}, "geometry": {"type": "Polygon", "coordinates": [[[11.260045186568375, 44.49654714277491], [11.260422239360299, 44.49653967744523], [11.260453533361392, 44.497349290973695], [11.260830591216289, 44.49734182419064], [11.260788859228406, 44.496262339736035], [11.260034757263483, 44.49627727149939], [11.260045186568375, 44.49654714277491]]]}}, {"type": "Feature", "properties": {"threshold": "ge_4", "source": "HistorySUHI", "period": "2013-2025", "hotspot_percentile": "top_10_pct", "label": ">= 4 estati"}, "geometry": {"type": "Polygon", "coordinates": [[[11.257949588800242, 44.500909853741234], [11.258326670254194, 44.500902394757254], [11.258337093360973, 44.50117226613139], [11.259091259304045, 44.50115734429198], [11.259080832723708, 44.500887473057496], [11.25945791373923, 44.50088001034172], [11.259395346906528, 44.49926078304436], [11.258641205569592, 44.49927570639402], [11.258651629536327, 44.49954557778674], [11.258274556912022, 44.499553037665585], [11.258284979288234, 44.4998229091134], [11.257907904781161, 44.499830367818156], [11.257949588800242, 44.500909853741234]]]}}, {"type": "Feature", "properties": {"threshold": "ge_4", "source": "HistorySUHI", "period": "2013-2025", "hotspot_percentile": "top_10_pct", "label": ">= 4 estati"}, "geometry": {"type": "Polygon", "coordinates": [[[11.276573511734469, 44.50432105147228], [11.276950610315433, 44.50431353055155], [11.276940100194201, 44.5040436628041], [11.277317196890847, 44.504036140709715], [11.277306685180012, 44.503766273017874], [11.27617539985892, 44.503788835357796], [11.276206919800762, 44.50459843902242], [11.276584020266048, 44.504590919275344], [11.276573511734469, 44.50432105147228]]]}}, {"type": "Feature", "properties": {"threshold": "ge_4", "source": "HistorySUHI", "period": "2013-2025", "hotspot_percentile": "top_10_pct", "label": ">= 4 estati"}, "geometry": {"type": "Polygon", "coordinates": [[[11.271063783397476, 44.508211878658834], [11.272195158283212, 44.508189365197154], [11.272184668684211, 44.5079194967423], [11.271430422382108, 44.50793450682048], [11.271419936404815, 44.507664638210386], [11.27179705789206, 44.50765713386362], [11.271786570324478, 44.50738726530899], [11.272163689927389, 44.50737975978827], [11.272142711758795, 44.506840022775194], [11.272519827740133, 44.5068325161508], [11.272530318488151, 44.507102384594454], [11.272907436059656, 44.50709487665564], [11.27288645123623, 44.50655513989407], [11.273640678988995, 44.50654012056504], [11.273609192434073, 44.50573051573362], [11.273986300878255, 44.505723004413774], [11.273954810436303, 44.50491339966037], [11.273200603823357, 44.50492842063424], [11.273211097016045, 44.50519828904071], [11.272833991751826, 44.50520579773181], [11.272844483354527, 44.50547566619378], [11.271713161468156, 44.50549818501327], [11.271734134691997, 44.50603792231443], [11.270979912417394, 44.506052928921115], [11.270969429206277, 44.50578306013748], [11.270215209818113, 44.505798061627274], [11.270194250785284, 44.50525832373496], [11.269817144345067, 44.50526582247331], [11.269796189374059, 44.50472608438162], [11.270173292340115, 44.504718585783614], [11.270152334482587, 44.50417884777324], [11.269021035565986, 44.50420133941408], [11.269041983001312, 44.504741077845416], [11.268664879594672, 44.50474857271121], [11.268675351795514, 44.50501844197488], [11.268298246504983, 44.50502593566672], [11.26832965877703, 44.50583554357962], [11.269838099903637, 44.505805560505976], [11.269859056049793, 44.506345298479616], [11.27023616943862, 44.506337799460546], [11.270257129646826, 44.50687753723481], [11.270634246363178, 44.50687003683121], [11.270676175491953, 44.50794951192185], [11.271053299010523, 44.50794200999327], [11.271063783397476, 44.508211878658834]], [[11.26905245693923, 44.50501094703896], [11.269062931023987, 44.50528081621775], [11.268685824143173, 44.505288311223815], [11.268675351795514, 44.50501844197488], [11.26905245693923, 44.50501094703896]]]}}, {"type": "Feature", "properties": {"threshold": "ge_4", "source": "HistorySUHI", "period": "2013-2025", "hotspot_percentile": "top_10_pct", "label": ">= 4 estati"}, "geometry": {"type": "Polygon", "coordinates": [[[11.268382015499775, 44.50718488980604], [11.268392487284748, 44.507454759007054], [11.268769608210071, 44.50744726468404], [11.268759134687803, 44.50717739555316], [11.268382015499775, 44.50718488980604]]]}}, {"type": "Feature", "properties": {"threshold": "ge_4", "source": "HistorySUHI", "period": "2013-2025", "hotspot_percentile": "top_10_pct", "label": ">= 4 estati"}, "geometry": {"type": "Polygon", "coordinates": [[[11.269157204394983, 44.5077096381628], [11.26914672898856, 44.507439769116814], [11.268769608210071, 44.50744726468404], [11.268780081879177, 44.50771713380016], [11.269157204394983, 44.5077096381628]]]}}, {"type": "Feature", "properties": {"threshold": "ge_4", "source": "HistorySUHI", "period": "2013-2025", "hotspot_percentile": "top_10_pct", "label": ">= 4 estati"}, "geometry": {"type": "Polygon", "coordinates": [[[11.26954480405455, 44.50797201024231], [11.269534326763923, 44.50770214128124], [11.269157204394983, 44.5077096381628], [11.26916767994827, 44.50797950719403], [11.26954480405455, 44.50797201024231]]]}}, {"type": "Feature", "properties": {"threshold": "ge_4", "source": "HistorySUHI", "period": "2013-2025", "hotspot_percentile": "top_10_pct", "label": ">= 4 estati"}, "geometry": {"type": "Polygon", "coordinates": [[[11.267271590347795, 44.50774710390753], [11.266894467098034, 44.50775459332385], [11.266915397503142, 44.50829433221297], [11.26729252422764, 44.508286842656474], [11.267271590347795, 44.50774710390753]]]}}, {"type": "Feature", "properties": {"threshold": "ge_4", "source": "HistorySUHI", "period": "2013-2025", "hotspot_percentile": "top_10_pct", "label": ">= 4 estati"}, "geometry": {"type": "Polygon", "coordinates": [[[11.269932407188824, 44.50823438092251], [11.26880102965791, 44.50825687198815], [11.268821978024024, 44.50879661011713], [11.269576236807794, 44.50878161703697], [11.269565759076485, 44.50851174812018], [11.269942886510623, 44.5085042497839], [11.269932407188824, 44.50823438092251]]]}}, {"type": "Feature", "properties": {"threshold": "ge_4", "source": "HistorySUHI", "period": "2013-2025", "hotspot_percentile": "top_10_pct", "label": ">= 4 estati"}, "geometry": {"type": "Polygon", "coordinates": [[[11.26805724787121, 44.5085417290229], [11.267680119702835, 44.50854922113798], [11.267711527275823, 44.50935882889618], [11.268088660656542, 44.50935133657076], [11.26805724787121, 44.5085417290229]]]}}, {"type": "Feature", "properties": {"threshold": "ge_4", "source": "HistorySUHI", "period": "2013-2025", "hotspot_percentile": "top_10_pct", "label": ">= 4 estati"}, "geometry": {"type": "Polygon", "coordinates": [[[11.270739073594088, 44.50956872411507], [11.270361939504046, 44.5095762252206], [11.270372421297976, 44.509846093938016], [11.270749557125521, 44.50983859276228], [11.270739073594088, 44.50956872411507]]]}}, {"type": "Feature", "properties": {"threshold": "ge_4", "source": "HistorySUHI", "period": "2013-2025", "hotspot_percentile": "top_10_pct", "label": ">= 4 estati"}, "geometry": {"type": "Polygon", "coordinates": [[[11.268476266850001, 44.50961371208404], [11.268099131878595, 44.50962120572386], [11.268109603247456, 44.50989107486222], [11.26848673995638, 44.509883581152266], [11.268476266850001, 44.50961371208404]]]}}, {"type": "Feature", "properties": {"threshold": "ge_4", "source": "HistorySUHI", "period": "2013-2025", "hotspot_percentile": "top_10_pct", "label": ">= 4 estati"}, "geometry": {"type": "Polygon", "coordinates": [[[11.26584677991173, 44.50993601099159], [11.265469642175637, 44.5099434959914], [11.265480101528444, 44.51021336560557], [11.265857241002097, 44.51020588053571], [11.26584677991173, 44.50993601099159]]]}}, {"type": "Feature", "properties": {"threshold": "ge_4", "source": "HistorySUHI", "period": "2013-2025", "hotspot_percentile": "top_10_pct", "label": ">= 4 estati"}, "geometry": {"type": "Polygon", "coordinates": [[[11.267386733951243, 44.510715666296434], [11.26814101823492, 44.510700682188755], [11.268120074763129, 44.51016094398581], [11.267742936169851, 44.51016843652158], [11.267721996760379, 44.50962869811941], [11.267344861495381, 44.509636189270644], [11.267365797429783, 44.51017592781305], [11.266988658542946, 44.510183417860176], [11.26699912499272, 44.51045328717935], [11.267376265617129, 44.51044579706211], [11.267386733951243, 44.510715666296434]]]}}, {"type": "Feature", "properties": {"threshold": "ge_4", "source": "HistorySUHI", "period": "2013-2025", "hotspot_percentile": "top_10_pct", "label": ">= 4 estati"}, "geometry": {"type": "Polygon", "coordinates": [[[11.268874351509222, 44.51014595518133], [11.268497213209596, 44.51015345020573], [11.268507686609649, 44.510423319244445], [11.268884826646842, 44.51041582414991], [11.268874351509222, 44.51014595518133]]]}}, {"type": "Feature", "properties": {"threshold": "ge_4", "source": "HistorySUHI", "period": "2013-2025", "hotspot_percentile": "top_10_pct", "label": ">= 4 estati"}, "geometry": {"type": "Polygon", "coordinates": [[[11.285291631594045, 44.514949942392526], [11.28566879642451, 44.51494239127719], [11.285626580307705, 44.51386292876953], [11.284495106226759, 44.51388557753429], [11.284505654820537, 44.51415544339533], [11.284128494759901, 44.51416299056535], [11.284117947903951, 44.513893124633675], [11.283740789433272, 44.51390067048863], [11.28367752182926, 44.5122814741645], [11.283300373637209, 44.51228901835142], [11.283268747043895, 44.51147941977801], [11.28289160391695, 44.51148696250879], [11.282881063752374, 44.511217096217514], [11.281749638697766, 44.51123971673219], [11.281760173649555, 44.51150958323515], [11.28138302993165, 44.5115171209886], [11.281372496717463, 44.511247254415096], [11.28099535458948, 44.51125479085368], [11.280974292079264, 44.510715057521274], [11.28059715327877, 44.510722592574496], [11.280586623982666, 44.51045272581561], [11.280209486772081, 44.510460259554044], [11.280198959361114, 44.51019039270987], [11.279067552056421, 44.51021298624792], [11.279078074254844, 44.510482853303515], [11.278700936454019, 44.51049038206475], [11.278721977818321, 44.511030116272536], [11.278344836394878, 44.51103764393036], [11.278355355560688, 44.511307511082535], [11.277978212252163, 44.51131503756647], [11.278009765421562, 44.51212463914568], [11.278386913943026, 44.51211711245045], [11.278397433698784, 44.51238697954355], [11.281037481381764, 44.51233425734117], [11.281048013448986, 44.512604123926096], [11.281425164265226, 44.512596587134865], [11.281456766566139, 44.513406186589414], [11.281079610536654, 44.513413723592244], [11.281090143194552, 44.51368359011808], [11.28071298527959, 44.513691125947], [11.280723516347342, 44.513960992528574], [11.280346356546904, 44.51396852718357], [11.280356886024455, 44.51423839382089], [11.279602562505005, 44.51425345953853], [11.27961308865443, 44.514523326302054], [11.279235924935437, 44.514530857364676], [11.279267499055441, 44.51534045777802], [11.278890329975082, 44.51534798780756], [11.278911376650269, 44.51588772148354], [11.279288549206619, 44.51588019131305], [11.279299074503566, 44.51615005805841], [11.27967624865037, 44.51614252657292], [11.279686775832944, 44.51641239323301], [11.2808183026018, 44.51638979109778], [11.280828835146199, 44.51665965753159], [11.281206012178563, 44.516652120926885], [11.281195477896098, 44.5163822545636], [11.283081352151592, 44.51634455322451], [11.283070809326649, 44.51607468719927], [11.284202326892197, 44.51605205167315], [11.28419177900107, 44.51578218584494], [11.284946119829357, 44.51576708941284], [11.284935568610178, 44.51549722371113], [11.285312737064459, 44.51548967369896], [11.285291631594045, 44.514949942392526]]]}}, {"type": "Feature", "properties": {"threshold": "ge_4", "source": "HistorySUHI", "period": "2013-2025", "hotspot_percentile": "top_10_pct", "label": ">= 4 estati"}, "geometry": {"type": "Polygon", "coordinates": [[[11.258406539652453, 44.52250698601101], [11.258783760271944, 44.5224995226855], [11.258742029472323, 44.52142004147851], [11.259496456363095, 44.52140511165176], [11.259486020551698, 44.52113524145288], [11.260240443379944, 44.5211203067866], [11.260250882668537, 44.52139017684571], [11.260628095601696, 44.52138270757547], [11.260638536775286, 44.521652577549936], [11.262524607937586, 44.521615212176805], [11.26253505795076, 44.52188508178686], [11.262912273482357, 44.52187760490779], [11.262901821730555, 44.521607735367716], [11.264033462230046, 44.5215852974715], [11.264023005409003, 44.52131542812665], [11.264777428198386, 44.52130046344513], [11.264766968046832, 44.52103059422557], [11.265898595915113, 44.52100813807742], [11.265888130694616, 44.52073826905327], [11.266265337952058, 44.520730781251046], [11.266244404474294, 44.52019104329863], [11.26699881159489, 44.520176064240225], [11.26698834159924, 44.51990619538207], [11.267365543200883, 44.51989870405584], [11.26735507161361, 44.51962883525304], [11.268109470899535, 44.51961384900665], [11.26809899598229, 44.519343980329324], [11.26885339120392, 44.519328989244336], [11.26884291295681, 44.51905912069255], [11.26997449947218, 44.51903662494029], [11.269953532988755, 44.518496888213484], [11.270330724723278, 44.51848938728041], [11.270320239963764, 44.51821951896508], [11.269943049967525, 44.518227019827954], [11.269890637066117, 44.51687767767891], [11.26951345561397, 44.51688517694623], [11.269492494958499, 44.51634543984296], [11.26911531683567, 44.51635293772534], [11.269104838466447, 44.51608306908139], [11.268727661934797, 44.51609056564904], [11.268696232922775, 44.51528095941823], [11.268319061458389, 44.51528845453088], [11.268287638982278, 44.51447884795682], [11.268664805232723, 44.514471353054574], [11.268654329629799, 44.51420148423719], [11.270540149988754, 44.514163991409454], [11.270550634281298, 44.51443385987597], [11.270927799650112, 44.51442635750678], [11.270938285827594, 44.514696225888315], [11.271315452787322, 44.514688722204404], [11.271325940849794, 44.51495859050098], [11.272457446060448, 44.51493607177151], [11.272446952784103, 44.51466620368567], [11.273201285379711, 44.51465118511736], [11.27319078877464, 44.514381317157316], [11.272813624288334, 44.51438882699344], [11.272792634995472, 44.5138490908885], [11.273169796005998, 44.513841581192935], [11.273180292316736, 44.5141114491825], [11.274311779678847, 44.51408891241816], [11.274290776777379, 44.513549176846055], [11.275045093997878, 44.51353414639547], [11.275034589292366, 44.51326427872792], [11.27465743249356, 44.513271794505094], [11.274646929673121, 44.51300192675246], [11.273892619109356, 44.513016954432885], [11.273903118454207, 44.513286822326165], [11.273148803826016, 44.51330184516949], [11.273138307956767, 44.513031977135626], [11.272761152159726, 44.513039486620364], [11.27277164629117, 44.5133093547245], [11.271640172803917, 44.51333187592291], [11.271629683885898, 44.51306200760801], [11.272006840124265, 44.51305450185656], [11.271996349615518, 44.51278463359713], [11.271619195114939, 44.512792139278346], [11.27159821801419, 44.51225240257475], [11.271975369039271, 44.512244897034016], [11.271922920172452, 44.5108955553679], [11.2715457778357, 44.510903060557446], [11.271535290241133, 44.5106331921097], [11.271158149494935, 44.51064069598469], [11.271137178222025, 44.510100958904474], [11.270760040803937, 44.510108461394715], [11.270791492721099, 44.510918067203534], [11.2704143499433, 44.51092556866007], [11.270435315147754, 44.511465305932546], [11.269681022200716, 44.511480305393334], [11.269670543000311, 44.511210436624104], [11.269293398044049, 44.51121793441778], [11.269324830873003, 44.51202754089171], [11.268947680556796, 44.5120350376515], [11.26895815672252, 44.51230490651678], [11.268581004521701, 44.512312402102324], [11.26859147909655, 44.512582271023], [11.268214325011112, 44.51258976543428], [11.268224797995034, 44.51285963441034], [11.26633901667682, 44.51289708815091], [11.266328552381859, 44.512627218824356], [11.265951397415767, 44.5126347057691], [11.26597232267678, 44.51317444454761], [11.266726639413491, 44.5131594691334], [11.266747572212726, 44.5136992075726], [11.266370410442013, 44.513706696042085], [11.266380875323856, 44.51397656530963], [11.26600371166852, 44.51398405260471], [11.26601417495917, 44.514253921927576], [11.265637009419207, 44.51426140804825], [11.265689319383092, 44.51561075479161], [11.265312145006451, 44.51561824001801], [11.265322605701227, 44.51588810939248], [11.26494542943984, 44.515895593444355], [11.264976807189832, 44.5167052016894], [11.26459962556742, 44.51671268470678], [11.26461008337255, 44.516982554162325], [11.264232899865329, 44.51699003600513], [11.26425381243906, 44.517529775012], [11.263876625308798, 44.5175372557502], [11.263866170686857, 44.51726738618413], [11.263488985148237, 44.517274865607696], [11.263499438031948, 44.51754473524375], [11.263122250608532, 44.51755221349267], [11.263143153339112, 44.51809195286052], [11.262765962292612, 44.518099430004725], [11.262786862132732, 44.51863916945355], [11.262409667463062, 44.51864664549302], [11.262441013107043, 44.519456254765544], [11.261686612897893, 44.519471203530074], [11.261676167680218, 44.519201333647416], [11.261298969094355, 44.51920880609265], [11.261340743890017, 44.52028828581454], [11.260963538203901, 44.52029575729473], [11.260953096023817, 44.52002588731645], [11.260575891929774, 44.52003335748197], [11.260565451634578, 44.519763487419056], [11.259433843689616, 44.51978589023739], [11.259444278769388, 44.520055760509955], [11.25906707408992, 44.52006322569643], [11.259077507577508, 44.520333096024125], [11.258700301013238, 44.52034056003569], [11.258721164950225, 44.52088030078657], [11.25834395476259, 44.520887763693025], [11.258354385211918, 44.52115763411621], [11.25684553604473, 44.521187473573264], [11.25686638347316, 44.52172721493389], [11.256111951057983, 44.521742127472635], [11.256122371514106, 44.5220119982704], [11.25574515334866, 44.52201945274226], [11.255724316059851, 44.521479710992466], [11.254215455846703, 44.521509515873475], [11.254225867463445, 44.52177938703466], [11.25460308447444, 44.52177193761196], [11.254644739356245, 44.52285142183054], [11.255021963176084, 44.522843970884075], [11.255032379000378, 44.52311384183216], [11.255786829679423, 44.523098936065054], [11.255755572212204, 44.52228932359506], [11.256132792116345, 44.52228186905344], [11.25615363375919, 44.5228216105753], [11.257662525824129, 44.522791779401814], [11.257672953819792, 44.52306164986149], [11.25805017820929, 44.52305418888607], [11.258039748474868, 44.52278431849622], [11.258416970979358, 44.52277685634575], [11.258406539652453, 44.52250698601101]]]}}, {"type": "Feature", "properties": {"threshold": "ge_4", "source": "HistorySUHI", "period": "2013-2025", "hotspot_percentile": "top_10_pct", "label": ">= 4 estati"}, "geometry": {"type": "Polygon", "coordinates": [[[11.27196540221791, 44.521697786363355], [11.271588190210371, 44.521705293118046], [11.27159868209704, 44.521975161030845], [11.27046703997604, 44.521997674036776], [11.270477526793961, 44.52226754214549], [11.27010031072088, 44.52227504406138], [11.270110795947197, 44.522544912225534], [11.269356359882677, 44.52255991246318], [11.269366841778663, 44.52282978075296], [11.268989621787242, 44.522837279074686], [11.2690001020915, 44.52310714741987], [11.269377323821626, 44.52309964902798], [11.269387806011574, 44.523369517288245], [11.271651143737193, 44.5233245003734], [11.271640651114911, 44.52305463253441], [11.27239509236924, 44.52303961707765], [11.272384596416712, 44.52276974936442], [11.272761815084438, 44.52276223983903], [11.272740820143602, 44.52222250450883], [11.27236360495317, 44.52223001389367], [11.272353109442154, 44.52196014613615], [11.271975895843168, 44.521967654205895], [11.27196540221791, 44.521697786363355]]]}}, {"type": "Feature", "properties": {"threshold": "ge_4", "source": "HistorySUHI", "period": "2013-2025", "hotspot_percentile": "top_10_pct", "label": ">= 4 estati"}, "geometry": {"type": "Polygon", "coordinates": [[[11.264106664083029, 44.5234743824725], [11.264483889460472, 44.523466900193995], [11.264473429874228, 44.5231970310224], [11.264850653366242, 44.52318954756903], [11.264829731156299, 44.52264980932167], [11.264452511141734, 44.52265729263497], [11.264462970434648, 44.522927161836066], [11.263708526488127, 44.52294212486812], [11.263718982450225, 44.52321199419448], [11.264096206235548, 44.52320451323089], [11.264106664083029, 44.5234743824725]]]}}, {"type": "Feature", "properties": {"threshold": "ge_4", "source": "HistorySUHI", "period": "2013-2025", "hotspot_percentile": "top_10_pct", "label": ">= 4 estati"}, "geometry": {"type": "Polygon", "coordinates": [[[11.261109744100247, 44.524073935442594], [11.260732513926238, 44.5240814066568], [11.260722071434891, 44.52381153681501], [11.259967614125284, 44.52382647536883], [11.259978053138953, 44.524096345350415], [11.260355283605799, 44.52408887662608], [11.26037616555004, 44.52462861640523], [11.26113063299998, 44.5246136749421], [11.261109744100247, 44.524073935442594]]]}}, {"type": "Feature", "properties": {"threshold": "ge_4", "source": "HistorySUHI", "period": "2013-2025", "hotspot_percentile": "top_10_pct", "label": ">= 4 estati"}, "geometry": {"type": "Polygon", "coordinates": [[[11.260030250403078, 44.52544569503725], [11.260407489564487, 44.52543822596342], [11.26037616555004, 44.52462861640523], [11.259998931605443, 44.524636085269364], [11.259988492299005, 44.52436621531727], [11.258856794803672, 44.524388614230276], [11.258867228893429, 44.52465848439199], [11.259244463277112, 44.52465101926274], [11.2592548992521, 44.52492088933987], [11.259632135228365, 44.52491342289579], [11.259642573088636, 44.52518329288829], [11.260019810657475, 44.52517582512935], [11.260030250403078, 44.52544569503725]]]}}, {"type": "Feature", "properties": {"threshold": "ge_4", "source": "HistorySUHI", "period": "2013-2025", "hotspot_percentile": "top_10_pct", "label": ">= 4 estati"}, "geometry": {"type": "Polygon", "coordinates": [[[11.270603380079432, 44.525505958298865], [11.270613868809166, 44.5257758262157], [11.270236630131725, 44.525783329044295], [11.270247117269573, 44.526053197016594], [11.271756078052613, 44.5260231779514], [11.271766572293467, 44.52629304562801], [11.272898296552636, 44.52627051804592], [11.272887797094844, 44.52600065058013], [11.273642275720228, 44.52598562610768], [11.27360026545002, 44.524906156659256], [11.271714102560718, 44.524943707097336], [11.271724596212968, 44.525213574832996], [11.27097012654928, 44.525228586434125], [11.270980616870853, 44.5254984542955], [11.270603380079432, 44.525505958298865]]]}}, {"type": "Feature", "properties": {"threshold": "ge_4", "source": "HistorySUHI", "period": "2013-2025", "hotspot_percentile": "top_10_pct", "label": ">= 4 estati"}, "geometry": {"type": "Polygon", "coordinates": [[[11.279688614257974, 44.52613511725025], [11.279311375639335, 44.526142650099025], [11.27932190480699, 44.526412516353446], [11.279699145164587, 44.52640498343418], [11.279688614257974, 44.52613511725025]]]}}, {"type": "Feature", "properties": {"threshold": "ge_4", "source": "HistorySUHI", "period": "2013-2025", "hotspot_percentile": "top_10_pct", "label": ">= 4 estati"}, "geometry": {"type": "Polygon", "coordinates": [[[11.2790499467084, 44.529118710464154], [11.279427204604564, 44.52911117808501], [11.279437735396478, 44.529381044176915], [11.280569513416507, 44.52935843935738], [11.280558977406931, 44.52908857347702], [11.281313491869822, 44.52907349751286], [11.281281874292556, 44.52826390020637], [11.279772865645816, 44.52829404630795], [11.27978339773387, 44.52856391237367], [11.279406143463751, 44.528571445856905], [11.279416673960322, 44.528841311978354], [11.279039417803359, 44.52884884428698], [11.2790499467084, 44.529118710464154]]]}}, {"type": "Feature", "properties": {"threshold": "ge_4", "source": "HistorySUHI", "period": "2013-2025", "hotspot_percentile": "top_10_pct", "label": ">= 4 estati"}, "geometry": {"type": "Polygon", "coordinates": [[[11.261894481197304, 44.53459136985857], [11.261517183336306, 44.53459884504543], [11.261538083663451, 44.535138583394904], [11.261915385004084, 44.53513110806813], [11.261894481197304, 44.53459136985857]]]}}, {"type": "Feature", "properties": {"threshold": "ge_4", "source": "HistorySUHI", "period": "2013-2025", "hotspot_percentile": "top_10_pct", "label": ">= 4 estati"}, "geometry": {"type": "Polygon", "coordinates": [[[11.265384368026552, 44.536952852941916], [11.265007055826684, 44.53696033996775], [11.265017522896189, 44.5372302083871], [11.2654263999512, 44.537222094303246], [11.265709144316856, 44.53685748140322], [11.265744765315088, 44.536811752720546], [11.26587623636824, 44.53667200757746], [11.265967629112813, 44.53657568484875], [11.26608660835405, 44.536398762748966], [11.265740739421112, 44.536405628067946], [11.265751209676939, 44.53667549637665], [11.265373899363864, 44.5366829845779], [11.265384368026552, 44.536952852941916]]]}}, {"type": "Feature", "properties": {"threshold": "ge_4", "source": "HistorySUHI", "period": "2013-2025", "hotspot_percentile": "top_10_pct", "label": ">= 4 estati"}, "geometry": {"type": "Polygon", "coordinates": [[[11.264671605678657, 44.53804729961719], [11.264677077159547, 44.53818838325294], [11.264788277697509, 44.53804498463724], [11.264671605678657, 44.53804729961719]]]}}, {"type": "Feature", "properties": {"threshold": "ge_4", "source": "HistorySUHI", "period": "2013-2025", "hotspot_percentile": "top_10_pct", "label": ">= 4 estati"}, "geometry": {"type": "Polygon", "coordinates": [[[11.264315214724794, 44.538594521418375], [11.264317449034973, 44.538652141692125], [11.264354922482326, 44.538603817706765], [11.26436286441401, 44.538593576191474], [11.264315214724794, 44.538594521418375]]]}}, {"type": "Feature", "properties": {"threshold": "ge_4", "source": "HistorySUHI", "period": "2013-2025", "hotspot_percentile": "top_10_pct", "label": ">= 4 estati"}, "geometry": {"type": "Polygon", "coordinates": [[[11.262501791318632, 44.54052100894804], [11.26252136061451, 44.54102604928187], [11.262707140316547, 44.54080578617531], [11.262828389003483, 44.54066202505002], [11.262890370136622, 44.540565558634505], [11.262924372549124, 44.5405126322177], [11.262501791318632, 44.54052100894804]]]}}, {"type": "Feature", "properties": {"threshold": "ge_4", "source": "HistorySUHI", "period": "2013-2025", "hotspot_percentile": "top_10_pct", "label": ">= 4 estati"}, "geometry": {"type": "Polygon", "coordinates": [[[11.26214536558033, 44.54106822448043], [11.262160315767922, 44.54145410928328], [11.262491575200636, 44.54106136330013], [11.26214536558033, 44.54106822448043]]]}}, {"type": "Feature", "properties": {"threshold": "ge_4", "source": "HistorySUHI", "period": "2013-2025", "hotspot_percentile": "top_10_pct", "label": ">= 4 estati"}, "geometry": {"type": "Polygon", "coordinates": [[[11.26178893332043, 44.54161543898809], [11.261799847369053, 44.54189718059294], [11.261901744339838, 44.54176067531494], [11.262028242634184, 44.54161069710429], [11.26178893332043, 44.54161543898809]]]}}, {"type": "Feature", "properties": {"threshold": "ge_4", "source": "HistorySUHI", "period": "2013-2025", "hotspot_percentile": "top_10_pct", "label": ">= 4 estati"}, "geometry": {"type": "Polygon", "coordinates": [[[11.259283281251799, 44.54517604274679], [11.259284296483406, 44.545202276904504], [11.259306748377739, 44.54517557822473], [11.259283281251799, 44.54517604274679]]]}}, {"type": "Feature", "properties": {"threshold": "ge_4", "source": "HistorySUHI", "period": "2013-2025", "hotspot_percentile": "top_10_pct", "label": ">= 4 estati"}, "geometry": {"type": "Polygon", "coordinates": [[[11.258916356229419, 44.54545337986205], [11.258923252615999, 44.54563161237431], [11.259075788089419, 44.54545022475065], [11.258916356229419, 44.54545337986205]]]}}, {"type": "Feature", "properties": {"threshold": "ge_4", "source": "HistorySUHI", "period": "2013-2025", "hotspot_percentile": "top_10_pct", "label": ">= 4 estati"}, "geometry": {"type": "Polygon", "coordinates": [[[11.258559868159148, 44.54600058506332], [11.25856500076679, 44.546133252301075], [11.25866048652571, 44.545998594168374], [11.258559868159148, 44.54600058506332]]]}}, {"type": "Feature", "properties": {"threshold": "ge_4", "source": "HistorySUHI", "period": "2013-2025", "hotspot_percentile": "top_10_pct", "label": ">= 4 estati"}, "geometry": {"type": "Polygon", "coordinates": [[[11.258203373564829, 44.54654778923921], [11.258206874594011, 44.54663829613165], [11.258272015970489, 44.546546431253944], [11.258203373564829, 44.54654778923921]]]}}, {"type": "Feature", "properties": {"threshold": "ge_4", "source": "HistorySUHI", "period": "2013-2025", "hotspot_percentile": "top_10_pct", "label": ">= 4 estati"}, "geometry": {"type": "Polygon", "coordinates": [[[11.257479928713567, 44.54737232518668], [11.257469492770532, 44.547102455843984], [11.257092112948497, 44.54710991805236], [11.257102547150573, 44.54737978746487], [11.255593019435333, 44.54740962411815], [11.255603446819803, 44.54767949379517], [11.2552260627843, 44.54768694991337], [11.255236488574008, 44.547956819645414], [11.255991259980792, 44.547941906023475], [11.25598083070905, 44.547672036430995], [11.256735598048671, 44.547657117964754], [11.256746030802443, 44.547926987417625], [11.257123415993783, 44.547919526245735], [11.257112981499002, 44.54764965686268], [11.257333738733305, 44.547645291626345], [11.257542549469305, 44.54737108672739], [11.257479928713567, 44.54737232518668]]]}}, {"type": "Feature", "properties": {"threshold": "ge_4", "source": "HistorySUHI", "period": "2013-2025", "hotspot_percentile": "top_10_pct", "label": ">= 4 estati"}, "geometry": {"type": "Polygon", "coordinates": [[[11.277259880074189, 44.541307860296826], [11.277249354964344, 44.54103799436168], [11.280268033479752, 44.540977735423915], [11.280257494595283, 44.540707870037906], [11.280634827004567, 44.540700332135955], [11.28062428652766, 44.5404304668057], [11.281001617048872, 44.54042292772871], [11.280991074979577, 44.54015306245424], [11.281745732097997, 44.54013798070461], [11.281735186696173, 44.539868115556494], [11.281357859951084, 44.53987565698352], [11.281347316437316, 44.53960579175005], [11.281724641442242, 44.539598250393595], [11.281714096336202, 44.53932838521591], [11.28246874242208, 44.53931329890754], [11.28245819398371, 44.53904343385626], [11.28472211824945, 44.53899814546212], [11.284701000935746, 44.53845841616285], [11.28545563421305, 44.538443310350054], [11.28544507229828, 44.538173445819595], [11.286577015883204, 44.53815077797136], [11.286566448896595, 44.537880913638226], [11.28694376138856, 44.53787335526861], [11.286954330115151, 44.538143219531], [11.287331644198877, 44.53813565984516], [11.28736335648806, 44.538945252331374], [11.287740675643619, 44.53893769118779], [11.287751248443255, 44.53920755524953], [11.290392490559507, 44.539154591874805], [11.29040307568804, 44.53942445542612], [11.290780397136839, 44.53941688417684], [11.290769810268227, 44.53914702069638], [11.29114712982847, 44.53913944827245], [11.291136541368282, 44.538869584848044], [11.290759223548088, 44.53887715720112], [11.290748636976423, 44.53860729369107], [11.29112595305659, 44.538599721408865], [11.29111536489339, 44.53832985795488], [11.291492679085062, 44.53832228449806], [11.291482089330378, 44.53805242110015], [11.29110477687868, 44.5380599944861], [11.291094189012458, 44.537790131002524], [11.290716878152226, 44.53779770307215], [11.290727464278493, 44.53806756662659], [11.289972838632757, 44.53808270717119], [11.28989876322487, 44.5361936609877], [11.291133958027508, 44.53616887520847], [11.290748597435373, 44.53556764398], [11.292879169609249, 44.53516533426893], [11.292874783599304, 44.535053619867725], [11.292497490879818, 44.53506119745544], [11.29248689768808, 44.534791334092645], [11.293241479499125, 44.534776177813725], [11.293230882976648, 44.53450631457796], [11.294740037856734, 44.53447598736022], [11.294729434524394, 44.53420612439345], [11.295484007593124, 44.53419095345477], [11.295473400930312, 44.53392109061518], [11.295850685501993, 44.53391350334892], [11.295861293904384, 44.53418336611752], [11.296238580066873, 44.53417577753498], [11.296227969924905, 44.533905914837405], [11.296605254199026, 44.533898325080614], [11.296584030882379, 44.533358599783085], [11.297338592026012, 44.53334341681789], [11.297327977111909, 44.533073554289], [11.29808253418112, 44.533058366484966], [11.298071915936935, 44.5327885040834], [11.299203745205512, 44.532765713251464], [11.299193121891914, 44.53249585104835], [11.299947670513928, 44.5324806510766], [11.299926417376069, 44.53194092691044], [11.300680958444437, 44.53192572224248], [11.300691588417612, 44.53219558419066], [11.302200675722844, 44.53216515962801], [11.302190038792185, 44.531895297964525], [11.302944578071182, 44.53188007835457], [11.302933937811007, 44.53161021681869], [11.303688473014489, 44.53159499237056], [11.303677829424906, 44.53132513096234], [11.304809625892725, 44.531302285165346], [11.30479897723456, 44.53103242395609], [11.305553503987962, 44.53101718734169], [11.305542852000626, 44.530747326260204], [11.305920113414034, 44.53073970615664], [11.30586684702203, 44.529390400883436], [11.305489594304479, 44.529398020630474], [11.305468292271552, 44.52885829827483], [11.30509104288282, 44.528865916634224], [11.30508039382944, 44.5285960553629], [11.304703146030432, 44.52860367240599], [11.304681851849688, 44.5280639496763], [11.303927362759875, 44.5280791797424], [11.303938006297576, 44.52834904125717], [11.303560759789772, 44.52835665449399], [11.303550117991083, 44.52808679290796], [11.302795628005848, 44.528102015504096], [11.30278498983437, 44.5278321537608], [11.302407746356975, 44.52783976312017], [11.302397110073642, 44.527569901290846], [11.302019868186068, 44.52757750933403], [11.301987965447724, 44.52676792354362], [11.300856254540756, 44.526790739562756], [11.300866883421032, 44.52706060172121], [11.300489644415014, 44.52706820464218], [11.300500271705399, 44.52733806685699], [11.2993685485765, 44.5273608683635], [11.299379170799009, 44.52763073077686], [11.299001927719138, 44.52763832886019], [11.299012548351605, 44.52790819132986], [11.298635303383811, 44.52791578823929], [11.298624684490342, 44.52764592569853], [11.297870197586063, 44.52766111564025], [11.297859582319454, 44.527391252942536], [11.297482340382999, 44.52739884597485], [11.297461113774224, 44.52685912039291], [11.297083875166837, 44.52686671203816], [11.297052041586493, 44.52605712334107], [11.297429274977222, 44.52604953190895], [11.297397437519557, 44.525239943291744], [11.29702020934527, 44.52524753451076], [11.297009598895764, 44.5249776715377], [11.296632372311459, 44.52498526144078], [11.296621763749478, 44.52471539838189], [11.296244538755163, 44.524722986969095], [11.296233932080657, 44.52445312382438], [11.295856708676334, 44.52446071109569], [11.295846103889254, 44.524190847865206], [11.296223325554877, 44.52418326066488], [11.296191506869874, 44.523373671097545], [11.295814290420205, 44.52338125808487], [11.295793082184307, 44.52284153149062], [11.294284228807705, 44.522871866424005], [11.294294825896973, 44.5231417300124], [11.293540394839852, 44.52315689015221], [11.293550988600483, 44.523426753867675], [11.293928205941944, 44.52341917434925], [11.293938801589764, 44.52368903797898], [11.293561582509659, 44.52369661756835], [11.293572176567386, 44.52396648125421], [11.293194955600065, 44.523974059669655], [11.29320554806765, 44.52424392341165], [11.292073879058528, 44.524266651401604], [11.292063291807034, 44.52399678744691], [11.291686070245749, 44.52400436088297], [11.291696655758539, 44.52427422490853], [11.29131943231012, 44.524281797170595], [11.291340600303519, 44.52482152531905], [11.290963373229202, 44.52482909647796], [11.29098453833867, 44.52536882470892], [11.290230076789706, 44.525383963575415], [11.290240656089365, 44.52565382781039], [11.28797725744991, 44.525699214956646], [11.28798782646471, 44.525969079601545], [11.286478884118525, 44.52599931308334], [11.286489446325913, 44.5262691779964], [11.286112208630128, 44.526276733325176], [11.28612276924669, 44.52654659829414], [11.285745529663883, 44.52655415244867], [11.28580888603905, 44.5281733423761], [11.286186136055994, 44.52816578779743], [11.286196697709222, 44.5284356526629], [11.286573949317168, 44.52842809676845], [11.286595076546229, 44.52896782631359], [11.286972331484325, 44.52896026903267], [11.28698289706023, 44.52923013371233], [11.287360153589342, 44.5292225751156], [11.287402424331548, 44.53030203340346], [11.287779687669397, 44.53029447327865], [11.287800827408276, 44.530834202192345], [11.287423560591815, 44.53084176245865], [11.287444697444888, 44.53138149145469], [11.285935614782408, 44.53141172063411], [11.285946176473669, 44.53168158539284], [11.285568903698316, 44.53168913964543], [11.285590024046291, 44.5322288692599], [11.285212747643968, 44.532236422408666], [11.285223306300617, 44.5325062872644], [11.284468749572826, 44.53252138996758], [11.284479304898532, 44.53279125494988], [11.284102024573082, 44.53279880450427], [11.284091470986885, 44.53252893945132], [11.28333691337104, 44.53254403468307], [11.283315813600543, 44.532004304250314], [11.282938538049649, 44.532011849857106], [11.282927990125762, 44.53174198454795], [11.281418893401032, 44.53177215424059], [11.281439975481023, 44.53231188540879], [11.281062697451294, 44.532319424860034], [11.28107323697352, 44.53258929049252], [11.280695957056482, 44.53259682876906], [11.280706494986978, 44.532866694457326], [11.27995193123052, 44.532881767415724], [11.279962465829675, 44.53315163323026], [11.279585181990273, 44.53315916791207], [11.279595714997575, 44.53342903378234], [11.27808657120473, 44.53345916033873], [11.278076045155808, 44.533189294186535], [11.277698760578103, 44.53319682264196], [11.27768823641637, 44.53292695640454], [11.276933670297375, 44.532942009438656], [11.276923149762343, 44.532672143045595], [11.276545868221087, 44.53267966762431], [11.27655638701656, 44.53294953408779], [11.275801820012415, 44.53296457965026], [11.275812335476225, 44.53323444623977], [11.275435050013352, 44.533241967223454], [11.275445563885013, 44.53351183386858], [11.275068276535078, 44.53351935367735], [11.27507878881454, 44.53378922037807], [11.27470149957754, 44.533796739011905], [11.274712010264755, 44.53406660576822], [11.274334719140686, 44.53407412322707], [11.27436624686758, 44.53488372361845], [11.274743543210814, 44.53487620594854], [11.274754054487646, 44.53514607264578], [11.275131352423239, 44.53513855366013], [11.275141865587274, 44.53540842027225], [11.274387266089095, 44.53542345713887], [11.274397775920933, 44.53569332387694], [11.274020474210927, 44.5357008405125], [11.274030982450313, 44.535970707306134], [11.273653678853089, 44.53597822276663], [11.27370621356101, 44.537327556864966], [11.274083525857836, 44.537320041052794], [11.274125563236723, 44.538399507784355], [11.27337092457546, 44.53841453872584], [11.273381430808469, 44.53868440551248], [11.27285190589865, 44.538694948293625], [11.27296367930237, 44.53884810000723], [11.273054520884884, 44.5389797087525], [11.273128293388218, 44.539086711294765], [11.273145014071769, 44.53916055921369], [11.27316880797296, 44.53917683011997], [11.27321714001744, 44.53920973520348], [11.273529333416953, 44.539089914975], [11.273571036772026, 44.53915041865501], [11.273677259531231, 44.539117100238556], [11.274464661773957, 44.540256124275814], [11.274737360193086, 44.54065073608598], [11.275617892877522, 44.54032828880277], [11.27561897547651, 44.54032990568241], [11.275722737527191, 44.5402847780849], [11.276407992683602, 44.541324850271856], [11.277259880074189, 44.541307860296826]], [[11.288869178223676, 44.5291923282778], [11.28884802982846, 44.52865259961124], [11.288470777370543, 44.52866016304676], [11.28846020513447, 44.528390298620515], [11.28883745585327, 44.528382735255775], [11.288826882026356, 44.52811287088553], [11.289204130857797, 44.528105306346525], [11.289214706423799, 44.528375170645994], [11.289591956846026, 44.528367604791164], [11.289623689651242, 44.529177197388414], [11.288869178223676, 44.5291923282778]], [[11.294756837175942, 44.525293055682035], [11.294778037655584, 44.52583278243571], [11.29515527019984, 44.525825198544105], [11.295165872401476, 44.52609506182779], [11.29478863811837, 44.52610264579034], [11.294799238729798, 44.526372509130184], [11.294422002559164, 44.52638009191876], [11.294443200750134, 44.526919818695944], [11.293688721007346, 44.52693498082206], [11.29369931684786, 44.52720484433033], [11.293322075014622, 44.52721242359686], [11.293311480913069, 44.526942560017645], [11.292557000278874, 44.52695771467393], [11.292546409803757, 44.526687850938096], [11.29216917100283, 44.52669542632788], [11.292116229549094, 44.52534610707236], [11.292493459655669, 44.52533853203702], [11.292482870071536, 44.52506866821242], [11.294369009682597, 44.52503077471679], [11.29437960796068, 44.525300638186785], [11.294756837175942, 44.525293055682035]]]}}, {"type": "Feature", "properties": {"threshold": "ge_4", "source": "HistorySUHI", "period": "2013-2025", "hotspot_percentile": "top_10_pct", "label": ">= 4 estati"}, "geometry": {"type": "Polygon", "coordinates": [[[11.273643172353552, 44.53570835590266], [11.273265870348835, 44.53571587004745], [11.273255365736466, 44.53544600309839], [11.272878065324258, 44.53545351592744], [11.272867562599009, 44.53518364889332], [11.272490263779318, 44.535191160406704], [11.272479762941138, 44.534921293287525], [11.27285706002105, 44.53491378184444], [11.272783546099223, 44.53302471208888], [11.27316083085407, 44.53301719989254], [11.273129321877981, 44.532207598558166], [11.272752042341814, 44.5322151105436], [11.272710039393589, 44.53113564160988], [11.272332766668075, 44.53114315206891], [11.272311769556294, 44.530603417372916], [11.271934500162367, 44.530610926446194], [11.27191350711819, 44.53007119155059], [11.2722907730334, 44.53006368261784], [11.272269777099378, 44.52952394780373], [11.272647039388755, 44.52951643776638], [11.272626040565061, 44.52897670303377], [11.27300329922869, 44.528969191891875], [11.272992798298477, 44.528699324573715], [11.274501824523327, 44.52866926783627], [11.274491316783607, 44.52839940078462], [11.277132094828922, 44.528346754050624], [11.277111055443578, 44.527807020888375], [11.277488305381913, 44.527799495086924], [11.277435700804782, 44.526450162274934], [11.277058459561665, 44.526457687724246], [11.277047940827796, 44.52618782104711], [11.276670701176153, 44.526195345181044], [11.276660184328732, 44.52592547841871], [11.275528469705913, 44.52594804313941], [11.275517958222753, 44.52567817615115], [11.275140721459252, 44.5256856951644], [11.275151231203477, 44.52595556222301], [11.274773992553666, 44.52596308006165], [11.274784500706305, 44.52623294717585], [11.274407260170179, 44.52624046383985], [11.274417766731181, 44.52651033100963], [11.274040524308736, 44.52651784649896], [11.274051029278054, 44.526787713724325], [11.273296540513234, 44.52680274110861], [11.273317543937578, 44.52734247579626], [11.272940295856147, 44.52734998776147], [11.272982297515512, 44.5284294572408], [11.272605042330298, 44.52843696824212], [11.272615541374066, 44.52870683564532], [11.271106512204387, 44.528736867480745], [11.271096020117426, 44.52846699979647], [11.270718764196323, 44.52847450457233], [11.270708273995677, 44.528204636803096], [11.268067490604734, 44.52825713487998], [11.268077968631026, 44.52852700314052], [11.266568939360614, 44.52855697493002], [11.266579410576913, 44.52882684345628], [11.26620215115292, 44.528834333360976], [11.266212620776795, 44.52910420194257], [11.266589881940051, 44.529096711967796], [11.266600353450034, 44.529366580464554], [11.26622309054749, 44.52937407050943], [11.26627544160332, 44.53072341312238], [11.266652713202662, 44.530715922727026], [11.266673658131696, 44.531255659528746], [11.267050933063066, 44.53124816774797], [11.267071882058532, 44.531787904350445], [11.267449160321993, 44.531780411184215], [11.2674701133841, 44.53232014758742], [11.268224676428384, 44.53230515723864], [11.268235156658957, 44.532575025277836], [11.267857873470719, 44.53258252114502], [11.267868352108673, 44.5328523892396], [11.267491067033891, 44.53285988393163], [11.267501544079174, 44.53312975208161], [11.267124257117844, 44.533137245598475], [11.26713473257041, 44.53340711380381], [11.266380154727761, 44.53342209724183], [11.266390626847883, 44.53369196557264], [11.265636044938443, 44.53370694416954], [11.265646513726017, 44.53397681262576], [11.267155683916261, 44.53394685017023], [11.267176635849758, 44.53448658647763], [11.267527554102791, 44.534479615939155], [11.267569992251286, 44.53442465138625], [11.268387857603637, 44.53336534113326], [11.26841183518148, 44.533334265033936], [11.268497694456679, 44.53322306096136], [11.269056507779228, 44.532499250630394], [11.269086739650078, 44.53254559796996], [11.2690918219086, 44.532553311155866], [11.26917758980799, 44.53244856319944], [11.269466804753472, 44.532872397144835], [11.269847871927547, 44.53346743283226], [11.270117709504085, 44.53388174755583], [11.270493759363658, 44.53447039893323], [11.270501413019453, 44.534482733228096], [11.270501440270737, 44.534482786701325], [11.270714396801615, 44.534826192951215], [11.270707129049052, 44.53487558140581], [11.27066155466095, 44.53492383228625], [11.270562689930985, 44.53495493097451], [11.270562392988918, 44.53495506291627], [11.270231529621624, 44.535105125805515], [11.270225502922964, 44.53514209305072], [11.27025830729711, 44.535205988863275], [11.27033493632111, 44.535308705277394], [11.27059323061047, 44.535655648270115], [11.27079304597024, 44.535932543870764], [11.270868789434372, 44.536033655852016], [11.271012549548225, 44.53603079611847], [11.271020538460046, 44.53623622969539], [11.271466822029893, 44.53683198559942], [11.27179865294142, 44.53682538294564], [11.27180915133059, 44.53709525010203], [11.272186462623981, 44.53708774058751], [11.272175962494853, 44.53681787350141], [11.27255327190103, 44.53681036281172], [11.272542770179225, 44.536540495781125], [11.27216546251298, 44.53654800640054], [11.272154962678359, 44.53627813928489], [11.273286880015531, 44.53625560390123], [11.273276375108523, 44.53598573698172], [11.273653678853089, 44.53597822276663], [11.273643172353552, 44.53570835590266]]]}}, {"type": "Feature", "properties": {"threshold": "ge_4", "source": "HistorySUHI", "period": "2013-2025", "hotspot_percentile": "top_10_pct", "label": ">= 4 estati"}, "geometry": {"type": "Polygon", "coordinates": [[[11.266820289084631, 44.53503381548839], [11.266833668687294, 44.53537852123803], [11.267104099287037, 44.53502817791126], [11.266820289084631, 44.53503381548839]]]}}, {"type": "Feature", "properties": {"threshold": "ge_4", "source": "HistorySUHI", "period": "2013-2025", "hotspot_percentile": "top_10_pct", "label": ">= 4 estati"}, "geometry": {"type": "Polygon", "coordinates": [[[11.26646393580096, 44.535581043475176], [11.2664741515834, 44.53584427629063], [11.266680663157102, 44.53557674017669], [11.26646393580096, 44.535581043475176]]]}}, {"type": "Feature", "properties": {"threshold": "ge_4", "source": "HistorySUHI", "period": "2013-2025", "hotspot_percentile": "top_10_pct", "label": ">= 4 estati"}, "geometry": {"type": "Polygon", "coordinates": [[[11.26609710429643, 44.535858402169836], [11.266116355606105, 44.53635452791914], [11.266360327359568, 44.53599173577666], [11.266468945991093, 44.5358510201448], [11.26609710429643, 44.535858402169836]]]}}, {"type": "Feature", "properties": {"threshold": "ge_4", "source": "HistorySUHI", "period": "2013-2025", "hotspot_percentile": "top_10_pct", "label": ">= 4 estati"}, "geometry": {"type": "Polygon", "coordinates": [[[11.280729697949324, 44.54312911944316], [11.279975001656357, 44.54314419527113], [11.27996446332983, 44.54287432993281], [11.279587116702096, 44.54288186590771], [11.279650338435188, 44.54450105813913], [11.280027695506094, 44.544493521741096], [11.28004877408068, 44.545033252225636], [11.280803494741505, 44.54501817541008], [11.280824580870057, 44.545557905553345], [11.282334034342396, 44.54552773640815], [11.282312934288539, 44.54498800682953], [11.281935574623668, 44.54499555084334], [11.281914478642898, 44.5444558210644], [11.281537122311317, 44.54446336369127], [11.281516030403424, 44.54392363371205], [11.28113867740506, 44.54393117495201], [11.281128133413509, 44.54366130986966], [11.280750782007797, 44.54366884979332], [11.280729697949324, 44.54312911944316]]]}}, {"type": "Feature", "properties": {"threshold": "ge_4", "source": "HistorySUHI", "period": "2013-2025", "hotspot_percentile": "top_10_pct", "label": ">= 4 estati"}, "geometry": {"type": "Polygon", "coordinates": [[[11.287284693112499, 44.488712514125375], [11.286907697779027, 44.48872006709267], [11.286897147456814, 44.488450200477864], [11.28560941016145, 44.488475989070764], [11.285398747551028, 44.488725502970034], [11.28541025849446, 44.48902013341111], [11.285145518981714, 44.48902543302221], [11.285038141134152, 44.48915261394619], [11.285075429333318, 44.49010714789757], [11.285452434083973, 44.49009960079385], [11.28546297835084, 44.490369467602584], [11.28508597186451, 44.49037701477694], [11.285096514543476, 44.490646881641524], [11.28471950617367, 44.49065442764307], [11.284708965230404, 44.490384560707874], [11.284331958448547, 44.4903921053954], [11.284342497656105, 44.49066197240121], [11.283965488990816, 44.4906695159159], [11.283986564377637, 44.491209250024355], [11.28587162358394, 44.4911715193104], [11.285850530839731, 44.49063178590812], [11.28622753876613, 44.490624236176295], [11.286216990880073, 44.49035436952363], [11.286593996922932, 44.490346818619045], [11.286583447449052, 44.49007695202227], [11.28696045160837, 44.49006939994495], [11.286949900546722, 44.48979953340407], [11.287326902822507, 44.48979198015403], [11.287284693112499, 44.488712514125375]]]}}, {"type": "Feature", "properties": {"threshold": "ge_4", "source": "HistorySUHI", "period": "2013-2025", "hotspot_percentile": "top_10_pct", "label": ">= 4 estati"}, "geometry": {"type": "Polygon", "coordinates": [[[11.288165361221985, 44.491935800140105], [11.287411329342671, 44.49195091150162], [11.287421883323379, 44.49222077785354], [11.288175918674353, 44.49220566635061], [11.288165361221985, 44.491935800140105]]]}}, {"type": "Feature", "properties": {"threshold": "ge_4", "source": "HistorySUHI", "period": "2013-2025", "hotspot_percentile": "top_10_pct", "label": ">= 4 estati"}, "geometry": {"type": "Polygon", "coordinates": [[[11.310095978437019, 44.49311457936637], [11.310472995944478, 44.49310694927272], [11.310419694394344, 44.491757639406316], [11.310042685565644, 44.49176526914293], [11.310032027439567, 44.49149540705376], [11.309655020197155, 44.49150303547559], [11.309644363956128, 44.49123317330021], [11.308890352494544, 44.49124842627092], [11.30890100526425, 44.49151828858904], [11.308523997573802, 44.49152591328067], [11.308545300089774, 44.49206563801514], [11.308168288778624, 44.49207326160604], [11.308210888659092, 44.49315271118249], [11.307833870255548, 44.493160333815304], [11.30786581652581, 44.49396992105602], [11.308242840136947, 44.493962298209205], [11.308232189495037, 44.49369243588179], [11.308986232797633, 44.49367718660035], [11.308996886911311, 44.49394704878505], [11.309373910074491, 44.493939422207724], [11.309363254224932, 44.49366956009438], [11.309740275502866, 44.49366193234492], [11.309729618066816, 44.49339207028814], [11.31010663745951, 44.49338444136658], [11.310095978437019, 44.49311457936637]]]}}, {"type": "Feature", "properties": {"threshold": "ge_4", "source": "HistorySUHI", "period": "2013-2025", "hotspot_percentile": "top_10_pct", "label": ">= 4 estati"}, "geometry": {"type": "Polygon", "coordinates": [[[11.299927061493095, 44.49358998578313], [11.299173014509144, 44.49360517523386], [11.299194232320207, 44.4941449033212], [11.300325312988607, 44.494122116853354], [11.300314698800888, 44.49385225303034], [11.299937673796114, 44.49385984969207], [11.299927061493095, 44.49358998578313]]]}}, {"type": "Feature", "properties": {"threshold": "ge_4", "source": "HistorySUHI", "period": "2013-2025", "hotspot_percentile": "top_10_pct", "label": ">= 4 estati"}, "geometry": {"type": "Polygon", "coordinates": [[[11.30825349092815, 44.494232160521804], [11.30749944008478, 44.494247405114585], [11.307510087553403, 44.49451726755501], [11.308264141868651, 44.49450202281958], [11.30825349092815, 44.494232160521804]]]}}, {"type": "Feature", "properties": {"threshold": "ge_4", "source": "HistorySUHI", "period": "2013-2025", "hotspot_percentile": "top_10_pct", "label": ">= 4 estati"}, "geometry": {"type": "Polygon", "coordinates": [[[11.295068105304203, 44.4947680875405], [11.294691073011025, 44.49477566700551], [11.294701661604625, 44.49504553184932], [11.295078695633851, 44.495037952313346], [11.295068105304203, 44.4947680875405]]]}}, {"type": "Feature", "properties": {"threshold": "ge_4", "source": "HistorySUHI", "period": "2013-2025", "hotspot_percentile": "top_10_pct", "label": ">= 4 estati"}, "geometry": {"type": "Polygon", "coordinates": [[[11.284144648613262, 44.495257253953305], [11.283767610289486, 44.49526479742458], [11.283799225917022, 44.49607439802309], [11.284930356070609, 44.49605176324291], [11.28490926842077, 44.495512029949], [11.284155188744197, 44.49552712076366], [11.284144648613262, 44.495257253953305]]]}}, {"type": "Feature", "properties": {"threshold": "ge_4", "source": "HistorySUHI", "period": "2013-2025", "hotspot_percentile": "top_10_pct", "label": ">= 4 estati"}, "geometry": {"type": "Polygon", "coordinates": [[[11.285004167500999, 44.49794082930597], [11.284627112110227, 44.497948375970715], [11.284637655455166, 44.498218242562636], [11.285768826393133, 44.49819559862529], [11.285684442100685, 44.496036667171154], [11.284930356070609, 44.49605176324291], [11.285004167500999, 44.49794082930597]]]}}, {"type": "Feature", "properties": {"threshold": "ge_4", "source": "HistorySUHI", "period": "2013-2025", "hotspot_percentile": "top_10_pct", "label": ">= 4 estati"}, "geometry": {"type": "Polygon", "coordinates": [[[11.294441092655177, 44.498021623226755], [11.294064039230912, 44.498029201055566], [11.294074626133124, 44.4982990658636], [11.294451681293735, 44.49829148796388], [11.294462270080725, 44.49856135268621], [11.29559343988095, 44.49853861131185], [11.295561658338206, 44.49772901773892], [11.295184607095624, 44.49773659922793], [11.295163423615529, 44.49719686996341], [11.294409327630085, 44.49721202892658], [11.294419915823356, 44.497481893708105], [11.294042865871711, 44.49748947139508], [11.29405345247711, 44.49775933623271], [11.294430504165051, 44.49775175847483], [11.294441092655177, 44.498021623226755]]]}}, {"type": "Feature", "properties": {"threshold": "ge_4", "source": "HistorySUHI", "period": "2013-2025", "hotspot_percentile": "top_10_pct", "label": ">= 4 estati"}, "geometry": {"type": "Polygon", "coordinates": [[[11.314855169992596, 44.498959877884985], [11.315609277654314, 44.49894458346278], [11.315598591185207, 44.498674722774815], [11.315975643055072, 44.49866707376974], [11.3159435793378, 44.49785749183155], [11.315566532676685, 44.49786514062189], [11.315555846806769, 44.497595279874574], [11.313293574112532, 44.49764114607053], [11.313304249565181, 44.49791100724706], [11.31292720185602, 44.49791864733177], [11.312937875722076, 44.49818850856498], [11.312560826127044, 44.49819614747749], [11.31260351614232, 44.499275592547946], [11.311472345623958, 44.49929850268099], [11.311504349078762, 44.50010808697131], [11.311127286730988, 44.500115721409195], [11.311137953111896, 44.50038558288109], [11.312269144915895, 44.50036267562177], [11.31225847332564, 44.500092814364244], [11.311881411276987, 44.50010045128966], [11.31187074157275, 44.499830589945844], [11.312624862047624, 44.49981531499418], [11.312614189020165, 44.499545453778474], [11.313745363401111, 44.499522532237386], [11.31373468531417, 44.49925267122135], [11.314865853138853, 44.49922973870125], [11.314855169992596, 44.498959877884985]]]}}, {"type": "Feature", "properties": {"threshold": "ge_4", "source": "HistorySUHI", "period": "2013-2025", "hotspot_percentile": "top_10_pct", "label": ">= 4 estati"}, "geometry": {"type": "Polygon", "coordinates": [[[11.309565740910857, 44.49879693771291], [11.308057522361862, 44.49882744169908], [11.308068174104452, 44.499097303816214], [11.307314060461255, 44.499112548489656], [11.307324708880406, 44.499382410734626], [11.30694765009851, 44.499390031277066], [11.306958296930528, 44.49965989357853], [11.306581236262973, 44.49966751294852], [11.306634463979467, 44.501016824590124], [11.308896877839803, 44.50097108757383], [11.308886221578893, 44.50070122570317], [11.309263288296396, 44.50069359858515], [11.309252630448379, 44.50042373677103], [11.309629695279986, 44.500416108480614], [11.30959771742303, 44.499606523163465], [11.309974776895897, 44.499598893843455], [11.309964116172702, 44.49932903211282], [11.309587058436222, 44.49933666136144], [11.309565740910857, 44.49879693771291]]]}}, {"type": "Feature", "properties": {"threshold": "ge_4", "source": "HistorySUHI", "period": "2013-2025", "hotspot_percentile": "top_10_pct", "label": ">= 4 estati"}, "geometry": {"type": "Polygon", "coordinates": [[[11.312301160584255, 44.50117225930537], [11.312290488545198, 44.500902398092336], [11.311913421287132, 44.500910035232145], [11.311924091589669, 44.50117989651666], [11.312301160584255, 44.50117225930537]]]}}, {"type": "Feature", "properties": {"threshold": "ge_4", "source": "HistorySUHI", "period": "2013-2025", "hotspot_percentile": "top_10_pct", "label": ">= 4 estati"}, "geometry": {"type": "Polygon", "coordinates": [[[11.289310245309464, 44.50190571850938], [11.28968732497264, 44.5018981558583], [11.289708461400279, 44.502437886745625], [11.290839709921165, 44.5024151909042], [11.29078684391285, 44.50106586463691], [11.290409769904187, 44.50107343080727], [11.290399198883797, 44.50080356543862], [11.289267981178613, 44.50082625627415], [11.289278546989143, 44.50109612185514], [11.28890147238786, 44.50110368305004], [11.28892260097996, 44.50164341430917], [11.289299679054569, 44.50163585297276], [11.289310245309464, 44.50190571850938]]]}}, {"type": "Feature", "properties": {"threshold": "ge_4", "source": "HistorySUHI", "period": "2013-2025", "hotspot_percentile": "top_10_pct", "label": ">= 4 estati"}, "geometry": {"type": "Polygon", "coordinates": [[[11.339977990597605, 44.5043893653771], [11.34035507276692, 44.504381635114825], [11.340301061009937, 44.50303235654727], [11.339923987523731, 44.50304008644787], [11.339902387354014, 44.50250037477203], [11.339525317189482, 44.502508103284164], [11.339503721098334, 44.50196839140417], [11.33761838537056, 44.50200701458499], [11.33762917465802, 44.502276870893866], [11.337252105322134, 44.50228459187095], [11.337262893024324, 44.5025544482372], [11.336885821800696, 44.50256216804273], [11.336907394185644, 44.50310188087509], [11.335776169188266, 44.5031250332622], [11.335786950397756, 44.50339488987271], [11.335409873359724, 44.50340260491962], [11.335420652983723, 44.50367246158747], [11.334666494981079, 44.5036878880941], [11.334677271282882, 44.50395774489145], [11.333923109202647, 44.503973166566965], [11.333944655312674, 44.50451288040568], [11.33356757057261, 44.5045205895219], [11.333578342117423, 44.504790446491114], [11.333201255489618, 44.504798154435576], [11.333212025448669, 44.50506801146203], [11.332080759449157, 44.50509112804825], [11.33203770135962, 44.50401169898792], [11.332414783230123, 44.504003994991464], [11.332404017348319, 44.50373413776132], [11.332781097331223, 44.503726432593105], [11.332770329863692, 44.503456575420195], [11.333524485903352, 44.503441161496426], [11.333502944474684, 44.5029014473945], [11.333880018794831, 44.5028937387111], [11.33384770257459, 44.50208416766311], [11.332716494790132, 44.502107289332656], [11.332727261502974, 44.502377146579896], [11.331973118752254, 44.50239255495148], [11.331983882142922, 44.50266241232805], [11.331606808804668, 44.5026701147202], [11.331628332565483, 44.503209829572896], [11.331251255603174, 44.50321753086537], [11.331240495383941, 44.50294767337439], [11.33048634448004, 44.50296307208367], [11.330497101226051, 44.503232929718756], [11.329742946245748, 44.50324832359675], [11.329775206968565, 44.50405789684501], [11.330529372368858, 44.50404250253485], [11.330540129718063, 44.504312360110504], [11.330917213928727, 44.504304661017535], [11.330938732553047, 44.50484437598014], [11.331315820086369, 44.50483667549916], [11.33133734278761, 44.50537639025819], [11.330960251780702, 44.50538409088329], [11.33097101162079, 44.50565394831257], [11.33059391872621, 44.50566164776577], [11.330604676980283, 44.50593150525225], [11.329473392181155, 44.50595459636422], [11.329462639137665, 44.50568473866166], [11.32908554563996, 44.505692433139046], [11.329053292624401, 44.504882859726195], [11.328676204186436, 44.50489055274364], [11.32866545521945, 44.50462069483765], [11.328288368367568, 44.50462838653918], [11.328277621288018, 44.50435852854636], [11.326015107434241, 44.50440465220166], [11.325993634567778, 44.50386493530819], [11.325616551872004, 44.503872618086596], [11.325573614891795, 44.50279318383386], [11.325196538992179, 44.502800865080836], [11.325175074878102, 44.5022611477216], [11.324798002301218, 44.50226882758099], [11.32476581246802, 44.50145925121513], [11.325142879835315, 44.50145157157133], [11.325132148455262, 44.50118171282488], [11.32475508282445, 44.50118939239681], [11.324744353331287, 44.500919533563625], [11.325498480969571, 44.50090417331973], [11.325444818396, 44.49955487964978], [11.325821873307577, 44.49954719802162], [11.325800405858681, 44.49900748059344], [11.326177457147208, 44.498999797865366], [11.326134517110074, 44.497920363118354], [11.325757472766421, 44.497928045558865], [11.325746739869492, 44.49765818676308], [11.324992654203177, 44.497673547769416], [11.324981924928972, 44.49740368881504], [11.324604883606343, 44.49741136738091], [11.324594156218653, 44.49714150833984], [11.323840076594534, 44.49715686159708], [11.32385080050998, 44.49742672078183], [11.3234737587363, 44.49743439561687], [11.323484481065927, 44.49770425485861], [11.323107437405792, 44.49771192852183], [11.323171764122598, 44.499331084091295], [11.322794709894753, 44.49933875694169], [11.32282687007306, 44.50014833474139], [11.322449810485894, 44.500156006563465], [11.322460529109483, 44.500425865872124], [11.32208346763566, 44.50043353652224], [11.32209418467308, 44.500703395887825], [11.321717121312595, 44.50071106536597], [11.321706406011604, 44.50044120592861], [11.320575220238284, 44.500464206685166], [11.320585930329976, 44.50073406633778], [11.320208866368795, 44.50074173084084], [11.320230283529643, 44.501281450245], [11.320984418247763, 44.50126611970817], [11.32097370611931, 44.500996260156974], [11.322481966807434, 44.50096558444491], [11.322524844006502, 44.502045021412314], [11.322147772113757, 44.50205269249314], [11.322201363310624, 44.50340198872727], [11.321824282584519, 44.503409658923154], [11.321877868854173, 44.50475895514501], [11.321500779294098, 44.50476662445584], [11.321532927648324, 44.505576202226116], [11.321155832727483, 44.505583870508296], [11.321166547409124, 44.50585372980711], [11.320789450601179, 44.50586139691706], [11.320800163696108, 44.50613125627279], [11.320423065001052, 44.50613892221048], [11.320433776509221, 44.50640878162311], [11.320056675927049, 44.50641644638853], [11.32008880614157, 44.50722602475252], [11.319711700198246, 44.50723368848905], [11.319743826552891, 44.508043266934614], [11.31936671524821, 44.50805092964224], [11.31937742259623, 44.50832078916612], [11.31900030940431, 44.50832845070134], [11.319011015165286, 44.50859831028207], [11.318633900086121, 44.50860597064488], [11.318644604260008, 44.508875830282456], [11.318267487293596, 44.50888348947283], [11.318278189880346, 44.50915334916722], [11.317901071026679, 44.509161007185135], [11.317911772026239, 44.50943086693637], [11.317534651285314, 44.50943852378179], [11.317545350697637, 44.50970838358984], [11.31716822806945, 44.509716039262756], [11.31717892589449, 44.50998589912759], [11.31680180137903, 44.509993553627965], [11.316812497616738, 44.51026341354961], [11.316435371214006, 44.51027106687743], [11.31644606586433, 44.510540926855846], [11.316068937574318, 44.510548579011086], [11.316079630637216, 44.51081843904628], [11.315702500459919, 44.5108260900289], [11.315713191935334, 44.51109595012087], [11.31420466277787, 44.51112654189547], [11.314215347453477, 44.51139640225887], [11.313461078500998, 44.51141169082384], [11.31347175985149, 44.51168155131548], [11.311586076162744, 44.51171975131102], [11.311575403499585, 44.511449890461904], [11.310821132451444, 44.511465161607354], [11.310831801639651, 44.51173502259938], [11.309700388733198, 44.511757920199884], [11.309711052858471, 44.51202778139136], [11.309333913186423, 44.51203541150771], [11.309344575723673, 44.51230527275577], [11.308590292456055, 44.5123205293984], [11.30860095166767, 44.51259039077439], [11.308223808072116, 44.51259801730063], [11.308245123468474, 44.51313774015089], [11.30786797624829, 44.513145365575525], [11.307878632432963, 44.51341522704977], [11.306747184663148, 44.51343809607166], [11.306736533691419, 44.51316823438341], [11.306359385873773, 44.513175854830685], [11.306338087853527, 44.51263613126708], [11.305960943361816, 44.51264375032741], [11.305950296313227, 44.51237388845208], [11.305573153409826, 44.51238150619682], [11.30556250824807, 44.51211164423536], [11.30443108385517, 44.51213448978988], [11.304441723804226, 44.51240435196512], [11.30331029285605, 44.512427186534595], [11.303320927741488, 44.51269704890869], [11.302566636221945, 44.512712265875805], [11.302577267781235, 44.5129821283775], [11.301822972190198, 44.51299734050964], [11.301854857336332, 44.51380692835291], [11.300346243514054, 44.51383733853874], [11.300335621933854, 44.51356747565456], [11.299958469843643, 44.51357507501893], [11.299947850150057, 44.51330521204882], [11.29957069964865, 44.513312810097716], [11.299549464183468, 44.51277308397085], [11.298795169684745, 44.512788276051204], [11.298784555650707, 44.5125184128234], [11.296898825488288, 44.512556370892966], [11.296920036328673, 44.51309609804421], [11.297297186133946, 44.51308850877693], [11.297307793514868, 44.51335837225934], [11.29768494490911, 44.51335078167666], [11.297695554176467, 44.51362064507322], [11.298449859994111, 44.51360546003265], [11.29847108592606, 44.514145186497146], [11.298848242087184, 44.51413759196815], [11.298858857014139, 44.514407455107126], [11.299236014764213, 44.51439985926263], [11.299246631577796, 44.51466972231571], [11.30000095010696, 44.51465452675129], [11.30001157054504, 44.514924389647355], [11.300765891954219, 44.514909188962996], [11.300776516016889, 44.515179051702006], [11.301530840305919, 44.51516384589761], [11.301541467993266, 44.515433708479506], [11.301918631652141, 44.51542610363949], [11.301929261226377, 44.51569596613541], [11.302306426474095, 44.51568835997975], [11.302317057935268, 44.51595822238968], [11.302694224771827, 44.51595061491837], [11.302704858119988, 44.51622047724229], [11.303836362948806, 44.5161976471479], [11.30379380959609, 44.515118198617884], [11.304548131499859, 44.51510297290249], [11.304537490058934, 44.514833110875436], [11.306423283517887, 44.51479502516582], [11.306433933647844, 44.51506488683648], [11.307565413144966, 44.51504202026375], [11.307554757801618, 44.51477215880708], [11.307931915597443, 44.51476453419868], [11.307921258665726, 44.514494672798556], [11.308675570333573, 44.514479419991275], [11.30866491007579, 44.51420955871906], [11.310173524666812, 44.514179038457385], [11.310184191875521, 44.514448899444], [11.310561346887168, 44.5144412661962], [11.310550677940734, 44.514171405281026], [11.310927831065076, 44.51416377086029], [11.310906490145582, 44.51362404912832], [11.311660788994692, 44.513608776839575], [11.311650115284055, 44.51333891609426], [11.312404410059285, 44.51332363897109], [11.312415087245203, 44.513593499573425], [11.314300830251332, 44.513555284632034], [11.314290144377258, 44.513285424387306], [11.316930166129406, 44.513231871708314], [11.316951562354177, 44.513771591180635], [11.317328711194252, 44.51376393567735], [11.317339411269279, 44.51403379531962], [11.318093711974655, 44.51401848043674], [11.318104415675052, 44.51428833992085], [11.318858719255495, 44.51427301991721], [11.31888013405733, 44.514812738554156], [11.319257289097791, 44.5148050765424], [11.319267998461635, 44.51507493576691], [11.320022311567556, 44.51505960786683], [11.320033024557068, 44.51532946693306], [11.3204101826225, 44.5153218010447], [11.320420897499995, 44.51559166002434], [11.320798057152976, 44.51558399281984], [11.320819490834285, 44.51612371059112], [11.321196653812637, 44.51611604199867], [11.321207372616527, 44.51638590079027], [11.32158453718244, 44.51637823088162], [11.321573816640703, 44.51610837216179], [11.32232814184589, 44.51609302875474], [11.322285247279744, 44.515013594301266], [11.321530935976805, 44.51502893713399], [11.32150949654665, 44.514489219531015], [11.320755191593374, 44.51450455709915], [11.320744475579088, 44.514234698131865], [11.321875927570549, 44.514211690128434], [11.321843764790486, 44.51340211378342], [11.323352344489848, 44.513371419886376], [11.3233630722166, 44.51364127839565], [11.324117364639129, 44.513625923837594], [11.324128095991508, 44.51389578218834], [11.324505243714711, 44.51388810297097], [11.324515976955176, 44.514157961235014], [11.325270275425366, 44.51414259892355], [11.325281012291617, 44.51441245702897], [11.326412464080779, 44.51438940401353], [11.326401722001593, 44.51411954612384], [11.326778870559156, 44.514111859368604], [11.326789614375983, 44.51438171718635], [11.327166764520554, 44.51437402911485], [11.327177510225676, 44.51464388684582], [11.32755466195725, 44.51463619745801], [11.32757615729486, 44.51517591273146], [11.3283304672567, 44.5151605299349], [11.328341218626994, 44.515430387405374], [11.330226999581857, 44.51539190827744], [11.330216239522969, 44.51512205116704], [11.330593393523746, 44.51511435168036], [11.330539586803939, 44.51376506626568], [11.330162441491355, 44.5137727653921], [11.330151682337581, 44.51350290819252], [11.329020250707567, 44.513525997889886], [11.329009496917275, 44.51325614045939], [11.32863235447658, 44.513263834464574], [11.328643106529322, 44.513533691967076], [11.328265962200332, 44.513541384799964], [11.328255211885143, 44.51327152722548], [11.327500926250135, 44.51328690901441], [11.327468686633935, 44.51247733576996], [11.327845824314256, 44.51246964571354], [11.32783507633939, 44.512199788007635], [11.328212212131564, 44.51219209677892], [11.328201462569949, 44.511922239130136], [11.32857859647398, 44.511914546729166], [11.328567845325663, 44.511644689137505], [11.329322109206702, 44.51162930074688], [11.329300600412779, 44.511089585807], [11.329677728652415, 44.5110818898894], [11.329666972744286, 44.51081203246918], [11.330044099095803, 44.51080433537942], [11.330033341601165, 44.51053447801638], [11.330787590377128, 44.510519080248415], [11.330776829558761, 44.51024922301459], [11.331153951983188, 44.510241522336415], [11.331121665221584, 44.509431950761986], [11.331498782283475, 44.50942424905587], [11.33147725505582, 44.50888453474274], [11.332985707896912, 44.508853716054006], [11.332996478383842, 44.5091235729296], [11.333373592953823, 44.509115865075074], [11.333384365328905, 44.50938572186367], [11.33376148148502, 44.50937801269291], [11.333750707372783, 44.50910815597645], [11.334127821640696, 44.50910044563371], [11.334117045942376, 44.50883058897453], [11.334871270550723, 44.508815164701154], [11.334860491529275, 44.50854530817145], [11.33636893198402, 44.50851444498455], [11.336379717953834, 44.508784301225425], [11.336756829426639, 44.508776582246306], [11.336799981766625, 44.509856006772225], [11.336422863345238, 44.50986372604029], [11.336433650071141, 44.51013358220681], [11.336056529761322, 44.51014130030297], [11.33606731490122, 44.51041115652686], [11.335690192702964, 44.5104188734511], [11.335679409300303, 44.510149017154994], [11.333793804728032, 44.51018758275308], [11.333836904500174, 44.51126700929185], [11.335345416256741, 44.51123615814687], [11.335366980948027, 44.51177587074964], [11.33498984976087, 44.51178358554654], [11.335011411582032, 44.512323298234215], [11.334634276768927, 44.51233101193127], [11.334677395275168, 44.51341043741693], [11.335054537038166, 44.51340272343112], [11.335086882717436, 44.514212292172665], [11.335464029541946, 44.51420457672599], [11.33547481347497, 44.514474432871225], [11.335851961885892, 44.514466716108025], [11.335862747707736, 44.51473657216618], [11.336239897705063, 44.51472885408643], [11.336293837771143, 44.516078133793016], [11.337425312920937, 44.516054971004024], [11.337414519391993, 44.51578511530922], [11.337791675734893, 44.515777391963056], [11.337780880619565, 44.51550753632563], [11.338158035073405, 44.51549981180739], [11.338147238371745, 44.51522995622738], [11.338524390936525, 44.51522223053707], [11.33851359264858, 44.514952375014474], [11.33889074332431, 44.51494464815213], [11.338869143727358, 44.51440493720693], [11.339623437674083, 44.51438948003854], [11.339612634627573, 44.51411962468826], [11.33998977963618, 44.514111894309934], [11.340000584420267, 44.51438174958787], [11.340377731014964, 44.514374017892905], [11.340366924493306, 44.51410416268732], [11.340744069198925, 44.514096429820405], [11.340733261091229, 44.51382657467232], [11.341487546572763, 44.513811105350385], [11.34145511273389, 44.51300154025109], [11.34107797528137, 44.51300927531704], [11.341067166042333, 44.512739420181795], [11.340690030175715, 44.51274715393114], [11.340614381906944, 44.510858167061194], [11.339860134042098, 44.51087362981425], [11.339849331227091, 44.5106037743429], [11.338717963505776, 44.51062695892436], [11.338707166053931, 44.510357103221175], [11.338330044914613, 44.5103648288544], [11.33829765867889, 44.5095552614387], [11.338674774606625, 44.509547536022346], [11.33864238452162, 44.50873796868965], [11.34165926480167, 44.50867612230762], [11.341670075241984, 44.50894597752132], [11.34204718633233, 44.508938241052896], [11.342036374154942, 44.5086683859116], [11.342413483356637, 44.50866064827152], [11.342402669593781, 44.50839079318777], [11.343533991078035, 44.508367573020536], [11.343523172255727, 44.50809771813917], [11.344277382346222, 44.5080822319524], [11.344266560201614, 44.507812377201084], [11.345397868988472, 44.50778913880824], [11.345408696344018, 44.5080589933421], [11.3457858007064, 44.50805124465062], [11.345818288894861, 44.50886080794536], [11.346195398316487, 44.508853057792294], [11.346206229753355, 44.509122912121576], [11.346960451615173, 44.50910740793821], [11.346949616704178, 44.50883755375401], [11.347326725670188, 44.508829799868806], [11.347315889174054, 44.508559945742284], [11.349955635521825, 44.50850563422079], [11.349944787018591, 44.50823578058762], [11.350321891294554, 44.508228016895366], [11.350256793047409, 44.50660889521936], [11.350633886749838, 44.50660113071906], [11.350623035837504, 44.50633127712692], [11.351754310821537, 44.50630797638044], [11.351765166944311, 44.506577829754534], [11.352519352979712, 44.50656228955848], [11.352530212728341, 44.50683214277227], [11.352907307254522, 44.50682437073561], [11.352918168892245, 44.50709422386176], [11.353295265003009, 44.507086450508424], [11.353306128529876, 44.507356303546935], [11.353683226225218, 44.507348528876875], [11.35370495720966, 44.50788823476369], [11.354836259803081, 44.507864902853065], [11.354847130734607, 44.50813475555577], [11.356355539006529, 44.50810362863457], [11.356366417038274, 44.508373481031086], [11.357120623733238, 44.50835790996082], [11.3571097422276, 44.50808805771001], [11.357863944838481, 44.5080724818095], [11.357853060011559, 44.507802629689536], [11.358230159351205, 44.507794839946186], [11.358241045915042, 44.50806469199326], [11.358618146838984, 44.50805690093305], [11.358629035292374, 44.508326752892295], [11.359006137800604, 44.508318960515176], [11.35899524761028, 44.508049108628846], [11.359749448694844, 44.508033520288485], [11.359705875565261, 44.5069541131775], [11.358951688375639, 44.50696970093437], [11.358962577955307, 44.50723955288035], [11.35858548239466, 44.5072473449658], [11.35856370686163, 44.506707640913085], [11.356678244137655, 44.50674658195228], [11.356689123143761, 44.50701643435051], [11.355557838468577, 44.507039784265345], [11.35554696467296, 44.50676993164863], [11.355169871213157, 44.506777712392875], [11.355158999306786, 44.50650785968843], [11.35478190743138, 44.506515639115946], [11.354760167549419, 44.505975933516766], [11.35513725595127, 44.50596815423484], [11.355104642061027, 44.50515859594269], [11.35472755886932, 44.50516637500622], [11.354716689614035, 44.50489652213956], [11.353962526246871, 44.50491207638945], [11.353940795139946, 44.50437237032032], [11.353563716701146, 44.504380145433956], [11.353541989676668, 44.50384043915971], [11.354673214116573, 44.50381711052389], [11.354662345623113, 44.50354725758271], [11.355039418395185, 44.50353947895593], [11.355017678392315, 44.50299977317446], [11.35652595406452, 44.502968646811965], [11.356515077345787, 44.502698794190145], [11.359154541745822, 44.5026442756809], [11.359143653024567, 44.50237442355434], [11.360274844554786, 44.50235104004152], [11.360263950777, 44.50208118811886], [11.36064101257863, 44.50207339120007], [11.360662803759707, 44.50261309488456], [11.362171063329788, 44.502581894188324], [11.362160160717268, 44.50231204264552], [11.362537223491366, 44.50230423943514], [11.362515415252105, 44.501764536450786], [11.361761296496523, 44.50178014133577], [11.361750396078822, 44.5015102896752], [11.361373338208145, 44.50151809017915], [11.361362439679546, 44.501248238430655], [11.360985383392398, 44.501256037617914], [11.360974486752859, 44.50098618578155], [11.360220377192912, 44.50100178027909], [11.360231270359881, 44.50127163226139], [11.35947715671656, 44.50128722193013], [11.35945537748044, 44.50074751765884], [11.359078323902358, 44.500755310481814], [11.359045661401693, 44.49994575374425], [11.359422709771108, 44.49993796114003], [11.359400932061419, 44.4993982567196], [11.357892751557495, 44.49942941909145], [11.35788186987612, 44.49915956656727], [11.357127782181113, 44.49917514014578], [11.357138660390213, 44.4994449928157], [11.356384568612977, 44.49946056156549], [11.356460696039136, 44.50134953085741], [11.35608363776814, 44.50135731387668], [11.356094511988204, 44.50162716664588], [11.355717451828433, 44.50163494849427], [11.355728324464566, 44.50190480132138], [11.355351262416013, 44.50191258199888], [11.355362133468168, 44.50218243488389], [11.352722682707903, 44.502236865311254], [11.352711823810584, 44.50196701191689], [11.3519576971244, 44.50198255212842], [11.351946841852083, 44.50171269857375], [11.351569780017119, 44.50172046674121], [11.351558926633345, 44.50145061309894], [11.350804805979754, 44.501466145557345], [11.350815655890777, 44.501735999344966], [11.350438593599453, 44.50174376378125], [11.350406049531726, 44.500934202155705], [11.350783106613985, 44.50092643793739], [11.350718012166718, 44.499307314720056], [11.351095058679432, 44.49929954969405], [11.351062508300414, 44.49848998810225], [11.351816590452746, 44.49847445475545], [11.351805737158424, 44.498204601007075], [11.35255981523005, 44.49818906283132], [11.352570671996522, 44.49845891643429], [11.352947712540145, 44.49845114540834], [11.3529368540376, 44.49818129187808], [11.353690931196049, 44.49816574624089], [11.353680069373622, 44.49789589284123], [11.354057105988433, 44.49788811823003], [11.354046242582246, 44.49761826488822], [11.354423277308765, 44.49761048910623], [11.354390682795955, 44.49680092920966], [11.354767712162285, 44.496793152402454], [11.354735113812438, 44.49598359259008], [11.354358089653777, 44.49599136917897], [11.354336361653752, 44.495451662417324], [11.353959340814468, 44.49545943761721], [11.353948478778673, 44.495189584141286], [11.35432549788216, 44.49518180901415], [11.354314634262847, 44.494911955596066], [11.354691651478289, 44.49490417929826], [11.354680786275507, 44.49463432593806], [11.355057801602909, 44.494626548469604], [11.355046934816704, 44.49435669516726], [11.356177974677761, 44.494333355519856], [11.35616710283681, 44.49406350242103], [11.355790091437836, 44.49407128347409], [11.355724874005794, 44.492452164131215], [11.354593870135679, 44.49247549851985], [11.354604734120166, 44.49274535199928], [11.353473723672913, 44.49276867541628], [11.353462864895082, 44.492498821718584], [11.353839866794184, 44.492491048562336], [11.353829006433026, 44.49222119492248], [11.354583006303466, 44.49220564502551], [11.354572142623528, 44.491935791516276], [11.355326138413883, 44.49192023679163], [11.355304404568969, 44.49138053001955], [11.355681398764768, 44.49137275093788], [11.355659662058292, 44.49083304425178], [11.354905680456023, 44.4908486008807], [11.354916545262295, 44.49111845437678], [11.352654586388997, 44.491165094861955], [11.35264373199517, 44.49089524092941], [11.352266740052402, 44.49090300991947], [11.352255887546107, 44.49063315589933], [11.35187889718662, 44.490640923573444], [11.351868046567805, 44.49037106946571], [11.351491057791604, 44.49037883582389], [11.351480209060226, 44.490108981628595], [11.351103221867316, 44.49011674667087], [11.351092375023324, 44.48984689238801], [11.35071538941371, 44.489854656114396], [11.350704544457056, 44.489584801743995], [11.350327560430742, 44.48959256415453], [11.350316717361375, 44.48932270969658], [11.349562752323411, 44.48933823064278], [11.34955191287655, 44.4890683760247], [11.34917493186493, 44.489076134560385], [11.34916409430524, 44.48880627985481], [11.348787114876963, 44.48881403707473], [11.348776279204392, 44.48854418228166], [11.349153256897447, 44.488536425134335], [11.349131582537552, 44.48799671564872], [11.348754608314868, 44.48800447265086], [11.34874377309791, 44.48773461781312], [11.34798982766727, 44.48775012794282], [11.348000659413925, 44.48801998292571], [11.34762368473571, 44.48802773619842], [11.347645345214092, 44.48856744626462], [11.347268366913692, 44.48857519843926], [11.347300853564, 44.48938476364452], [11.346923869906048, 44.48939251479359], [11.346945524961193, 44.48993222500107], [11.346568537680838, 44.48993997505198], [11.346579363700696, 44.49020983020591], [11.34620237453324, 44.4902175790861], [11.346213198969457, 44.490487434297634], [11.345836207914893, 44.490495182007095], [11.34584703076742, 44.49076503727626], [11.345470037825743, 44.49077278381493], [11.345502502087134, 44.4915823497506], [11.345879500235199, 44.49157460299444], [11.34590114730558, 44.49211431339878], [11.34552414568647, 44.49212206029993], [11.345534967713666, 44.492391915552254], [11.344403956739601, 44.49241514901312], [11.344393139919102, 44.49214529354338], [11.344016137693384, 44.49215303547119], [11.343994507978291, 44.49161332434213], [11.343617509072056, 44.49162106488174], [11.34360669617739, 44.49135120922245], [11.343229698855097, 44.49135894844632], [11.34316483508226, 44.489739813743505], [11.342787848020954, 44.4897475512896], [11.34280946520172, 44.49028726306155], [11.34205548368315, 44.49030273471362], [11.342044678487795, 44.4900328786903], [11.341290699834206, 44.490048345224594], [11.341258295568892, 44.489238776631154], [11.34088131122103, 44.48924650781636], [11.340838114594481, 44.48816708252741], [11.34008415932682, 44.48818254058956], [11.340127342071225, 44.48926196645714], [11.338996387211687, 44.489285145094144], [11.339007178070077, 44.489555001740754], [11.337876216643288, 44.48957816940553], [11.337865430990922, 44.48930831254211], [11.337488445281622, 44.489316032538305], [11.337477661515754, 44.48904617558779], [11.337100677390628, 44.48905389426852], [11.337079113782913, 44.48851418017838], [11.335948170912662, 44.48853732832801], [11.33596972410861, 44.4890770428514], [11.335592739379138, 44.48908475655923], [11.335635840642171, 44.490164185716324], [11.335258848820171, 44.49017189846964], [11.335269622778078, 44.49044175579391], [11.33489262906963, 44.49044946737612], [11.334903401443087, 44.49071932475769], [11.333018421959132, 44.490757864380065], [11.333007658263025, 44.490488006637854], [11.331876673968441, 44.49051111527536], [11.331887432458107, 44.490780973233825], [11.331510435656137, 44.49078867369847], [11.331542706823335, 44.49159824770092], [11.332673712396613, 44.4915751419284], [11.332662949983431, 44.491305284158685], [11.333039949803963, 44.491297579819914], [11.33302918580611, 44.491027722107425], [11.333783181523474, 44.49101230984415], [11.333804716612194, 44.49155202496581], [11.334181717715566, 44.49154431682495], [11.334192487221882, 44.49181417429134], [11.333815484382944, 44.491821882504354], [11.3338693255007, 44.49317116997401], [11.331984265651345, 44.49320969419129], [11.332005785797703, 44.49374940979612], [11.33087473766358, 44.49377250983787], [11.330885492755659, 44.49404236783416], [11.330508474673627, 44.49405006543324], [11.330529981838417, 44.49458978152531], [11.330907003392092, 44.49458208378216], [11.330928514631568, 44.49512179967072], [11.330551489606155, 44.49512949755793], [11.330572997976862, 44.49566921353112], [11.330950026474111, 44.495661515499826], [11.330982295368722, 44.49647108913204], [11.331359328923128, 44.496463389641065], [11.331370087258911, 44.4967332474167], [11.330993051968482, 44.49674094697971], [11.331014565620347, 44.49728066263048], [11.330637526707008, 44.49728836109401], [11.330659037489799, 44.49782807682943], [11.330281994953467, 44.497835774193426], [11.33029274883486, 44.49810563211086], [11.329915704411631, 44.49811332830327], [11.329926456707593, 44.49838318627787], [11.330303502867002, 44.498375490013444], [11.33031425704989, 44.49864534790117], [11.33069130479475, 44.498637650321065], [11.330702060864613, 44.498907508121896], [11.33145615937442, 44.49889210908665], [11.331466919067552, 44.49916196672851], [11.331843969832468, 44.49915426527331], [11.331854731412696, 44.499424122828245], [11.331100626259502, 44.49943952463909], [11.331111384518003, 44.49970938232328], [11.330734329978887, 44.499717081435215], [11.3307773575756, 44.500796512311574], [11.33266266348983, 44.50075800287348], [11.332673429448045, 44.501027860195045], [11.333050491914637, 44.5010201545041], [11.333039724220022, 44.50075029725465], [11.333793845227552, 44.50073488228576], [11.333772303345688, 44.50019516803075], [11.334149360150262, 44.500187458824996], [11.334138587699487, 44.499917601747335], [11.334515642616731, 44.499909891370024], [11.334504868580666, 44.49964003434965], [11.334881921610588, 44.499632322800814], [11.334871145989284, 44.49936246583773], [11.335248197131884, 44.49935475311737], [11.335237419925388, 44.4990848962116], [11.335614469180676, 44.499077182319766], [11.335592911748492, 44.49853746860798], [11.335969957380284, 44.49852975361689], [11.335959177154665, 44.4982598968109], [11.336336220899177, 44.49825218064837], [11.336271532302296, 44.496633039933336], [11.33664856547923, 44.4966253229605], [11.336659348270237, 44.4968951797113], [11.337036383032034, 44.49688746142269], [11.337025598505017, 44.49661760474411], [11.337402631379634, 44.49660988528418], [11.33741341764266, 44.49687974189052], [11.337790452102087, 44.49687202111478], [11.337801240252338, 44.49714187763399], [11.338555312189555, 44.497126432207324], [11.338576895887984, 44.49766614491206], [11.338953935101813, 44.497658420188806], [11.339040289836289, 44.49981726983436], [11.339417342788233, 44.49980954328911], [11.339428139547254, 44.50007939935557], [11.339805194084136, 44.50007167149431], [11.339815992730815, 44.500341527473566], [11.34057010482304, 44.50032606787532], [11.340580907093754, 44.500595923695045], [11.340957964649068, 44.50058819195802], [11.340968768807556, 44.5008580476905], [11.341345827947762, 44.500850314637404], [11.341356633994078, 44.50112017028264], [11.341733694719176, 44.50111243591344], [11.341744502653365, 44.501382291471415], [11.341367440191874, 44.50139002591299], [11.341378246541154, 44.50165988152846], [11.34100118219176, 44.50166761479865], [11.34104440215785, 44.502747037401214], [11.341798544596982, 44.50273156903808], [11.341809353440256, 44.503001424506756], [11.341432280559902, 44.5030091593826], [11.34147551050187, 44.504088581398086], [11.341098430523608, 44.5040963153196], [11.341087624547496, 44.50382645976568], [11.34071054615439, 44.50383419237099], [11.340764568866382, 44.5051834703536], [11.339633306727995, 44.5052066617915], [11.339611707609189, 44.50466695020905], [11.339988791666615, 44.50465922111832], [11.339977990597605, 44.5043893653771]], [[11.342563498746372, 44.502985951023646], [11.342574311214289, 44.50325580633264], [11.342951385376557, 44.503248067652954], [11.342940571172084, 44.502978212416366], [11.3433176434462, 44.50297047256529], [11.34329601201901, 44.50243076219231], [11.343673080668479, 44.50242302124231], [11.343651446374823, 44.501883310954675], [11.344028511399726, 44.501875568905795], [11.344017692743925, 44.5016057138121], [11.344394755880748, 44.501597970591924], [11.344383935640204, 44.501328115555815], [11.34476099688895, 44.50132037116436], [11.344750175063714, 44.50105051618582], [11.345504293633335, 44.501035023816705], [11.345493468487112, 44.500765168968265], [11.34587052580797, 44.50075742099065], [11.345848872498149, 44.50021771139409], [11.346225926194636, 44.5002099623178], [11.34621509803111, 44.49994010756971], [11.346592149839546, 44.49993235732226], [11.34658132009157, 44.49966250263181], [11.347335419780517, 44.49964699855101], [11.347357086373268, 44.50018670762685], [11.34698003313222, 44.50019446043417], [11.346990864920107, 44.500464315022306], [11.346236754509953, 44.500479817051], [11.34624758297706, 44.500749671769306], [11.346624639994356, 44.50074192130429], [11.346635470349593, 44.501011775935176], [11.347012528951403, 44.50100402415391], [11.347023361194818, 44.501273878697376], [11.347777481415582, 44.501258371258594], [11.347788317283598, 44.50152822564204], [11.348542440369519, 44.50151271308323], [11.348553279862228, 44.50178256730663], [11.348930342913672, 44.501774809089035], [11.348984551338848, 44.50312407961962], [11.348607479605079, 44.503131838200225], [11.34861832000953, 44.50340169233427], [11.348241246387257, 44.50340944974368], [11.348252085207108, 44.50367930393542], [11.347875009696326, 44.50368706017359], [11.34788584693153, 44.50395691442303], [11.347508769532233, 44.50396466948995], [11.347519605182741, 44.50423452379707], [11.347142525894927, 44.504242277692704], [11.34715335996069, 44.5045121320575], [11.344890870625315, 44.50455862974562], [11.34488004697948, 44.50428877494571], [11.343748805473064, 44.504312006780154], [11.343759623908902, 44.50458186179745], [11.343382541366744, 44.50458960332699], [11.343393358217547, 44.504859458401846], [11.34188501958599, 44.5048904123709], [11.341852590328621, 44.5040808462327], [11.342229670003839, 44.504073109823466], [11.342197236900448, 44.50326354376852], [11.341820162435056, 44.503271279960565], [11.341809353440256, 44.503001424506756], [11.342563498746372, 44.502985951023646]], [[11.320669467685692, 44.5123456849452], [11.320690897761223, 44.51288540307277], [11.320313755484927, 44.512893069559816], [11.320324469010474, 44.51316292867307], [11.319947324846412, 44.51317059398756], [11.319936613058426, 44.51290073480258], [11.318428041850876, 44.51293138333065], [11.318406632625688, 44.51239166434253], [11.31878377217769, 44.51238400422033], [11.318762360077839, 44.511844285316215], [11.31989376740825, 44.51182129791419], [11.319904478595534, 44.51209115715856], [11.320281615809495, 44.51208349213099], [11.32029232888444, 44.51235335128877], [11.320669467685692, 44.5123456849452]], [[11.321822323688647, 44.51286239614584], [11.321811603363178, 44.51259253730478], [11.322188743300892, 44.51258486591236], [11.322199465363886, 44.51285472468163], [11.322576606888799, 44.512847051973125], [11.32258733083966, 44.51311691065574], [11.321078756887955, 44.513147594311164], [11.321068039887292, 44.51287773534141], [11.321822323688647, 44.51286239614584]], [[11.33654152564802, 44.51283214305413], [11.336530737409742, 44.51256228703634], [11.335776465366939, 44.51257772328452], [11.335754896293794, 44.51203801091539], [11.336132028915973, 44.51203029355786], [11.336121242868812, 44.5117604374232], [11.336875504184732, 44.51174499911995], [11.336886293706646, 44.51201485511013], [11.337263425875092, 44.51200713401995], [11.337295800560721, 44.5128167016845], [11.33654152564802, 44.51283214305413]], [[11.336099671228142, 44.511220725109276], [11.33611045697287, 44.51149058127367], [11.33573332782543, 44.51149829848678], [11.335722543818036, 44.511228442250165], [11.336099671228142, 44.511220725109276]], [[11.333255106794732, 44.506147439419244], [11.333276648373712, 44.50668715330864], [11.332522450349401, 44.50670256647545], [11.332500915718033, 44.50616285229757], [11.333255106794732, 44.506147439419244]], [[11.33773707585171, 44.50497543316449], [11.337726285051648, 44.50470557700437], [11.33697211496956, 44.50472101901524], [11.336939753897132, 44.50391145001209], [11.338070993163177, 44.503888285780256], [11.338081785246093, 44.50415814191273], [11.338458866435554, 44.504150417942135], [11.33848045452865, 44.50469013001791], [11.338103369865797, 44.50469785413309], [11.338114162402592, 44.504967710220946], [11.33773707585171, 44.50497543316449]], [[11.351236126140842, 44.50280764837581], [11.351225273884944, 44.50253779472044], [11.351602341081321, 44.50253002757865], [11.351613195073691, 44.50279988116133], [11.351990263854386, 44.50279211270309], [11.351979408125548, 44.5025222591931], [11.352356475017597, 44.50251448956379], [11.3523673324829, 44.50278434300107], [11.352744400959212, 44.502776572055275], [11.352766119819433, 44.50331627873968], [11.353143191616512, 44.50330850640465], [11.353164914558757, 44.503848212884016], [11.352787839288586, 44.503855985364495], [11.35279869925152, 44.504125838654566], [11.351667467317913, 44.50414914885126], [11.351678322223252, 44.50441900234455], [11.350547083710271, 44.50444230156478], [11.350536234014793, 44.50417244785346], [11.350159155942865, 44.50418021169986], [11.350148308136081, 44.50391035790099], [11.349771231648685, 44.50391812043091], [11.34976038573055, 44.503648266544495], [11.350137460481367, 44.50364050408723], [11.35011576562813, 44.503100796415005], [11.350869907727391, 44.503085268059635], [11.35085905705586, 44.50281541434651], [11.351236126140842, 44.50280764837581]], [[11.350254195310168, 44.49715624613057], [11.350275886945889, 44.49769595431291], [11.34989885054567, 44.49770371641583], [11.34987716238196, 44.49716400808823], [11.350254195310168, 44.49715624613057]], [[11.334677210632943, 44.49450503795981], [11.334666437881157, 44.494235180714234], [11.335420474046446, 44.4942197567725], [11.335409697974104, 44.49394989965639], [11.33578671409441, 44.49394218589255], [11.335797491902527, 44.494212042936475], [11.336174509607533, 44.494204327856984], [11.336206849145807, 44.49501389868294], [11.336583871907171, 44.49500618214338], [11.336594653791337, 44.495276038983405], [11.336971678137436, 44.49526832112815], [11.336993245830978, 44.49580803461915], [11.336616218013077, 44.49581575261885], [11.336605435826641, 44.495545895808576], [11.33547435667396, 44.495569042130015], [11.335495910782388, 44.496108756168915], [11.335118880624131, 44.496116469266745], [11.335108105230331, 44.49584661218253], [11.33473107665698, 44.49585432396467], [11.33474185031483, 44.49612418112104], [11.334364819854509, 44.4961318917318], [11.334386364151289, 44.49667160614425], [11.333632295833713, 44.49668702392372], [11.333643064736542, 44.49695688125193], [11.33175788262117, 44.49699540429881], [11.331704083016271, 44.49564611570669], [11.332081111061132, 44.49563841394484], [11.3320703498567, 44.495368556253894], [11.333201427878365, 44.49534544372352], [11.333190661617097, 44.49507558623401], [11.333944709405234, 44.49506017180716], [11.333933939823153, 44.49479031444702], [11.334310961754932, 44.494782605440506], [11.334300190587975, 44.494512748137645], [11.334677210632943, 44.49450503795981]]]}}, {"type": "Feature", "properties": {"threshold": "ge_4", "source": "HistorySUHI", "period": "2013-2025", "hotspot_percentile": "top_10_pct", "label": ">= 4 estati"}, "geometry": {"type": "Polygon", "coordinates": [[[11.299597483774408, 44.504399725727446], [11.299220390603418, 44.50440732143029], [11.299209777707581, 44.504137457885626], [11.298078502512643, 44.50416023731706], [11.29808911019785, 44.504430101074924], [11.296957828453886, 44.50445286952365], [11.296947225979334, 44.50418300555272], [11.296570133504261, 44.50419059247666], [11.29655953291521, 44.50392072841993], [11.29693662365342, 44.503913141567004], [11.296915419447481, 44.50337341355114], [11.297292506563403, 44.50336582559625], [11.297281902946587, 44.50309596163712], [11.298036073258876, 44.50308078213759], [11.298025466317187, 44.50281091830572], [11.298402549513538, 44.5028033267611], [11.298381332602796, 44.50226359919501], [11.298004252879888, 44.50227119059755], [11.297993646384278, 44.50200132672125], [11.297616568249365, 44.502008916808855], [11.297605963639107, 44.50173905284673], [11.296851810396653, 44.50175422914827], [11.29686241153358, 44.502024093252416], [11.29648533295275, 44.50203167960837], [11.296474733552497, 44.50176181543323], [11.29609765655975, 44.5017694004743], [11.296087059044735, 44.50149953621337], [11.295709983640077, 44.5015071199396], [11.295688792528955, 44.50096739123141], [11.295311720448998, 44.50097497357186], [11.295301126852818, 44.50070510912458], [11.294546985720572, 44.50072026993207], [11.294557575843582, 44.50099013452121], [11.294180503318175, 44.500997713130126], [11.29419109185303, 44.50126757777537], [11.29381401744257, 44.501275155211346], [11.293856366119682, 44.502354613928084], [11.293479284614094, 44.502362190403794], [11.293511042470067, 44.50317178449866], [11.293133955605777, 44.503179359943125], [11.293208050305843, 44.50506841280954], [11.293585149328345, 44.50506083686879], [11.293595736616062, 44.505330701433905], [11.29472703800388, 44.505307965934776], [11.294716445505223, 44.505038101582414], [11.297356131386074, 44.50498500904015], [11.297366736043505, 44.50525487289565], [11.296989636769373, 44.505262461347606], [11.29700023983849, 44.505532325259324], [11.297754441712053, 44.50551714696933], [11.297765048403832, 44.5057870107242], [11.298142150854586, 44.50577941964212], [11.29815275943209, 44.506049283311135], [11.299661174695714, 44.50601890625809], [11.299650559170122, 44.50574904287333], [11.300404762435063, 44.50573384702469], [11.300415381434686, 44.506003710267244], [11.300792484580876, 44.505996110405746], [11.300803105466406, 44.50626597356237], [11.301557314786137, 44.50625076996495], [11.301546690426546, 44.505980906950604], [11.301923793125978, 44.505973303356974], [11.301902541379647, 44.505433577426174], [11.301525442154198, 44.505441180877504], [11.301514818241433, 44.50517131781872], [11.300006426798328, 44.5052017188993], [11.299985193314999, 44.50466199216834], [11.299608098555925, 44.50466958918624], [11.299597483774408, 44.504399725727446]]]}}, {"type": "Feature", "properties": {"threshold": "ge_4", "source": "HistorySUHI", "period": "2013-2025", "hotspot_percentile": "top_10_pct", "label": ">= 4 estati"}, "geometry": {"type": "Polygon", "coordinates": [[[11.302215878370838, 44.50380679500993], [11.302592966877006, 44.503799189497606], [11.302603595255603, 44.50406905241694], [11.304111954737342, 44.5040386176434], [11.30410131941146, 44.50376875500888], [11.3044784071724, 44.50376114327683], [11.304467770258821, 44.50349128069872], [11.303713598061432, 44.50350650277642], [11.303702964770505, 44.50323664004104], [11.301817540352666, 44.503274673110504], [11.301828164959709, 44.50354453620181], [11.302205251878043, 44.5035369320046], [11.302215878370838, 44.50380679500993]]]}}, {"type": "Feature", "properties": {"threshold": "ge_4", "source": "HistorySUHI", "period": "2013-2025", "hotspot_percentile": "top_10_pct", "label": ">= 4 estati"}, "geometry": {"type": "Polygon", "coordinates": [[[11.312148202500191, 44.5068469800658], [11.312902413284718, 44.50683170139716], [11.312891736366382, 44.506561840567045], [11.313268839797107, 44.50655419943814], [11.313258161291449, 44.5062843386647], [11.314012364229772, 44.50626905281783], [11.314001682399875, 44.505999192172595], [11.315510079531451, 44.505968605836806], [11.315520768309208, 44.5062384661958], [11.315897868954503, 44.50623081643024], [11.315887178439793, 44.505960956142836], [11.316264277198263, 44.505953305204855], [11.316242893144612, 44.505413584728714], [11.316619988279353, 44.505405932689946], [11.316609294740484, 44.50513607250124], [11.31623220134262, 44.5051437244684], [11.3161894356335, 44.50406428327873], [11.315812349033036, 44.50407193371554], [11.315790970551244, 44.503532212888516], [11.316168053678213, 44.50352456259489], [11.316157362925376, 44.50325470223071], [11.31578028153512, 44.503262352452744], [11.315769592668843, 44.50299249200214], [11.31614667232241, 44.50298484185169], [11.316125291566074, 44.502445121049156], [11.31574821538581, 44.50245277105642], [11.31573752696905, 44.50218291056131], [11.31460630273919, 44.502205852905256], [11.314595619682052, 44.50193599218061], [11.31421854637581, 44.50194363706936], [11.314207865205011, 44.501673776258336], [11.313830793485613, 44.501681419831726], [11.313820114201098, 44.50141155893434], [11.312688903354434, 44.501434481977], [11.31269957742927, 44.501704343088896], [11.312322505111183, 44.50171198168697], [11.31235452302367, 44.50252156514812], [11.312731600551594, 44.5025139263356], [11.312763625020708, 44.503323509448855], [11.31314070760904, 44.50331586917798], [11.313151384468107, 44.50358573011456], [11.313905552669183, 44.50357044569809], [11.313969637808665, 44.50518961014793], [11.313592543362102, 44.50519725340726], [11.313603223005863, 44.50546711416851], [11.312849030189811, 44.50548239709826], [11.31285970650944, 44.5057522579877], [11.312105509620844, 44.505767536084456], [11.312116182616236, 44.506037397102034], [11.311739082210531, 44.506045034355864], [11.311749753618567, 44.506314895430094], [11.311372651326272, 44.506322531511366], [11.311383321146907, 44.506592392642226], [11.311006216968018, 44.506600027550896], [11.311016885201198, 44.50686988873837], [11.30950846004212, 44.50690041621829], [11.309497798757112, 44.50663055474514], [11.30912069383067, 44.506638183433594], [11.309099375183063, 44.50609846030002], [11.30947647663548, 44.50609083175436], [11.309455155111676, 44.505551108704296], [11.309832252940714, 44.5055434790574], [11.309821590666065, 44.50527361758152], [11.310198686608704, 44.50526598676205], [11.310070730129992, 44.50202764875202], [11.309693655028532, 44.50203527871463], [11.309682994696848, 44.50176541704602], [11.30892884751885, 44.5017806730969], [11.308939504377312, 44.50205053490828], [11.30780827728008, 44.50207340986984], [11.307818929078012, 44.50234327188044], [11.307441851343611, 44.502350894451254], [11.307431201282325, 44.50208103236931], [11.30667704883895, 44.50209627363665], [11.306666402400209, 44.501826411397246], [11.305535177825735, 44.50184926375543], [11.305545819054576, 44.50211912620868], [11.305168742161399, 44.50212674124497], [11.305221941859745, 44.50347605364531], [11.305976112864009, 44.50346082161618], [11.305986756724726, 44.50373068390925], [11.306740930605693, 44.503715446761845], [11.306751578089228, 44.50398530889749], [11.307128666542622, 44.50397768838658], [11.307160615099376, 44.50478727449069], [11.306029333659774, 44.50481013293335], [11.306039978266595, 44.50507999515233], [11.305285786420217, 44.50509522803673], [11.30529642770241, 44.50536509038344], [11.304919329818508, 44.50537270503091], [11.304929969512928, 44.50564256743407], [11.305307069133788, 44.50563495271535], [11.305328352444095, 44.50617467733468], [11.304951249349251, 44.50618229219592], [11.304972529782237, 44.50672201689851], [11.304595423064145, 44.50672963065821], [11.304584784510121, 44.50645976824306], [11.304207679379939, 44.50646738068746], [11.304197042712094, 44.50619751818627], [11.303819939169829, 44.506205129315376], [11.303830574100637, 44.5064749918878], [11.303453468672238, 44.50648260184407], [11.303464102015079, 44.50675246447288], [11.30384120918054, 44.5067448544454], [11.303862479787641, 44.50728457951615], [11.304239590278199, 44.50727696810213], [11.304228953162987, 44.5070071056454], [11.304983170222487, 44.50699187922758], [11.305015092438278, 44.50780146612587], [11.305392205955657, 44.507793850837054], [11.305424134725673, 44.508603437388196], [11.305801253305436, 44.50859582064143], [11.30581189826444, 44.50886568272423], [11.309960211896367, 44.50878181561153], [11.309949547827836, 44.50851195431357], [11.31032666461515, 44.50850432263712], [11.310315998958933, 44.50823446139574], [11.310693113859532, 44.5082268285466], [11.310671779521371, 44.507687106162216], [11.311048890798121, 44.507679472211834], [11.31102755358394, 44.507139749911026], [11.31215887609411, 44.50711684102408], [11.312148202500191, 44.5068469800658]], [[11.308732931093294, 44.506375949247214], [11.308743588754789, 44.506645810877956], [11.308366483529495, 44.50665343707829], [11.30835582760503, 44.50638357537618], [11.308732931093294, 44.506375949247214]]]}}, {"type": "Feature", "properties": {"threshold": "ge_4", "source": "HistorySUHI", "period": "2013-2025", "hotspot_percentile": "top_10_pct", "label": ">= 4 estati"}, "geometry": {"type": "Polygon", "coordinates": [[[11.283392883463025, 44.50499508412112], [11.282638680747805, 44.50501016743896], [11.282659754428321, 44.50554990068658], [11.283036859333889, 44.505542359508546], [11.283047398132808, 44.50581222603962], [11.283424504627707, 44.50580468354693], [11.283466668249448, 44.506884149241074], [11.283089554805995, 44.506891692016126], [11.283100094343682, 44.50716155847329], [11.28272297901527, 44.507169100074776], [11.282744055059455, 44.507708833085935], [11.283498292517466, 44.5076937483565], [11.283487750947005, 44.50742388199947], [11.283864867717092, 44.507416337839096], [11.2838121533957, 44.50606700618525], [11.284189261332127, 44.50605946113378], [11.284147085587183, 44.504979995827085], [11.284524186427552, 44.50497244981399], [11.28449255095998, 44.504162850890616], [11.283361263628231, 44.504185484562306], [11.283392883463025, 44.50499508412112]]]}}, {"type": "Feature", "properties": {"threshold": "ge_4", "source": "HistorySUHI", "period": "2013-2025", "hotspot_percentile": "top_10_pct", "label": ">= 4 estati"}, "geometry": {"type": "Polygon", "coordinates": [[[11.303055100330358, 44.505950485111796], [11.301923793125978, 44.505973303356974], [11.301934419222594, 44.50624316630015], [11.303065731638043, 44.50622034784145], [11.303055100330358, 44.505950485111796]]]}}, {"type": "Feature", "properties": {"threshold": "ge_4", "source": "HistorySUHI", "period": "2013-2025", "hotspot_percentile": "top_10_pct", "label": ">= 4 estati"}, "geometry": {"type": "Polygon", "coordinates": [[[11.304250227542536, 44.50754683054406], [11.303873115314845, 44.5075544420293], [11.303883750991154, 44.507824304527645], [11.304260864956003, 44.50781669297116], [11.304250227542536, 44.50754683054406]]]}}, {"type": "Feature", "properties": {"threshold": "ge_4", "source": "HistorySUHI", "period": "2013-2025", "hotspot_percentile": "top_10_pct", "label": ">= 4 estati"}, "geometry": {"type": "Polygon", "coordinates": [[[11.299422063896053, 44.50953472596582], [11.299044937571043, 44.50954232177513], [11.299055551705667, 44.509812185094745], [11.298678423494488, 44.50981977973092], [11.298667811097227, 44.509549916340234], [11.298290684474628, 44.50955750966113], [11.29826946360111, 44.50901778269323], [11.297892340304417, 44.50902537462782], [11.297881731828085, 44.50875551105062], [11.297504610119958, 44.50876310166999], [11.297494003529627, 44.50849323800694], [11.297116883410078, 44.50850082731112], [11.297127488263133, 44.50877069104519], [11.296373244103469, 44.50878586606304], [11.296383845630594, 44.50905572992433], [11.296006721590498, 44.509063315637974], [11.29599612180068, 44.50879345170571], [11.295618999349287, 44.50880103610419], [11.295629597401794, 44.509070900107425], [11.29487534857866, 44.50908606531376], [11.29490713320351, 44.50989565766042], [11.296415651103771, 44.50986532141933], [11.29642625322544, 44.510135185221394], [11.296803384066369, 44.51012759797955], [11.296813988074105, 44.51039746169581], [11.297191120503793, 44.510389873138706], [11.297201726397647, 44.51065973676915], [11.29795599428581, 44.510644555780154], [11.297966603803298, 44.51091441925372], [11.299475144744342, 44.5108840420604], [11.299485761360524, 44.511153905234885], [11.300240034413035, 44.511138709030426], [11.300229414321898, 44.51086884599815], [11.300606548887348, 44.510861246100625], [11.300595927207654, 44.51059138312466], [11.30097305988674, 44.51058378205401], [11.300930567707532, 44.50950433028655], [11.300553441977994, 44.509511931072666], [11.300532200256601, 44.508972204957814], [11.299400832598574, 44.50899499942434], [11.299422063896053, 44.50953472596582]]]}}, {"type": "Feature", "properties": {"threshold": "ge_4", "source": "HistorySUHI", "period": "2013-2025", "hotspot_percentile": "top_10_pct", "label": ">= 4 estati"}, "geometry": {"type": "Polygon", "coordinates": [[[11.28815046540228, 44.51084152042539], [11.287773327673742, 44.51084907919089], [11.287762765216865, 44.51057921378856], [11.287385629077749, 44.510586771239055], [11.287364508083197, 44.51004704024859], [11.285855975946218, 44.51007725704216], [11.285929853367076, 44.511966317229515], [11.285552707800033, 44.51197386881192], [11.285584366558416, 44.51278346602531], [11.2852072156304, 44.51279101657536], [11.285217767108056, 44.513060882354246], [11.286726376883125, 44.5130306724051], [11.2867158184546, 44.51276080690893], [11.287092968790628, 44.512753251381376], [11.287082408772449, 44.51248338594111], [11.288591001685027, 44.51245315167009], [11.288580434864278, 44.51218328649799], [11.288957580984455, 44.51217572489009], [11.288915308232559, 44.5110962643368], [11.288161029744781, 44.5111113857422], [11.28815046540228, 44.51084152042539]]]}}, {"type": "Feature", "properties": {"threshold": "ge_4", "source": "HistorySUHI", "period": "2013-2025", "hotspot_percentile": "top_10_pct", "label": ">= 4 estati"}, "geometry": {"type": "Polygon", "coordinates": [[[11.29363158811365, 44.515862986708115], [11.293254419444269, 44.515870564240764], [11.293243829841924, 44.51560070011095], [11.292866662762004, 44.5156082763282], [11.292877250626411, 44.51587814052893], [11.292500081660103, 44.51588571557259], [11.292510667934996, 44.516155579829395], [11.293642179602433, 44.51613285075222], [11.29363158811365, 44.515862986708115]]]}}, {"type": "Feature", "properties": {"threshold": "ge_4", "source": "HistorySUHI", "period": "2013-2025", "hotspot_percentile": "top_10_pct", "label": ">= 4 estati"}, "geometry": {"type": "Polygon", "coordinates": [[[11.292940780930435, 44.51749732542249], [11.293317960176434, 44.51748974870892], [11.293328550818167, 44.51775961273516], [11.293705731653782, 44.51775203470611], [11.293695139273943, 44.51748217075079], [11.294449497023388, 44.51746701110084], [11.294417710346634, 44.516657419571686], [11.294040536760338, 44.51666499980613], [11.29402994323654, 44.516395135862545], [11.29252125435832, 44.516425444071416], [11.292553014518898, 44.517235036708676], [11.292930192175278, 44.51722746131056], [11.292940780930435, 44.51749732542249]]]}}, {"type": "Feature", "properties": {"threshold": "ge_4", "source": "HistorySUHI", "period": "2013-2025", "hotspot_percentile": "top_10_pct", "label": ">= 4 estati"}, "geometry": {"type": "Polygon", "coordinates": [[[11.295182655959936, 44.51691211908517], [11.294805480932755, 44.51691970187963], [11.294837273269417, 44.517729293151525], [11.295214453510814, 44.51772171014419], [11.295182655959936, 44.51691211908517]]]}}, {"type": "Feature", "properties": {"threshold": "ge_4", "source": "HistorySUHI", "period": "2013-2025", "hotspot_percentile": "top_10_pct", "label": ">= 4 estati"}, "geometry": {"type": "Polygon", "coordinates": [[[11.325765557358762, 44.51710335345312], [11.325011220958672, 44.51711871983495], [11.325000484324846, 44.516848861806174], [11.324623317636878, 44.51685654305851], [11.324612582891458, 44.51658668494299], [11.322726755883862, 44.51662507217861], [11.32271602997822, 44.51635521368901], [11.321961701598044, 44.51637055972853], [11.321972424027956, 44.516640418361725], [11.321595257874487, 44.51664808958662], [11.321659585183413, 44.51826724150473], [11.322036761764597, 44.518259569849114], [11.322047485246923, 44.51852942837838], [11.32242466341579, 44.51852175540645], [11.322435388786529, 44.51879161384906], [11.322812568543073, 44.51878393956078], [11.322823295802275, 44.51905379791673], [11.32357765834028, 44.51903844546287], [11.323556197020023, 44.51849872902345], [11.323933374587229, 44.518491051073404], [11.323922642414756, 44.518221192903255], [11.324299818093465, 44.518213513780545], [11.324289084333467, 44.5179436556674], [11.325043431763376, 44.51792829383219], [11.325032694677935, 44.517658435847956], [11.32578703802974, 44.51764306917854], [11.325765557358762, 44.51710335345312]]]}}, {"type": "Feature", "properties": {"threshold": "ge_4", "source": "HistorySUHI", "period": "2013-2025", "hotspot_percentile": "top_10_pct", "label": ">= 4 estati"}, "geometry": {"type": "Polygon", "coordinates": [[[11.292239350614285, 44.518861796162525], [11.292249936783813, 44.51913166032746], [11.293381506254285, 44.51910893264436], [11.293370914870057, 44.51883906869211], [11.293748102658341, 44.518831490379405], [11.293716324182137, 44.51802189864662], [11.292584776015438, 44.51804462921277], [11.292595363477844, 44.5183144933512], [11.291840993814771, 44.51832964098075], [11.291862162232134, 44.51886936949675], [11.292239350614285, 44.518861796162525]]]}}, {"type": "Feature", "properties": {"threshold": "ge_4", "source": "HistorySUHI", "period": "2013-2025", "hotspot_percentile": "top_10_pct", "label": ">= 4 estati"}, "geometry": {"type": "Polygon", "coordinates": [[[11.331196613288625, 44.52077364412009], [11.330442232443925, 44.52078904736448], [11.33045299567144, 44.52105890416277], [11.330830187907482, 44.521051203090806], [11.330840953024158, 44.52132105980219], [11.331972534041268, 44.521297948902365], [11.331983304523684, 44.521567805382595], [11.332360499632317, 44.52156009918796], [11.332349727411643, 44.521290242779834], [11.332726920630975, 44.52128253541268], [11.332705373166299, 44.52074282269608], [11.33308256275813, 44.52073511422857], [11.333061012421346, 44.52019540159678], [11.331552267053155, 44.52022622742227], [11.331563035193359, 44.52049608403405], [11.33118584673563, 44.52050378745107], [11.331196613288625, 44.52077364412009]]]}}, {"type": "Feature", "properties": {"threshold": "ge_4", "source": "HistorySUHI", "period": "2013-2025", "hotspot_percentile": "top_10_pct", "label": ">= 4 estati"}, "geometry": {"type": "Polygon", "coordinates": [[[11.338816001947249, 44.52250832402366], [11.338438802456524, 44.5225160516662], [11.338428001818293, 44.52224619647298], [11.33767360585918, 44.52226164787945], [11.337684403020775, 44.52253150321727], [11.3373072030758, 44.52253922712581], [11.337317998650443, 44.52280908252105], [11.337695200333764, 44.52280135854022], [11.337716795413927, 44.52334106914149], [11.338094000422613, 44.523333343771405], [11.33810479992821, 44.52360319897743], [11.338482006523888, 44.52359547229035], [11.338503609466267, 44.52413518251317], [11.338880819387386, 44.52412745443675], [11.338891622824244, 44.52439730945352], [11.339268834332364, 44.52438958006003], [11.339258029157023, 44.524119725115575], [11.339635238775157, 44.524111994549706], [11.339602818942868, 44.523302429844115], [11.339225614540025, 44.52331016019298], [11.339214809970693, 44.523040305189014], [11.338460404187312, 44.52305576200803], [11.338449603246197, 44.52278590684455], [11.338826804475259, 44.52277817912971], [11.338816001947249, 44.52250832402366]]]}}, {"type": "Feature", "properties": {"threshold": "ge_4", "source": "HistorySUHI", "period": "2013-2025", "hotspot_percentile": "top_10_pct", "label": ">= 4 estati"}, "geometry": {"type": "Polygon", "coordinates": [[[11.327176492122751, 44.52409658873165], [11.327930917403405, 44.52408120616303], [11.327941670272404, 44.52435106328718], [11.329073312278114, 44.52432797988257], [11.329084070513547, 44.52459783677582], [11.329461285952334, 44.52459013974605], [11.329450525978352, 44.524320282924826], [11.329827739527717, 44.524312584722324], [11.329816977966088, 44.524042727958275], [11.328685342080966, 44.524065818615405], [11.328653073947713, 44.523256247585834], [11.327521452351547, 44.52327932639224], [11.32753220302977, 44.523549183632944], [11.32715499379107, 44.52355687415093], [11.327176492122751, 44.52409658873165]]]}}, {"type": "Feature", "properties": {"threshold": "ge_4", "source": "HistorySUHI", "period": "2013-2025", "hotspot_percentile": "top_10_pct", "label": ">= 4 estati"}, "geometry": {"type": "Polygon", "coordinates": [[[11.311354775151209, 44.524958193043524], [11.310977552499006, 44.52496583032249], [11.310988227430796, 44.52523569064455], [11.310611002890212, 44.52524332675014], [11.310643023367476, 44.52605290784171], [11.311020253124298, 44.52604527152173], [11.311041604335093, 44.52658499203237], [11.311418837419831, 44.526577354324566], [11.311408160000768, 44.52630749414813], [11.31178539119697, 44.5262998552669], [11.311796070354848, 44.52656971537185], [11.312173303140115, 44.526562075174226], [11.312151941496506, 44.52602235509249], [11.311774712188836, 44.52602999514712], [11.311753354621793, 44.52549027486306], [11.31137612864189, 44.52549791352984], [11.311354775151209, 44.524958193043524]]]}}, {"type": "Feature", "properties": {"threshold": "ge_4", "source": "HistorySUHI", "period": "2013-2025", "hotspot_percentile": "top_10_pct", "label": ">= 4 estati"}, "geometry": {"type": "Polygon", "coordinates": [[[11.326087830680532, 44.52519908309538], [11.325710610407745, 44.525206769065946], [11.325742839980528, 44.52601634151063], [11.326497290807447, 44.526000967893104], [11.326475797320233, 44.52546125323256], [11.326098575459465, 44.52546894051987], [11.326087830680532, 44.52519908309538]]]}}, {"type": "Feature", "properties": {"threshold": "ge_4", "source": "HistorySUHI", "period": "2013-2025", "hotspot_percentile": "top_10_pct", "label": ">= 4 estati"}, "geometry": {"type": "Polygon", "coordinates": [[[11.336779468569633, 44.52822163442015], [11.33640223166009, 44.52822935611196], [11.336391438274056, 44.52795950079742], [11.335636967478633, 44.52797494030182], [11.335626177721586, 44.52770508482793], [11.336003411456137, 44.52769736577042], [11.335981828918356, 44.527157654922505], [11.334472906982784, 44.52718852310545], [11.334462122895875, 44.52691866737033], [11.334084893772635, 44.5269263812317], [11.334074111575674, 44.52665652540953], [11.333696884039982, 44.52666423795386], [11.333707664498206, 44.52693409384821], [11.333330435072611, 44.526941805219856], [11.333308877784779, 44.526402093271955], [11.332931651685502, 44.526409803254445], [11.332920875006986, 44.52613994718605], [11.331789201018669, 44.52616306944803], [11.331864604427539, 44.52805206312923], [11.33375078784279, 44.528013517276925], [11.33376156905687, 44.528283373096926], [11.333007092666405, 44.52829879531692], [11.33301787055389, 44.52856865126637], [11.33264063039306, 44.52857636058113], [11.332672959745512, 44.52938592855671], [11.33305020512316, 44.529378219025524], [11.333082541052692, 44.53018778665088], [11.333459791496228, 44.53018007565825], [11.333470572180756, 44.53044993143147], [11.333847824212173, 44.530442219121674], [11.333869389512941, 44.53098193047917], [11.334246644871339, 44.530974216779995], [11.334257429487655, 44.53124407236427], [11.334634686433947, 44.531236357347865], [11.334645472940641, 44.53150621284505], [11.336909021875996, 44.53145989616722], [11.33689822493447, 44.53119004110344], [11.33727548082146, 44.531182317371716], [11.337264682292231, 44.53091246236534], [11.33764193628869, 44.530904737460865], [11.337598736729813, 44.52982531757576], [11.33722148968952, 44.529833042191086], [11.337189096827336, 44.52902347690419], [11.336811854852508, 44.52903120005772], [11.336779468569633, 44.52822163442015]]]}}, {"type": "Feature", "properties": {"threshold": "ge_4", "source": "HistorySUHI", "period": "2013-2025", "hotspot_percentile": "top_10_pct", "label": ">= 4 estati"}, "geometry": {"type": "Polygon", "coordinates": [[[11.313789119545548, 44.52923009859236], [11.31341186997016, 44.529237744485066], [11.31340118235849, 44.5289678848145], [11.31302393437228, 44.52897552939064], [11.313013248649499, 44.528705669633716], [11.31263600225247, 44.528713312893316], [11.312625318418533, 44.52844345305003], [11.312248073610691, 44.52845109499313], [11.312216028224615, 44.527641515159736], [11.311838788483858, 44.527649155643346], [11.311828108726974, 44.52737929559772], [11.31145087057537, 44.527386934764884], [11.311429514988617, 44.52684721448617], [11.311052280165038, 44.526854852265444], [11.311041604335093, 44.52658499203237], [11.310664371100657, 44.52659262849527], [11.31067504519176, 44.52686248879981], [11.309543339373953, 44.52688539093334], [11.309618025684895, 44.52877441415018], [11.309240777940396, 44.52878204620477], [11.309272783386426, 44.52959162757527], [11.309650036348145, 44.52958399530643], [11.309671377538454, 44.530123716003125], [11.310048633828806, 44.53011608234637], [11.31005930638758, 44.53038594260104], [11.310436564267436, 44.530378307627764], [11.310447238715058, 44.53064816779616], [11.311579016673974, 44.53062525519148], [11.311600376453613, 44.53116497505495], [11.311977638952193, 44.5311573348869], [11.312052415073975, 44.533046353441414], [11.313184238196596, 44.53302342396468], [11.313173550225901, 44.53275356443024], [11.31355082256099, 44.532745918852505], [11.313540133000808, 44.532476059374794], [11.313917403446634, 44.532468412623444], [11.313906712297017, 44.53219855320245], [11.314283980853581, 44.53219090527751], [11.314219826668666, 44.53057174886938], [11.313842568547596, 44.530579396364914], [11.313789119545548, 44.52923009859236]]]}}, {"type": "Feature", "properties": {"threshold": "ge_4", "source": "HistorySUHI", "period": "2013-2025", "hotspot_percentile": "top_10_pct", "label": ">= 4 estati"}, "geometry": {"type": "Polygon", "coordinates": [[[11.331325539538474, 44.53346459642969], [11.331702811607963, 44.53345689079688], [11.331724359363095, 44.53399660269303], [11.332856185101193, 44.5339734778909], [11.332834626909841, 44.53343376642754], [11.332457355293672, 44.533441475795804], [11.33244657816406, 44.533171619969686], [11.332069308136093, 44.53317932802066], [11.332058532896918, 44.532909472107534], [11.331681264457158, 44.53291717884126], [11.331692037957021, 44.5331870348265], [11.331314767626871, 44.5331947403872], [11.331325539538474, 44.53346459642969]]]}}, {"type": "Feature", "properties": {"threshold": "ge_4", "source": "HistorySUHI", "period": "2013-2025", "hotspot_percentile": "top_10_pct", "label": ">= 4 estati"}, "geometry": {"type": "Polygon", "coordinates": [[[11.335529481480199, 44.534729042005885], [11.335518689679363, 44.534459186831576], [11.33514141216429, 44.53446690520475], [11.335152202225693, 44.534736760451274], [11.335529481480199, 44.534729042005885]]]}}, {"type": "Feature", "properties": {"threshold": "ge_4", "source": "HistorySUHI", "period": "2013-2025", "hotspot_percentile": "top_10_pct", "label": ">= 4 estati"}, "geometry": {"type": "Polygon", "coordinates": [[[11.33514141216429, 44.53446690520475], [11.335119832495415, 44.53392719466707], [11.334365283968973, 44.533942627389024], [11.334440791105544, 44.535831615021564], [11.334818077620655, 44.535823898777736], [11.334828866699091, 44.53609375402213], [11.33520615480246, 44.53608603646083], [11.33516299243841, 44.53500661568294], [11.33478571129313, 44.535014332955356], [11.33476413449791, 44.53447462233273], [11.33514141216429, 44.53446690520475]]]}}, {"type": "Feature", "properties": {"threshold": "ge_4", "source": "HistorySUHI", "period": "2013-2025", "hotspot_percentile": "top_10_pct", "label": ">= 4 estati"}, "geometry": {"type": "Polygon", "coordinates": [[[11.330689457675598, 44.53644842103209], [11.331444040536468, 44.536433011915875], [11.33146558813648, 44.536972723629205], [11.331842882819583, 44.536965017058954], [11.331853658585903, 44.53723487282121], [11.332230954857566, 44.53722716493351], [11.332220177351571, 44.536957309243384], [11.332597471732422, 44.536949600182524], [11.332565134902381, 44.53614003323937], [11.332187845740409, 44.53614774208382], [11.332155515489433, 44.53533817479045], [11.33140094714945, 44.53535358831084], [11.331411720269587, 44.535623444234396], [11.33065714784623, 44.53563885291803], [11.330689457675598, 44.53644842103209]]]}}, {"type": "Feature", "properties": {"threshold": "ge_4", "source": "HistorySUHI", "period": "2013-2025", "hotspot_percentile": "top_10_pct", "label": ">= 4 estati"}, "geometry": {"type": "Polygon", "coordinates": [[[11.33369700148127, 44.53611689923442], [11.333319712772836, 44.53612461181467], [11.333330495044217, 44.53639446733295], [11.333707785492242, 44.536386754680535], [11.33369700148127, 44.53611689923442]]]}}, {"type": "Feature", "properties": {"threshold": "ge_4", "source": "HistorySUHI", "period": "2013-2025", "hotspot_percentile": "top_10_pct", "label": ">= 4 estati"}, "geometry": {"type": "Polygon", "coordinates": [[[11.290025754090792, 44.53943202542989], [11.289648432345114, 44.539439594188124], [11.289659014141888, 44.539709457866316], [11.290036337627672, 44.53970188903724], [11.290025754090792, 44.53943202542989]]]}}, {"type": "Feature", "properties": {"threshold": "ge_4", "source": "HistorySUHI", "period": "2013-2025", "hotspot_percentile": "top_10_pct", "label": ">= 4 estati"}, "geometry": {"type": "Polygon", "coordinates": [[[11.2862525299588, 44.53950765696366], [11.286629853039228, 44.539500099415164], [11.286619285311616, 44.53923023515597], [11.28510999906133, 44.53926045759393], [11.285131120743786, 44.53980018666315], [11.285885771125741, 44.53978507765244], [11.285896335669463, 44.540054942023495], [11.286273662378367, 44.5400473855791], [11.2862525299588, 44.53950765696366]]]}}, {"type": "Feature", "properties": {"threshold": "ge_4", "source": "HistorySUHI", "period": "2013-2025", "hotspot_percentile": "top_10_pct", "label": ">= 4 estati"}, "geometry": {"type": "Polygon", "coordinates": [[[11.341016910863962, 44.5397480792739], [11.341027730050673, 44.54001793313816], [11.341405041825585, 44.54001019456678], [11.341372579501053, 44.53920063314658], [11.340995272945715, 44.53920837150071], [11.340984454214178, 44.5389385175918], [11.340607149246932, 44.538946254628165], [11.340617966238657, 44.53921610860947], [11.3402406593799, 44.53922384447286], [11.340262290338746, 44.53976355253562], [11.341016910863962, 44.5397480792739]]]}}, {"type": "Feature", "properties": {"threshold": "ge_4", "source": "HistorySUHI", "period": "2013-2025", "hotspot_percentile": "top_10_pct", "label": ">= 4 estati"}, "geometry": {"type": "Polygon", "coordinates": [[[11.290068089128905, 44.54051147977055], [11.291200074356938, 44.54048876517247], [11.291189485154232, 44.54021890182206], [11.289302851066168, 44.54025675290347], [11.289313431567983, 44.540526616608105], [11.289690760422651, 44.5405190488121], [11.289701342813062, 44.54078891243112], [11.29007867325952, 44.54078134331872], [11.290068089128905, 44.54051147977055]]]}}, {"type": "Feature", "properties": {"threshold": "ge_4", "source": "HistorySUHI", "period": "2013-2025", "hotspot_percentile": "top_10_pct", "label": ">= 4 estati"}, "geometry": {"type": "Polygon", "coordinates": [[[11.329330989891012, 44.54025721112027], [11.328953673272812, 44.54026490983783], [11.32896443693287, 44.540534765998345], [11.32934175529106, 44.54052706720876], [11.329330989891012, 44.54025721112027]]]}}, {"type": "Feature", "properties": {"threshold": "ge_4", "source": "HistorySUHI", "period": "2013-2025", "hotspot_percentile": "top_10_pct", "label": ">= 4 estati"}, "geometry": {"type": "Polygon", "coordinates": [[[11.32896443693287, 44.540534765998345], [11.328587118423727, 44.54054246354248], [11.328608642716645, 44.54108217596301], [11.328985964705847, 44.54107447827481], [11.32896443693287, 44.540534765998345]]]}}, {"type": "Feature", "properties": {"threshold": "ge_4", "source": "HistorySUHI", "period": "2013-2025", "hotspot_percentile": "top_10_pct", "label": ">= 4 estati"}, "geometry": {"type": "Polygon", "coordinates": [[[11.332015313216244, 44.541282707470984], [11.331260668023328, 44.54129812167389], [11.331249893470066, 44.541028265990406], [11.328985964705847, 44.54107447827481], [11.329029022063327, 44.54215390264938], [11.329406350861964, 44.54214620342751], [11.329417117318911, 44.54241605941195], [11.329794447706712, 44.54240835887249], [11.329815984553981, 44.54294807065266], [11.330570651837261, 44.5429326655488], [11.330581423967883, 44.543202521272434], [11.331336094127309, 44.5431871110421], [11.331303767747473, 44.54237754425922], [11.331681097379931, 44.54236983749204], [11.331670320482079, 44.54209998194012], [11.33204764822325, 44.54209227399954], [11.332036869736422, 44.5418224185049], [11.332791521285024, 44.54180699903146], [11.332780739469179, 44.541537143666226], [11.332026091400754, 44.54155256299537], [11.332015313216244, 44.541282707470984]]]}}, {"type": "Feature", "properties": {"threshold": "ge_4", "source": "HistorySUHI", "period": "2013-2025", "hotspot_percentile": "top_10_pct", "label": ">= 4 estati"}, "geometry": {"type": "Polygon", "coordinates": [[[11.327691847563605, 44.54650238681135], [11.32920127564993, 44.546471597769774], [11.329190508668301, 44.54620174193622], [11.330322572925958, 44.546178637291156], [11.330301028972803, 44.54563892601185], [11.328791623584447, 44.54566972913736], [11.328780858796287, 44.545399873187165], [11.32840350881215, 44.545407570782295], [11.328414271859852, 44.54567742680451], [11.327659567957825, 44.545692818401776], [11.327691847563605, 44.54650238681135]]]}}, {"type": "Feature", "properties": {"threshold": "ge_4", "source": "HistorySUHI", "period": "2013-2025", "hotspot_percentile": "top_10_pct", "label": ">= 4 estati"}, "geometry": {"type": "Polygon", "coordinates": [[[11.285719730229603, 44.54518991880606], [11.284587649566383, 44.545212580958186], [11.284577089169604, 44.54494271658532], [11.2841997303929, 44.5449502680738], [11.284210289049046, 44.545220132517336], [11.283078206608586, 44.54524277972005], [11.2831098677994, 44.54605237359776], [11.283864600018555, 44.54603727628457], [11.283875157526346, 44.546307140739636], [11.283914724315876, 44.54630634906378], [11.285249855347375, 44.545571446575245], [11.28528610505997, 44.545534323685274], [11.285491922092174, 44.545323532255054], [11.28572015178099, 44.545200685805426], [11.285719730229603, 44.54518991880606]]]}}, {"type": "Feature", "properties": {"threshold": "ge_4", "source": "HistorySUHI", "period": "2013-2025", "hotspot_percentile": "top_10_pct", "label": ">= 4 estati"}, "geometry": {"type": "Polygon", "coordinates": [[[11.37338145600755, 44.462647913651246], [11.373370516918829, 44.46237806240196], [11.372993714175538, 44.462385895871385], [11.372982776972814, 44.46211604453386], [11.372605975808995, 44.46212387668802], [11.37259504049222, 44.46185402526227], [11.372218240907877, 44.46186185610118], [11.372207307477002, 44.461592004587224], [11.371830509472142, 44.46159983411092], [11.371841441170337, 44.46186968569815], [11.371464641279623, 44.46187751405314], [11.371497432095067, 44.462687068945016], [11.371874237183974, 44.46267924037024], [11.371896101958967, 44.46321894341031], [11.372649718608368, 44.46320328224168], [11.372671590927453, 44.46374298492891], [11.373048402487978, 44.46373515233498], [11.373081217314596, 44.46454470603395], [11.373458033920528, 44.464536871978055], [11.373479914703864, 44.465076574222735], [11.373856734622397, 44.46506873877813], [11.373867676977003, 44.465338589804745], [11.374244498475191, 44.46533075304471], [11.37425544271613, 44.46560060398306], [11.375385911489486, 44.465577086030336], [11.375331165823997, 44.46422783228963], [11.374954351717692, 44.46423567248247], [11.374921511357957, 44.463426119838694], [11.374167893082342, 44.46344179605811], [11.374156950068153, 44.46317194500028], [11.373780142433143, 44.46317978117365], [11.373758260330307, 44.46264007886652], [11.37338145600755, 44.462647913651246]]]}}, {"type": "Feature", "properties": {"threshold": "ge_4", "source": "HistorySUHI", "period": "2013-2025", "hotspot_percentile": "top_10_pct", "label": ">= 4 estati"}, "geometry": {"type": "Polygon", "coordinates": [[[11.349729120503016, 44.465297847414256], [11.349352292555146, 44.46530560328987], [11.349341463153442, 44.465035747491534], [11.348587810268697, 44.46505125537114], [11.348620288530274, 44.46586082315683], [11.3493739518138, 44.46584531484185], [11.349384781670755, 44.466115170595515], [11.349761614818075, 44.46610741450216], [11.349729120503016, 44.465297847414256]]]}}, {"type": "Feature", "properties": {"threshold": "ge_4", "source": "HistorySUHI", "period": "2013-2025", "hotspot_percentile": "top_10_pct", "label": ">= 4 estati"}, "geometry": {"type": "Polygon", "coordinates": [[[11.37267758337434, 44.47319560620369], [11.370793219181794, 44.473234757153556], [11.37082601369763, 44.47404431082348], [11.372333526163223, 44.47401299166923], [11.372344464910093, 44.47428284256959], [11.37272134437712, 44.47427500960154], [11.3727322850111, 44.474544860413666], [11.373109166058626, 44.47453702612981], [11.37312010857977, 44.4748068768537], [11.374627638171528, 44.47477552699993], [11.37460573941201, 44.47423582612397], [11.37498261795877, 44.474227985701006], [11.37497166707539, 44.47395813531398], [11.37459479026241, 44.473965975663575], [11.374561943734214, 44.47315642419279], [11.374185071968999, 44.47316426307984], [11.374174125166812, 44.472894412486355], [11.37266664350692, 44.4729257553169], [11.37267758337434, 44.47319560620369]]]}}, {"type": "Feature", "properties": {"threshold": "ge_4", "source": "HistorySUHI", "period": "2013-2025", "hotspot_percentile": "top_10_pct", "label": ">= 4 estati"}, "geometry": {"type": "Polygon", "coordinates": [[[11.373306154903364, 44.479394336874726], [11.372929242642993, 44.47940217247832], [11.372951129891371, 44.47994187352016], [11.373704961195878, 44.47992620077696], [11.373694014026404, 44.47965635041017], [11.373317100185147, 44.4796641873298], [11.373306154903364, 44.479394336874726]]]}}, {"type": "Feature", "properties": {"threshold": "ge_4", "source": "HistorySUHI", "period": "2013-2025", "hotspot_percentile": "top_10_pct", "label": ">= 4 estati"}, "geometry": {"type": "Polygon", "coordinates": [[[11.376032200102786, 44.481498251967274], [11.37565527504191, 44.48150609685705], [11.37564431827969, 44.48123624694675], [11.375267394799685, 44.48124409052035], [11.375256439925428, 44.48097424052171], [11.374502595973677, 44.48098992379377], [11.374524498938026, 44.481529624069616], [11.374147573263066, 44.48153746398823], [11.374158523241004, 44.48180731417711], [11.374535450650429, 44.48179947418515], [11.37454640251632, 44.48206932428573], [11.374169473372406, 44.482077164351054], [11.37421327543269, 44.48315656489749], [11.373836339197108, 44.483164404013415], [11.373847288361251, 44.48343425418604], [11.373470350237602, 44.48344209213245], [11.373481297820561, 44.483711942363485], [11.373104357808842, 44.48371977914035], [11.37314814273622, 44.484799180208476], [11.373525089686746, 44.484791343138255], [11.373536038036894, 44.48506119329462], [11.373159089351605, 44.48506903043817], [11.373170036120412, 44.48533888065292], [11.375431736338658, 44.48529183870718], [11.375420779161171, 44.48502198893264], [11.375797726925423, 44.48501414433141], [11.375764851110183, 44.48420459513833], [11.376141793516684, 44.48419674951442], [11.376119873605129, 44.48365705012451], [11.376496812388707, 44.48364920340454], [11.376442006624952, 44.48229995503546], [11.376065076514232, 44.48230780138829], [11.376032200102786, 44.481498251967274]]]}}, {"type": "Feature", "properties": {"threshold": "ge_4", "source": "HistorySUHI", "period": "2013-2025", "hotspot_percentile": "top_10_pct", "label": ">= 4 estati"}, "geometry": {"type": "Polygon", "coordinates": [[[11.34602920418572, 44.48589989367657], [11.34640616559031, 44.485892145956505], [11.346416989334339, 44.48616200133375], [11.346793952322221, 44.48615425229813], [11.34675065131647, 44.48507483098987], [11.345996739068676, 44.485090327238], [11.34602920418572, 44.48589989367657]]]}}, {"type": "Feature", "properties": {"threshold": "ge_4", "source": "HistorySUHI", "period": "2013-2025", "hotspot_percentile": "top_10_pct", "label": ">= 4 estati"}, "geometry": {"type": "Polygon", "coordinates": [[[11.347526220096542, 44.48559904016343], [11.347149260882095, 44.48560679154013], [11.34716008794436, 44.48587664678722], [11.347537048893773, 44.48586889533799], [11.347526220096542, 44.48559904016343]]]}}, {"type": "Feature", "properties": {"threshold": "ge_4", "source": "HistorySUHI", "period": "2013-2025", "hotspot_percentile": "top_10_pct", "label": ">= 4 estati"}, "geometry": {"type": "Polygon", "coordinates": [[[11.339642422299532, 44.486571128074324], [11.341527258035883, 44.48653248198102], [11.341505655506763, 44.48599276935813], [11.340751728606403, 44.48600823123537], [11.340740931038939, 44.48573837475692], [11.34036396909675, 44.48574610375859], [11.340353173415608, 44.48547624719293], [11.3399762130571, 44.48548397487921], [11.339987007003252, 44.485753831517194], [11.339610044758468, 44.48576155803273], [11.339642422299532, 44.486571128074324]]]}}, {"type": "Feature", "properties": {"threshold": "ge_4", "source": "HistorySUHI", "period": "2013-2025", "hotspot_percentile": "top_10_pct", "label": ">= 4 estati"}, "geometry": {"type": "Polygon", "coordinates": [[[11.371651293076477, 44.48510036658284], [11.37089739401887, 44.485116027197435], [11.370919266892212, 44.485655728491594], [11.371673172889071, 44.485640067583894], [11.371651293076477, 44.48510036658284]]]}}, {"type": "Feature", "properties": {"threshold": "ge_4", "source": "HistorySUHI", "period": "2013-2025", "hotspot_percentile": "top_10_pct", "label": ">= 4 estati"}, "geometry": {"type": "Polygon", "coordinates": [[[11.341182690915108, 44.487349782725694], [11.340805718713838, 44.487357513404476], [11.340827315816245, 44.48789722616799], [11.341581267008074, 44.48788176327786], [11.341570464910838, 44.487611907048255], [11.34119349112579, 44.487619639042535], [11.341182690915108, 44.487349782725694]]]}}, {"type": "Feature", "properties": {"threshold": "ge_4", "source": "HistorySUHI", "period": "2013-2025", "hotspot_percentile": "top_10_pct", "label": ">= 4 estati"}, "geometry": {"type": "Polygon", "coordinates": [[[11.3430999767641, 44.488120678504906], [11.342723000114447, 44.48812841561658], [11.342733807720153, 44.488398271599294], [11.343110786105019, 44.48839053441522], [11.3430999767641, 44.488120678504906]]]}}, {"type": "Feature", "properties": {"threshold": "ge_4", "source": "HistorySUHI", "period": "2013-2025", "hotspot_percentile": "top_10_pct", "label": ">= 4 estati"}, "geometry": {"type": "Polygon", "coordinates": [[[11.3525351964241, 44.48819670078461], [11.352158221834166, 44.48820446904768], [11.352179924261023, 44.488744177341225], [11.352933880229516, 44.48872863928113], [11.352901316406328, 44.48791907725467], [11.352524343703656, 44.48792684668818], [11.3525351964241, 44.48819670078461]]]}}, {"type": "Feature", "properties": {"threshold": "ge_4", "source": "HistorySUHI", "period": "2013-2025", "hotspot_percentile": "top_10_pct", "label": ">= 4 estati"}, "geometry": {"type": "Polygon", "coordinates": [[[11.344618698129183, 44.48835957324716], [11.343110786105019, 44.48839053441522], [11.343143215036823, 44.48920010205682], [11.342766231446168, 44.489207839458125], [11.342777039657815, 44.489477695381304], [11.343154024983782, 44.4894699579076], [11.34316483508226, 44.489739813743505], [11.343918808750283, 44.48972433492158], [11.343907995181143, 44.48945447923054], [11.344284980052489, 44.489446738027176], [11.34427416489961, 44.48917688239368], [11.344651147884065, 44.48916914001956], [11.344640331147497, 44.48889928444365], [11.345017312245066, 44.48889154089878], [11.345006493924856, 44.48862168538044], [11.344629514562538, 44.488629428852846], [11.344618698129183, 44.48835957324716]]]}}, {"type": "Feature", "properties": {"threshold": "ge_4", "source": "HistorySUHI", "period": "2013-2025", "hotspot_percentile": "top_10_pct", "label": ">= 4 estati"}, "geometry": {"type": "Polygon", "coordinates": [[[11.362401872508133, 44.48961340250616], [11.361647910279157, 44.48962900330764], [11.361669701296254, 44.49016870778045], [11.36091573151535, 44.4901843039011], [11.36090483940101, 44.48991445152621], [11.360150872480014, 44.489930042528144], [11.360139983988871, 44.489660189992435], [11.359763002034704, 44.48966798355568], [11.359773888790581, 44.489937836164316], [11.359396904948555, 44.489945628557294], [11.359418675447472, 44.490485333875675], [11.359795662760112, 44.490477541336865], [11.359806549973772, 44.49074739390077], [11.361314504639472, 44.49071621102151], [11.361303610484462, 44.49044635874941], [11.362811555765706, 44.49041515627049], [11.362800654822182, 44.49014530427546], [11.363177639025277, 44.49013750062072], [11.363155834126072, 44.48959779673195], [11.362778853393495, 44.489605600240644], [11.362767952908328, 44.489335748200865], [11.362390973758192, 44.489343550393365], [11.362401872508133, 44.48961340250616]]]}}, {"type": "Feature", "properties": {"threshold": "ge_4", "source": "HistorySUHI", "period": "2013-2025", "hotspot_percentile": "top_10_pct", "label": ">= 4 estati"}, "geometry": {"type": "Polygon", "coordinates": [[[11.365106204086768, 44.4911778698364], [11.365860184388046, 44.491162245780586], [11.365816524166837, 44.490082840228126], [11.364685574309295, 44.49010627356982], [11.364674664842225, 44.48983642192512], [11.364297682985788, 44.48984423047957], [11.364330406639873, 44.490653785588144], [11.364707393702167, 44.49064597681447], [11.364718303627974, 44.490915828414416], [11.365095292272686, 44.49090801832445], [11.365106204086768, 44.4911778698364]]]}}, {"type": "Feature", "properties": {"threshold": "ge_4", "source": "HistorySUHI", "period": "2013-2025", "hotspot_percentile": "top_10_pct", "label": ">= 4 estati"}, "geometry": {"type": "Polygon", "coordinates": [[[11.370504360651543, 44.494036751391675], [11.370526236701615, 44.494576451993446], [11.370149225903615, 44.49458428051397], [11.370171099095614, 44.495123981202525], [11.370548113364956, 44.49511615253549], [11.37055905192661, 44.4953860027841], [11.370936067778333, 44.495378172800386], [11.370947008229043, 44.4956480229608], [11.372078060071184, 44.49562452532937], [11.37205616890884, 44.495084825433366], [11.372433182411319, 44.495076990549364], [11.372367502192636, 44.493457890942835], [11.371236492465984, 44.493481390545206], [11.371247433578853, 44.49375124073688], [11.370870428294333, 44.4937590715243], [11.370881367824982, 44.49402892177431], [11.370504360651543, 44.494036751391675]]]}}, {"type": "Feature", "properties": {"threshold": "ge_4", "source": "HistorySUHI", "period": "2013-2025", "hotspot_percentile": "top_10_pct", "label": ">= 4 estati"}, "geometry": {"type": "Polygon", "coordinates": [[[11.36078926724879, 44.496398702281134], [11.360412242058313, 44.49640649891134], [11.360423134365641, 44.49667635107422], [11.360800161291989, 44.49666855437106], [11.36078926724879, 44.496398702281134]]]}}, {"type": "Feature", "properties": {"threshold": "ge_4", "source": "HistorySUHI", "period": "2013-2025", "hotspot_percentile": "top_10_pct", "label": ">= 4 estati"}, "geometry": {"type": "Polygon", "coordinates": [[[11.371122076298178, 44.49996562349672], [11.369990939750808, 44.49998911345416], [11.370001877600437, 44.50025896358054], [11.369624830041824, 44.50026679115241], [11.369635766308601, 44.500536641337106], [11.370012815603392, 44.50052881369201], [11.370023753759671, 44.50079866378852], [11.371154905932563, 44.500775173171625], [11.371122076298178, 44.49996562349672]]]}}, {"type": "Feature", "properties": {"threshold": "ge_4", "source": "HistorySUHI", "period": "2013-2025", "hotspot_percentile": "top_10_pct", "label": ">= 4 estati"}, "geometry": {"type": "Polygon", "coordinates": [[[11.365662909466895, 44.50494027715864], [11.365285830551484, 44.50494809104995], [11.36527491267051, 44.50467824022593], [11.364897835338642, 44.50468605280029], [11.364854172291366, 44.50360664906257], [11.364477101752628, 44.50361446010074], [11.364466188109832, 44.50334460905591], [11.36371205004637, 44.50336022725476], [11.363722960216203, 44.50363007844575], [11.363345889218564, 44.50363788575258], [11.363389524481159, 44.50471729065955], [11.363766602424985, 44.50470948306047], [11.363799335687567, 44.505519036364866], [11.364176418688324, 44.50551122730274], [11.364198245101559, 44.50605092928492], [11.364575331422706, 44.50604311883275], [11.36458624659553, 44.50631296972836], [11.364963334500384, 44.50630515795923], [11.364985168778603, 44.50684485955951], [11.365739351076172, 44.50682923199708], [11.365728430387012, 44.50655938135065], [11.366859697474816, 44.50653593089713], [11.366848771728543, 44.50626608045521], [11.367225858714784, 44.50625826122275], [11.367193077184886, 44.50544871002696], [11.36681599540869, 44.50545652903992], [11.366805070275053, 44.505186678538294], [11.365673829237538, 44.505210127894614], [11.365662909466895, 44.50494027715864]]]}}, {"type": "Feature", "properties": {"threshold": "ge_4", "source": "HistorySUHI", "period": "2013-2025", "hotspot_percentile": "top_10_pct", "label": ">= 4 estati"}, "geometry": {"type": "Polygon", "coordinates": [[[11.357142387202162, 44.50889761441774], [11.35676528045698, 44.5089054007206], [11.35678704106206, 44.5094451052636], [11.357541261347988, 44.50942953112238], [11.357530377495097, 44.50915967900408], [11.357153269165455, 44.509167466623836], [11.357142387202162, 44.50889761441774]]]}}, {"type": "Feature", "properties": {"threshold": "ge_4", "source": "HistorySUHI", "period": "2013-2025", "hotspot_percentile": "top_10_pct", "label": ">= 4 estati"}, "geometry": {"type": "Polygon", "coordinates": [[[11.357229447180249, 44.51105643164903], [11.357207681270326, 44.51051672743066], [11.357584798285414, 44.510508939446524], [11.35757391382217, 44.51023908738786], [11.355688335906994, 44.51027801450333], [11.355677460281935, 44.510008162065475], [11.354923231522655, 44.510023724057426], [11.354912359524269, 44.50975387145904], [11.353403907125317, 44.5097849802229], [11.353414772175261, 44.5100548331124], [11.352660541587536, 44.5100703801754], [11.352671403315519, 44.51034023319547], [11.352294286056086, 44.510348004933554], [11.352305146199171, 44.510617858011436], [11.35004242902307, 44.510664462749986], [11.350053278895187, 44.51093431624911], [11.349676157096102, 44.51094207942377], [11.349708702413343, 44.51175164004968], [11.34933157525038, 44.511759402198116], [11.349342422256333, 44.512029255782934], [11.349719551156609, 44.51202149356187], [11.349741249099434, 44.51256120054153], [11.350495513393055, 44.51254567207624], [11.350528071872503, 44.5133552319981], [11.349773797154445, 44.513370760899335], [11.349806346578443, 44.514180321123064], [11.350560631721377, 44.51416479178587], [11.350571485308663, 44.51443464501866], [11.351325773317976, 44.51441911055903], [11.351336630532526, 44.514688963631556], [11.352468066617424, 44.51466565239189], [11.35247892919689, 44.514935505231385], [11.352856075991529, 44.51492773225685], [11.352845211674504, 44.514657879490095], [11.353222356579268, 44.514650105344025], [11.353233222633847, 44.51491995803803], [11.354364661646642, 44.51489662791578], [11.354375533066294, 44.51516648037656], [11.354752680836663, 44.51515870110779], [11.354741807679439, 44.514888848719785], [11.355118953559796, 44.51488106827951], [11.355108078817468, 44.514611215949415], [11.355485222807815, 44.51460343433766], [11.355474346480435, 44.51433358206548], [11.35585148858078, 44.514325799282275], [11.355829732908512, 44.51378609483887], [11.3562068713814, 44.51377831095709], [11.356195992036586, 44.51350845878588], [11.356573128619505, 44.51350067373271], [11.356562247689805, 44.513230821619416], [11.357316516923156, 44.51321524792616], [11.357305632671233, 44.512945395943696], [11.357682765321647, 44.512937607303634], [11.35769365131095, 44.51320745921321], [11.358447919628652, 44.51319187805469], [11.358437030164596, 44.512922026290916], [11.358814162357083, 44.512914233918266], [11.358781489668937, 44.51210467875624], [11.35840436268842, 44.51211247091015], [11.358415251694485, 44.51238232271864], [11.356529605815973, 44.51242126519012], [11.356496965315, 44.511611708626646], [11.357251213700472, 44.511596135807764], [11.357240330364073, 44.511326283735855], [11.357617452590715, 44.51131849553308], [11.357606567669682, 44.511048643519146], [11.357229447180249, 44.51105643164903]]]}}, {"type": "Feature", "properties": {"threshold": "ge_4", "source": "HistorySUHI", "period": "2013-2025", "hotspot_percentile": "top_10_pct", "label": ">= 4 estati"}, "geometry": {"type": "Polygon", "coordinates": [[[11.3581796712088, 44.51589818680275], [11.358190560614714, 44.516168038475406], [11.357813407266782, 44.516175829234456], [11.357835183061269, 44.516715532680855], [11.357458026085322, 44.516723322341356], [11.357468912473824, 44.51699317411509], [11.356714594588617, 44.51700874984876], [11.356758127766692, 44.51808815737759], [11.356003795368828, 44.518103728716596], [11.355992915321078, 44.517833876711045], [11.355615750631147, 44.517841660441086], [11.355626628941067, 44.518111512519475], [11.355249462360781, 44.51811929507791], [11.355260339085365, 44.51838914721423], [11.355637507403506, 44.51838136458296], [11.355648386018471, 44.51865121663154], [11.356025555921967, 44.51864343268299], [11.356014675569124, 44.51837358070725], [11.35676901144269, 44.518358009222524], [11.356779895271282, 44.51862786105255], [11.357157064717056, 44.51862007337066], [11.357146179150591, 44.51835022161352], [11.357900514108502, 44.51833464266219], [11.357922292345577, 44.518874345870024], [11.357545121467187, 44.51888213611369], [11.357556009076818, 44.51915198776814], [11.356801663386271, 44.519167564667875], [11.356834316703294, 44.51997711997904], [11.356457138415186, 44.5199849067808], [11.356446255561567, 44.51971505495246], [11.356069078858871, 44.51972284043687], [11.356036436427361, 44.518913284643816], [11.355659264785961, 44.518921068665215], [11.35567014370598, 44.519190920683975], [11.354915796489754, 44.519206485139016], [11.354926672086394, 44.519476337288516], [11.355303847508715, 44.51946855561042], [11.355325602635439, 44.52000825971908], [11.35494842373713, 44.52001604154281], [11.354991928868508, 44.52109544987255], [11.35348318394143, 44.52112656588708], [11.353494053652984, 44.52139641822341], [11.353116865302004, 44.52140419418841], [11.353127733427801, 44.52167404658262], [11.352750543186271, 44.521681821375786], [11.352794010260412, 44.522761231094606], [11.353171207454855, 44.52275345601041], [11.353192945382741, 44.5232931606349], [11.353570145901385, 44.52328538416053], [11.353602759151299, 44.52409494076717], [11.35397996473259, 44.5240871628298], [11.354001711138189, 44.524626867014135], [11.354378920043853, 44.52461908768649], [11.354389795213796, 44.52488893968352], [11.35476700570542, 44.524881159038344], [11.35475612879703, 44.52461130711413], [11.356642170274778, 44.52457238558174], [11.356631284826813, 44.52430253400685], [11.357385696872845, 44.52428695682674], [11.357374808100742, 44.52401710538269], [11.356997603892435, 44.52402489452219], [11.356986717011365, 44.52375504299036], [11.357363919481314, 44.52374725392374], [11.357342142700475, 44.52320755096109], [11.360736926767274, 44.523137394664744], [11.360704215808331, 44.522327842078404], [11.361458600157095, 44.522312238537424], [11.361436786662843, 44.52177253703065], [11.361813975131506, 44.521764733539314], [11.361792158772701, 44.5212250321189], [11.361414973780276, 44.52123283546419], [11.361382255603298, 44.52042328300266], [11.361759435381545, 44.52041547987641], [11.361748527890363, 44.520145629099076], [11.362125705777672, 44.520137824801374], [11.362114796701436, 44.519867974082146], [11.362491972697807, 44.51986016861298], [11.362470151528305, 44.51932046727587], [11.362847323895815, 44.519312660708316], [11.362770942456194, 44.51742370606983], [11.363148102505901, 44.517415898769244], [11.363126277138834, 44.51687619745581], [11.363503433560101, 44.516868389056974], [11.363492519368384, 44.51659853845094], [11.363869673898952, 44.51659072888085], [11.363858758122598, 44.51632087833299], [11.364990215582994, 44.516297442376], [11.364979294746805, 44.51602759203251], [11.366487895599837, 44.51599632696193], [11.366476967966392, 44.515726476896084], [11.367231263998592, 44.51571083704131], [11.367187541096655, 44.51463143721406], [11.367941822615695, 44.51461579296771], [11.367930888798412, 44.51434594311996], [11.369062304714868, 44.514322467638316], [11.369073243744502, 44.51459231726638], [11.369450383814074, 44.51458448954412], [11.369472265808406, 44.51512418860898], [11.36984940919955, 44.51511635949596], [11.369860352164318, 44.51538620893271], [11.370237497139556, 44.51537837850218], [11.370248441995287, 44.515648227850726], [11.37062558855461, 44.51564039610264], [11.370658429255254, 44.516449943838836], [11.371035580873848, 44.516442110626556], [11.37104652981865, 44.5167119597688], [11.37255514170823, 44.51668061418329], [11.372566097757128, 44.516950463017274], [11.372943252083212, 44.516942623436734], [11.372965168117187, 44.51748232091317], [11.373342325764991, 44.51747447994156], [11.373353285750142, 44.517744328584], [11.373730444981991, 44.51773648629465], [11.37374140685854, 44.51800633484877], [11.373364245888958, 44.51801417721149], [11.373397127227411, 44.51882372300436], [11.37377429341034, 44.51881588042147], [11.373752368888779, 44.518276183387954], [11.374883856088543, 44.51825264861331], [11.374839988037134, 44.51717325524787], [11.375217143178716, 44.51716540812796], [11.37520617481261, 44.516895559822686], [11.37482902140868, 44.51690340686917], [11.374818054933975, 44.51663355847551], [11.375195206600281, 44.516625711502456], [11.375173270636946, 44.51608601481718], [11.374418974100942, 44.516101707225296], [11.374386081734379, 44.5152921616448], [11.374008938448384, 44.51530000576223], [11.373987014447522, 44.51476030848708], [11.373609874482787, 44.51476815121346], [11.373566035274854, 44.51368875619033], [11.374320301151434, 44.51367307008047], [11.3743093382589, 44.51340322143413], [11.374686469229319, 44.51339537658634], [11.374653576262011, 44.5125858307779], [11.374276450503455, 44.51259367540546], [11.374265488225683, 44.512323826699365], [11.373888364050682, 44.5123316700094], [11.373855483351042, 44.51152212358128], [11.373478364233964, 44.51152996542704], [11.373467406045208, 44.51126011651441], [11.372713170824497, 44.51127579632692], [11.372702216263619, 44.51100594725263], [11.371193750928008, 44.511037291655335], [11.371182803469141, 44.510767442272794], [11.370805688488602, 44.51077527518998], [11.37074001738047, 44.50915617814138], [11.371494226343712, 44.509140511942554], [11.371472330254106, 44.50860081310008], [11.371849431031656, 44.50859297828131], [11.371838481480179, 44.50832312891099], [11.372969777681057, 44.50829961721087], [11.37294786861749, 44.50775991886546], [11.373702058369545, 44.5077442384724], [11.373669185505241, 44.506934691282424], [11.374046274940516, 44.50692684944015], [11.374024356992251, 44.506387151385574], [11.373647271030416, 44.50639499308109], [11.37363631402341, 44.50612514395801], [11.373259229644653, 44.50613298433629], [11.373237319564735, 44.5055932858986], [11.372860238505707, 44.505601124886304], [11.372849285432721, 44.505331275571706], [11.372472205956763, 44.50533911324223], [11.372450303744582, 44.50479941442152], [11.372073227588272, 44.50480725070155], [11.372062278449002, 44.50453740119547], [11.371685203875755, 44.504545236158386], [11.371696151278474, 44.50481508573778], [11.371319074815212, 44.50482291953021], [11.371308129149043, 44.504553069877495], [11.370931054268892, 44.504560902352814], [11.370887280084558, 44.50348150329948], [11.37051021199698, 44.50348933423788], [11.37049927057085, 44.50321948436394], [11.368236869243939, 44.50326644343599], [11.3682478002514, 44.50353629374938], [11.367870731090674, 44.503544115981455], [11.367914449706813, 44.50462351737848], [11.368291525813598, 44.504615694853584], [11.368302457587253, 44.50488554509232], [11.36905661281421, 44.50486989616469], [11.369067548214305, 44.50513974624206], [11.369444627334445, 44.50513191983928], [11.369455564624456, 44.50540176982849], [11.369832645327888, 44.505393942108626], [11.369854523841184, 44.50593364189574], [11.369477439664452, 44.50594146976209], [11.369488377414445, 44.5062113197065], [11.369111291347693, 44.50621914640223], [11.369122227514303, 44.50648899640496], [11.368745139557525, 44.50649682193005], [11.368756074140709, 44.506766671991066], [11.368001894293826, 44.506782319456], [11.368012825556757, 44.50705216964851], [11.367635733666672, 44.50705999158832], [11.367679453303532, 44.50813939250188], [11.366925255169022, 44.50815503323518], [11.36693618198751, 44.50842488357263], [11.36618197976647, 44.50844051947638], [11.36617105642179, 44.50817066899262], [11.365416857062026, 44.5081862997742], [11.365427776932888, 44.508456150404214], [11.364673573486963, 44.508471776356124], [11.364684490037035, 44.50874162711745], [11.363930282505068, 44.5087572482396], [11.363941195734245, 44.50902709913216], [11.363564090001793, 44.50903490790031], [11.363575001646968, 44.50930475885105], [11.363197894024546, 44.50931256644824], [11.363208804085673, 44.50958241745712], [11.362077475089725, 44.509605833003654], [11.362088380092645, 44.50987568421673], [11.360957044509616, 44.5098990887859], [11.360967944454163, 44.51016894020307], [11.360213716493883, 44.51018453717487], [11.360224613117012, 44.51045438872307], [11.36060172891066, 44.510446590786245], [11.36066712228079, 44.512065699324424], [11.361421374256071, 44.512050098842636], [11.361432277160455, 44.512319950067464], [11.361809404656109, 44.51231214788734], [11.361831214398078, 44.512851850146255], [11.362208345215477, 44.51284404657592], [11.362230159043714, 44.513383748629124], [11.361475890306584, 44.51339935481768], [11.361486793975274, 44.51366920596793], [11.361109657639995, 44.513677007268896], [11.361098755708708, 44.513407156045645], [11.360344486054458, 44.51342275476897], [11.360333587750777, 44.51315290338482], [11.359579320960128, 44.51316849698538], [11.359568426283964, 44.512898645440394], [11.358814162357083, 44.512914233918266], [11.358825053558512, 44.513184085609126], [11.359202187335677, 44.51317629191934], [11.359213080427192, 44.51344614352235], [11.358458809245375, 44.51346172980356], [11.35852415015191, 44.51508083998357], [11.358147003907074, 44.5150886316953], [11.358168781955559, 44.515628335115174], [11.357791632082893, 44.51563612572843], [11.357802519598517, 44.5159059774889], [11.3581796712088, 44.51589818680275]], [[11.359720965650709, 44.51667656571298], [11.359731862465493, 44.51694641704917], [11.359354704515352, 44.51695421300441], [11.359376495127773, 44.517493915777955], [11.358999333549384, 44.517501710634704], [11.358988439904554, 44.517231859182445], [11.358611279911194, 44.517239652721884], [11.358600388156832, 44.51696980118178], [11.358223229748502, 44.51697759340392], [11.358212339884563, 44.51670774177598], [11.358966653073088, 44.51669215623319], [11.358955759886447, 44.5164223047362], [11.359332914513947, 44.51641451017121], [11.359343809438274, 44.51668436159526], [11.359720965650709, 44.51667656571298]], [[11.370319141946304, 44.5080846107506], [11.370297257505523, 44.50754491134892], [11.370674351795977, 44.507537080555196], [11.370696239710439, 44.5080767798103], [11.370319141946304, 44.5080846107506]], [[11.370663408068877, 44.50726723090522], [11.371040500469112, 44.50725939894086], [11.371051445933015, 44.50752924851753], [11.370674351795977, 44.507537080555196], [11.370663408068877, 44.50726723090522]], [[11.371384752034585, 44.50644201713284], [11.37137380544773, 44.50617216756974], [11.37175089059412, 44.50616433341077], [11.37177278739471, 44.506704032375445], [11.371395698774899, 44.50671186668102], [11.37140664566867, 44.506981716214256], [11.37102955515865, 44.50698954934926], [11.37100766499804, 44.50644985012124], [11.371384752034585, 44.50644201713284]]]}}, {"type": "Feature", "properties": {"threshold": "ge_4", "source": "HistorySUHI", "period": "2013-2025", "hotspot_percentile": "top_10_pct", "label": ">= 4 estati"}, "geometry": {"type": "Polygon", "coordinates": [[[11.348859301697107, 44.518791114903365], [11.34848212889977, 44.51879887520716], [11.348492974646604, 44.519068728622585], [11.348870149181892, 44.51906096824617], [11.348859301697107, 44.518791114903365]]]}}, {"type": "Feature", "properties": {"threshold": "ge_4", "source": "HistorySUHI", "period": "2013-2025", "hotspot_percentile": "top_10_pct", "label": ">= 4 estati"}, "geometry": {"type": "Polygon", "coordinates": [[[11.351898401527487, 44.51926869318009], [11.352275576431035, 44.51926092153064], [11.352297303445079, 44.51980062683355], [11.353051659747159, 44.519785079510235], [11.353040792687981, 44.51951522701171], [11.353417968872488, 44.519507451556045], [11.353407100227704, 44.51923759911539], [11.354915796489754, 44.519206485139016], [11.354872295628002, 44.518127076391934], [11.352232124230676, 44.51818151074599], [11.352242987052307, 44.51845136346451], [11.351865817362548, 44.51845913489579], [11.351898401527487, 44.51926869318009]]]}}, {"type": "Feature", "properties": {"threshold": "ge_4", "source": "HistorySUHI", "period": "2013-2025", "hotspot_percentile": "top_10_pct", "label": ">= 4 estati"}, "geometry": {"type": "Polygon", "coordinates": [[[11.37530489564386, 44.51932419403231], [11.37568206453371, 44.51931634508051], [11.375693036021795, 44.51958619317787], [11.376070206495685, 44.51957834290819], [11.376059233269736, 44.51930849488428], [11.376813570280214, 44.51929279075857], [11.376802593732446, 44.519022942866684], [11.376425427041978, 44.519030795478265], [11.376414452385914, 44.51876094749795], [11.375660122019015, 44.51877664884096], [11.37567109319945, 44.51904649696821], [11.37529392604744, 44.51905434584657], [11.37530489564386, 44.51932419403231]]]}}, {"type": "Feature", "properties": {"threshold": "ge_4", "source": "HistorySUHI", "period": "2013-2025", "hotspot_percentile": "top_10_pct", "label": ">= 4 estati"}, "geometry": {"type": "Polygon", "coordinates": [[[11.353095129507555, 44.5208644893553], [11.352717944480453, 44.52087226393021], [11.35268534714581, 44.52006270635051], [11.351930987063023, 44.52007825133028], [11.351898401527487, 44.51926869318009], [11.35152122647165, 44.51927646358505], [11.35151036666901, 44.5190066107658], [11.348870149181892, 44.51906096824617], [11.348891844607737, 44.519600674887094], [11.348514666596468, 44.51960843540875], [11.348579746095883, 44.5212275554098], [11.347070990816105, 44.52125858679355], [11.347049310946444, 44.52071887960535], [11.346672125222758, 44.520726634194695], [11.346661287254017, 44.5204567805057], [11.34590691882702, 44.52047228580561], [11.34591775331953, 44.5207421396397], [11.345163380808652, 44.52075764010645], [11.345174211976785, 44.5210274940707], [11.34479702375539, 44.52103524250973], [11.344807853337215, 44.52130509653161], [11.345185043296784, 44.52129734802007], [11.34519587476865, 44.521567201954554], [11.345573066314545, 44.5215594521259], [11.345594733190358, 44.522099159805165], [11.346349122779344, 44.5220836561239], [11.346359959921628, 44.52235350979611], [11.34673715622647, 44.522345756015994], [11.346747995258989, 44.52261560960076], [11.347502390889279, 44.52260009816147], [11.347491548380196, 44.52233024472186], [11.348245939925825, 44.5223147284492], [11.34822424841078, 44.5217750218157], [11.348601440479028, 44.521767261957656], [11.34859059321141, 44.52149740869116], [11.351230921261863, 44.52144305534475], [11.35122006197919, 44.521173202571994], [11.353105997328589, 44.52113434177931], [11.353095129507555, 44.5208644893553]]]}}, {"type": "Feature", "properties": {"threshold": "ge_4", "source": "HistorySUHI", "period": "2013-2025", "hotspot_percentile": "top_10_pct", "label": ">= 4 estati"}, "geometry": {"type": "Polygon", "coordinates": [[[11.343288269351637, 44.521066223820036], [11.342911080371275, 44.52107396603614], [11.342889439044589, 44.520534257223005], [11.341757881622211, 44.520557475969255], [11.341768696995267, 44.52082733060055], [11.342145884692547, 44.52081959219061], [11.342167519369962, 44.52135930126371], [11.343299091980745, 44.521336078131824], [11.343288269351637, 44.521066223820036]]]}}, {"type": "Feature", "properties": {"threshold": "ge_4", "source": "HistorySUHI", "period": "2013-2025", "hotspot_percentile": "top_10_pct", "label": ">= 4 estati"}, "geometry": {"type": "Polygon", "coordinates": [[[11.370177764891597, 44.523211836103336], [11.370554960265288, 44.52320400354756], [11.37053306211227, 44.52266430567177], [11.370910253856032, 44.522656472017985], [11.37088835284077, 44.52211677422906], [11.371265540954688, 44.522108939477334], [11.37124363707736, 44.52156924177531], [11.370866452439646, 44.521577076380396], [11.370855502469382, 44.52130722743367], [11.37047831941621, 44.52131506072092], [11.370467371337517, 44.52104521168595], [11.369713008246787, 44.52106087438033], [11.369691119501951, 44.520521175972476], [11.36931394120243, 44.52052900530637], [11.369324883760118, 44.52079885459103], [11.368570523224816, 44.520814509671816], [11.368581462459863, 44.52108435908804], [11.368204280224099, 44.521092184834906], [11.368215217874464, 44.521362034309426], [11.367460849466768, 44.521377682216034], [11.367471783794311, 44.521647531822055], [11.367094597622396, 44.52165535398175], [11.367105530365132, 44.52192520364603], [11.366728342301808, 44.52193302463435], [11.366750204770842, 44.52247272406453], [11.366373013077936, 44.522480543954636], [11.36641673290234, 44.523559942928586], [11.366039534103248, 44.52356776186677], [11.366061391458363, 44.52410746141052], [11.36643859373407, 44.52409964232599], [11.366471386131131, 44.524909191310144], [11.366848593468674, 44.52490137076141], [11.366859526312645, 44.52517122031978], [11.368368361083267, 44.52513992538517], [11.368346481641453, 44.52460022683922], [11.368723686473906, 44.5245924001403], [11.368701804168968, 44.52405270168112], [11.369079005371333, 44.52404487388404], [11.36906806271067, 44.52377502470529], [11.369445262021307, 44.523767195736816], [11.369434317775802, 44.52349734661641], [11.370188712460143, 44.52348168509212], [11.370177764891597, 44.523211836103336]]]}}, {"type": "Feature", "properties": {"threshold": "ge_4", "source": "HistorySUHI", "period": "2013-2025", "hotspot_percentile": "top_10_pct", "label": ">= 4 estati"}, "geometry": {"type": "Polygon", "coordinates": [[[11.347534919328696, 44.52340965839094], [11.347912122130786, 44.52340190058656], [11.347922966986367, 44.52367175389401], [11.34830017137477, 44.523663994772335], [11.34827847833895, 44.52312428828777], [11.347524076363523, 44.52313980499601], [11.347534919328696, 44.52340965839094]]]}}, {"type": "Feature", "properties": {"threshold": "ge_4", "source": "HistorySUHI", "period": "2013-2025", "hotspot_percentile": "top_10_pct", "label": ">= 4 estati"}, "geometry": {"type": "Polygon", "coordinates": [[[11.346769673779969, 44.52315531672561], [11.344883664661783, 44.523194074267884], [11.344926988759594, 44.52427348978964], [11.346813032645757, 44.524234730796614], [11.346769673779969, 44.52315531672561]]]}}, {"type": "Feature", "properties": {"threshold": "ge_4", "source": "HistorySUHI", "period": "2013-2025", "hotspot_percentile": "top_10_pct", "label": ">= 4 estati"}, "geometry": {"type": "Polygon", "coordinates": [[[11.363863687747205, 44.52577345068549], [11.363841849414733, 44.525233750443284], [11.363464639113282, 44.52524156110754], [11.363431887978061, 44.524432010413065], [11.362300271801084, 44.52445543427997], [11.362289360277257, 44.524185583799465], [11.361912156317278, 44.524193389192696], [11.361923066102731, 44.52446323974625], [11.360791448089941, 44.524486648676955], [11.360802352813161, 44.52475649943466], [11.361179560708761, 44.52474869762944], [11.361190467323313, 44.52501854829921], [11.360813257689285, 44.52502635017744], [11.36084597323509, 44.52583590231628], [11.361600402781079, 44.52582029687703], [11.361611311745886, 44.526090147414116], [11.362365744157072, 44.52607453684982], [11.36237665675193, 44.5263443872259], [11.361999438884288, 44.52635219320347], [11.362010349893595, 44.526622043637694], [11.361633130134393, 44.526629848443534], [11.361622220863657, 44.52635999793628], [11.360867784363519, 44.526375603667596], [11.360878690157108, 44.526645454320885], [11.360501469939072, 44.52665325539238], [11.360512374146982, 44.52692310610376], [11.360889596103616, 44.52691530495925], [11.360911408455406, 44.52745500619123], [11.362420308661541, 44.52742378858107], [11.362409395454607, 44.527153938264654], [11.362786618385, 44.527146130823155], [11.362797533330573, 44.5274159810665], [11.363929206419272, 44.52739255105396], [11.363896446394222, 44.52658300093686], [11.363519227400229, 44.526590811966585], [11.363486473968809, 44.52578126149592], [11.363863687747205, 44.52577345068549]]]}}, {"type": "Feature", "properties": {"threshold": "ge_4", "source": "HistorySUHI", "period": "2013-2025", "hotspot_percentile": "top_10_pct", "label": ">= 4 estati"}, "geometry": {"type": "Polygon", "coordinates": [[[11.350661114578404, 44.52604608842412], [11.350283895456588, 44.526053855667996], [11.350294752264555, 44.52632370839065], [11.350671973124967, 44.52631594107409], [11.350661114578404, 44.52604608842412]]]}}, {"type": "Feature", "properties": {"threshold": "ge_4", "source": "HistorySUHI", "period": "2013-2025", "hotspot_percentile": "top_10_pct", "label": ">= 4 estati"}, "geometry": {"type": "Polygon", "coordinates": [[[11.348840118850624, 44.527704030051886], [11.34997180888192, 44.527680738215594], [11.349950097373267, 44.52714103275902], [11.350327323601864, 44.52713326646923], [11.350316466337189, 44.52686341379126], [11.349939241847265, 44.526871180008385], [11.349906676182542, 44.5260616216671], [11.349152237177853, 44.52607714993094], [11.349163088770007, 44.526347002871574], [11.348785867300805, 44.52635476520896], [11.348840118850624, 44.527704030051886]]]}}, {"type": "Feature", "properties": {"threshold": "ge_4", "source": "HistorySUHI", "period": "2013-2025", "hotspot_percentile": "top_10_pct", "label": ">= 4 estati"}, "geometry": {"type": "Polygon", "coordinates": [[[11.367778007219371, 44.52920331472977], [11.367023537369215, 44.529218961903815], [11.36703447266624, 44.529488811223324], [11.367788945993993, 44.529473163902864], [11.367778007219371, 44.52920331472977]]]}}, {"type": "Feature", "properties": {"threshold": "ge_4", "source": "HistorySUHI", "period": "2013-2025", "hotspot_percentile": "top_10_pct", "label": ">= 4 estati"}, "geometry": {"type": "Polygon", "coordinates": [[[11.377629996222774, 44.53007883730978], [11.377252758415196, 44.53008669417954], [11.377241775709468, 44.52981684688545], [11.376864539486695, 44.52982470243683], [11.376886501574518, 44.530364397157065], [11.377263741274927, 44.53035654145869], [11.377274724288663, 44.53062638872288], [11.37765196557392, 44.530618531706075], [11.377629996222774, 44.53007883730978]]]}}, {"type": "Feature", "properties": {"threshold": "ge_4", "source": "HistorySUHI", "period": "2013-2025", "hotspot_percentile": "top_10_pct", "label": ">= 4 estati"}, "geometry": {"type": "Polygon", "coordinates": [[[11.374989328336534, 44.53013380925548], [11.37461208945145, 44.530141657411015], [11.37465597312592, 44.531221048495226], [11.376164955565077, 44.53118964722839], [11.376142999508943, 44.53064995230383], [11.37652024125615, 44.53064209902176], [11.376487303109947, 44.529832556743315], [11.376110066579246, 44.52984040980493], [11.376121044068547, 44.53011025731951], [11.375366567067761, 44.53012595985504], [11.375377541233313, 44.53039580750162], [11.375000300763242, 44.5304036569755], [11.374989328336534, 44.53013380925548]]]}}, {"type": "Feature", "properties": {"threshold": "ge_4", "source": "HistorySUHI", "period": "2013-2025", "hotspot_percentile": "top_10_pct", "label": ">= 4 estati"}, "geometry": {"type": "Polygon", "coordinates": [[[11.364858453432076, 44.531694520838094], [11.365235705003707, 44.531686704684546], [11.365224777174923, 44.531416855118586], [11.365979276380434, 44.53140121922286], [11.365968345226918, 44.53113136978827], [11.365591097439776, 44.531139188285465], [11.365569239070476, 44.53059948922521], [11.365191994607972, 44.53060730633115], [11.36520292197706, 44.53087715594187], [11.36482567562239, 44.530884971876006], [11.364858453432076, 44.531694520838094]]]}}, {"type": "Feature", "properties": {"threshold": "ge_4", "source": "HistorySUHI", "period": "2013-2025", "hotspot_percentile": "top_10_pct", "label": ">= 4 estati"}, "geometry": {"type": "Polygon", "coordinates": [[[11.364470277356476, 44.53143248603443], [11.364459353158905, 44.531162636307265], [11.364082104758882, 44.531170449824614], [11.36409302721746, 44.53144029962488], [11.364470277356476, 44.53143248603443]]]}}, {"type": "Feature", "properties": {"threshold": "ge_4", "source": "HistorySUHI", "period": "2013-2025", "hotspot_percentile": "top_10_pct", "label": ">= 4 estati"}, "geometry": {"type": "Polygon", "coordinates": [[[11.371670873500392, 44.53209333618929], [11.372425377921994, 44.53207765752473], [11.372370573574472, 44.530728416654206], [11.371238842796037, 44.53075193168335], [11.3712497981414, 44.53102178010737], [11.3708725525024, 44.53102961603388], [11.37088350626244, 44.531299464516295], [11.371260753640387, 44.53129162851645], [11.37128266509923, 44.53183132528982], [11.37165991580151, 44.53182348789836], [11.371670873500392, 44.53209333618929]]]}}, {"type": "Feature", "properties": {"threshold": "ge_4", "source": "HistorySUHI", "period": "2013-2025", "hotspot_percentile": "top_10_pct", "label": ">= 4 estati"}, "geometry": {"type": "Polygon", "coordinates": [[[11.366755644695749, 44.53192527687888], [11.366378391998186, 44.531933098085545], [11.36640025885635, 44.532472796703864], [11.366777515032034, 44.53246497535082], [11.366799385981688, 44.533004673763045], [11.367176645482246, 44.53299685101859], [11.367187582926237, 44.53326670012912], [11.368696626351058, 44.533235396407974], [11.368685681950515, 44.532965547590386], [11.36906294068397, 44.53295771862074], [11.368997267069197, 44.53133862584114], [11.367865521711325, 44.53136210769652], [11.367854581862941, 44.53109225862793], [11.367100087668568, 44.53110790682693], [11.367111024039012, 44.53137775604196], [11.36673377497281, 44.53138557834722], [11.366755644695749, 44.53192527687888]]]}}, {"type": "Feature", "properties": {"threshold": "ge_4", "source": "HistorySUHI", "period": "2013-2025", "hotspot_percentile": "top_10_pct", "label": ">= 4 estati"}, "geometry": {"type": "Polygon", "coordinates": [[[11.360675955614854, 44.53097086498429], [11.359921459078894, 44.53098646572854], [11.35989965318435, 44.53044676444642], [11.35952240816495, 44.53045456280515], [11.359533309296829, 44.53072441352664], [11.35764707321264, 44.53076338701071], [11.35763618077555, 44.53049353592451], [11.357258934839361, 44.53050132681353], [11.35721537357398, 44.52942192202805], [11.35759261255455, 44.52941413143065], [11.357581720881125, 44.5291442802699], [11.354941056983193, 44.529198787798514], [11.35491929843793, 44.52865908441218], [11.354542063605466, 44.528666866076726], [11.354520309147953, 44.528127162485134], [11.353765845980599, 44.52814272178837], [11.353776719655556, 44.528412573737235], [11.351890550375465, 44.528451450574], [11.351912280794659, 44.52899115515459], [11.351535043003844, 44.52899892693276], [11.351545906703114, 44.52926877927341], [11.351168667021106, 44.529276549879384], [11.351201253816214, 44.530086107030115], [11.350824008765155, 44.53009387660927], [11.350900037778443, 44.53198284328181], [11.351277295002744, 44.5319750731937], [11.351288158638715, 44.53224492544318], [11.351665417449805, 44.532237154037304], [11.351687148657106, 44.53277685834613], [11.352064410794158, 44.532769085549745], [11.352086146089354, 44.53330878965348], [11.352463411552431, 44.53330101546654], [11.352474281167872, 44.53357086742332], [11.35285154821777, 44.533563091918516], [11.352873291384487, 44.53410279564183], [11.354005102055027, 44.534079461220145], [11.354015979085, 44.53434931284108], [11.354393250742797, 44.53434153213747], [11.35440412966463, 44.53461138367071], [11.354781402909198, 44.534603601649145], [11.354803164689265, 44.535143304525256], [11.353671334061715, 44.535166647291376], [11.35368220996242, 44.53543649892551], [11.3533049310421, 44.535444277429995], [11.353315805355889, 44.53571412912201], [11.352938524543644, 44.5357219064541], [11.352960270149763, 44.53626160993897], [11.353337554440952, 44.53625383246132], [11.353348429212232, 44.53652368410862], [11.353725715090427, 44.53651590531297], [11.353747468569582, 44.537055608417276], [11.354124757774327, 44.53704782823078], [11.35413563648228, 44.53731767968778], [11.35451292727404, 44.537309898183224], [11.354523807874148, 44.53757974955249], [11.354901100252922, 44.53757196672986], [11.3549337481877, 44.53838152052975], [11.355311045632785, 44.53837373624333], [11.355321930322633, 44.53864358740729], [11.355699229354768, 44.53863580180272], [11.35568834292523, 44.538365950711594], [11.3564429370521, 44.538350375912245], [11.356432047295911, 44.538080524951965], [11.35605475204848, 44.53808831290141], [11.356022088915015, 44.537278759712464], [11.355644798733733, 44.537286546198054], [11.355623027553932, 44.53674684385181], [11.355245740699097, 44.53675462894643], [11.35522397360891, 44.53621492639488], [11.354846690080464, 44.53622271009859], [11.354835808503775, 44.53595285872762], [11.35521309029275, 44.53594507509674], [11.355191324118284, 44.535405372455735], [11.355945880280633, 44.53538980174981], [11.355956766770394, 44.535659652932054], [11.356334046361999, 44.53565186563846], [11.356344934743863, 44.53592171673294], [11.357854058540878, 44.53589055481517], [11.357886745476407, 44.536700107134315], [11.357509459537845, 44.536707899700296], [11.357542142629894, 44.53751745210399], [11.357919433787107, 44.53750965931924], [11.35794122675826, 44.538049360701315], [11.358318521241882, 44.53804156652545], [11.358351217063703, 44.53885111826789], [11.35872851661349, 44.538843322627905], [11.358739417266161, 44.539113173105946], [11.359494019386535, 44.53909757794411], [11.359450403775647, 44.53801817652617], [11.359827697647786, 44.5380103773692], [11.35981679238773, 44.5377405270504], [11.360571376193974, 44.537724925146634], [11.360560467607684, 44.537455074958906], [11.360183177520618, 44.53746287646043], [11.360172270826858, 44.53719302618481], [11.360549559174368, 44.5371852247563], [11.360527742766653, 44.53664552430629], [11.360150457898182, 44.5366533255888], [11.36013955166326, 44.53638347526842], [11.35938498494649, 44.536399073951834], [11.359374082343432, 44.53612922347057], [11.358619518494029, 44.53614481702724], [11.358608619522748, 44.53587496638515], [11.358231339108222, 44.53588276122275], [11.358209545102996, 44.53534305974795], [11.358586822038701, 44.53533526505623], [11.358575923525928, 44.535065414369406], [11.360462297214644, 44.53502642259827], [11.36047320442425, 44.535296272920235], [11.360850480442595, 44.535288470757564], [11.360861389544537, 44.53555832099159], [11.361238667149284, 44.53555051751074], [11.361271400591303, 44.53636006790429], [11.361648683261322, 44.53635226295918], [11.361659596454158, 44.53662211298748], [11.361282312044667, 44.53662991800563], [11.361293223651046, 44.536899768092056], [11.36167050980004, 44.53689196300087], [11.361692336950929, 44.53743166298289], [11.362069626425948, 44.53742385650039], [11.362080541970535, 44.53769370639597], [11.362457833032048, 44.53768589859517], [11.362468750469302, 44.537955748402766], [11.363977920142455, 44.537924504454686], [11.363934223479246, 44.5368451063042], [11.364311508556428, 44.5368372924965], [11.364300583034124, 44.53656744299469], [11.364677866218612, 44.536559628014906], [11.364666939110064, 44.5362897785713], [11.365044220401865, 44.536281962419466], [11.365055149249866, 44.536551811789934], [11.365809714852569, 44.53653617560439], [11.365820647332773, 44.536806024813615], [11.366197931643644, 44.53679820477987], [11.366208866016649, 44.537068053901], [11.366963437657338, 44.53705240995152], [11.366974375662709, 44.537322258911324], [11.367351662992494, 44.53731443499556], [11.367395423506178, 44.53839383039266], [11.367018129218112, 44.53840165460127], [11.367029067990455, 44.53867150348644], [11.366651771809355, 44.538679326522995], [11.36670645927362, 44.54002857109093], [11.367838373452248, 44.54000509714716], [11.367849316624595, 44.540274945796305], [11.368603928789273, 44.54025929012726], [11.368592982137386, 44.539989441624606], [11.368970286249699, 44.53998161199533], [11.368860810777258, 44.537283126880254], [11.368483524061272, 44.5372909557769], [11.368439745128594, 44.536211561019755], [11.36881702488673, 44.53620373241613], [11.368827971129106, 44.536473581054565], [11.369959814700676, 44.536450087552815], [11.369970766314887, 44.53671993595646], [11.370348048937732, 44.536712102225565], [11.370359002444987, 44.53698195054098], [11.370736286653692, 44.536974115491546], [11.370747242054039, 44.53724396371873], [11.371501813489491, 44.53722828973763], [11.371512772522484, 44.53749813780318], [11.371890059749205, 44.53749029887147], [11.371868138357922, 44.53695060287212], [11.372245421951959, 44.5369427628419], [11.372179651030555, 44.535323674925515], [11.371802377872859, 44.535331514515555], [11.371791418329936, 44.535061666403855], [11.371036875032125, 44.535077341701886], [11.371025919121456, 44.53480749342856], [11.370648648981373, 44.534815329136585], [11.3706376949636, 44.534545480775], [11.369883157701167, 44.53456114830911], [11.36987220731549, 44.53429129978598], [11.369494940193174, 44.5342991316121], [11.369473043360903, 44.53375943437449], [11.36796398725031, 44.533790748642026], [11.367985870168837, 44.53433044646569], [11.36760860227911, 44.53433827206636], [11.367619542229264, 44.534608121029024], [11.367242272446862, 44.53461594545781], [11.367253210811139, 44.53488579447877], [11.366121395325834, 44.53490926051407], [11.366132328625548, 44.53517910973968], [11.365755054751125, 44.53518692933438], [11.365776918331797, 44.53572662788716], [11.365399640825354, 44.535734446383046], [11.365410571106242, 44.53600429571021], [11.362769612094915, 44.53605899082861], [11.362725940593423, 44.53497959138321], [11.362348667079562, 44.53498739969856], [11.362326835726032, 44.534447699740205], [11.361949565537723, 44.534455506664315], [11.361927738274991, 44.53391580650016], [11.363059537945128, 44.53389238243088], [11.36304861932565, 44.53362253254562], [11.363425883836952, 44.53361472210543], [11.363404043578957, 44.53307502243632], [11.36302678254602, 44.53308283273033], [11.363015864385863, 44.5328129828003], [11.361884085585979, 44.53283640599284], [11.361894998528681, 44.533106256142055], [11.360763213134064, 44.53312966834827], [11.360675955614854, 44.53097086498429]], [[11.361550471412171, 44.533923612033085], [11.361539559749595, 44.53365376185558], [11.361916824873186, 44.533645956395716], [11.361927738274991, 44.53391580650016], [11.361550471412171, 44.533923612033085]], [[11.357001475699603, 44.53347747918941], [11.357012366338502, 44.533747330257384], [11.356635099227653, 44.53375511953111], [11.35662421032799, 44.53348526839024], [11.357001475699603, 44.53347747918941]], [[11.360375045043845, 44.53286761948559], [11.36038595102991, 44.533137469926885], [11.36000868877282, 44.53314527026044], [11.359997784525923, 44.53287541974616], [11.360375045043845, 44.53286761948559]]]}}, {"type": "Feature", "properties": {"threshold": "ge_4", "source": "HistorySUHI", "period": "2013-2025", "hotspot_percentile": "top_10_pct", "label": ">= 4 estati"}, "geometry": {"type": "Polygon", "coordinates": [[[11.374842506205367, 44.535808457935985], [11.375219781611328, 44.535800608238084], [11.37519783075646, 44.535260913380796], [11.375952374149358, 44.53524521054346], [11.375908460372523, 44.5341658212373], [11.37477666592324, 44.5341893727441], [11.374787638918901, 44.53445922031344], [11.374410372055486, 44.53446706839901], [11.374443286747933, 44.53527661123769], [11.374820558829137, 44.5352687629318], [11.374842506205367, 44.535808457935985]]]}}, {"type": "Feature", "properties": {"threshold": "ge_4", "source": "HistorySUHI", "period": "2013-2025", "hotspot_percentile": "top_10_pct", "label": ">= 4 estati"}, "geometry": {"type": "Polygon", "coordinates": [[[11.351095575227918, 44.53684018280163], [11.35071828654317, 44.53684795295337], [11.350696561201497, 44.53630824865525], [11.350319275843491, 44.53631601741636], [11.350308415140653, 44.536046165172266], [11.349553847446758, 44.53606169881343], [11.349542990375184, 44.53579184640906], [11.349165708039331, 44.535799611289164], [11.349143997831833, 44.535259906290435], [11.348766718822654, 44.53526766978003], [11.348734159871235, 44.534458111952276], [11.348356885928037, 44.53446587397878], [11.348346034987959, 44.53419602126711], [11.347968762631943, 44.53420378197583], [11.347947064686892, 44.53366407636256], [11.347569795657364, 44.53367183568093], [11.347548101799374, 44.53313212986284], [11.347170836096272, 44.5331398877909], [11.347159991134664, 44.53287003478693], [11.346782727018713, 44.532877791397304], [11.346750198263896, 44.53206823207828], [11.345995680010992, 44.532083741128375], [11.34598484087509, 44.53181388784712], [11.344098551279066, 44.531852638321254], [11.344109381719223, 44.532122491965126], [11.344486641681424, 44.532114744287895], [11.344508306495745, 44.53265445138597], [11.344131043055166, 44.532662199208204], [11.344141873950955, 44.5329320528074], [11.34451913913076, 44.532924304912676], [11.344529971917684, 44.53319415842449], [11.344152704998626, 44.533201906391724], [11.344163536198181, 44.53347175996116], [11.344540804856514, 44.53346401192142], [11.34457330458449, 44.534273572322874], [11.344950578308874, 44.53426582282047], [11.34496141359474, 44.53453567618532], [11.345338688906548, 44.534527925365225], [11.345360363412928, 44.53506763190523], [11.344983084622308, 44.535075382870374], [11.345037264850427, 44.53642464932242], [11.345414552338491, 44.536416897994606], [11.345436228972623, 44.53695660432614], [11.345813519787841, 44.53694885160799], [11.345835200509189, 44.53748855773487], [11.348476256312392, 44.537434252824134], [11.348497961997058, 44.53797395787511], [11.34812066528797, 44.53798171960061], [11.348131516618912, 44.538251572176385], [11.34775421801796, 44.5382593327292], [11.347775917656925, 44.538799037981306], [11.347398615424362, 44.53880679743401], [11.347409463732314, 44.539076650110324], [11.347786767704644, 44.539068890585014], [11.347797617904524, 44.539338743173836], [11.34817492346448, 44.53933098233052], [11.348185775556335, 44.53960083483182], [11.348940389699276, 44.53958530926385], [11.348951245422985, 44.539855161604976], [11.350083170715026, 44.53983186369474], [11.350061448980963, 44.53929215943363], [11.350816058121563, 44.539276621557356], [11.350805194003454, 44.53900676954984], [11.35118249660546, 44.538998998816396], [11.35116076534685, 44.538459294902104], [11.35153806431702, 44.53845152306877], [11.351527197176587, 44.53818167116201], [11.351149899946106, 44.538189442922615], [11.351095575227918, 44.53684018280163]], [[11.350018007340529, 44.538212750732605], [11.350028867522182, 44.538482602930195], [11.349651567942658, 44.53849036978226], [11.349640709500706, 44.53822051751198], [11.350018007340529, 44.538212750732605]]]}}, {"type": "Feature", "properties": {"threshold": "ge_4", "source": "HistorySUHI", "period": "2013-2025", "hotspot_percentile": "top_10_pct", "label": ">= 4 estati"}, "geometry": {"type": "Polygon", "coordinates": [[[11.377516389559466, 44.5365630247538], [11.377139109859238, 44.53657088214307], [11.377106156331985, 44.535761341071535], [11.376728881695824, 44.53576919699511], [11.376739864311526, 44.53603904410742], [11.374853480124312, 44.53607830541568], [11.37487542842387, 44.53661800033023], [11.375252709047977, 44.53661015041196], [11.37526368516803, 44.53687999777336], [11.375640967377645, 44.53687214653646], [11.375662923558442, 44.5374118410675], [11.376794779700269, 44.537388279444755], [11.376827730781788, 44.53819782046781], [11.376450440336619, 44.53820567580777], [11.376483387585658, 44.53901521691682], [11.376860683249596, 44.53900736135633], [11.37687166771361, 44.53927720828929], [11.377248964963144, 44.53926935141002], [11.37725995132086, 44.539539198254516], [11.378014548837013, 44.539523480613035], [11.378003558999984, 44.53925363391562], [11.378380855787244, 44.5392457733005], [11.378369864364702, 44.53897592666169], [11.37799256931707, 44.53898378720325], [11.377937623214146, 44.53763455341724], [11.377183050052162, 44.53765027002921], [11.37717206477286, 44.5373804230801], [11.377549349691403, 44.53737256547024], [11.377516389559466, 44.5365630247538]]]}}, {"type": "Feature", "properties": {"threshold": "ge_4", "source": "HistorySUHI", "period": "2013-2025", "hotspot_percentile": "top_10_pct", "label": ">= 4 estati"}, "geometry": {"type": "Polygon", "coordinates": [[[11.346741619433944, 44.541250987460835], [11.346719927495677, 44.54071128204123], [11.34634261262786, 44.54071903826595], [11.346364301086213, 44.54125874383073], [11.346741619433944, 44.541250987460835]]]}}, {"type": "Feature", "properties": {"threshold": "ge_4", "source": "HistorySUHI", "period": "2013-2025", "hotspot_percentile": "top_10_pct", "label": ">= 4 estati"}, "geometry": {"type": "Polygon", "coordinates": [[[11.38034434257494, 44.54109537502315], [11.380721650614962, 44.54108750642099], [11.380699644888633, 44.5405478142209], [11.379945035613396, 44.540563549885356], [11.379934036461153, 44.540293703615646], [11.379179430048396, 44.54030943415158], [11.379190425721157, 44.5405792805685], [11.378813120543722, 44.54058714404207], [11.378846103267849, 44.54139668342385], [11.377336860138978, 44.541428125747416], [11.377325872702718, 44.541158279007554], [11.376193943957555, 44.54118184745327], [11.376182961894807, 44.540912000477924], [11.375805653744843, 44.54091985406226], [11.375783693560932, 44.54038015991976], [11.375406388736543, 44.54038801211179], [11.375395410615303, 44.540118164944666], [11.375018107376706, 44.540126015817904], [11.374974203389995, 44.53904662670604], [11.375351499669847, 44.539038776126645], [11.375329545120788, 44.538499081628], [11.374952252320158, 44.538506932060464], [11.374941277016113, 44.53823708471526], [11.374563985801148, 44.53824493382902], [11.37455301239057, 44.53797508639543], [11.374175722761274, 44.53798293419052], [11.37416475124411, 44.53771308666854], [11.373032886651785, 44.53773662236216], [11.373010954516033, 44.537196926832934], [11.372256384310223, 44.53721261077569], [11.372289272307404, 44.538022154487415], [11.371911981755321, 44.538029994811076], [11.371966789460638, 44.53937923439871], [11.372344088710829, 44.53937139370821], [11.372366016348437, 44.53991108929195], [11.372743318924284, 44.5399032472094], [11.372754284713462, 44.54017309490549], [11.371999675928524, 44.540188777972034], [11.372021601009115, 44.5407284736129], [11.373153524394521, 44.54070494670478], [11.373175460529023, 44.54124464184557], [11.37393008230955, 44.541228950719734], [11.373952026018795, 44.541768645507126], [11.374329340157997, 44.54176079792928], [11.374296419605376, 44.54095125594608], [11.374673728371135, 44.540943407343164], [11.37468470347461, 44.5412132546124], [11.37506201382628, 44.54120540469067], [11.375072990823515, 44.5414752518715], [11.375827614544697, 44.54145954814499], [11.37589350064012, 44.54307863003451], [11.37627082270928, 44.54307077586221], [11.3762818060042, 44.54334062271801], [11.375149834114687, 44.54336418171895], [11.375171790726341, 44.54390387582661], [11.375549118323606, 44.543896023924795], [11.375560098600467, 44.54416587088273], [11.377446742976856, 44.54412659232393], [11.377435753999597, 44.54385674573354], [11.378190407191383, 44.54384102573868], [11.378179414888143, 44.543571179280434], [11.37968871246144, 44.54353972463934], [11.37966671439742, 44.54300003226667], [11.380044034925179, 44.542992165639966], [11.380033034384583, 44.54272231950483], [11.380410353018112, 44.54271445170631], [11.38034434257494, 44.54109537502315]]]}}, {"type": "Feature", "properties": {"threshold": "ge_4", "source": "HistorySUHI", "period": "2013-2025", "hotspot_percentile": "top_10_pct", "label": ">= 4 estati"}, "geometry": {"type": "Polygon", "coordinates": [[[11.368636769666038, 44.54106883554561], [11.369014080737562, 44.54106100562327], [11.369035978902767, 44.541600702347644], [11.36979060754464, 44.54158503847367], [11.369779654905495, 44.54131519026553], [11.370534279453205, 44.54129952155656], [11.370523323487948, 44.541029673480104], [11.369768702419947, 44.541045342042445], [11.369746797909636, 44.54050564555147], [11.369369490624875, 44.54051347781799], [11.369380441063424, 44.540783326144236], [11.368625822553597, 44.54079898708775], [11.368636769666038, 44.54106883554561]]]}}, {"type": "Feature", "properties": {"threshold": "ge_4", "source": "HistorySUHI", "period": "2013-2025", "hotspot_percentile": "top_10_pct", "label": ">= 4 estati"}, "geometry": {"type": "Polygon", "coordinates": [[[11.365629208916008, 44.54140127911913], [11.365251894723766, 44.54140909790615], [11.365262826484143, 44.54167894699304], [11.366394773820584, 44.541655486676234], [11.366361963340406, 44.54084594002938], [11.365607342375421, 44.5408615810469], [11.365629208916008, 44.54140127911913]]]}}, {"type": "Feature", "properties": {"threshold": "ge_4", "source": "HistorySUHI", "period": "2013-2025", "hotspot_percentile": "top_10_pct", "label": ">= 4 estati"}, "geometry": {"type": "Polygon", "coordinates": [[[11.350514794541283, 44.54117335526249], [11.35013747771573, 44.54118112408679], [11.350170063744063, 44.54199068014326], [11.350547385789588, 44.54198291110085], [11.350514794541283, 44.54117335526249]]]}}, {"type": "Feature", "properties": {"threshold": "ge_4", "source": "HistorySUHI", "period": "2013-2025", "hotspot_percentile": "top_10_pct", "label": ">= 4 estati"}, "geometry": {"type": "Polygon", "coordinates": [[[11.347129785566851, 44.54151308246038], [11.346375145543515, 44.54152859659079], [11.346385990152903, 44.541798449335936], [11.347140633656272, 44.541782935060375], [11.347129785566851, 44.54151308246038]]]}}, {"type": "Feature", "properties": {"threshold": "ge_4", "source": "HistorySUHI", "period": "2013-2025", "hotspot_percentile": "top_10_pct", "label": ">= 4 estati"}, "geometry": {"type": "Polygon", "coordinates": [[[11.344909215181135, 44.54263902195819], [11.343399903036666, 44.54267001650606], [11.343367410057814, 44.54186045661918], [11.342990086862146, 44.54186820192492], [11.34295760047039, 44.54105864168663], [11.342580282342912, 44.54106638552948], [11.342569455589357, 44.54079653201451], [11.34143750551591, 44.54081975585304], [11.341426684134042, 44.54054990210584], [11.340672053472808, 44.540565378292825], [11.340661235722566, 44.54029552438591], [11.340283921904307, 44.54030326053886], [11.34029473791461, 44.54057311451815], [11.339540106343183, 44.54058858323251], [11.339550919025244, 44.54085843734169], [11.339173601272092, 44.54086616990307], [11.339184412365803, 44.5411360240697], [11.338807092721037, 44.54114375545797], [11.338817902226348, 44.541413609682095], [11.338440580689966, 44.54142133989725], [11.338451388606824, 44.541691194178824], [11.338074065178821, 44.54169892322081], [11.338106484618564, 44.54250848619323], [11.338861141763577, 44.54249302642976], [11.338871952026894, 44.54276288057949], [11.339626612045757, 44.542747415689206], [11.339637425941016, 44.54301726967932], [11.341146751119274, 44.54298632466282], [11.341157572126917, 44.5432561783485], [11.341912237285941, 44.543240698222135], [11.341901412797947, 44.54297084468132], [11.343788064337582, 44.54293212293073], [11.3437988975264, 44.543201976109195], [11.344176229118794, 44.543194227949975], [11.344187064199723, 44.54346408104105], [11.344941730408971, 44.543448580840966], [11.344952569122263, 44.543718433772106], [11.345329903739088, 44.543710681731184], [11.3453190632856, 44.54344082887259], [11.345696396010196, 44.54343307565866], [11.345685553968568, 44.543163222857714], [11.34606288480094, 44.543155468470815], [11.346041197693578, 44.54261576296937], [11.34566387034147, 44.542623517211155], [11.345674712078994, 44.54289337004188], [11.344920053438411, 44.542908874933985], [11.344909215181135, 44.54263902195819]]]}}, {"type": "Feature", "properties": {"threshold": "ge_4", "source": "HistorySUHI", "period": "2013-2025", "hotspot_percentile": "top_10_pct", "label": ">= 4 estati"}, "geometry": {"type": "Polygon", "coordinates": [[[11.369457098433339, 44.542672264009795], [11.369834419637263, 44.542664431156936], [11.369845373044441, 44.54293427929042], [11.370222695834759, 44.5429264451188], [11.37018983085412, 44.542116900893475], [11.36943519555975, 44.54213256755145], [11.369457098433339, 44.542672264009795]]]}}, {"type": "Feature", "properties": {"threshold": "ge_4", "source": "HistorySUHI", "period": "2013-2025", "hotspot_percentile": "top_10_pct", "label": ">= 4 estati"}, "geometry": {"type": "Polygon", "coordinates": [[[11.366635426193161, 44.547592157981455], [11.367390133551956, 44.547576508321825], [11.367335415906838, 44.54622726620999], [11.366958071006115, 44.546235091296516], [11.36696901248784, 44.54650493982196], [11.366591665693322, 44.5465127637361], [11.366613545636373, 44.54705246088863], [11.366990895911647, 44.547044636828076], [11.367001837853737, 44.54731448530873], [11.366624485838049, 44.5473223094425], [11.366635426193161, 44.547592157981455]]]}}, {"type": "Feature", "properties": {"threshold": "ge_4", "source": "HistorySUHI", "period": "2013-2025", "hotspot_percentile": "top_10_pct", "label": ">= 4 estati"}, "geometry": {"type": "Polygon", "coordinates": [[[11.360340417422492, 44.550693325526815], [11.359208289979616, 44.550716729552775], [11.35923010489534, 44.55125642918145], [11.360362242782978, 44.55123302471748], [11.360340417422492, 44.550693325526815]]]}}, {"type": "Feature", "properties": {"threshold": "ge_4", "source": "HistorySUHI", "period": "2013-2025", "hotspot_percentile": "top_10_pct", "label": ">= 4 estati"}, "geometry": {"type": "Polygon", "coordinates": [[[11.355078920865738, 44.551342149618755], [11.354701539582615, 44.55134993491063], [11.354723313329602, 44.55188963622961], [11.354345928412027, 44.5518974204213], [11.354335043203077, 44.55162756969642], [11.353957659873721, 44.551635352569406], [11.353968543341779, 44.5519052033671], [11.35359115811888, 44.55191298506702], [11.353558513395262, 44.551103432410734], [11.35318113324236, 44.55111121264635], [11.35314849511471, 44.550301659637505], [11.352771120031624, 44.550309438408874], [11.352760242701672, 44.550039587303324], [11.352382869206783, 44.55004736475611], [11.352371993770124, 44.54977751356289], [11.351239877592562, 44.54980083822806], [11.351250747807008, 44.55007068963955], [11.350873373702127, 44.55007846210905], [11.350895111106846, 44.55061816503278], [11.350517733367962, 44.55062593640192], [11.350539467900786, 44.551165639411494], [11.350162086527817, 44.551173409680196], [11.350194684247551, 44.55198296430095], [11.34981729749949, 44.55199073354188], [11.349826091994869, 44.5522091664962], [11.350036792118365, 44.552214321584586], [11.350366045329089, 44.552203032444936], [11.35062519269056, 44.55217068875596], [11.350702987417971, 44.55214883110882], [11.351516964051894, 44.55202962639874], [11.351520481148464, 44.552029112822936], [11.351639251707356, 44.55200246731962], [11.35168653929662, 44.551991833434606], [11.351799243703736, 44.551957435543095], [11.351937388343822, 44.551890446442535], [11.352398254234641, 44.551611441802656], [11.352398280118633, 44.55161145927426], [11.352607787653128, 44.55202684748442], [11.352607801320397, 44.55202687421027], [11.352849594698174, 44.55252600404551], [11.35300692049637, 44.55285077648726], [11.353144231729363, 44.55313375753868], [11.353144245397159, 44.553133784264425], [11.353172405210962, 44.55318831710283], [11.353172419241464, 44.553188352823625], [11.353214572494215, 44.55327112452724], [11.353268174963743, 44.553270020014104], [11.353257294214448, 44.5530001691453], [11.35363468655381, 44.55299238840006], [11.35364249354059, 44.55318597658949], [11.354194764469455, 44.55288196544886], [11.354197607126377, 44.55288096155957], [11.354405027068383, 44.55280785043769], [11.35453031910089, 44.55276340449905], [11.354535855249216, 44.55276144479301], [11.354543103806042, 44.552758864602374], [11.354702912630271, 44.552702120273835], [11.354706114154524, 44.55270158610194], [11.354876909101204, 44.552670623146355], [11.355139055936295, 44.552602485376426], [11.355144773369037, 44.55260096302336], [11.355101216412693, 44.55249125688679], [11.355100349001258, 44.55248910517879], [11.355595576181273, 44.55236017070299], [11.356246437910729, 44.552195026101096], [11.356232851472667, 44.55185848700399], [11.355855467166034, 44.55186627617922], [11.355844574993535, 44.55159642574577], [11.355089809403747, 44.55161200021284], [11.355078920865738, 44.551342149618755]]]}}, {"type": "Feature", "properties": {"threshold": "ge_4", "source": "HistorySUHI", "period": "2013-2025", "hotspot_percentile": "top_10_pct", "label": ">= 4 estati"}, "geometry": {"type": "Polygon", "coordinates": [[[11.362735754867089, 44.55388467282665], [11.361980963447184, 44.55390029346018], [11.361991884852008, 44.554170142591765], [11.362746679754027, 44.55415452181205], [11.362735754867089, 44.55388467282665]]]}}, {"type": "Feature", "properties": {"threshold": "ge_4", "source": "HistorySUHI", "period": "2013-2025", "hotspot_percentile": "top_10_pct", "label": ">= 4 estati"}, "geometry": {"type": "Polygon", "coordinates": [[[11.372126723725716, 44.552609605635126], [11.372126887744933, 44.55261364109717], [11.372144206317413, 44.55260924221436], [11.372126723725716, 44.552609605635126]]]}}, {"type": "Feature", "properties": {"threshold": "ge_4", "source": "HistorySUHI", "period": "2013-2025", "hotspot_percentile": "top_10_pct", "label": ">= 4 estati"}, "geometry": {"type": "Polygon", "coordinates": [[[11.39309640824328, 44.46520717865387], [11.39271959270953, 44.46521507759103], [11.39273062201914, 44.465484924906704], [11.393107439285789, 44.46547702589563], [11.39309640824328, 44.46520717865387]]]}}, {"type": "Feature", "properties": {"threshold": "ge_4", "source": "HistorySUHI", "period": "2013-2025", "hotspot_percentile": "top_10_pct", "label": ">= 4 estati"}, "geometry": {"type": "Polygon", "coordinates": [[[11.392907111992802, 44.4698024799218], [11.392530266841863, 44.46981037887342], [11.392563357917314, 44.47061992023389], [11.393693908506366, 44.470596218986984], [11.393704944374141, 44.47086606585541], [11.394081795994618, 44.47085816288128], [11.394070758393461, 44.4705883160868], [11.394447608125889, 44.47058041194435], [11.394436568946048, 44.47031056520887], [11.394059720946974, 44.47031846927736], [11.394026609535489, 44.469508928759204], [11.39364976658167, 44.46951683136358], [11.393671837234741, 44.47005652520521], [11.392918143930032, 44.470072326983015], [11.392907111992802, 44.4698024799218]]]}}, {"type": "Feature", "properties": {"threshold": "ge_4", "source": "HistorySUHI", "period": "2013-2025", "hotspot_percentile": "top_10_pct", "label": ">= 4 estati"}, "geometry": {"type": "Polygon", "coordinates": [[[11.383207975273105, 44.472436089206944], [11.384338568638155, 44.47241247980631], [11.384316582186884, 44.47187278251389], [11.383939721353002, 44.471880653409166], [11.383928730091961, 44.47161080466687], [11.383175011429199, 44.47162654258309], [11.383185999223192, 44.47189639147267], [11.38280913792731, 44.471904258640876], [11.382820124141727, 44.47217410758912], [11.383196987171159, 44.472166240347285], [11.383207975273105, 44.472436089206944]]]}}, {"type": "Feature", "properties": {"threshold": "ge_4", "source": "HistorySUHI", "period": "2013-2025", "hotspot_percentile": "top_10_pct", "label": ">= 4 estati"}, "geometry": {"type": "Polygon", "coordinates": [[[11.385502157051548, 44.47319840438765], [11.384748418818253, 44.473214153126825], [11.384781406238176, 44.47402369859771], [11.38515828063293, 44.474015824628275], [11.385147282938492, 44.473745976226624], [11.385524155445424, 44.47373810108844], [11.385502157051548, 44.47319840438765]]]}}, {"type": "Feature", "properties": {"threshold": "ge_4", "source": "HistorySUHI", "period": "2013-2025", "hotspot_percentile": "top_10_pct", "label": ">= 4 estati"}, "geometry": {"type": "Polygon", "coordinates": [[[11.378451287685024, 44.476046313647714], [11.378440320121925, 44.47577646402615], [11.378063432554159, 44.475784316072236], [11.378074398383331, 44.47605416576729], [11.378451287685024, 44.476046313647714]]]}}, {"type": "Feature", "properties": {"threshold": "ge_4", "source": "HistorySUHI", "period": "2013-2025", "hotspot_percentile": "top_10_pct", "label": ">= 4 estati"}, "geometry": {"type": "Polygon", "coordinates": [[[11.38072359838709, 44.47626902400237], [11.381100488346311, 44.47626116311143], [11.381089508491938, 44.475991314019495], [11.38071262026665, 44.475999174836865], [11.38070164230005, 44.47572932565641], [11.379947868855785, 44.47574504341645], [11.379980792813502, 44.47655459135424], [11.38073457666138, 44.476538873152926], [11.38072359838709, 44.47626902400237]]]}}, {"type": "Feature", "properties": {"threshold": "ge_4", "source": "HistorySUHI", "period": "2013-2025", "hotspot_percentile": "top_10_pct", "label": ">= 4 estati"}, "geometry": {"type": "Polygon", "coordinates": [[[11.378074398383331, 44.47605416576729], [11.377697508927964, 44.4760620166443], [11.37770847317686, 44.476331866397864], [11.378085364366179, 44.47632401544738], [11.378074398383331, 44.47605416576729]]]}}, {"type": "Feature", "properties": {"threshold": "ge_4", "source": "HistorySUHI", "period": "2013-2025", "hotspot_percentile": "top_10_pct", "label": ">= 4 estati"}, "geometry": {"type": "Polygon", "coordinates": [[[11.377719437579408, 44.4766017161365], [11.377342544502456, 44.47660956591787], [11.377364470300492, 44.47714926549722], [11.377741366845477, 44.47714141556892], [11.377719437579408, 44.4766017161365]]]}}, {"type": "Feature", "properties": {"threshold": "ge_4", "source": "HistorySUHI", "period": "2013-2025", "hotspot_percentile": "top_10_pct", "label": ">= 4 estati"}, "geometry": {"type": "Polygon", "coordinates": [[[11.39430258050195, 44.476255095626705], [11.393548807760936, 44.4762709032909], [11.39358192037097, 44.477080443129964], [11.39433570351547, 44.477064635021996], [11.39430258050195, 44.476255095626705]]]}}, {"type": "Feature", "properties": {"threshold": "ge_4", "source": "HistorySUHI", "period": "2013-2025", "hotspot_percentile": "top_10_pct", "label": ">= 4 estati"}, "geometry": {"type": "Polygon", "coordinates": [[[11.381609169215917, 44.47949148803235], [11.381986079676379, 44.47948362377328], [11.381942139922295, 44.478404228622026], [11.3811883327209, 44.47841995530884], [11.381199313960211, 44.47868980426623], [11.379691690774298, 44.478721243022335], [11.379702665230791, 44.478991092259], [11.378571941023829, 44.47901465849866], [11.378560971769897, 44.478744809041466], [11.377053344278655, 44.47877621300302], [11.377064306595804, 44.47904606275408], [11.376687397604659, 44.47905391071123], [11.376731241472532, 44.480133309859816], [11.378992734736617, 44.4800862017134], [11.379014678404198, 44.480625900316376], [11.379391596878827, 44.4806180444621], [11.379402570677627, 44.480887893667635], [11.379779490732815, 44.480880036497076], [11.379790466419788, 44.48114988561416], [11.380167388055536, 44.481142027127305], [11.380156410634187, 44.48087217808376], [11.380533330381715, 44.4808643184277], [11.380522351379861, 44.48059446944275], [11.380899269239174, 44.4805866086175], [11.380877308228438, 44.48004691074988], [11.381254222465246, 44.48003904882903], [11.381243240456437, 44.47976919994637], [11.38162015280507, 44.47976133685639], [11.381609169215917, 44.47949148803235]]]}}, {"type": "Feature", "properties": {"threshold": "ge_4", "source": "HistorySUHI", "period": "2013-2025", "hotspot_percentile": "top_10_pct", "label": ">= 4 estati"}, "geometry": {"type": "Polygon", "coordinates": [[[11.38885857825298, 44.48150063358278], [11.388481656693116, 44.48150852080045], [11.388503688927711, 44.482048215541276], [11.390765236783016, 44.48200087270786], [11.390754210182086, 44.481731025787944], [11.391131132549507, 44.481723131039885], [11.391109076342524, 44.48118343730291], [11.390732157443821, 44.48119133190324], [11.390721131306483, 44.48092148493843], [11.389213461103976, 44.48095305061692], [11.38922448030399, 44.4812228978771], [11.388847560632897, 44.48123078626373], [11.38885857825298, 44.48150063358278]]]}}, {"type": "Feature", "properties": {"threshold": "ge_4", "source": "HistorySUHI", "period": "2013-2025", "hotspot_percentile": "top_10_pct", "label": ">= 4 estati"}, "geometry": {"type": "Polygon", "coordinates": [[[11.38984389945802, 44.487151642561756], [11.389854923945489, 44.48742148940394], [11.390231883204036, 44.48741359683333], [11.390220856981676, 44.487143750065], [11.38984389945802, 44.487151642561756]]]}}, {"type": "Feature", "properties": {"threshold": "ge_4", "source": "HistorySUHI", "period": "2013-2025", "hotspot_percentile": "top_10_pct", "label": ">= 4 estati"}, "geometry": {"type": "Polygon", "coordinates": [[[11.39063089868623, 44.48794539636372], [11.39060884230804, 44.4874057030197], [11.390231883204036, 44.48741359683333], [11.390253936112373, 44.48795329032507], [11.39063089868623, 44.48794539636372]]]}}, {"type": "Feature", "properties": {"threshold": "ge_4", "source": "HistorySUHI", "period": "2013-2025", "hotspot_percentile": "top_10_pct", "label": ">= 4 estati"}, "geometry": {"type": "Polygon", "coordinates": [[[11.386960371193165, 44.49045290599178], [11.388091309468843, 44.4904292519485], [11.388080291957392, 44.4901594049018], [11.388457269338636, 44.49015151780822], [11.388413193896561, 44.48907212976702], [11.387659252860539, 44.489087902120644], [11.387648237856212, 44.48881805492535], [11.386140360871977, 44.48884958442054], [11.386195402735364, 44.49019882172269], [11.38694935888724, 44.49018305872374], [11.386960371193165, 44.49045290599178]]]}}, {"type": "Feature", "properties": {"threshold": "ge_4", "source": "HistorySUHI", "period": "2013-2025", "hotspot_percentile": "top_10_pct", "label": ">= 4 estati"}, "geometry": {"type": "Polygon", "coordinates": [[[11.383157582512167, 44.48972212793778], [11.382780606441596, 44.48972999748012], [11.382791599352236, 44.48999984558878], [11.383168577157965, 44.489991975972806], [11.383157582512167, 44.48972212793778]]]}}, {"type": "Feature", "properties": {"threshold": "ge_4", "source": "HistorySUHI", "period": "2013-2025", "hotspot_percentile": "top_10_pct", "label": ">= 4 estati"}, "geometry": {"type": "Polygon", "coordinates": [[[11.391816955155795, 44.48927093901118], [11.391439984370717, 44.48927883707114], [11.391484115954453, 44.49035822268911], [11.392238071250828, 44.49034242473477], [11.392204961920347, 44.48953288598723], [11.391827989554852, 44.489540785364206], [11.391816955155795, 44.48927093901118]]]}}, {"type": "Feature", "properties": {"threshold": "ge_4", "source": "HistorySUHI", "period": "2013-2025", "hotspot_percentile": "top_10_pct", "label": ">= 4 estati"}, "geometry": {"type": "Polygon", "coordinates": [[[11.381060503466802, 44.493817052125564], [11.383322518380979, 44.49376984689296], [11.383333515338576, 44.49403969470369], [11.384464525921675, 44.494016075081795], [11.384453523757529, 44.49374622749209], [11.384830525241322, 44.49373835187189], [11.384819521495897, 44.49346850434093], [11.384442521747593, 44.49347637988746], [11.384431519891866, 44.49320653226784], [11.384054521724817, 44.4932144064974], [11.384043521758736, 44.49294455878915], [11.382912531538938, 44.49296817379716], [11.382901536933305, 44.49269832585298], [11.382524541620556, 44.49270619496215], [11.382513548904429, 44.49243634692938], [11.382136555173007, 44.49244421472167], [11.382125564346339, 44.49217436660033], [11.38174857219625, 44.49218223307576], [11.38173758325899, 44.49191238486585], [11.381360592690237, 44.49192025002445], [11.38134960564234, 44.49165040172598], [11.380972616654931, 44.491658265567764], [11.380961631496348, 44.49138841718078], [11.380207656530276, 44.491404140987555], [11.380196674996254, 44.49113429243847], [11.379442702885106, 44.491150011125335], [11.379508573573746, 44.49276910307819], [11.378754580022708, 44.492784817674554], [11.378765555538491, 44.4930546664281], [11.378388556796748, 44.49306252193488], [11.378399530730892, 44.493332370747005], [11.377268528376414, 44.49335593002812], [11.37725755964873, 44.493086080995546], [11.37574956129909, 44.49311747567041], [11.375782447117151, 44.49392702360466], [11.376159452141659, 44.49391917658059], [11.376170416123887, 44.49418902578871], [11.376924429182981, 44.494173327863685], [11.376913461729618, 44.49390347880248], [11.377667470702674, 44.49388777605108], [11.37765649993196, 44.493617927121875], [11.37954151099548, 44.49357864885283], [11.379552490443842, 44.49384849741449], [11.379929493930486, 44.49384063795721], [11.379940475268288, 44.49411048643039], [11.381071490011227, 44.494086900378015], [11.381060503466802, 44.493817052125564]]]}}, {"type": "Feature", "properties": {"threshold": "ge_4", "source": "HistorySUHI", "period": "2013-2025", "hotspot_percentile": "top_10_pct", "label": ">= 4 estati"}, "geometry": {"type": "Polygon", "coordinates": [[[11.396006729899934, 44.499446012820144], [11.395629694713627, 44.49945392612426], [11.395618638966882, 44.499184080991014], [11.394864571601273, 44.49919990372064], [11.394875623876116, 44.49946974900194], [11.394498588224963, 44.499477658575515], [11.394509638918755, 44.49974750391587], [11.39601778753762, 44.499715857864366], [11.396006729899934, 44.499446012820144]]]}}, {"type": "Feature", "properties": {"threshold": "ge_4", "source": "HistorySUHI", "period": "2013-2025", "hotspot_percentile": "top_10_pct", "label": ">= 4 estati"}, "geometry": {"type": "Polygon", "coordinates": [[[11.378296885055931, 44.50008644236724], [11.377919840876059, 44.50009429729834], [11.377908866567878, 44.49982444871284], [11.377531823970267, 44.49983230232685], [11.377542796542354, 44.500102150985846], [11.376788707413535, 44.5001178546301], [11.376821615635773, 44.500927400958226], [11.376444565632255, 44.500935251135346], [11.37647747002974, 44.50174479754938], [11.377608635204965, 44.50172124262591], [11.377586688368819, 44.501181545472335], [11.37796373964715, 44.50117369149086], [11.377952764723616, 44.50090384296514], [11.37719866548552, 44.50091954953749], [11.377187694188171, 44.500649700849856], [11.377941789953926, 44.50063399442449], [11.377930815338074, 44.50036414586888], [11.378307861254063, 44.500356290864275], [11.378296885055931, 44.50008644236724]]]}}, {"type": "Feature", "properties": {"threshold": "ge_4", "source": "HistorySUHI", "period": "2013-2025", "hotspot_percentile": "top_10_pct", "label": ">= 4 estati"}, "geometry": {"type": "Polygon", "coordinates": [[[11.378827634165914, 44.50385646276183], [11.378794694822782, 44.50304691802931], [11.378417631698174, 44.5030547750127], [11.378406653961312, 44.50278492666511], [11.378029592419177, 44.50279278233128], [11.37806252088227, 44.50360232754974], [11.378439587633558, 44.503594471663035], [11.378450565832088, 44.50386431996579], [11.378827634165914, 44.50385646276183]]]}}, {"type": "Feature", "properties": {"threshold": "ge_4", "source": "HistorySUHI", "period": "2013-2025", "hotspot_percentile": "top_10_pct", "label": ">= 4 estati"}, "geometry": {"type": "Polygon", "coordinates": [[[11.39226786345267, 44.509517277552504], [11.391890762314874, 44.509525179913474], [11.391901804846704, 44.50979502529164], [11.392278907721396, 44.50978712285673], [11.39226786345267, 44.509517277552504]]]}}, {"type": "Feature", "properties": {"threshold": "ge_4", "source": "HistorySUHI", "period": "2013-2025", "hotspot_percentile": "top_10_pct", "label": ">= 4 estati"}, "geometry": {"type": "Polygon", "coordinates": [[[11.3903602855116, 44.509017085525166], [11.38960608848129, 44.509032876268016], [11.389661249033258, 44.51038210537603], [11.39079257040034, 44.510358416287524], [11.390748420806382, 44.50927903391772], [11.390371320786407, 44.50928693122894], [11.3903602855116, 44.509017085525166]]]}}, {"type": "Feature", "properties": {"threshold": "ge_4", "source": "HistorySUHI", "period": "2013-2025", "hotspot_percentile": "top_10_pct", "label": ">= 4 estati"}, "geometry": {"type": "Polygon", "coordinates": [[[11.394563631562306, 44.510279371799676], [11.394186526143121, 44.5102872818464], [11.394197579561157, 44.5105571267358], [11.394574686717297, 44.51054921661505], [11.394563631562306, 44.510279371799676]]]}}, {"type": "Feature", "properties": {"threshold": "ge_4", "source": "HistorySUHI", "period": "2013-2025", "hotspot_percentile": "top_10_pct", "label": ">= 4 estati"}, "geometry": {"type": "Polygon", "coordinates": [[[11.389683314336681, 44.51092179691447], [11.389306203430957, 44.510929690937026], [11.389317234577636, 44.51119953675769], [11.389694347220397, 44.511191642661224], [11.389683314336681, 44.51092179691447]]]}}, {"type": "Feature", "properties": {"threshold": "ge_4", "source": "HistorySUHI", "period": "2013-2025", "hotspot_percentile": "top_10_pct", "label": ">= 4 estati"}, "geometry": {"type": "Polygon", "coordinates": [[[11.378380900764133, 44.51142792439336], [11.377626666066922, 44.51144363669883], [11.377659598881996, 44.51225318092358], [11.378413844002198, 44.512237468177005], [11.378380900764133, 44.51142792439336]]]}}, {"type": "Feature", "properties": {"threshold": "ge_4", "source": "HistorySUHI", "period": "2013-2025", "hotspot_percentile": "top_10_pct", "label": ">= 4 estati"}, "geometry": {"type": "Polygon", "coordinates": [[[11.389006301485257, 44.51282650466278], [11.389383424705414, 44.51281861136722], [11.389405489318627, 44.513358302784006], [11.390159742243798, 44.513342512165046], [11.390137670681714, 44.512802821043785], [11.390514793437806, 44.5127949240159], [11.390470645221605, 44.511715541889345], [11.390093529414079, 44.51172343862163], [11.39008249448393, 44.51145359297868], [11.389328265878962, 44.511469382563355], [11.38933929733494, 44.51173922835405], [11.388962181063379, 44.511747121354176], [11.389006301485257, 44.51282650466278]]]}}, {"type": "Feature", "properties": {"threshold": "ge_4", "source": "HistorySUHI", "period": "2013-2025", "hotspot_percentile": "top_10_pct", "label": ">= 4 estati"}, "geometry": {"type": "Polygon", "coordinates": [[[11.38733012380451, 44.517993026938946], [11.386952966645438, 44.51800091417201], [11.386963989650072, 44.51827076012039], [11.387341148546833, 44.51826287281352], [11.38733012380451, 44.517993026938946]]]}}, {"type": "Feature", "properties": {"threshold": "ge_4", "source": "HistorySUHI", "period": "2013-2025", "hotspot_percentile": "top_10_pct", "label": ">= 4 estati"}, "geometry": {"type": "Polygon", "coordinates": [[[11.386209671392937, 44.518286531001095], [11.385832512032612, 44.51829441457492], [11.385843529978642, 44.51856426072969], [11.386220691076687, 44.518556377082085], [11.386209671392937, 44.518286531001095]]]}}, {"type": "Feature", "properties": {"threshold": "ge_4", "source": "HistorySUHI", "period": "2013-2025", "hotspot_percentile": "top_10_pct", "label": ">= 4 estati"}, "geometry": {"type": "Polygon", "coordinates": [[[11.38546636872612, 44.518572143132914], [11.385089207319146, 44.51858002429178], [11.385100221944159, 44.5188498705791], [11.385477385088882, 44.51884198934649], [11.38546636872612, 44.518572143132914]]]}}, {"type": "Feature", "properties": {"threshold": "ge_4", "source": "HistorySUHI", "period": "2013-2025", "hotspot_percentile": "top_10_pct", "label": ">= 4 estati"}, "geometry": {"type": "Polygon", "coordinates": [[[11.390402570276903, 44.519279110547416], [11.390779734732547, 44.51927121174583], [11.390735571659066, 44.51819183105628], [11.390358414154319, 44.51819972956219], [11.390369452952811, 44.51846957483095], [11.389992293555608, 44.51847747216646], [11.389981256494806, 44.51820762682381], [11.389226940711584, 44.518223417614], [11.389249008037101, 44.51876310857986], [11.39038049190607, 44.518739420084735], [11.390402570276903, 44.519279110547416]]]}}, {"type": "Feature", "properties": {"threshold": "ge_4", "source": "HistorySUHI", "period": "2013-2025", "hotspot_percentile": "top_10_pct", "label": ">= 4 estati"}, "geometry": {"type": "Polygon", "coordinates": [[[11.382060909937307, 44.518373181873606], [11.382438070841276, 44.51836531074335], [11.382449073147715, 44.51863515756153], [11.382826235635171, 44.518627285113254], [11.382837239833634, 44.51889713184281], [11.383214403904576, 44.51888925807648], [11.383225409995113, 44.519159104717424], [11.38360257564953, 44.51915122963302], [11.383613583632188, 44.519421076185296], [11.383236416239958, 44.519428951343386], [11.383258429192601, 44.519968644550474], [11.38288125817036, 44.51997651861153], [11.38289226314027, 44.52024636526632], [11.381383570557027, 44.52027784936079], [11.381394568729567, 44.52054769629523], [11.380640218036797, 44.52056343102302], [11.380673203051805, 44.52137297217836], [11.380296022260245, 44.521380837896366], [11.38030701583554, 44.521650684991855], [11.38068419836513, 44.52164281920024], [11.380717185230099, 44.522452360176175], [11.381094372819737, 44.5224444929192], [11.381105370487855, 44.52271433980765], [11.381482559661416, 44.52270647123251], [11.38147156025518, 44.522436624417686], [11.3818487475364, 44.52242875467163], [11.381859748680753, 44.52269860141281], [11.38223693754584, 44.52269073034858], [11.382225934663376, 44.522420883681036], [11.382603121636082, 44.522413011445906], [11.382614126256657, 44.52268285803977], [11.382991314813177, 44.522674984486414], [11.382980308454494, 44.52240513796623], [11.383357495118588, 44.52239726324202], [11.38334648717614, 44.52212741678056], [11.384100856565121, 44.522111663745946], [11.384078834191088, 44.52157197107298], [11.383701653049856, 44.52157984806513], [11.38369064383242, 44.5213100016325], [11.384822181578935, 44.52128636714371], [11.384811167301924, 44.521016520917286], [11.385188344503966, 44.52100864033913], [11.38516631293736, 44.52046894798888], [11.385543486509087, 44.520461066313764], [11.38553246921956, 44.52019122018994], [11.386286812423798, 44.52017545325392], [11.386275791813004, 44.51990560726268], [11.387784469415656, 44.519874058752656], [11.387773442008038, 44.51960421304168], [11.38739627457706, 44.51961210196198], [11.387385249061857, 44.51934225616222], [11.387762414755029, 44.51933436731573], [11.387751387656625, 44.51906452157481], [11.388128551457411, 44.51905663155777], [11.388117522775856, 44.518786785875726], [11.387363198495192, 44.51880256451779], [11.387352173443727, 44.518532718673136], [11.386975012809256, 44.51854060605382], [11.386963989650072, 44.51827076012039], [11.386586830598766, 44.51827864618292], [11.386597852020234, 44.518548492190135], [11.386220691076687, 44.518556377082085], [11.38623171091494, 44.51882622314813], [11.38585454807915, 44.5188341068695], [11.385865566334136, 44.51910395299434], [11.384734071686673, 44.51912759691344], [11.384690020446431, 44.51804821143931], [11.38544433646395, 44.51803245066091], [11.385422304819567, 44.51749275812904], [11.387308074783567, 44.51745333514489], [11.38733012380451, 44.517993026938946], [11.387707280809016, 44.51798513846154], [11.387652150727813, 44.516635909233266], [11.388406446896942, 44.51662012928378], [11.388384388996446, 44.51608043778303], [11.388761533374044, 44.51607254608959], [11.388750502918247, 44.51580270039062], [11.389127645403718, 44.515794807526774], [11.389105581481173, 44.51525511623165], [11.388728442470589, 44.51526300894777], [11.38871741247872, 44.51499316320391], [11.387963137468478, 44.51500894475586], [11.387985190657167, 44.51554863652398], [11.3876080494453, 44.51555652558128], [11.387619074534067, 44.515826371516724], [11.386864788171716, 44.51584214604627], [11.38683172379377, 44.51503260775225], [11.385323170064396, 44.51506414099518], [11.385356213592932, 44.51587368017444], [11.384601925376886, 44.515889439773034], [11.384623948217959, 44.51642913277935], [11.384246800403313, 44.51643701085972], [11.38425781031786, 44.51670685741416], [11.383503510750389, 44.51672260998944], [11.383514517344121, 44.516992456676334], [11.382383061622852, 44.51701607642811], [11.382405064847479, 44.51755577019907], [11.3820279091566, 44.51756364110835], [11.382060909937307, 44.518373181873606]], [[11.385733357469327, 44.51586579850877], [11.38574437402519, 44.516135644798176], [11.385367228411292, 44.5161435265376], [11.385356213592932, 44.51587368017444], [11.385733357469327, 44.51586579850877]], [[11.385722341067913, 44.51559595220439], [11.386099483052384, 44.51558806936823], [11.386110501191274, 44.51585791559884], [11.385733357469327, 44.51586579850877], [11.385722341067913, 44.51559595220439]]]}}, {"type": "Feature", "properties": {"threshold": "ge_4", "source": "HistorySUHI", "period": "2013-2025", "hotspot_percentile": "top_10_pct", "label": ">= 4 estati"}, "geometry": {"type": "Polygon", "coordinates": [[[11.396803276149138, 44.518874817719954], [11.396426115910929, 44.518882736357355], [11.396415048999431, 44.51861289230251], [11.39603789034376, 44.51862080962148], [11.396026825325091, 44.51835096547759], [11.39564966825196, 44.51835888147815], [11.395638605126077, 44.518089037245204], [11.394507138189098, 44.518112777558756], [11.394485022828366, 44.517573088603626], [11.394107870347858, 44.517580999404785], [11.394096814637622, 44.51731115483073], [11.394473965380541, 44.51730324410358], [11.394451850949965, 44.5167635550586], [11.39407470368215, 44.51677146563769], [11.39406364843691, 44.51650162101871], [11.393686502751619, 44.51650953027953], [11.393708609922037, 44.51704921965054], [11.392577161511237, 44.517072940411396], [11.392599258876043, 44.51761263016645], [11.393730717712348, 44.51758890896166], [11.393741771839972, 44.517858753594744], [11.394118926213096, 44.51785084396386], [11.394174207864427, 44.51920006653463], [11.393797044802858, 44.5192079765356], [11.393808099860411, 44.51947782107884], [11.393430934906084, 44.519485729909434], [11.393464095795292, 44.52029526367134], [11.393086925472545, 44.52030317147955], [11.393109030031164, 44.52084286072727], [11.393486203829662, 44.52083495277108], [11.393497258079325, 44.5211047972985], [11.393874433460748, 44.52109688802385], [11.393863377473174, 44.52082704357044], [11.394994897473554, 44.52080330850191], [11.394972775536225, 44.520263619994395], [11.395349945083824, 44.520255705964125], [11.395338882609952, 44.519985861761946], [11.395716050264625, 44.51997794656133], [11.39570498620805, 44.51970810241825], [11.396836483027847, 44.5196843495723], [11.396803276149138, 44.518874817719954]]]}}, {"type": "Feature", "properties": {"threshold": "ge_4", "source": "HistorySUHI", "period": "2013-2025", "hotspot_percentile": "top_10_pct", "label": ">= 4 estati"}, "geometry": {"type": "Polygon", "coordinates": [[[11.388227816549955, 44.52148524202275], [11.389359353946974, 44.521461562511206], [11.389348318659772, 44.52119171718541], [11.38897114142009, 44.52119961152655], [11.388938041700554, 44.520390075237785], [11.38818369718465, 44.520405859743526], [11.388194726794008, 44.520675705335776], [11.387817552566181, 44.52068359579581], [11.38782858059226, 44.52095344144695], [11.38820575655801, 44.52094555091307], [11.388227816549955, 44.52148524202275]]]}}, {"type": "Feature", "properties": {"threshold": "ge_4", "source": "HistorySUHI", "period": "2013-2025", "hotspot_percentile": "top_10_pct", "label": ">= 4 estati"}, "geometry": {"type": "Polygon", "coordinates": [[[11.380263042459168, 44.52057129652021], [11.37988586672741, 44.52057916077294], [11.379863884439851, 44.52003946630025], [11.378732366747585, 44.52006305115024], [11.378721381048623, 44.51979320367077], [11.377589867183797, 44.51981677710015], [11.377600847669074, 44.52008662480021], [11.376846500846918, 44.5201023343446], [11.376835523837448, 44.51983248649753], [11.376458351933406, 44.51984033932956], [11.376469327204969, 44.520110187250104], [11.37609215340914, 44.52011803891117], [11.376114100938024, 44.520657734854375], [11.376491278209745, 44.520649883046374], [11.376513229830067, 44.521189578782845], [11.376890410423883, 44.52118172558339], [11.376912366135855, 44.52172142111312], [11.37728955005183, 44.521713566522166], [11.37730052987677, 44.52198341419112], [11.376923344222721, 44.52199126885557], [11.376967258109453, 44.52307065967592], [11.377344450716041, 44.523062804717455], [11.37735543131075, 44.52333265231168], [11.377732625501572, 44.523324796035126], [11.37774360798846, 44.52359464354089], [11.378875194851553, 44.52357106702307], [11.378853219602563, 44.52303137243783], [11.379230411439115, 44.52302351125648], [11.379197444506644, 44.52221396948719], [11.378820257884495, 44.52222183044786], [11.378787297552863, 44.52141228832337], [11.37954166021473, 44.52139656559887], [11.379519680478522, 44.52085687106871], [11.380274035572059, 44.52084114366054], [11.380263042459168, 44.52057129652021]], [[11.378432085915131, 44.52195984273056], [11.378443071108299, 44.52222969016399], [11.378065884178076, 44.522237548635566], [11.378054900722999, 44.52196770112862], [11.378432085915131, 44.52195984273056]]]}}, {"type": "Feature", "properties": {"threshold": "ge_4", "source": "HistorySUHI", "period": "2013-2025", "hotspot_percentile": "top_10_pct", "label": ">= 4 estati"}, "geometry": {"type": "Polygon", "coordinates": [[[11.389758607284474, 44.52199335731062], [11.38974756994981, 44.52172351208866], [11.389370389388898, 44.521731407822024], [11.389381424985551, 44.52200125311786], [11.389758607284474, 44.52199335731062]]]}}, {"type": "Feature", "properties": {"threshold": "ge_4", "source": "HistorySUHI", "period": "2013-2025", "hotspot_percentile": "top_10_pct", "label": ">= 4 estati"}, "geometry": {"type": "Polygon", "coordinates": [[[11.389381424985551, 44.52200125311786], [11.388627059923541, 44.52201704099885], [11.38863809219884, 44.52228688642747], [11.389392460736932, 44.52227109839875], [11.389381424985551, 44.52200125311786]]]}}, {"type": "Feature", "properties": {"threshold": "ge_4", "source": "HistorySUHI", "period": "2013-2025", "hotspot_percentile": "top_10_pct", "label": ">= 4 estati"}, "geometry": {"type": "Polygon", "coordinates": [[[11.39185442035554, 44.527080908957394], [11.392231634752122, 44.527073004277916], [11.392242685613288, 44.527342848756895], [11.3926199015934, 44.52733494275872], [11.392597796549083, 44.526795253933756], [11.39184337138778, 44.52681106438949], [11.39185442035554, 44.527080908957394]]]}}, {"type": "Feature", "properties": {"threshold": "ge_4", "source": "HistorySUHI", "period": "2013-2025", "hotspot_percentile": "top_10_pct", "label": ">= 4 estati"}, "geometry": {"type": "Polygon", "coordinates": [[[11.390078757318138, 44.52981886223651], [11.389701524606291, 44.52982676018667], [11.389690484521429, 44.529556915324896], [11.38893602211079, 44.52957270734296], [11.388969132397326, 44.530382242326745], [11.388591895743616, 44.53039013669014], [11.388580860565453, 44.53012029163664], [11.387826390271398, 44.53013607648113], [11.387815358725476, 44.529866231264954], [11.387438125085163, 44.529874121746076], [11.387405036591614, 44.52906458578629], [11.387027808012776, 44.529072474801104], [11.387005753267639, 44.52853278393877], [11.385874077035396, 44.52855644307154], [11.38588509911472, 44.52882628873156], [11.385507871656193, 44.52883417269334], [11.385585018367845, 44.530723092411066], [11.385962257997596, 44.53071520793287], [11.385951234836352, 44.53044536237757], [11.386328472572716, 44.53043747672827], [11.386383598618979, 44.531786703986214], [11.386760844895061, 44.53177881672302], [11.386782899873674, 44.53231850737386], [11.387537398917704, 44.5323027288174], [11.38754843011692, 44.53257257397273], [11.3879256811459, 44.53256468275323], [11.387936714238803, 44.53283452781975], [11.388313966852069, 44.53282663528144], [11.388325001838707, 44.53309648025913], [11.390965777970651, 44.53304119711447], [11.390954730810932, 44.53277135265407], [11.390577479281337, 44.53277925390717], [11.390555388904549, 44.53223956479359], [11.390932636956212, 44.532231663688364], [11.390888451105575, 44.531152285577306], [11.390511210009487, 44.53116018638679], [11.390478077464307, 44.53035065242452], [11.39010084142979, 44.53035855176738], [11.390078757318138, 44.52981886223651]]]}}, {"type": "Feature", "properties": {"threshold": "ge_4", "source": "HistorySUHI", "period": "2013-2025", "hotspot_percentile": "top_10_pct", "label": ">= 4 estati"}, "geometry": {"type": "Polygon", "coordinates": [[[11.39509342127385, 44.53241451304146], [11.394716173188522, 44.53242242791501], [11.394738302132597, 44.53296211537079], [11.39511555369585, 44.532954200349124], [11.39509342127385, 44.53241451304146]]]}}, {"type": "Feature", "properties": {"threshold": "ge_4", "source": "HistorySUHI", "period": "2013-2025", "hotspot_percentile": "top_10_pct", "label": ">= 4 estati"}, "geometry": {"type": "Polygon", "coordinates": [[[11.390976825285282, 44.5333110415599], [11.390599570277653, 44.53331894296087], [11.390610616008143, 44.53358878746525], [11.390987872754824, 44.533580885990354], [11.390976825285282, 44.5333110415599]]]}}, {"type": "Feature", "properties": {"threshold": "ge_4", "source": "HistorySUHI", "period": "2013-2025", "hotspot_percentile": "top_10_pct", "label": ">= 4 estati"}, "geometry": {"type": "Polygon", "coordinates": [[[11.392141747903612, 44.534096862467905], [11.393273526253626, 44.534073138924306], [11.393262468039701, 44.53380329496766], [11.392507952772888, 44.5338191117604], [11.392496898192151, 44.53354926764079], [11.392119642065277, 44.53355717409567], [11.392108589378594, 44.533287329887095], [11.391731334835777, 44.53329523502301], [11.391753436886018, 44.53383492357314], [11.39213069490695, 44.53382701828928], [11.392141747903612, 44.534096862467905]]]}}, {"type": "Feature", "properties": {"threshold": "ge_4", "source": "HistorySUHI", "period": "2013-2025", "hotspot_percentile": "top_10_pct", "label": ">= 4 estati"}, "geometry": {"type": "Polygon", "coordinates": [[[11.387991882024064, 44.53418375292786], [11.38800291604528, 44.53445359790458], [11.388380179093044, 44.53444570492314], [11.388369143332682, 44.53417586002028], [11.388746404486552, 44.53416796586765], [11.388735367141823, 44.53389812102368], [11.38835810772707, 44.53390601510243], [11.388347072276204, 44.53363617016962], [11.3879698144458, 44.533644062929504], [11.38798084815757, 44.53391390793617], [11.387603588433347, 44.53392179952488], [11.387614620560718, 44.53419164459042], [11.387991882024064, 44.53418375292786]]]}}, {"type": "Feature", "properties": {"threshold": "ge_4", "source": "HistorySUHI", "period": "2013-2025", "hotspot_percentile": "top_10_pct", "label": ">= 4 estati"}, "geometry": {"type": "Polygon", "coordinates": [[[11.388768479640335, 44.53470765551068], [11.388757441986055, 44.53443781069665], [11.388380179093044, 44.53444570492314], [11.38839121500816, 44.53471554981104], [11.388768479640335, 44.53470765551068]]]}}, {"type": "Feature", "properties": {"threshold": "ge_4", "source": "HistorySUHI", "period": "2013-2025", "hotspot_percentile": "top_10_pct", "label": ">= 4 estati"}, "geometry": {"type": "Polygon", "coordinates": [[[11.385792042999503, 44.545032776486195], [11.385414710868183, 44.54504066238457], [11.385425737159553, 44.545310507353285], [11.385803071031008, 44.54530262138111], [11.385792042999503, 44.545032776486195]]]}}, {"type": "Feature", "properties": {"threshold": "ge_4", "source": "HistorySUHI", "period": "2013-2025", "hotspot_percentile": "top_10_pct", "label": ">= 4 estati"}, "geometry": {"type": "Polygon", "coordinates": [[[11.388044994221218, 44.54471559047338], [11.388033956058546, 44.54444574599152], [11.387656628335728, 44.5444536392152], [11.38763455595486, 44.543913950058815], [11.386879907005081, 44.543929732474396], [11.386901972425783, 44.544469421926124], [11.386524644238706, 44.54447731141338], [11.386535675441069, 44.544747156190624], [11.386158345359204, 44.54475504450621], [11.386191434674133, 44.545564578969596], [11.38581409921718, 44.5455724662611], [11.385836156053518, 44.54611215597616], [11.386213494990866, 44.54610426853705], [11.386243448265242, 44.54683702776578], [11.386485997372382, 44.54677358106562], [11.386617109785732, 44.54673908031158], [11.386601865904156, 44.54636622453987], [11.38735654648573, 44.54635044328623], [11.387345510874638, 44.546080598746435], [11.388854863219468, 44.54604902158794], [11.388821736432751, 44.54523948876518], [11.388444403799282, 44.54524738470147], [11.388422323529307, 44.544707695930356], [11.388044994221218, 44.54471559047338]], [[11.386202464755153, 44.54583442376081], [11.3865798017976, 44.54582653514997], [11.386590833773518, 44.54609637985239], [11.386213494990866, 44.54610426853705], [11.386202464755153, 44.54583442376081]]]}}, {"type": "Feature", "properties": {"threshold": "ge_4", "source": "HistorySUHI", "period": "2013-2025", "hotspot_percentile": "top_10_pct", "label": ">= 4 estati"}, "geometry": {"type": "Polygon", "coordinates": [[[11.378032924308487, 44.54924581385557], [11.378035865665655, 44.54931801037214], [11.378235107736876, 44.549262137438696], [11.378235132527818, 44.54926212791968], [11.378279992336909, 44.54924955303553], [11.378296448406864, 44.549244960989824], [11.378313680222163, 44.54923996447857], [11.378032924308487, 44.54924581385557]]]}}, {"type": "Feature", "properties": {"threshold": "ge_4", "source": "HistorySUHI", "period": "2013-2025", "hotspot_percentile": "top_10_pct", "label": ">= 4 estati"}, "geometry": {"type": "Polygon", "coordinates": [[[11.39738953146099, 44.54235911178263], [11.39737845104053, 44.54208926903115], [11.397755760811437, 44.54208134401881], [11.39774467880658, 44.541811501326514], [11.396990062588953, 44.54182734995753], [11.397001141114236, 44.54209719279813], [11.395491899855651, 44.54212887541256], [11.395480828289552, 44.54185903227549], [11.394756646915207, 44.54187422612948], [11.394862548583987, 44.54204364867492], [11.395202466095787, 44.542603206962845], [11.395445171942196, 44.54297836217492], [11.395494276818694, 44.543034479642884], [11.395504753588112, 44.54303088383576], [11.396031581472567, 44.54285158765741], [11.39675685995851, 44.54260003634729], [11.397131526818704, 44.54247063493683], [11.397467013905741, 44.54235748433407], [11.39738953146099, 44.54235911178263]]]}}, {"type": "Feature", "properties": {"threshold": "ge_4", "source": "HistorySUHI", "period": "2013-2025", "hotspot_percentile": "top_10_pct", "label": ">= 4 estati"}, "geometry": {"type": "Polygon", "coordinates": [[[11.393960527054213, 44.54162085121965], [11.3939633589684, 44.54168991686422], [11.394184404526563, 44.54161615561083], [11.393960527054213, 44.54162085121965]]]}}, {"type": "Feature", "properties": {"threshold": "ge_4", "source": "HistorySUHI", "period": "2013-2025", "hotspot_percentile": "top_10_pct", "label": ">= 4 estati"}, "geometry": {"type": "Polygon", "coordinates": [[[11.392839662288857, 44.54191442838615], [11.392845869410053, 44.54206587911379], [11.392878717431232, 44.54205467118741], [11.393326142240308, 44.54190422812106], [11.392839662288857, 44.54191442838615]]]}}, {"type": "Feature", "properties": {"threshold": "ge_4", "source": "HistorySUHI", "period": "2013-2025", "hotspot_percentile": "top_10_pct", "label": ">= 4 estati"}, "geometry": {"type": "Polygon", "coordinates": [[[11.392473409887224, 44.54219218086426], [11.392473441551077, 44.54219295355775], [11.392475856446772, 44.54219212958199], [11.392473409887224, 44.54219218086426]]]}}, {"type": "Feature", "properties": {"threshold": "ge_4", "source": "HistorySUHI", "period": "2013-2025", "hotspot_percentile": "top_10_pct", "label": ">= 4 estati"}, "geometry": {"type": "Polygon", "coordinates": [[[11.401917805789626, 44.47798566030656], [11.401164014971503, 44.47800151870958], [11.401186161417709, 44.47854120877815], [11.40193995917191, 44.47852535007832], [11.401917805789626, 44.47798566030656]]]}}, {"type": "Feature", "properties": {"threshold": "ge_4", "source": "HistorySUHI", "period": "2013-2025", "hotspot_percentile": "top_10_pct", "label": ">= 4 estati"}, "geometry": {"type": "Polygon", "coordinates": [[[11.395786788891566, 44.48486644764311], [11.395409847566436, 44.48487435819243], [11.39534355518864, 44.48325528276044], [11.39609741686917, 44.48323946130724], [11.39608636521252, 44.482969615497545], [11.398347936129175, 44.48292212175497], [11.398336874220705, 44.48265227637474], [11.398713800429906, 44.48264435647532], [11.398691673609235, 44.482104665818106], [11.399068596194578, 44.48209674482416], [11.399046466525387, 44.48155705425527], [11.399423385486957, 44.481549132166826], [11.399401252969426, 44.48100944168629], [11.39902433747646, 44.48101736362647], [11.39901327318459, 44.48074751828959], [11.398636359270835, 44.48075543891296], [11.398625296868268, 44.480485593486975], [11.397117646600158, 44.48051726325707], [11.39712870206572, 44.4807871089794], [11.396751787377037, 44.48079502338926], [11.396762841263252, 44.48106486917067], [11.3960090079526, 44.481080694410366], [11.39602005852511, 44.4813505403249], [11.395266221126361, 44.48136636074175], [11.395277268385058, 44.48163620678934], [11.394900347719098, 44.481644115207686], [11.394911393398251, 44.48191396131431], [11.39453447084312, 44.4819218685639], [11.39455655919702, 44.48246156088021], [11.393802706684799, 44.482477371947006], [11.393824788719995, 44.48301706449935], [11.393447858762844, 44.4830249683165], [11.393458898278052, 44.48329481464417], [11.39308196643168, 44.48330271729246], [11.393104042457171, 44.48384241005079], [11.392727106987024, 44.483850311604144], [11.392738143497239, 44.48412015803479], [11.391984268623782, 44.484135957560795], [11.392039436148519, 44.485485190228744], [11.392416382335854, 44.485477290717576], [11.392438453897707, 44.48601698353213], [11.392815403399855, 44.48600908263017], [11.392837479049966, 44.486548775236976], [11.393214431866985, 44.48654087294419], [11.393225471658912, 44.486810719151194], [11.393602426056024, 44.48680281554148], [11.393624509573774, 44.487342507762655], [11.394378424843117, 44.48732669651842], [11.394389470303901, 44.48759654245859], [11.39476642944126, 44.48758863489798], [11.394777476791758, 44.48785848074919], [11.395531398071759, 44.48784266175095], [11.395542449046948, 44.48811250743914], [11.39667333501002, 44.48808876939707], [11.396607000254603, 44.486469696376034], [11.396230048830986, 44.48647760985541], [11.396218995315508, 44.48620776422544], [11.396595945004352, 44.486199850820114], [11.396584889909043, 44.4859300052492], [11.396207941954946, 44.48593791858049], [11.396174782802735, 44.48512838155576], [11.395797839897833, 44.48513629342201], [11.395786788891566, 44.48486644764311]]]}}, {"type": "Feature", "properties": {"threshold": "ge_4", "source": "HistorySUHI", "period": "2013-2025", "hotspot_percentile": "top_10_pct", "label": ">= 4 estati"}, "geometry": {"type": "Polygon", "coordinates": [[[11.413846388048905, 44.483675752945736], [11.41233867247247, 44.48370762541844], [11.412360926349864, 44.484247310514114], [11.413868655802085, 44.484215437444895], [11.413846388048905, 44.483675752945736]]]}}, {"type": "Feature", "properties": {"threshold": "ge_4", "source": "HistorySUHI", "period": "2013-2025", "hotspot_percentile": "top_10_pct", "label": ">= 4 estati"}, "geometry": {"type": "Polygon", "coordinates": [[[11.401895383597212, 44.48662862165869], [11.401873224368343, 44.486088932637685], [11.402250171730525, 44.48608100058844], [11.402216928847762, 44.485271467167216], [11.401086101907582, 44.485295258918285], [11.401130405245476, 44.486374637673826], [11.401507354652935, 44.486366708036215], [11.401518432610253, 44.48663655261345], [11.401895383597212, 44.48662862165869]]]}}, {"type": "Feature", "properties": {"threshold": "ge_4", "source": "HistorySUHI", "period": "2013-2025", "hotspot_percentile": "top_10_pct", "label": ">= 4 estati"}, "geometry": {"type": "Polygon", "coordinates": [[[11.417771796288623, 44.48737376455223], [11.417394844905713, 44.487381748008126], [11.417405996502115, 44.48765158938326], [11.417782949619795, 44.48764360585267], [11.417771796288623, 44.48737376455223]]]}}, {"type": "Feature", "properties": {"threshold": "ge_4", "source": "HistorySUHI", "period": "2013-2025", "hotspot_percentile": "top_10_pct", "label": ">= 4 estati"}, "geometry": {"type": "Polygon", "coordinates": [[[11.401950784386939, 44.487977843948904], [11.401573824725814, 44.48798577527475], [11.401584903614738, 44.48825561976205], [11.40196186501077, 44.488247688362], [11.401950784386939, 44.487977843948904]]]}}, {"type": "Feature", "properties": {"threshold": "ge_4", "source": "HistorySUHI", "period": "2013-2025", "hotspot_percentile": "top_10_pct", "label": ">= 4 estati"}, "geometry": {"type": "Polygon", "coordinates": [[[11.406563104096879, 44.490041318837946], [11.406940075616875, 44.490033370758255], [11.406928971350135, 44.489763527416045], [11.407305940979457, 44.48975557816766], [11.407283729442867, 44.489215891587], [11.406906763283548, 44.489223840686606], [11.406884555839472, 44.4886841538972], [11.40650759299444, 44.488692101605025], [11.406496491240757, 44.48842225811346], [11.406119529975049, 44.48843020450391], [11.406108430111859, 44.48816036092299], [11.404977550586116, 44.48818419241329], [11.404955361735645, 44.48764450476045], [11.404201448213794, 44.48766038590845], [11.404190357491467, 44.487390541910926], [11.403813402232208, 44.48739848054616], [11.40382449121969, 44.48766832461796], [11.403447534070171, 44.4876762620845], [11.403458621478205, 44.48794610621559], [11.402704703243264, 44.48796197756824], [11.4027157873369, 44.488231821832855], [11.40196186501077, 44.488247688362], [11.401995107814086, 44.48905722151134], [11.401618141213191, 44.48906515313405], [11.401629220723244, 44.48933499756141], [11.401252252232059, 44.489342928015276], [11.401263330162369, 44.48961277250187], [11.40088635978089, 44.48962070178688], [11.400919589298182, 44.49043023537933], [11.401296564884905, 44.490422305871704], [11.401307643436295, 44.49069215029834], [11.402438574470095, 44.49066835409418], [11.402449658382206, 44.49093819828317], [11.403957571192818, 44.4909064523103], [11.403946480340148, 44.49063660841839], [11.404700432342592, 44.49062072812184], [11.404689338175157, 44.49035088436354], [11.405066312208046, 44.490342942424924], [11.405055216461022, 44.49007309872594], [11.405809160590076, 44.490057211268095], [11.405820259807248, 44.4903270548184], [11.406574206784189, 44.49031116223955], [11.406563104096879, 44.490041318837946]]]}}, {"type": "Feature", "properties": {"threshold": "ge_4", "source": "HistorySUHI", "period": "2013-2025", "hotspot_percentile": "top_10_pct", "label": ">= 4 estati"}, "geometry": {"type": "Polygon", "coordinates": [[[11.42462135380683, 44.490199332675054], [11.42464561740023, 44.490190950194894], [11.424661250550836, 44.49018580174998], [11.424679172060861, 44.4901797283963], [11.424668747047741, 44.489928248667674], [11.424470941041378, 44.48993244997364], [11.4245229605751, 44.49011912214656], [11.424545752683043, 44.49020093841478], [11.42462135380683, 44.490199332675054]]]}}, {"type": "Feature", "properties": {"threshold": "ge_4", "source": "HistorySUHI", "period": "2013-2025", "hotspot_percentile": "top_10_pct", "label": ">= 4 estati"}, "geometry": {"type": "Polygon", "coordinates": [[[11.424657561080268, 44.48965840884916], [11.42464637526957, 44.48938856901564], [11.425023337556782, 44.48938056134489], [11.425012150167968, 44.48911072157126], [11.424137439305994, 44.48912929975095], [11.424249807290472, 44.48939751504036], [11.424361745282885, 44.48966469180682], [11.424657561080268, 44.48965840884916]]]}}, {"type": "Feature", "properties": {"threshold": "ge_4", "source": "HistorySUHI", "period": "2013-2025", "hotspot_percentile": "top_10_pct", "label": ">= 4 estati"}, "geometry": {"type": "Polygon", "coordinates": [[[11.423870086013295, 44.48886490061635], [11.423493126725608, 44.48887290440832], [11.423470766610606, 44.48833322418662], [11.422716854504534, 44.488349227742106], [11.42270567815168, 44.48807938745897], [11.42232872359848, 44.488087387297405], [11.422339898216524, 44.48835722765541], [11.421962941771897, 44.48836522632576], [11.421974114811725, 44.48863506674358], [11.421597156475668, 44.48864306424581], [11.421608327937228, 44.48891290472344], [11.420477446785123, 44.48893688999671], [11.420488613198579, 44.48920673068377], [11.419734688178165, 44.48922271480056], [11.41974585127828, 44.489492555622164], [11.418614957369519, 44.48951652269911], [11.41864221891978, 44.490175793824996], [11.420018140887594, 44.48972742337985], [11.423875424530056, 44.48899372747226], [11.423870086013295, 44.48886490061635]]]}}, {"type": "Feature", "properties": {"threshold": "ge_4", "source": "HistorySUHI", "period": "2013-2025", "hotspot_percentile": "top_10_pct", "label": ">= 4 estati"}, "geometry": {"type": "Polygon", "coordinates": [[[11.417950268346999, 44.49169122355738], [11.417961424179575, 44.49196106461757], [11.41821775933256, 44.49195563440721], [11.418026612744095, 44.49168960628343], [11.417950268346999, 44.49169122355738]]]}}, {"type": "Feature", "properties": {"threshold": "ge_4", "source": "HistorySUHI", "period": "2013-2025", "hotspot_percentile": "top_10_pct", "label": ">= 4 estati"}, "geometry": {"type": "Polygon", "coordinates": [[[11.418349562624638, 44.49222291961888], [11.418408905748201, 44.49222166229047], [11.418345883864236, 44.49213395162985], [11.418349562624638, 44.49222291961888]]]}}, {"type": "Feature", "properties": {"threshold": "ge_4", "source": "HistorySUHI", "period": "2013-2025", "hotspot_percentile": "top_10_pct", "label": ">= 4 estati"}, "geometry": {"type": "Polygon", "coordinates": [[[11.416408905102278, 44.490913630536724], [11.416031930540305, 44.49092160999152], [11.416043077228359, 44.49119145147021], [11.416420053525432, 44.49118347194076], [11.416408905102278, 44.490913630536724]]]}}, {"type": "Feature", "properties": {"threshold": "ge_4", "source": "HistorySUHI", "period": "2013-2025", "hotspot_percentile": "top_10_pct", "label": ">= 4 estati"}, "geometry": {"type": "Polygon", "coordinates": [[[11.40711776505295, 44.49435086219424], [11.407494764181232, 44.49434291168121], [11.407505872829585, 44.4946127546941], [11.407882873537613, 44.4946048028634], [11.407860652925732, 44.494065116971456], [11.40823765000716, 44.494057164046325], [11.40822653819941, 44.493787321152276], [11.407849542853379, 44.49379527400298], [11.407838432936748, 44.49352543101951], [11.406707451170558, 44.493549281889045], [11.406718555881055, 44.49381912509569], [11.407095551694175, 44.4938111759747], [11.40711776505295, 44.49435086219424]]]}}, {"type": "Feature", "properties": {"threshold": "ge_4", "source": "HistorySUHI", "period": "2013-2025", "hotspot_percentile": "top_10_pct", "label": ">= 4 estati"}, "geometry": {"type": "Polygon", "coordinates": [[[11.401850843538233, 44.49473188296139], [11.401473840341847, 44.4947398148996], [11.401451678735521, 44.494200126480926], [11.40107467885478, 44.494208057027414], [11.401096836990142, 44.49474774559452], [11.400719833483146, 44.49475567504615], [11.400730911048244, 44.49502551938142], [11.401861926309884, 44.49500172707403], [11.401850843538233, 44.49473188296139]]]}}, {"type": "Feature", "properties": {"threshold": "ge_4", "source": "HistorySUHI", "period": "2013-2025", "hotspot_percentile": "top_10_pct", "label": ">= 4 estati"}, "geometry": {"type": "Polygon", "coordinates": [[[11.40827098636491, 44.49486669263849], [11.407893984077143, 44.49487464578687], [11.407916205623405, 44.49541433158883], [11.408670216985204, 44.49539842375108], [11.40865910266317, 44.49512858100644], [11.408282098795668, 44.49513653547254], [11.40827098636491, 44.49486669263849]]]}}, {"type": "Feature", "properties": {"threshold": "ge_4", "source": "HistorySUHI", "period": "2013-2025", "hotspot_percentile": "top_10_pct", "label": ">= 4 estati"}, "geometry": {"type": "Polygon", "coordinates": [[[11.41970380050754, 44.497595765798266], [11.419910189706496, 44.49759139047786], [11.419691189053689, 44.49729099361594], [11.41970380050754, 44.497595765798266]]]}}, {"type": "Feature", "properties": {"threshold": "ge_4", "source": "HistorySUHI", "period": "2013-2025", "hotspot_percentile": "top_10_pct", "label": ">= 4 estati"}, "geometry": {"type": "Polygon", "coordinates": [[[11.420103153106076, 44.4981274539832], [11.420297987838433, 44.498123321960236], [11.420091245297089, 44.497839739195314], [11.420103153106076, 44.4981274539832]]]}}, {"type": "Feature", "properties": {"threshold": "ge_4", "source": "HistorySUHI", "period": "2013-2025", "hotspot_percentile": "top_10_pct", "label": ">= 4 estati"}, "geometry": {"type": "Polygon", "coordinates": [[[11.396350587740404, 44.49862856327219], [11.395973557916848, 44.49863647759763], [11.396006729899934, 44.499446012820144], [11.396760799807534, 44.49943018248139], [11.396749738852963, 44.49916033757032], [11.396372705712613, 44.49916825328738], [11.396350587740404, 44.49862856327219]]]}}, {"type": "Feature", "properties": {"threshold": "ge_4", "source": "HistorySUHI", "period": "2013-2025", "hotspot_percentile": "top_10_pct", "label": ">= 4 estati"}, "geometry": {"type": "Polygon", "coordinates": [[[11.415291050744797, 44.50038999155773], [11.414914014814867, 44.50039796865232], [11.414947450925267, 44.50120749236293], [11.415701533044754, 44.50119153648233], [11.415656937988933, 44.500112172102064], [11.415279903951182, 44.50012015036549], [11.415291050744797, 44.50038999155773]]]}}, {"type": "Feature", "properties": {"threshold": "ge_4", "source": "HistorySUHI", "period": "2013-2025", "hotspot_percentile": "top_10_pct", "label": ">= 4 estati"}, "geometry": {"type": "Polygon", "coordinates": [[[11.416100875807743, 44.50172323862746], [11.415723831510334, 44.50173121858239], [11.415734980977554, 44.50200105960991], [11.416112027011033, 44.5019930795803], [11.416100875807743, 44.50172323862746]]]}}, {"type": "Feature", "properties": {"threshold": "ge_4", "source": "HistorySUHI", "period": "2013-2025", "hotspot_percentile": "top_10_pct", "label": ">= 4 estati"}, "geometry": {"type": "Polygon", "coordinates": [[[11.419483100776244, 44.501381522778026], [11.419471934261473, 44.50111168246772], [11.419848973522667, 44.501103690226884], [11.419804302085042, 44.50002432913459], [11.419427269767596, 44.50003232107628], [11.419326783812103, 44.497603757066926], [11.41857274995179, 44.49761973587417], [11.418561589099427, 44.49734989520406], [11.41705352644439, 44.49738183759917], [11.417064680354075, 44.497651678568175], [11.4159336265141, 44.49767562253326], [11.415944775373017, 44.497945463711304], [11.415567755378078, 44.49795344262091], [11.415612345433432, 44.499032807481576], [11.415989372371447, 44.49902482827331], [11.416067423135718, 44.500913715678855], [11.416444462068752, 44.50090573470442], [11.416466767165813, 44.5014454165358], [11.416089724760761, 44.5014533976596], [11.416100875807743, 44.50172323862746], [11.416854963933602, 44.501707274986934], [11.416843809414532, 44.50143743416846], [11.417220851506896, 44.50142945055757], [11.417243164173499, 44.50196913203009], [11.4164890728882, 44.501985098307124], [11.416567147841313, 44.50387398403382], [11.416944205715293, 44.5038660009942], [11.416966517724463, 44.504405682345876], [11.417343578914606, 44.504397697913184], [11.417377053310249, 44.505207219603925], [11.41699998691111, 44.50521520426076], [11.417011143619442, 44.50548504486902], [11.416257006879242, 44.50550101060097], [11.416268160271153, 44.50577085134362], [11.415136948779065, 44.5057947908377], [11.415148097118006, 44.50606463178934], [11.414771024571612, 44.506072609207884], [11.414793318245376, 44.50661229121543], [11.414416242069757, 44.5066202675395], [11.41442738740451, 44.5068901085954], [11.414804465316646, 44.506882132196694], [11.414826759927982, 44.50742181411416], [11.415580922229653, 44.507405857286784], [11.415592073242902, 44.5076756980737], [11.418231648529526, 44.507619809475266], [11.418220485360237, 44.50734996921133], [11.41859756518171, 44.50734198022538], [11.418586400432364, 44.507072140021165], [11.419717633748006, 44.50704816582492], [11.419739973822496, 44.50758784576964], [11.420117054754334, 44.50757985173373], [11.42012822676304, 44.50784969160876], [11.421636555870323, 44.5078177027279], [11.421647734982034, 44.50808754228856], [11.422778985376882, 44.50806353734337], [11.422790169855146, 44.508333376664396], [11.424675592726846, 44.50829334317165], [11.42466439956557, 44.50802350422524], [11.426172728092322, 44.507991455342285], [11.426150328348061, 44.507451778004125], [11.426527406614202, 44.507443762823904], [11.426516205241064, 44.50717392420727], [11.426893281613673, 44.50716590785829], [11.426848470745513, 44.5060865535415], [11.425717261994047, 44.50611059795722], [11.42569486792045, 44.505570920258634], [11.425317801495437, 44.5055789324265], [11.425328996717385, 44.505848771358266], [11.424951928399064, 44.50585678235739], [11.424963122041548, 44.5061266213491], [11.4242089814614, 44.50614263976612], [11.424164221723832, 44.50506328310956], [11.424541285146887, 44.50505527482266], [11.424530093868333, 44.50478543569589], [11.424907155398206, 44.50477742624027], [11.42488476983919, 44.50423774809152], [11.42450771178185, 44.504245757397264], [11.424496520973916, 44.5039759182254], [11.424873577295026, 44.50396790899461], [11.424840000603877, 44.50315839161368], [11.42521705155956, 44.50315038136415], [11.425183471072053, 44.50234086407282], [11.424806425324688, 44.50234887409751], [11.424784042589614, 44.50180919567823], [11.424407000157471, 44.50181720430948], [11.424395810761254, 44.50154736500237], [11.424018769908278, 44.501555372315146], [11.42402995756848, 44.501825211697195], [11.423652914822666, 44.50183321784137], [11.42364172889848, 44.501563378384425], [11.423264687731887, 44.50157138321015], [11.423275871920053, 44.501841222742016], [11.422898828860667, 44.501849226399116], [11.422932377157608, 44.50265874512924], [11.423309425425206, 44.50265074124746], [11.423331795212547, 44.50319042017595], [11.422954743472687, 44.503198424207525], [11.42296592686537, 44.50346826372412], [11.422211819443039, 44.50348426820625], [11.422222999520095, 44.50375410785758], [11.42184594383764, 44.50376210830808], [11.421834765496785, 44.503492268581894], [11.420703602717966, 44.50351626224711], [11.420692429742346, 44.503246422281386], [11.420315376905652, 44.503254417607735], [11.420293034896563, 44.50271473748157], [11.419915985375583, 44.502722731414714], [11.419904816342036, 44.50245289125429], [11.419527768400611, 44.50246088386906], [11.419516601259723, 44.502191043618836], [11.419139554897857, 44.50219903491525], [11.419106059622527, 44.501389513850114], [11.419483100776244, 44.501381522778026]]]}}, {"type": "Feature", "properties": {"threshold": "ge_4", "source": "HistorySUHI", "period": "2013-2025", "hotspot_percentile": "top_10_pct", "label": ">= 4 estati"}, "geometry": {"type": "Polygon", "coordinates": [[[11.421812409285149, 44.502952589084416], [11.421435358654534, 44.502960588066735], [11.421446534945854, 44.50323042789783], [11.421823587312621, 44.50322242884066], [11.421812409285149, 44.502952589084416]]]}}, {"type": "Feature", "properties": {"threshold": "ge_4", "source": "HistorySUHI", "period": "2013-2025", "hotspot_percentile": "top_10_pct", "label": ">= 4 estati"}, "geometry": {"type": "Polygon", "coordinates": [[[11.42105830786726, 44.502968585805476], [11.420681256923345, 44.502976582300626], [11.420692429742346, 44.503246422281386], [11.421069482422421, 44.50323842571141], [11.42105830786726, 44.502968585805476]]]}}, {"type": "Feature", "properties": {"threshold": "ge_4", "source": "HistorySUHI", "period": "2013-2025", "hotspot_percentile": "top_10_pct", "label": ">= 4 estati"}, "geometry": {"type": "Polygon", "coordinates": [[[11.414304797314811, 44.50392185615495], [11.415058914782076, 44.50390590375584], [11.415025473984441, 44.50309638049559], [11.414648420537603, 44.50310435709305], [11.414637275653739, 44.50283451590163], [11.414260223786856, 44.50284249118084], [11.414237937960086, 44.50230280860373], [11.414614986354682, 44.502294833473776], [11.414603841939481, 44.502024992237324], [11.414980888441754, 44.50201701593842], [11.414947450925267, 44.50120749236293], [11.414193368180852, 44.50122344326938], [11.414171084228345, 44.500683760512146], [11.413794046093853, 44.50069173395084], [11.413782906087832, 44.500421892475096], [11.413405869533152, 44.50042986459568], [11.413394731419226, 44.500160023030325], [11.412263626026368, 44.500183931707326], [11.412274758932451, 44.50045377349641], [11.411897721753409, 44.50046174064297], [11.411886590583281, 44.500191898779335], [11.411509554984164, 44.50019986460784], [11.411542943754702, 44.501009390377334], [11.411165902791636, 44.50101735518592], [11.4111770309578, 44.501287197153616], [11.410799988102713, 44.50129516079319], [11.410855622592894, 44.50264437077914], [11.410478570901294, 44.5026523335477], [11.41046744542747, 44.50238249150602], [11.409713345048754, 44.50239841316335], [11.409702223203158, 44.502128570957666], [11.409325174516077, 44.50213652984646], [11.409347414890865, 44.50267621439177], [11.408970362575594, 44.50268417218591], [11.408992600101497, 44.503223856820135], [11.408615544157954, 44.50323181351956], [11.408660014134998, 44.50431118290585], [11.409037077023665, 44.50430322590861], [11.409059316419974, 44.50484291036284], [11.409436382625469, 44.50483495197296], [11.409458626118088, 44.50537463621824], [11.409835695640476, 44.505366676435706], [11.409857943229616, 44.50590636047202], [11.410235016068956, 44.50589839929676], [11.410257267754826, 44.50643808312407], [11.41101141991155, 44.50642215674424], [11.41102254946148, 44.50669199848636], [11.411776704467178, 44.506676066982386], [11.411787837646214, 44.506945908560425], [11.412541995500723, 44.50692997193221], [11.412553132308949, 44.5071998133461], [11.413684373129433, 44.50717589885159], [11.413628664601848, 44.50582669275088], [11.413251593167033, 44.50583466511983], [11.413207036101795, 44.50475529967068], [11.41358410059103, 44.50474732760013], [11.413572959978756, 44.50447748627491], [11.413950022575493, 44.50446951303528], [11.413938880383078, 44.50419967176966], [11.414315941087317, 44.504191697360966], [11.414304797314811, 44.50392185615495]]]}}, {"type": "Feature", "properties": {"threshold": "ge_4", "source": "HistorySUHI", "period": "2013-2025", "hotspot_percentile": "top_10_pct", "label": ">= 4 estati"}, "geometry": {"type": "Polygon", "coordinates": [[[11.39775759276569, 44.51453355240979], [11.397380460793183, 44.514541473594186], [11.397391530589548, 44.51481131765142], [11.39663726270433, 44.51482715643595], [11.396648329181192, 44.51509700062642], [11.396271193268493, 44.51510491822651], [11.396282258163126, 44.51537476247608], [11.395527982397617, 44.51539059409187], [11.395539043972562, 44.5156604384746], [11.395161904119767, 44.51566835249025], [11.395172964112358, 44.51593819693205], [11.394795822367067, 44.51594610977753], [11.394806880777258, 44.516215954278415], [11.394429737139466, 44.51622386595371], [11.394440793967208, 44.51649371051364], [11.394817939342488, 44.516485798764315], [11.394840056938074, 44.51702548769119], [11.397102946783237, 44.51697799017718], [11.397091877482753, 44.5167081461657], [11.397846169381493, 44.51669230385514], [11.397835096761211, 44.51642245997691], [11.398589384564021, 44.51640661283764], [11.398578308624048, 44.51613676909271], [11.399332592330804, 44.516120917124844], [11.399343671745696, 44.51639076072145], [11.400097958306036, 44.51637490362831], [11.400109041351215, 44.516644747061534], [11.40124047523872, 44.51662095186746], [11.401218298878991, 44.516081265431325], [11.40159543972237, 44.51607333135999], [11.401584350038267, 44.51580348819368], [11.401961488988755, 44.51579555295237], [11.401939306612212, 44.51525586672331], [11.402693577097175, 44.51523999280517], [11.402682482667469, 44.5149701498167], [11.403813882016301, 44.514946329831076], [11.403802782530212, 44.5146764870505], [11.404557044510153, 44.51466060098795], [11.40454594170512, 44.51439075834104], [11.404923070724344, 44.5143828135179], [11.404856446739679, 44.512763757767566], [11.404479328143575, 44.51277170214467], [11.404446023463962, 44.51196217384408], [11.404823136848833, 44.51195422969], [11.404800931033213, 44.51141454422997], [11.405178040788403, 44.51140659898056], [11.405166936377093, 44.5111367563024], [11.40554404423963, 44.51112880988334], [11.405532938247038, 44.51085896726453], [11.406287150031112, 44.51084307084321], [11.40627604072037, 44.510573228358155], [11.406653144641886, 44.51056527835593], [11.40664203374999, 44.510295435930274], [11.407019135778851, 44.51028748475847], [11.407008023305847, 44.510017642392235], [11.407762223422464, 44.51000173646563], [11.407751107631565, 44.509731894233234], [11.408505303651191, 44.50971598347979], [11.408494184542501, 44.50944614138127], [11.408871280581707, 44.509438184213124], [11.408860159892109, 44.50916834217407], [11.409237254038636, 44.50916038383649], [11.409215009653643, 44.508620699862284], [11.40959210017077, 44.50861274042977], [11.409580976475445, 44.50834289849466], [11.409958065099932, 44.50833493789277], [11.409946939823866, 44.50806509601715], [11.408815678692653, 44.508088973867814], [11.40880455878251, 44.50781913175375], [11.409181644245509, 44.507811173788504], [11.409170522754614, 44.5075413317339], [11.408793439028248, 44.507549289624684], [11.408771199987363, 44.50700960532156], [11.408394119578317, 44.5070175618196], [11.40838300202825, 44.50674771957108], [11.408005923199918, 44.50675567475089], [11.40799480754224, 44.506485832412935], [11.407617730294627, 44.50649378627451], [11.407539937208844, 44.50460488896785], [11.407162871960578, 44.50461284106475], [11.407140650239363, 44.50407315583618], [11.406763588308028, 44.504081106540596], [11.406752479417351, 44.50381126382941], [11.404867176106873, 44.503850998324396], [11.404856076053367, 44.503581155226414], [11.404479016660668, 44.50358909832005], [11.404467918499032, 44.503319255132745], [11.40409086068704, 44.50332719690841], [11.404079764417226, 44.503057353631796], [11.404833876413141, 44.50304146898545], [11.404767281226595, 44.50142240990275], [11.404390235723408, 44.50143035240182], [11.404401332796104, 44.50170019569406], [11.403270190144998, 44.50172401595267], [11.40328128216485, 44.501993859452824], [11.402527182814381, 44.50200973355582], [11.402538271517393, 44.50227957718953], [11.401030064006731, 44.50231131076924], [11.401018982248408, 44.50204146683859], [11.400641931718505, 44.502049397050264], [11.400608692583948, 44.50123986494575], [11.400231647107129, 44.501247793691235], [11.400198414578508, 44.50043826122927], [11.400575454847148, 44.50043033270637], [11.40056437591215, 44.50016048859661], [11.401318452511497, 44.5001446279686], [11.401307370259829, 44.499874783992276], [11.401684406590519, 44.499866851887205], [11.401673322758239, 44.49959700797011], [11.403181459583296, 44.49956526741173], [11.403170368962686, 44.499295423776665], [11.403924432970717, 44.49927954618508], [11.40391333903378, 44.49900970268358], [11.406175516909643, 44.49896204051131], [11.406186621261865, 44.4992318835668], [11.40656365209908, 44.499223935444924], [11.406596971297432, 44.50003346429829], [11.40810511392025, 44.50000165848322], [11.408116227574913, 44.500271501106724], [11.409247338114266, 44.50024763346533], [11.409236219251742, 44.49997779106516], [11.409613254050562, 44.49996983277215], [11.409579893190411, 44.49916030570505], [11.409956922625664, 44.49915234639197], [11.409945800914846, 44.498882504080754], [11.412584990444325, 44.49882675459414], [11.412573856738705, 44.498556912789596], [11.413704930417774, 44.49853300172463], [11.413682653060135, 44.497993318517985], [11.414059673836073, 44.49798534582536], [11.414037393631524, 44.49744566270789], [11.41328335886636, 44.497461606551354], [11.413272222469654, 44.497191764820904], [11.411764158009076, 44.49722363728905], [11.411775287463051, 44.49749347931773], [11.411398269222161, 44.49750144440088], [11.411387141503875, 44.49723160229765], [11.4110101248427, 44.4972395660629], [11.410976747830603, 44.496430039439645], [11.409845712532316, 44.496453922604644], [11.409856832840198, 44.49672376505088], [11.409479819026703, 44.49673172369368], [11.40946870045445, 44.49646188117296], [11.408337663285886, 44.496485749417836], [11.408348776651234, 44.4967555921619], [11.40759474762201, 44.49677149825725], [11.407583637727944, 44.49650165536434], [11.406452598223167, 44.49652550495897], [11.406441493691698, 44.496255661827895], [11.405687470048148, 44.49627155519215], [11.405676369143537, 44.496001711897364], [11.404545337718117, 44.49602554239564], [11.404534242175867, 44.495755698862865], [11.404157233125241, 44.49576363980132], [11.404168326931897, 44.49603348340839], [11.401906258949944, 44.4960811033747], [11.401884092319218, 44.49554141525434], [11.401507083916213, 44.49554934741523], [11.401496002569436, 44.49527950325833], [11.400741988768612, 44.49529536370171], [11.400753066644254, 44.495565208007015], [11.39999904875119, 44.49558106362548], [11.400010123310915, 44.49585090806416], [11.39925610132574, 44.49586675885763], [11.399267172569438, 44.49613660342966], [11.398890159608436, 44.49614452703552], [11.398834813619635, 44.49479530365483], [11.398457809181396, 44.49480322564666], [11.398446742184596, 44.49453338085144], [11.39769273631381, 44.49454922095699], [11.397681672943113, 44.49427937599857], [11.397304671510595, 44.494287294112304], [11.39729361003044, 44.49401744906482], [11.396916610178351, 44.49402536586118], [11.396905550588684, 44.49375552072463], [11.396528552317033, 44.49376343620365], [11.39651749461781, 44.49349359097805], [11.39576350108042, 44.49350941805819], [11.395796664230328, 44.494318954134386], [11.395419662022833, 44.49432686603168], [11.395408609220071, 44.494057020613894], [11.394654607811313, 44.49407284053058], [11.394665657143099, 44.4943426860964], [11.393534648662001, 44.494366406868785], [11.3935236045367, 44.494096561080994], [11.393146603135532, 44.494104465444565], [11.393135560900506, 44.49383461956783], [11.392004560974897, 44.49385832497698], [11.39199352410101, 44.49358847886345], [11.391239526847997, 44.49360427610533], [11.391250560250954, 44.493874122366684], [11.390119558005223, 44.49389780912661], [11.390163672337218, 44.49497719490896], [11.391294695409316, 44.494953507262416], [11.391305729585554, 44.495223353448935], [11.39168273870255, 44.49521545500619], [11.391715847366156, 44.49602499325417], [11.391338833042257, 44.49603289191867], [11.391349867837164, 44.4963027380453], [11.39021881873047, 44.496326426800174], [11.390229848472913, 44.49659627313353], [11.389475811490632, 44.496612059567546], [11.389486837916191, 44.496881906033636], [11.389109817457458, 44.496889797459374], [11.389153917762075, 44.497969183469515], [11.389530945164042, 44.49796129174838], [11.389552999715368, 44.49850098451598], [11.38993003043452, 44.49849309140367], [11.389941059677955, 44.49876293769113], [11.390318091978424, 44.49875504326146], [11.390329123112398, 44.4990248894601], [11.392591324082792, 44.49897749632522], [11.392580282533254, 44.498707650570054], [11.393711375721596, 44.49868393743724], [11.393678236378799, 44.497874400747634], [11.39405526192434, 44.497866494105025], [11.394033166331724, 44.49732680305172], [11.393656144257783, 44.49733470954635], [11.393645098429522, 44.497064863923256], [11.394022118767698, 44.49705695750261], [11.394011071358525, 44.49678711193852], [11.39438808980611, 44.49677920434846], [11.394377040816073, 44.496509358843404], [11.394754057373074, 44.49650145008395], [11.394765108098822, 44.496771295514996], [11.395142126236637, 44.49676338543813], [11.395153178853015, 44.49703323078019], [11.396284237544009, 44.4970094928671], [11.396295295522565, 44.49727933797207], [11.396672316512012, 44.49727142277349], [11.396738678053433, 44.498890492644286], [11.397115709302827, 44.49888257575781], [11.397082522626876, 44.49807304111206], [11.397836574245279, 44.49805720405327], [11.39784763978721, 44.49832704880197], [11.3982246670996, 44.498319128333286], [11.398280005815444, 44.499668351481496], [11.397902969823528, 44.49967627232076], [11.397925102923885, 44.50021596162342], [11.397548063304862, 44.50022388136739], [11.397581258910689, 44.50103341543134], [11.397204213928394, 44.50104133415408], [11.397215277704447, 44.501311178886205], [11.39683823083096, 44.50131909643944], [11.396860355376047, 44.501858786006935], [11.396483304875202, 44.50186670246474], [11.396494365644166, 44.502136547300104], [11.396117313252091, 44.502144462588355], [11.39612837243989, 44.50241430748281], [11.39575131815658, 44.5024222216015], [11.39576237576317, 44.502692066555035], [11.39538531958862, 44.50269997950413], [11.395396375613949, 44.50296982451673], [11.393888142421105, 44.503001464172655], [11.393899191656239, 44.50327130946634], [11.393145070657802, 44.50328712198026], [11.39315611657517, 44.503556967406944], [11.392024928707281, 44.50358067707205], [11.392035969570419, 44.503850522705626], [11.390527709967774, 44.503882118476305], [11.39053874404012, 44.504151964390566], [11.389030475017075, 44.50418354055725], [11.389041502298392, 44.504453386752026], [11.388287363386423, 44.50446916752063], [11.38829838734941, 44.50473901384812], [11.38792131592515, 44.504746902440615], [11.387888249709103, 44.50393736319184], [11.38826531592405, 44.50392947482079], [11.388243269079794, 44.50338978206108], [11.388620331667463, 44.50338189259396], [11.388598281968653, 44.50284219992205], [11.388975340929127, 44.5028343093589], [11.388964314575249, 44.50256446307434], [11.389341371644873, 44.50255657134136], [11.389319315928313, 44.502016878875025], [11.38969636937086, 44.502008986046114], [11.389674310800242, 44.50146929366764], [11.389297260830089, 44.50147718634885], [11.389286233512845, 44.501207340063296], [11.387400990024735, 44.50124678444596], [11.38741200866114, 44.50151663110062], [11.387034957763882, 44.50152451632011], [11.387068009391172, 44.50233405641564], [11.3866909531308, 44.50234194061283], [11.386712984848618, 44.50288163408261], [11.38633592496125, 44.502889517183675], [11.386324910761434, 44.5026196703825], [11.385570793996143, 44.502635432706086], [11.385581804723348, 44.50290527965475], [11.38520474437286, 44.502913159024764], [11.385237772271493, 44.50372270000222], [11.382975375673988, 44.5037699514312], [11.383041373125112, 44.5053890356353], [11.383795526779076, 44.5053732892498], [11.38380653036709, 44.50564313641748], [11.384937764900778, 44.50561950728966], [11.3849487738528, 44.505889354221246], [11.38570293291016, 44.50587359510286], [11.385713945489718, 44.50614344187204], [11.387976429375515, 44.50609613422267], [11.387987452529154, 44.5063659805342], [11.388364534372696, 44.50635809149877], [11.388375559417497, 44.5066279377215], [11.389129726114152, 44.506612155771485], [11.389140754786812, 44.50688200183157], [11.38989492433835, 44.50686621475848], [11.389905956638959, 44.507136060655874], [11.390660129045207, 44.50712026845962], [11.390649093271266, 44.50685042271], [11.39102617750568, 44.506842524819994], [11.391015140149804, 44.506572679129306], [11.391392222492856, 44.506564780069375], [11.391381183555096, 44.50629493443763], [11.391758264006787, 44.5062870342078], [11.39174722348719, 44.50601718863502], [11.392124302047531, 44.506009287235294], [11.392113259946145, 44.50573944172149], [11.393244489488657, 44.505715730281395], [11.393266584265607, 44.506255420850295], [11.393643663943202, 44.50624751440139], [11.39366576281284, 44.50678720476241], [11.392157429280461, 44.50681882368692], [11.392168472001034, 44.50708866914084], [11.394808066212864, 44.50703332244479], [11.394797011335783, 44.50676347750876], [11.396682422440948, 44.50672390720947], [11.39667135903582, 44.506454062628755], [11.398933836824169, 44.506406537668184], [11.398944910648831, 44.50667638180419], [11.399699072143148, 44.5066605300519], [11.399687994845328, 44.50639068606422], [11.400065073622994, 44.50638275839655], [11.400087231847097, 44.506922446208556], [11.40084139588281, 44.50690658684498], [11.400863561674694, 44.507446274300236], [11.401240646932777, 44.50743834260429], [11.401251731798432, 44.50770818623521], [11.401628818637784, 44.50770025322119], [11.401639905395518, 44.50797009676289], [11.402016993816135, 44.50796216243078], [11.402028082465998, 44.508232005883244], [11.402782262314275, 44.50821613333891], [11.402804447027309, 44.50875581990183], [11.403181540191687, 44.50874788161528], [11.403192634518227, 44.509017724799975], [11.402815539617077, 44.5090256631608], [11.402837725263131, 44.509565349633775], [11.40359192185713, 44.509549471371066], [11.403603018387109, 44.5098193144365], [11.40284881831942, 44.509835192847774], [11.402859911531223, 44.51010503604679], [11.402482809527225, 44.5101129734608], [11.402504992943562, 44.510652659962396], [11.402127887310252, 44.510660596280985], [11.402150067874652, 44.511200282871165], [11.401772958611945, 44.51120821809427], [11.401828404058607, 44.51255743467867], [11.401451285955199, 44.51256536902899], [11.401473461747836, 44.51310505570631], [11.401096340014709, 44.51311298896104], [11.401107426407021, 44.51338283235145], [11.400730302781295, 44.513390764436316], [11.400741387591834, 44.513660607885974], [11.400364262073502, 44.51366853880096], [11.400375345302216, 44.51393838230983], [11.399621090324976, 44.51395424055584], [11.39963217023456, 44.51422408419813], [11.398877911161462, 44.514239937615976], [11.398844682322133, 44.51343040619912], [11.398467557764365, 44.513438330819376], [11.39847863215164, 44.513708174714125], [11.397347252335233, 44.513731941332615], [11.39736939115201, 44.51427162952198], [11.397746521387221, 44.5142637084117], [11.39775759276569, 44.51453355240979]], [[11.400752472557775, 44.51393045132064], [11.400763557679124, 44.51420029474033], [11.400386428686312, 44.514208225803735], [11.400375345302216, 44.51393838230983], [11.400752472557775, 44.51393045132064]], [[11.405488515833586, 44.50977959663942], [11.405499621203418, 44.51004943931819], [11.403991216610025, 44.51008121634108], [11.403980118187624, 44.509811373364954], [11.405488515833586, 44.50977959663942]], [[11.398934439192336, 44.49722390547039], [11.39894550947623, 44.497493750041656], [11.398568487681539, 44.49750167277484], [11.398557419133398, 44.497231828129436], [11.398934439192336, 44.49722390547039]]]}}, {"type": "Feature", "properties": {"threshold": "ge_4", "source": "HistorySUHI", "period": "2013-2025", "hotspot_percentile": "top_10_pct", "label": ">= 4 estati"}, "geometry": {"type": "Polygon", "coordinates": [[[11.412242865431292, 44.50882683097235], [11.41186577426954, 44.50883479918648], [11.4118769086972, 44.50910464064447], [11.412254001595688, 44.509096672355774], [11.412242865431292, 44.50882683097235]]]}}, {"type": "Feature", "properties": {"threshold": "ge_4", "source": "HistorySUHI", "period": "2013-2025", "hotspot_percentile": "top_10_pct", "label": ">= 4 estati"}, "geometry": {"type": "Polygon", "coordinates": [[[11.421304184269125, 44.508905060265754], [11.420550005822385, 44.50892105530488], [11.420538831450534, 44.50865121556474], [11.419030479624174, 44.508683190417536], [11.419041647049312, 44.50895303045686], [11.41791037632563, 44.508976998760346], [11.41792153869718, 44.50924683900893], [11.417167353958854, 44.509262811808085], [11.4171785130134, 44.50953265219112], [11.416801418672827, 44.509540636799585], [11.416823733777663, 44.510080317670024], [11.4149382423612, 44.51012022280086], [11.414949391464102, 44.51039006358697], [11.415326491796916, 44.510382084973976], [11.415337642792972, 44.51065192567041], [11.41646894806394, 44.51062798214381], [11.416457791857326, 44.51035814167143], [11.416834891564704, 44.51035015808272], [11.416857207608048, 44.51088983886307], [11.417234310632722, 44.510881853881], [11.417245470625923, 44.51115169417393], [11.417999679679678, 44.51113572032852], [11.418010843303154, 44.51140556045696], [11.418765055204725, 44.511389581486206], [11.41877622245857, 44.51165942145009], [11.419530437207788, 44.51164343735392], [11.41950809590899, 44.511103757710224], [11.419885199574885, 44.511095763945775], [11.419874027423507, 44.510825924176196], [11.420251129195911, 44.51081792924262], [11.420239955464305, 44.510548089532826], [11.420994155065468, 44.51053209608351], [11.42097180112495, 44.50999241691818], [11.421348897216903, 44.50998441847733], [11.421304184269125, 44.508905060265754]]]}}, {"type": "Feature", "properties": {"threshold": "ge_4", "source": "HistorySUHI", "period": "2013-2025", "hotspot_percentile": "top_10_pct", "label": ">= 4 estati"}, "geometry": {"type": "Polygon", "coordinates": [[[11.423267937733934, 44.51075392499241], [11.422890837215359, 44.51076192987743], [11.422924395824637, 44.511571447344636], [11.423301501553837, 44.5115634422349], [11.423323878217998, 44.51210312032143], [11.424078096153565, 44.51208710607039], [11.424089288194855, 44.512356944941246], [11.425220619132283, 44.51233291400998], [11.42520942188011, 44.512063075363976], [11.425586530141711, 44.51205506264056], [11.425552934116292, 44.51124554683729], [11.425930037010183, 44.511237533094864], [11.425907636971163, 44.51069785596749], [11.424776338239623, 44.51072189301311], [11.424765143666058, 44.51045205420196], [11.423256750107646, 44.51048408588154], [11.423267937733934, 44.51075392499241]]]}}, {"type": "Feature", "properties": {"threshold": "ge_4", "source": "HistorySUHI", "period": "2013-2025", "hotspot_percentile": "top_10_pct", "label": ">= 4 estati"}, "geometry": {"type": "Polygon", "coordinates": [[[11.421837803860504, 44.51267481252125], [11.421460690556282, 44.51268281295459], [11.421471870752216, 44.51295265231967], [11.42184898579347, 44.51294465181147], [11.421837803860504, 44.51267481252125]]]}}, {"type": "Feature", "properties": {"threshold": "ge_4", "source": "HistorySUHI", "period": "2013-2025", "hotspot_percentile": "top_10_pct", "label": ">= 4 estati"}, "geometry": {"type": "Polygon", "coordinates": [[[11.418521945866724, 44.51463565106637], [11.41889907258402, 44.514627660061755], [11.41887673478843, 44.51408798044937], [11.418499611545505, 44.514095971304414], [11.418510778627835, 44.5143658111929], [11.418133653491182, 44.51437380087864], [11.41815598465109, 44.514913480760065], [11.41853311326217, 44.51490549092481], [11.418521945866724, 44.51463565106637]]]}}, {"type": "Feature", "properties": {"threshold": "ge_4", "source": "HistorySUHI", "period": "2013-2025", "hotspot_percentile": "top_10_pct", "label": ">= 4 estati"}, "geometry": {"type": "Polygon", "coordinates": [[[11.419787407172565, 44.517849748937884], [11.41941025992025, 44.51785774332831], [11.419421432669637, 44.51812758285695], [11.41979858165946, 44.51811958839171], [11.419787407172565, 44.517849748937884]]]}}, {"type": "Feature", "properties": {"threshold": "ge_4", "source": "HistorySUHI", "period": "2013-2025", "hotspot_percentile": "top_10_pct", "label": ">= 4 estati"}, "geometry": {"type": "Polygon", "coordinates": [[[11.422050287395669, 44.517801756466355], [11.421673141083701, 44.51780975832219], [11.421684324258099, 44.51807959740182], [11.42206147230756, 44.518071595471106], [11.422050287395669, 44.517801756466355]]]}}, {"type": "Feature", "properties": {"threshold": "ge_4", "source": "HistorySUHI", "period": "2013-2025", "hotspot_percentile": "top_10_pct", "label": ">= 4 estati"}, "geometry": {"type": "Polygon", "coordinates": [[[11.420974748053876, 44.51917495429767], [11.41984328117373, 44.519198946056825], [11.419809756303021, 44.518389427830535], [11.419432605575663, 44.518397422370555], [11.419443778638337, 44.518667261869155], [11.41868947323859, 44.51868324736601], [11.418745323525373, 44.5200324453816], [11.420631129290582, 44.519992470437145], [11.420619950231616, 44.519722631238125], [11.420997109176884, 44.51971463259108], [11.420985928537004, 44.51944479345189], [11.42136308558787, 44.51943679363538], [11.421351903367123, 44.51916695455602], [11.4217290585236, 44.519158953570084], [11.421706691077262, 44.51861927551601], [11.421329539395948, 44.5186272763522], [11.42130717605185, 44.5180875980883], [11.420930027688836, 44.51809559753052], [11.420974748053876, 44.51917495429767]], [[11.420242791129617, 44.51973062864084], [11.420231613965035, 44.51946078935197], [11.420608771329384, 44.519452792024076], [11.420619950231616, 44.519722631238125], [11.420242791129617, 44.51973062864084]]]}}, {"type": "Feature", "properties": {"threshold": "ge_4", "source": "HistorySUHI", "period": "2013-2025", "hotspot_percentile": "top_10_pct", "label": ">= 4 estati"}, "geometry": {"type": "Polygon", "coordinates": [[[11.4083738319749, 44.52484303614791], [11.407996636431, 44.52485099382758], [11.407985513803643, 44.52458115234572], [11.407608319841968, 44.524589108706365], [11.407586078531384, 44.52404942554876], [11.406454506139774, 44.524073286716735], [11.40644339093269, 44.523803444892145], [11.406066201561876, 44.523811396051315], [11.406055088248728, 44.52354155413734], [11.405677900460187, 44.523549503977584], [11.405655677777453, 44.523009819955874], [11.405278493309238, 44.52301776840284], [11.405267383939577, 44.52274792629511], [11.404890201053622, 44.52275587342322], [11.404901308685258, 44.52302571560531], [11.404524123905537, 44.523033661563254], [11.40453522995486, 44.52330350380472], [11.403780856452189, 44.52331939213578], [11.403791959181067, 44.52358923451091], [11.40341477045813, 44.52359717688398], [11.403425871604572, 44.523867019318445], [11.403803062065617, 44.52385907687105], [11.40382526830174, 44.524398761546344], [11.404202462083395, 44.52439081770573], [11.40424688337668, 44.525470186579064], [11.405378484645853, 44.525446346697585], [11.40540070665647, 44.52598603059813], [11.406155113676796, 44.52597013082322], [11.406143999117015, 44.52570028902922], [11.406521200655144, 44.525692337349234], [11.40653231695321, 44.52596217906883], [11.406909520073759, 44.52595422606979], [11.406887284156948, 44.52541454276445], [11.407264483645072, 44.52540658866965], [11.407253364182264, 44.52513674706891], [11.408384956496407, 44.5251128775403], [11.4083738319749, 44.52484303614791]], [[11.406099542436248, 44.52462092170326], [11.406110656372691, 44.524890763557245], [11.40573345989344, 44.52489871376943], [11.405722347695189, 44.52462887184106], [11.406099542436248, 44.52462092170326]]]}}, {"type": "Feature", "properties": {"threshold": "ge_4", "source": "HistorySUHI", "period": "2013-2025", "hotspot_percentile": "top_10_pct", "label": ">= 4 estati"}, "geometry": {"type": "Polygon", "coordinates": [[[11.419846113242349, 44.52838147381432], [11.419834934538697, 44.52811163485651], [11.419080507479027, 44.52812762558952], [11.41905815749554, 44.527587947329565], [11.418680947207465, 44.527595940679454], [11.418703293714142, 44.52813561908899], [11.41868061968068, 44.52813609945966], [11.41910761015037, 44.528397125877746], [11.419846113242349, 44.52838147381432]]]}}, {"type": "Feature", "properties": {"threshold": "ge_4", "source": "HistorySUHI", "period": "2013-2025", "hotspot_percentile": "top_10_pct", "label": ">= 4 estati"}, "geometry": {"type": "Polygon", "coordinates": [[[11.417127441168748, 44.52654854343678], [11.417504645129963, 44.52654055536455], [11.417482310932748, 44.52600087632615], [11.417105110448071, 44.526008864248894], [11.417093945322556, 44.52573902463242], [11.416716746419569, 44.52574701123583], [11.41670558318881, 44.5254771715296], [11.416328385867514, 44.525485156813716], [11.416317224531465, 44.525215317017754], [11.416694420114574, 44.52520733180838], [11.416683257196851, 44.52493749207213], [11.416306063351907, 44.52494547720679], [11.416283741462262, 44.5244057975398], [11.417792501997864, 44.52437385013172], [11.417781334335416, 44.524104010574625], [11.418158522339843, 44.52409602068605], [11.41814735309592, 44.52382618118872], [11.418524539205688, 44.5238181901304], [11.418513368380333, 44.52354835069282], [11.41889055259545, 44.52354035846478], [11.418879380188715, 44.523270519086964], [11.420388108530485, 44.52323853802922], [11.420365750283269, 44.52269885982704], [11.418857035845177, 44.52273084028627], [11.418868207938624, 44.52300067969413], [11.41849102719949, 44.523008671772594], [11.418479856843996, 44.52273883228996], [11.418102677686202, 44.52274682304919], [11.418091509225253, 44.52247698347676], [11.41695997602624, 44.52250094806346], [11.416904162138232, 44.521151748854834], [11.417281331338447, 44.521143762277376], [11.417259003403206, 44.520604082638286], [11.416881837678558, 44.520612069066274], [11.416859513844866, 44.520072389217624], [11.416482351439194, 44.52008037425182], [11.416471191494786, 44.51981053423026], [11.416094030670353, 44.519818517945396], [11.416038241983356, 44.518469317238846], [11.415661089690644, 44.51847729933618], [11.415616468506826, 44.51739793820193], [11.415239323007818, 44.51740591875628], [11.41522816984031, 44.51713607836051], [11.414851025922403, 44.517144057595964], [11.414839874648704, 44.5168742171105], [11.414462732311902, 44.51688219502708], [11.414418135729997, 44.51580283263654], [11.414041000186435, 44.51581080901036], [11.414007559603096, 44.51500128683592], [11.413253298471004, 44.51501723540333], [11.413219869717498, 44.514207712646105], [11.41397412042619, 44.5141917645264], [11.413985266662225, 44.51446160531125], [11.414362393519394, 44.51445362931061], [11.41435124554615, 44.51418378860041], [11.414728370509827, 44.51417581143032], [11.414739520220275, 44.51444565206588], [11.415116646764842, 44.51443767357704], [11.415105495317196, 44.51416783301613], [11.415482619968225, 44.51415985335785], [11.41547146693974, 44.513890012856585], [11.41584858969724, 44.51388203202888], [11.415815126338549, 44.51307251065906], [11.415438008792414, 44.51308049126271], [11.415426856389338, 44.512810650701404], [11.413918391589878, 44.512842560376974], [11.413907246291373, 44.51257271950205], [11.412021670461971, 44.512612578232655], [11.412010534004931, 44.512342736969764], [11.409747848280153, 44.51239052594615], [11.409758974314844, 44.51266036765621], [11.40900474101771, 44.51267628751174], [11.409015863734195, 44.51294612935578], [11.408261626339145, 44.512962044384054], [11.408272745737317, 44.513231886362014], [11.407895625068827, 44.513239842084495], [11.407906742885734, 44.513509684121914], [11.407529620324228, 44.51351763867476], [11.407551852951263, 44.514057322853446], [11.40717472675953, 44.51406527631105], [11.407208071657175, 44.51487480268987], [11.40683094009785, 44.514882755126614], [11.406842053638083, 44.515152597297295], [11.406464920185648, 44.51516054856429], [11.406476032144358, 44.51543039079438], [11.406098896798802, 44.515438340891606], [11.406110007175942, 44.51570818318109], [11.405732869937264, 44.515716132108516], [11.405743978732781, 44.515985974457394], [11.405366839600974, 44.51599392221501], [11.405422377227461, 44.5173431341063], [11.405045229252618, 44.51735108099152], [11.405067441918222, 44.51789076579179], [11.404690290312567, 44.51789871158144], [11.40470139514135, 44.51816855403343], [11.403569934177568, 44.5181923841597], [11.403636535141676, 44.519811439894745], [11.402505041498976, 44.519835260159645], [11.402516136991052, 44.52010510295259], [11.404401967639593, 44.52006539591768], [11.404413071976197, 44.52033523832407], [11.40479023937673, 44.5203272931096], [11.404823558534186, 44.521136820015755], [11.405955075441863, 44.52111297623671], [11.405977299419435, 44.5216526603196], [11.406354474886205, 44.521644709755634], [11.406343361081628, 44.521374867796084], [11.407474881333238, 44.521351008860776], [11.407430406819145, 44.520271641765575], [11.407807572973296, 44.52026368659605], [11.407785333176054, 44.51972400310734], [11.40853965806562, 44.51970808933299], [11.408528534925429, 44.519438247715044], [11.408905695398593, 44.5194302890358], [11.408916820276488, 44.51970013057928], [11.41004830597315, 44.51967624685207], [11.4100594362202, 44.51994608815706], [11.410436599544745, 44.519938124351455], [11.41044773168559, 44.52020796556691], [11.410824896591803, 44.52020000044241], [11.410847164817287, 44.52073968267925], [11.411601501112486, 44.52072374839896], [11.41161263893501, 44.520993589345764], [11.41274414741999, 44.52096967836869], [11.412755290612163, 44.52123951907675], [11.413509632296682, 44.52122357205417], [11.413520779120779, 44.52149341259799], [11.413143606618803, 44.5215013868061], [11.413154751861317, 44.521771227409545], [11.412777577465208, 44.52177920044784], [11.412822153046184, 44.522858563009905], [11.412444971542094, 44.52286653510216], [11.412456114089958, 44.52313637577976], [11.41207893069164, 44.523144346702104], [11.412123495493168, 44.52422370956075], [11.413255066076099, 44.52419979216501], [11.413266212881366, 44.52446963261835], [11.413643404501249, 44.52446165758942], [11.41365455320094, 44.52473149795311], [11.414031746402644, 44.524723521605], [11.414042896996811, 44.52499336187907], [11.41442009178033, 44.52498538421175], [11.41445023244158, 44.52571463757228], [11.415052282927654, 44.5259878037281], [11.415737659423467, 44.52636318277994], [11.416146468250053, 44.52659601430847], [11.416427322485443, 44.526755571755], [11.416473785502165, 44.526784494573874], [11.416480143580706, 44.526788519145704], [11.416513684839126, 44.52680928912623], [11.417004969751206, 44.527113057957884], [11.417154559169413, 44.52720389185795], [11.417127441168748, 44.52654854343678]], [[11.414663447882877, 44.5217393228121], [11.414685752739915, 44.52227900337686], [11.414308575493207, 44.522286981542166], [11.414297424724417, 44.52201714119263], [11.413920249059283, 44.52202511803885], [11.413909100184721, 44.52175527759966], [11.414663447882877, 44.5217393228121]]]}}, {"type": "Feature", "properties": {"threshold": "ge_4", "source": "HistorySUHI", "period": "2013-2025", "hotspot_percentile": "top_10_pct", "label": ">= 4 estati"}, "geometry": {"type": "Polygon", "coordinates": [[[11.412955894789762, 44.52609664925523], [11.41294474878498, 44.52582680881734], [11.412567548161586, 44.5258347817302], [11.412578692428106, 44.526104622242684], [11.412201489910192, 44.52611259398554], [11.412190347381939, 44.52584275339845], [11.41181314644606, 44.52585072382208], [11.411824287236044, 44.52612056448376], [11.41031547497761, 44.52615243403048], [11.4103266089706, 44.52642227497536], [11.409949403777345, 44.52643023932501], [11.409960536188118, 44.5267000803294], [11.410337743119705, 44.52669211590523], [11.410348877424923, 44.526961956820095], [11.410726085938744, 44.526953991076745], [11.410737569626544, 44.52723224795531], [11.410809476126166, 44.52720872217076], [11.411429808824394, 44.52695535943545], [11.412510942247541, 44.526509386786536], [11.413052149350943, 44.526283011624436], [11.413523520756497, 44.526084648436296], [11.412955894789762, 44.52609664925523]]]}}, {"type": "Feature", "properties": {"threshold": "ge_4", "source": "HistorySUHI", "period": "2013-2025", "hotspot_percentile": "top_10_pct", "label": ">= 4 estati"}, "geometry": {"type": "Polygon", "coordinates": [[[11.410216624722702, 44.53290641928917], [11.409839377646628, 44.53291438418269], [11.409850512065427, 44.5331842249015], [11.408718764683766, 44.53320811233605], [11.408741023556004, 44.53374779417569], [11.408363770638706, 44.53375575431299], [11.40837489856992, 44.53402559528479], [11.408752153226219, 44.53401763507301], [11.408785543173272, 44.53482715767494], [11.409917321857082, 44.53480326889923], [11.409906186501454, 44.53453342827045], [11.410660701365172, 44.53451749634406], [11.410649562687613, 44.534247655849356], [11.41102681814616, 44.534239688093244], [11.411049099135568, 44.53477936891853], [11.411638859617396, 44.53476690799141], [11.411295081679627, 44.53421780004645], [11.411264358025461, 44.534183942382526], [11.410197060764483, 44.53243234428189], [11.410216624722702, 44.53290641928917]]]}}, {"type": "Feature", "properties": {"threshold": "ge_4", "source": "HistorySUHI", "period": "2013-2025", "hotspot_percentile": "top_10_pct", "label": ">= 4 estati"}, "geometry": {"type": "Polygon", "coordinates": [[[11.412236606302377, 44.53610465841474], [11.41224775303015, 44.536374498506085], [11.41262502177656, 44.53636652517325], [11.412636170399859, 44.53663636517498], [11.412815377060703, 44.53663257684975], [11.412710509850985, 44.53647862824112], [11.41247324885095, 44.53609965715009], [11.412236606302377, 44.53610465841474]]]}}, {"type": "Feature", "properties": {"threshold": "ge_4", "source": "HistorySUHI", "period": "2013-2025", "hotspot_percentile": "top_10_pct", "label": ">= 4 estati"}, "geometry": {"type": "Polygon", "coordinates": [[[11.414245658039901, 44.539033015747556], [11.4143097760452, 44.53903165952947], [11.414241098994461, 44.538922750489895], [11.414245658039901, 44.539033015747556]]]}}, {"type": "Feature", "properties": {"threshold": "ge_4", "source": "HistorySUHI", "period": "2013-2025", "hotspot_percentile": "top_10_pct", "label": ">= 4 estati"}, "geometry": {"type": "Polygon", "coordinates": [[[11.420212147833434, 44.528103637622976], [11.420200967548114, 44.52783379872497], [11.419823755991786, 44.52784179588367], [11.419834934538697, 44.52811163485651], [11.420212147833434, 44.528103637622976]]]}}, {"type": "Feature", "properties": {"threshold": "ge_4", "source": "HistorySUHI", "period": "2013-2025", "hotspot_percentile": "top_10_pct", "label": ">= 4 estati"}, "geometry": {"type": "Polygon", "coordinates": [[[11.403991834923255, 44.5284463946994], [11.403237394742328, 44.528462280876525], [11.403259599317986, 44.52900196533933], [11.40363682296342, 44.528994022724504], [11.40362571885918, 44.52872418057491], [11.404002940610344, 44.528716236789656], [11.403991834923255, 44.5284463946994]]]}}, {"type": "Feature", "properties": {"threshold": "ge_4", "source": "HistorySUHI", "period": "2013-2025", "hotspot_percentile": "top_10_pct", "label": ">= 4 estati"}, "geometry": {"type": "Polygon", "coordinates": [[[11.39873290343704, 44.52909717962516], [11.39835567776972, 44.52910510605791], [11.398388917993794, 44.52991463553511], [11.39914337960498, 44.52989878097974], [11.399132295897566, 44.529628937984015], [11.398755066908347, 44.52963686580992], [11.39873290343704, 44.52909717962516]]]}}, {"type": "Feature", "properties": {"threshold": "ge_4", "source": "HistorySUHI", "period": "2013-2025", "hotspot_percentile": "top_10_pct", "label": ">= 4 estati"}, "geometry": {"type": "Polygon", "coordinates": [[[11.403281804516345, 44.5295416497422], [11.403659031639, 44.52953370697871], [11.403670136210346, 44.529803549083326], [11.404047364915938, 44.52979560500073], [11.404025152451688, 44.52925592092518], [11.403270701839325, 44.52927180754826], [11.403281804516345, 44.5295416497422]]]}}, {"type": "Feature", "properties": {"threshold": "ge_4", "source": "HistorySUHI", "period": "2013-2025", "hotspot_percentile": "top_10_pct", "label": ">= 4 estati"}, "geometry": {"type": "Polygon", "coordinates": [[[11.399542781535965, 44.53043053763293], [11.399165547486058, 44.53043846692622], [11.39917663165973, 44.53070830987699], [11.399553867448384, 44.530700380509494], [11.399542781535965, 44.53043053763293]]]}}, {"type": "Feature", "properties": {"threshold": "ge_4", "source": "HistorySUHI", "period": "2013-2025", "hotspot_percentile": "top_10_pct", "label": ">= 4 estati"}, "geometry": {"type": "Polygon", "coordinates": [[[11.39993110308159, 44.530692449897145], [11.399553867448384, 44.530700380509494], [11.39957603973957, 44.531240066217684], [11.39995327885034, 44.53123213545691], [11.39993110308159, 44.530692449897145]]]}}, {"type": "Feature", "properties": {"threshold": "ge_4", "source": "HistorySUHI", "period": "2013-2025", "hotspot_percentile": "top_10_pct", "label": ">= 4 estati"}, "geometry": {"type": "Polygon", "coordinates": [[[11.401084995249686, 44.53120833570539], [11.400707756605424, 44.531216270200765], [11.400718848200643, 44.5314861128097], [11.401096088583719, 44.53147817824008], [11.401084995249686, 44.53120833570539]]]}}, {"type": "Feature", "properties": {"threshold": "ge_4", "source": "HistorySUHI", "period": "2013-2025", "hotspot_percentile": "top_10_pct", "label": ">= 4 estati"}, "geometry": {"type": "Polygon", "coordinates": [[[11.402693856477882, 44.533605164873904], [11.403071109994201, 44.533597223485444], [11.40308221342342, 44.53386706551381], [11.404213978255145, 44.53384323365563], [11.404202869608893, 44.533573391850254], [11.403825616559734, 44.53358133697362], [11.403803403212478, 44.533041653169214], [11.403426153485523, 44.53304959689894], [11.403415048784447, 44.53277975489991], [11.403037800640718, 44.53278769731038], [11.40302669783427, 44.532517855222046], [11.40264945127377, 44.53252579631328], [11.402693856477882, 44.533605164873904]]]}}, {"type": "Feature", "properties": {"threshold": "ge_4", "source": "HistorySUHI", "period": "2013-2025", "hotspot_percentile": "top_10_pct", "label": ">= 4 estati"}, "geometry": {"type": "Polygon", "coordinates": [[[11.399365086394141, 44.53529563774725], [11.398987820887571, 44.53530356713115], [11.3989767358105, 44.53503372436095], [11.399353999577905, 44.53502579505125], [11.399342912917136, 44.53475595234025], [11.39896565088887, 44.53476388157576], [11.39895456612268, 44.534494038775584], [11.399331826411828, 44.53448610961427], [11.399320740061983, 44.534216266873294], [11.398943481511926, 44.53422419596042], [11.398932397056605, 44.53395435313027], [11.399309653867597, 44.53394642411735], [11.399287481945185, 44.53340673856047], [11.398910228612255, 44.533414667425006], [11.398899144623222, 44.533144824549915], [11.395503873286687, 44.53321612763978], [11.395492805103926, 44.53294628408249], [11.39511555369585, 44.532954200349124], [11.395126620139616, 44.53322404398049], [11.394749366837363, 44.53323195907623], [11.394771496712362, 44.533771646442155], [11.395148753492686, 44.5337637311983], [11.3951708874665, 44.53430341835617], [11.395548147569803, 44.53429550171916], [11.395559216528612, 44.53456534520156], [11.395936478215814, 44.53455742724542], [11.39594754906898, 44.53482727063875], [11.39670207545591, 44.534811430843206], [11.39671314994264, 44.535081274073335], [11.397090414642332, 44.53507335223388], [11.397079338416443, 44.534803509077875], [11.398211126366046, 44.53477973631169], [11.398222207809388, 44.535049579245246], [11.397844943575729, 44.53505750481983], [11.397878183620533, 44.53586703375308], [11.39636910426201, 44.535898724490586], [11.396380177630686, 44.536168567734904], [11.397889263946215, 44.53613687670085], [11.397911425063727, 44.53667656255147], [11.398288699732785, 44.53666863653189], [11.398299782263933, 44.53693847936056], [11.398677058516899, 44.536930552021694], [11.398699227524139, 44.537470237485714], [11.399453786521132, 44.53745437877585], [11.39944269846107, 44.53718453619973], [11.399819975986992, 44.5371766050513], [11.399808886343084, 44.5369067625344], [11.40018616197416, 44.536898830215065], [11.40015288875764, 44.536089302797116], [11.39977561834441, 44.53609723489379], [11.399753440456134, 44.53555754972512], [11.399376173365848, 44.53556548042828], [11.399365086394141, 44.53529563774725]]]}}, {"type": "Feature", "properties": {"threshold": "ge_4", "source": "HistorySUHI", "period": "2013-2025", "hotspot_percentile": "top_10_pct", "label": ">= 4 estati"}, "geometry": {"type": "Polygon", "coordinates": [[[11.413890683492538, 44.5395806740476], [11.413901839210562, 44.53985051364529], [11.414656420519146, 44.53983455383282], [11.414666684977435, 44.54008275419727], [11.414797801693505, 44.54004212392154], [11.41489955556813, 44.540010713083696], [11.414831560376733, 44.539869236618514], [11.414642639823862, 44.53956476609786], [11.413890683492538, 44.5395806740476]]]}}, {"type": "Feature", "properties": {"threshold": "ge_4", "source": "HistorySUHI", "period": "2013-2025", "hotspot_percentile": "top_10_pct", "label": ">= 4 estati"}, "geometry": {"type": "Polygon", "coordinates": [[[11.413912995085026, 44.54012035322796], [11.413921144460781, 44.54031746572148], [11.4142540823898, 44.54021061094512], [11.41459167322213, 44.54010599874147], [11.413912995085026, 44.54012035322796]]]}}, {"type": "Feature", "properties": {"threshold": "ge_4", "source": "HistorySUHI", "period": "2013-2025", "hotspot_percentile": "top_10_pct", "label": ">= 4 estati"}, "geometry": {"type": "Polygon", "coordinates": [[[11.424761660482027, 44.50126951719885], [11.4255456739792, 44.501252856612616], [11.425416812760174, 44.50103144468274], [11.425416786131851, 44.501031409238266], [11.425416759130401, 44.50103136479916], [11.425126524602907, 44.5006092251973], [11.42511328561009, 44.50061362963852], [11.424739613319677, 44.50073789249147], [11.424761660482027, 44.50126951719885]]]}}, {"type": "Feature", "properties": {"threshold": "ge_4", "source": "HistorySUHI", "period": "2013-2025", "hotspot_percentile": "top_10_pct", "label": ">= 4 estati"}, "geometry": {"type": "Polygon", "coordinates": [[[11.432807718783693, 44.51325177011313], [11.433184832585505, 44.513243732134455], [11.433162364027707, 44.5127040581017], [11.43278525369987, 44.51271209592994], [11.43277402139416, 44.512442258815774], [11.432019803740024, 44.51245833058994], [11.432071312669134, 44.51369609401273], [11.432605790860062, 44.513521559831425], [11.432816092758053, 44.51345292933395], [11.432807718783693, 44.51325177011313]]]}}, {"type": "Feature", "properties": {"threshold": "ge_4", "source": "HistorySUHI", "period": "2013-2025", "hotspot_percentile": "top_10_pct", "label": ">= 4 estati"}, "geometry": {"type": "Polygon", "coordinates": [[[11.431321713819338, 44.51382358431224], [11.431326528143254, 44.513939303856795], [11.431705964815091, 44.513815398578714], [11.431321713819338, 44.51382358431224]]]}}, {"type": "Feature", "properties": {"threshold": "ge_4", "source": "HistorySUHI", "period": "2013-2025", "hotspot_percentile": "top_10_pct", "label": ">= 4 estati"}, "geometry": {"type": "Polygon", "coordinates": [[[11.430578700206508, 44.51410948437607], [11.430581737697048, 44.51418251563415], [11.43082119708864, 44.514104320022845], [11.430578700206508, 44.51410948437607]]]}}, {"type": "Feature", "properties": {"threshold": "ge_4", "source": "HistorySUHI", "period": "2013-2025", "hotspot_percentile": "top_10_pct", "label": ">= 4 estati"}, "geometry": {"type": "Polygon", "coordinates": [[[11.428715526501465, 44.51468929510153], [11.428338402126075, 44.51469731852744], [11.428347329672045, 44.51491216294616], [11.428719734812605, 44.51479055381893], [11.428715526501465, 44.51468929510153]]]}}, {"type": "Feature", "properties": {"threshold": "ge_4", "source": "HistorySUHI", "period": "2013-2025", "hotspot_percentile": "top_10_pct", "label": ">= 4 estati"}, "geometry": {"type": "Polygon", "coordinates": [[[11.427972488575872, 44.514975178679826], [11.427974923032586, 44.51503377256285], [11.428167028473343, 44.514971040413265], [11.427972488575872, 44.514975178679826]]]}}, {"type": "Feature", "properties": {"threshold": "ge_4", "source": "HistorySUHI", "period": "2013-2025", "hotspot_percentile": "top_10_pct", "label": ">= 4 estati"}, "geometry": {"type": "Polygon", "coordinates": [[[11.427251859031637, 44.51580073373307], [11.427263067168155, 44.5160705717936], [11.425377397146299, 44.51611065347581], [11.425388596753377, 44.51638049189635], [11.425011460540548, 44.51638850457533], [11.425045055091767, 44.51719801997169], [11.42579933778463, 44.517181992919674], [11.425788135969107, 44.51691215461921], [11.426165275342589, 44.516904139301914], [11.426176478895503, 44.517173977527364], [11.426553619849305, 44.517165960890885], [11.426542414559004, 44.51689612274045], [11.426919553618324, 44.516888104934786], [11.426986798141304, 44.518507133161734], [11.427363947468166, 44.51849911366168], [11.427375157176142, 44.51876895157185], [11.426243703511583, 44.51879300656438], [11.426254908164053, 44.519062844684605], [11.425877754890765, 44.519070860601936], [11.425884986136829, 44.51924503303274], [11.425975125432023, 44.51921552474492], [11.426360902745436, 44.519093668092964], [11.426464009559362, 44.51905373771677], [11.426473136375671, 44.51905020376235], [11.426794206945628, 44.51957144032499], [11.426799614378348, 44.519580147853034], [11.427287002398522, 44.52035128645239], [11.427328893339505, 44.520419778237006], [11.427566198156807, 44.52080771063292], [11.42806529332656, 44.520612552257724], [11.428204351491603, 44.520555046371165], [11.428174313137639, 44.519832259578706], [11.427797155437256, 44.51984028194259], [11.427763519686062, 44.51903076857256], [11.428517824504038, 44.51901472305093], [11.428575468534488, 44.520401575235105], [11.428719373898423, 44.520342064845835], [11.429194029456426, 44.52014459472383], [11.429970128201761, 44.51984199304034], [11.43000993407153, 44.5198254902277], [11.430309768578915, 44.519698274749175], [11.430311762352927, 44.51969599066704], [11.430379742446197, 44.519619011963094], [11.429873043231824, 44.51898588187071], [11.429649280551674, 44.51899064543649], [11.429638060261276, 44.51872080799185], [11.429260910140211, 44.518728835032476], [11.429249691744632, 44.51845899749768], [11.4288725432038, 44.51846702321897], [11.428850110359436, 44.51792734795408], [11.42847296513631, 44.51793537228094], [11.428461750687449, 44.51766553455085], [11.428815000146795, 44.517658018093435], [11.428677661608049, 44.51748526632619], [11.427337233164833, 44.51579891818734], [11.427251859031637, 44.51580073373307]], [[11.428484179742398, 44.518205209996005], [11.428107032624577, 44.51821323315372], [11.428095819755962, 44.51794339536359], [11.42847296513631, 44.51793537228094], [11.428484179742398, 44.518205209996005]]]}}, {"type": "Feature", "properties": {"threshold": "ge_4", "source": "HistorySUHI", "period": "2013-2025", "hotspot_percentile": "top_10_pct", "label": ">= 4 estati"}, "geometry": {"type": "Polygon", "coordinates": [[[11.4255118027948, 44.51934871353018], [11.425512559899776, 44.51936695167621], [11.425572192306525, 44.51934743022091], [11.4255118027948, 44.51934871353018]]]}}, {"type": "Feature", "properties": {"threshold": "ge_4", "source": "HistorySUHI", "period": "2013-2025", "hotspot_percentile": "top_10_pct", "label": ">= 4 estati"}, "geometry": {"type": "Polygon", "coordinates": [[[11.424503504047197, 44.52234097259777], [11.424126329136037, 44.522348983193126], [11.424148721828116, 44.5228886599275], [11.424903078445038, 44.52287263719249], [11.424909953023363, 44.523038261137906], [11.424988015916334, 44.5230162788555], [11.425003606899551, 44.52301172544452], [11.425217838120965, 44.522947604226715], [11.425262464823588, 44.522924986956234], [11.425334858597038, 44.522888302895865], [11.425336543703885, 44.52288736683803], [11.425381123541761, 44.522767838198625], [11.425380514210579, 44.52276710393491], [11.425334852670428, 44.52272902112239], [11.424697499422297, 44.52194727717499], [11.424687460746332, 44.52193521995319], [11.424491716376364, 44.52167211934502], [11.424488873860975, 44.52166820960006], [11.424474798811659, 44.521649243159224], [11.424503504047197, 44.52234097259777]]]}}, {"type": "Feature", "properties": {"threshold": "ge_4", "source": "HistorySUHI", "period": "2013-2025", "hotspot_percentile": "top_10_pct", "label": ">= 4 estati"}, "geometry": {"type": "Polygon", "coordinates": [[[11.42079883398457, 44.52404005661969], [11.420843561193319, 44.525119412364134], [11.420466367333233, 44.52512741126367], [11.42045518703401, 44.52485757227524], [11.419323609727707, 44.52488156128205], [11.419334784812506, 44.52515140049493], [11.418957590325526, 44.525159394416235], [11.418979937488823, 44.52569907294657], [11.417848342658873, 44.52572304769184], [11.417859511260849, 44.52599288715881], [11.418236711432353, 44.52598489674687], [11.418247881929178, 44.52625473612405], [11.41862508368231, 44.526246744392736], [11.418658601327435, 44.527056262209825], [11.4190358081388, 44.52704826900953], [11.419024633695452, 44.52677842982698], [11.41940183861182, 44.52677043545685], [11.41939066258686, 44.52650059633408], [11.419767865608236, 44.526492600794136], [11.419779043371488, 44.52676243984209], [11.420156247974425, 44.52675444298271], [11.42012270994006, 44.525944926018276], [11.420499909171468, 44.52593692813879], [11.42048872840196, 44.525667089195444], [11.42086592573839, 44.52565909014622], [11.420877108246108, 44.52592892901472], [11.421072502818024, 44.525924783736755], [11.421077172975037, 44.52591978950281], [11.421114231545001, 44.52587965340599], [11.421269566897681, 44.52573195793002], [11.421340804089528, 44.525653565199704], [11.421389741221146, 44.525601572772146], [11.421429672500787, 44.52551568776996], [11.421434809365268, 44.525504514685785], [11.421528868131533, 44.525307281390226], [11.421550405087144, 44.52525731956366], [11.421550897469695, 44.525256750961006], [11.421581286752447, 44.525186282611386], [11.421593020539486, 44.525153624558605], [11.42159514420301, 44.525119549923325], [11.421598185157716, 44.52488659882573], [11.421577093435292, 44.52481493596722], [11.421524424636639, 44.52465544805748], [11.42144527136444, 44.52452794979758], [11.421383504099843, 44.52442825161228], [11.421334420162797, 44.52433701681033], [11.421324601939524, 44.52431994920995], [11.421308237637872, 44.52429189332988], [11.421306882838932, 44.52428896023352], [11.421285200864512, 44.524248584645996], [11.421282867740894, 44.52423722792236], [11.421282757837606, 44.5242370051902], [11.42128277403643, 44.52423678878572], [11.421280470906016, 44.52422554845878], [11.421287673296181, 44.52414428283007], [11.421293727200643, 44.52408995914576], [11.421303815066413, 44.524029345519], [11.42079883398457, 44.52404005661969]]]}}]}