{"type": "FeatureCollection", "features": [{"type": "Feature", "properties": {"threshold": "ge_10", "source": "HistorySUHI", "period": "2013-2025", "hotspot_percentile": "top_10_pct", "label": ">= 10 estati"}, "geometry": {"type": "Polygon", "coordinates": [[[11.264629303894687, 44.49078466166052], [11.264071832933858, 44.49090575916801], [11.26402761636276, 44.490906501057246], [11.264027317187702, 44.49090657000878], [11.263959783252089, 44.49092161130197], [11.263710083219534, 44.49097751773258], [11.263603981618202, 44.491001155850256], [11.263011787659206, 44.49113312642855], [11.262969254214168, 44.491142594070325], [11.26275959947422, 44.49118945821045], [11.261882949016837, 44.491395894723205], [11.261831446964605, 44.49140078626849], [11.26178185670769, 44.491391694888236], [11.26177407614351, 44.49139441478231], [11.261733181919563, 44.49140887603611], [11.261753023190643, 44.49192199594091], [11.262130045736718, 44.49191452558111], [11.262140483118477, 44.49218439667315], [11.2625175072542, 44.49217692499989], [11.262527946518238, 44.49244679600725], [11.263659023255222, 44.492424373316304], [11.263648578783279, 44.49215450251878], [11.264025602333529, 44.49214702587132], [11.26399426458837, 44.49133741360017], [11.264371282784452, 44.491329935919104], [11.264360835426382, 44.49106006520253], [11.264737851740158, 44.491052586347955], [11.264727402792692, 44.49078271568662], [11.264629303894687, 44.49078466166052]]]}}, {"type": "Feature", "properties": {"threshold": "ge_10", "source": "HistorySUHI", "period": "2013-2025", "hotspot_percentile": "top_10_pct", "label": ">= 10 estati"}, "geometry": {"type": "Polygon", "coordinates": [[[11.249487649125596, 44.496755667040226], [11.249729372154187, 44.49675090350423], [11.249485731548909, 44.496705814592325], [11.249487649125596, 44.496755667040226]]]}}, {"type": "Feature", "properties": {"threshold": "ge_10", "source": "HistorySUHI", "period": "2013-2025", "hotspot_percentile": "top_10_pct", "label": ">= 10 estati"}, "geometry": {"type": "Polygon", "coordinates": [[[11.24987508856995, 44.49701810967863], [11.250629205358921, 44.497003244799586], [11.250639591545383, 44.49727311778846], [11.25177077084619, 44.497250810932705], [11.251781162387706, 44.49752068369809], [11.252535284666214, 44.497505806102694], [11.252524889651742, 44.497235933476546], [11.2531262993863, 44.49722406472863], [11.253050209858175, 44.49721580913725], [11.252011004100543, 44.497110746205614], [11.251600376953368, 44.49707284269105], [11.251243109876064, 44.49703305719311], [11.251108944809754, 44.49701818384988], [11.251046337037486, 44.497005275333166], [11.250952415456858, 44.496985980208606], [11.250850644759513, 44.49696602053116], [11.250584411354504, 44.496921125077186], [11.250443904354585, 44.496888523839054], [11.249959398463917, 44.49679347291092], [11.24986577979498, 44.49677614753976], [11.24987508856995, 44.49701810967863]]]}}, {"type": "Feature", "properties": {"threshold": "ge_10", "source": "HistorySUHI", "period": "2013-2025", "hotspot_percentile": "top_10_pct", "label": ">= 10 estati"}, "geometry": {"type": "Polygon", "coordinates": [[[11.280698678068534, 44.493975762976], [11.280709201836434, 44.49424563049516], [11.280332169128451, 44.49425316249176], [11.280342691307794, 44.494523030066645], [11.281473794197371, 44.49450043013452], [11.281452739569831, 44.49396069539299], [11.280698678068534, 44.493975762976]]]}}, {"type": "Feature", "properties": {"threshold": "ge_10", "source": "HistorySUHI", "period": "2013-2025", "hotspot_percentile": "top_10_pct", "label": ">= 10 estati"}, "geometry": {"type": "Polygon", "coordinates": [[[11.281850828198786, 44.49449289433661], [11.282227862052608, 44.49448535729509], [11.282217331192927, 44.494215490072776], [11.281840299075167, 44.494223027043766], [11.281850828198786, 44.49449289433661]]]}}, {"type": "Feature", "properties": {"threshold": "ge_10", "source": "HistorySUHI", "period": "2013-2025", "hotspot_percentile": "top_10_pct", "label": ">= 10 estati"}, "geometry": {"type": "Polygon", "coordinates": [[[11.279832349413901, 44.51046779204816], [11.279821823740445, 44.510197925133504], [11.279444687972205, 44.51020545631285], [11.279455211908147, 44.51047532329799], [11.279078074254844, 44.510482853303515], [11.27908859660079, 44.510752720344335], [11.27871145706242, 44.51076024917602], [11.278721977818321, 44.511030116272536], [11.278344836394878, 44.51103764393036], [11.278355355560688, 44.511307511082535], [11.278732498721729, 44.51129998335427], [11.278753540971069, 44.51183971747343], [11.280639271939437, 44.511802059462276], [11.280628742052825, 44.51153219276249], [11.281005886066065, 44.511524657497716], [11.280984823260548, 44.51098492419486], [11.280607682722493, 44.51099245931861], [11.28059715327877, 44.510722592574496], [11.280220014330649, 44.510730126383415], [11.280209486772081, 44.510460259554044], [11.279832349413901, 44.51046779204816]]]}}, {"type": "Feature", "properties": {"threshold": "ge_10", "source": "HistorySUHI", "period": "2013-2025", "hotspot_percentile": "top_10_pct", "label": ">= 10 estati"}, "geometry": {"type": "Polygon", "coordinates": [[[11.270864885672628, 44.51280714690753], [11.27083343066854, 44.511997541408654], [11.269701981042305, 44.51202004288752], [11.269733420406656, 44.51282964901814], [11.270864885672628, 44.51280714690753]]]}}, {"type": "Feature", "properties": {"threshold": "ge_10", "source": "HistorySUHI", "period": "2013-2025", "hotspot_percentile": "top_10_pct", "label": ">= 10 estati"}, "geometry": {"type": "Polygon", "coordinates": [[[11.283751334551395, 44.51417053649092], [11.28299701369085, 44.51418562460873], [11.282965389206872, 44.51337602613393], [11.28334254449763, 44.51336848290902], [11.283310916130594, 44.512558884512984], [11.282933766053047, 44.51256642752613], [11.282912684689434, 44.51202669504702], [11.282535537939454, 44.51203423667463], [11.282524999216964, 44.51176437034233], [11.281393563293518, 44.51178698754734], [11.281404096803069, 44.512056854091284], [11.281781243996248, 44.51204931619676], [11.281791779391156, 44.5123191826554], [11.281414630460302, 44.51232672062047], [11.281425164265226, 44.512596587134865], [11.281802314933776, 44.512589049099255], [11.28181285062411, 44.51285891552835], [11.282190002882665, 44.51285137617779], [11.28220054045846, 44.513121242521535], [11.28182338646216, 44.51312878194265], [11.281844458581421, 44.513668514726916], [11.281090143194552, 44.51368359011808], [11.281100676000127, 44.51395345662912], [11.280723516347342, 44.513960992528574], [11.280734047562744, 44.51423085909537], [11.279979724338535, 44.51424592730194], [11.280000780260755, 44.51478566067322], [11.279623614951442, 44.51479319305081], [11.279634141396041, 44.51506305978479], [11.280011308443285, 44.51505552733671], [11.280021836773427, 44.51532539398541], [11.279267499055441, 44.51534045777802], [11.279278024057245, 44.51561032455293], [11.281163875934894, 44.5155726553851], [11.281174409774264, 44.515842521792706], [11.283437437581222, 44.51579727729899], [11.283426893313935, 44.51552741131479], [11.284935568610178, 44.51549722371113], [11.284925017538933, 44.51522735799465], [11.285302184255272, 44.51521980805313], [11.285259974498082, 44.51414034532196], [11.284505654820537, 44.51415544339533], [11.284516203562212, 44.51442530924158], [11.283761879817368, 44.51444040247842], [11.283751334551395, 44.51417053649092]], [[11.282672554778685, 44.51554249764959], [11.282662014135148, 44.51527263150942], [11.28341634919449, 44.515257545315805], [11.283426893313935, 44.51552741131479], [11.282672554778685, 44.51554249764959]]]}}, {"type": "Feature", "properties": {"threshold": "ge_10", "source": "HistorySUHI", "period": "2013-2025", "hotspot_percentile": "top_10_pct", "label": ">= 10 estati"}, "geometry": {"type": "Polygon", "coordinates": [[[11.266621608107984, 44.5201835543918], [11.266611139850788, 44.51991368546354], [11.26698834159924, 44.51990619538207], [11.266977871750392, 44.51963632650916], [11.26735507161361, 44.51962883525304], [11.267344600173164, 44.51935896643548], [11.26809899598229, 44.519343980329324], [11.268088521211922, 44.51907411163726], [11.269597304114018, 44.51904412476908], [11.269586822537146, 44.51877425634287], [11.269964016156973, 44.51876675658428], [11.269890637066117, 44.51687767767891], [11.26951345561397, 44.51688517694623], [11.269502975212761, 44.51661530840197], [11.26912579535181, 44.51662280635452], [11.269104838466447, 44.51608306908139], [11.268727661934797, 44.51609056564904], [11.268717185450566, 44.51582069692018], [11.2683400105101, 44.51582819217313], [11.268319061458389, 44.51528845453088], [11.267941889847142, 44.51529594839899], [11.267900000457917, 44.514216472656905], [11.268277165117283, 44.514208979069295], [11.268256217827847, 44.51366924124997], [11.26712473383669, 44.51369171785864], [11.26713520219432, 44.51396158698602], [11.266758038832464, 44.51396907677007], [11.266768505598954, 44.51423894595278], [11.26601417495917, 44.514253921927576], [11.266024638396523, 44.514523791235696], [11.265647471118612, 44.514531277426414], [11.265710244395486, 44.51615049338571], [11.265333066542674, 44.5161579787522], [11.265343527530794, 44.51642784809719], [11.264966347793186, 44.51643533228913], [11.264987266733138, 44.516975071074896], [11.26461008337255, 44.516982554162325], [11.26463099942271, 44.51752229302916], [11.26425381243906, 44.517529775012], [11.264264268945846, 44.51779964449332], [11.263887080077332, 44.51780712530152], [11.263897534992456, 44.51807699483809], [11.263520344239069, 44.51808447447165], [11.263551704649032, 44.518894083202866], [11.263174508534084, 44.518901561801705], [11.263205865048029, 44.51971117061018], [11.262828663571309, 44.51971864817423], [11.262860016188862, 44.52052825705993], [11.26248280935016, 44.52053573358915], [11.262503708350826, 44.521075472912464], [11.261749287279702, 44.5210904225164], [11.261759733522654, 44.521360292295846], [11.262514158070942, 44.52134534255201], [11.262524607937586, 44.521615212176805], [11.262901821730555, 44.521607735367716], [11.262891370125308, 44.521337865812875], [11.264023005409003, 44.52131542812665], [11.264012548734584, 44.52104555876705], [11.265521386772397, 44.52101562470492], [11.265510923290435, 44.52074575561071], [11.265888130694616, 44.52073826905327], [11.265867200693846, 44.520198530960705], [11.266621608107984, 44.5201835543918]]]}}, {"type": "Feature", "properties": {"threshold": "ge_10", "source": "HistorySUHI", "period": "2013-2025", "hotspot_percentile": "top_10_pct", "label": ">= 10 estati"}, "geometry": {"type": "Polygon", "coordinates": [[[11.270477526793961, 44.52226754214549], [11.270488013758929, 44.52253741023945], [11.270110795947197, 44.522544912225534], [11.270131766840912, 44.52308464850958], [11.271640651114911, 44.52305463253441], [11.271630158639757, 44.52278476468066], [11.27200737760181, 44.52277725764496], [11.27198638961557, 44.522237522033684], [11.271609174130825, 44.522245028928886], [11.27159868209704, 44.521975161030845], [11.271221468203791, 44.52198266661098], [11.271231958498959, 44.522252534579245], [11.270477526793961, 44.52226754214549]]]}}, {"type": "Feature", "properties": {"threshold": "ge_10", "source": "HistorySUHI", "period": "2013-2025", "hotspot_percentile": "top_10_pct", "label": ">= 10 estati"}, "geometry": {"type": "Polygon", "coordinates": [[[11.244521846107832, 44.5246713639661], [11.244511478243341, 44.524401491143585], [11.244888714691866, 44.52439407346268], [11.244878345233822, 44.52412420069487], [11.243746640668949, 44.5241464497944], [11.243757004910165, 44.52441632277042], [11.244134241649434, 44.52440890757949], [11.244144607774954, 44.52467878047143], [11.244521846107832, 44.5246713639661]]]}}, {"type": "Feature", "properties": {"threshold": "ge_10", "source": "HistorySUHI", "period": "2013-2025", "hotspot_percentile": "top_10_pct", "label": ">= 10 estati"}, "geometry": {"type": "Polygon", "coordinates": [[[11.24565356023405, 44.52464910698015], [11.24564318715267, 44.52437923436592], [11.245265950994986, 44.5243866545368], [11.245276322337403, 44.52465652722046], [11.24565356023405, 44.52464910698015]]]}}, {"type": "Feature", "properties": {"threshold": "ge_10", "source": "HistorySUHI", "period": "2013-2025", "hotspot_percentile": "top_10_pct", "label": ">= 10 estati"}, "geometry": {"type": "Polygon", "coordinates": [[[11.244909454044189, 44.52493381895417], [11.244899084295323, 44.52466394621579], [11.244521846107832, 44.5246713639661], [11.24453221411771, 44.524941236773905], [11.244909454044189, 44.52493381895417]]]}}, {"type": "Feature", "properties": {"threshold": "ge_10", "source": "HistorySUHI", "period": "2013-2025", "hotspot_percentile": "top_10_pct", "label": ">= 10 estati"}, "geometry": {"type": "Polygon", "coordinates": [[[11.276712770040605, 44.5272748120826], [11.277090016648287, 44.52726728766705], [11.277068978443035, 44.52672755438663], [11.27669173531342, 44.52673507866137], [11.276670701176153, 44.526195345181044], [11.276293461377035, 44.52620286806997], [11.276303976632953, 44.52647273488792], [11.275172251134054, 44.52649529629594], [11.27518276132041, 44.52676516331026], [11.274805517453641, 44.526772681359965], [11.274816026048345, 44.52704254842986], [11.274438780295181, 44.527050065304884], [11.274449287298184, 44.527319932430366], [11.273694791871744, 44.52733496258601], [11.273726303330111, 44.5281445642958], [11.274103556334333, 44.52813704962954], [11.274114062187545, 44.5284069167663], [11.276000333694128, 44.528369324407095], [11.275989819145135, 44.528099457622154], [11.276367071265064, 44.52809193548546], [11.27635655512439, 44.52782206875614], [11.277111055443578, 44.527807020888375], [11.277100535972178, 44.52753715428509], [11.276723287625424, 44.52754467877107], [11.276712770040605, 44.5272748120826]]]}}, {"type": "Feature", "properties": {"threshold": "ge_10", "source": "HistorySUHI", "period": "2013-2025", "hotspot_percentile": "top_10_pct", "label": ">= 10 estati"}, "geometry": {"type": "Polygon", "coordinates": [[[11.270603767472368, 44.53522869929279], [11.27059327533314, 44.53495883182232], [11.270970573149118, 44.53495132660612], [11.270949585832565, 44.53441159176137], [11.271704174063984, 44.53439657787382], [11.271693677147013, 44.53412671056981], [11.27207096930221, 44.53411920182828], [11.272049972430526, 44.5335794673165], [11.272427260959141, 44.53357195747019], [11.272406261197109, 44.53303222303992], [11.272783546099223, 44.53302471208888], [11.272741541383873, 44.53194524333233], [11.272364263439961, 44.53195275400221], [11.272332766668075, 44.53114315206891], [11.271955493795334, 44.53115066128275], [11.271934500162367, 44.530610926446194], [11.271557230621239, 44.530618434274295], [11.271525746493815, 44.52980883169798], [11.271903010816894, 44.52980132408064], [11.271892514662788, 44.52953145659594], [11.272269777099378, 44.52952394780373], [11.272259279353186, 44.52925408037452], [11.271127496819703, 44.52927660280496], [11.271117004438478, 44.52900673515022], [11.270739745038934, 44.529014240066545], [11.270729254544076, 44.52874437232682], [11.270351996736657, 44.5287518759278], [11.270341508128114, 44.5284820081031], [11.267700711533763, 44.52853449795555], [11.26771118796776, 44.52880436627147], [11.266956669854068, 44.52881935230648], [11.266977616205732, 44.52935908917452], [11.266600353450034, 44.529366580464554], [11.266652713202662, 44.530715922727026], [11.267029984655148, 44.53070843108647], [11.267050933063066, 44.53124816774797], [11.26742820784755, 44.53124067472198], [11.267438684011314, 44.53151054296047], [11.267815960388361, 44.531503048619115], [11.267826438438536, 44.53177291677271], [11.268203716408141, 44.53176542111596], [11.268224676428384, 44.53230515723864], [11.268601957730082, 44.532297660196335], [11.268631185850765, 44.53305015447142], [11.269056507779228, 44.532499250630394], [11.269086739650078, 44.53254559796996], [11.2690918219086, 44.532553311155866], [11.26917758980799, 44.53244856319944], [11.269466804753472, 44.532872397144835], [11.269847871927547, 44.53346743283226], [11.270117709504085, 44.53388174755583], [11.270493759363658, 44.53447039893323], [11.270501413019453, 44.534482733228096], [11.270501440270737, 44.534482786701325], [11.270714396801615, 44.534826192951215], [11.270707129049052, 44.53487558140581], [11.27066155466095, 44.53492383228625], [11.270562689930985, 44.53495493097451], [11.270562392988918, 44.53495506291627], [11.270231529621624, 44.535105125805515], [11.270225502922964, 44.53514209305072], [11.27025830729711, 44.535205988863275], [11.270280052977617, 44.53523513758797], [11.270603767472368, 44.53522869929279]], [[11.268947788637776, 44.53148055812362], [11.268570512701615, 44.531488056200686], [11.268560031319437, 44.53121818817262], [11.26893730551613, 44.53121069016573], [11.268947788637776, 44.53148055812362]], [[11.268916339713861, 44.53067095420566], [11.269670880708494, 44.53065595473696], [11.269660394549087, 44.53038608687515], [11.270037663086452, 44.53037858534321], [11.270069127224064, 44.531188188673724], [11.26893730551613, 44.53121069016573], [11.268916339713861, 44.53067095420566]]]}}, {"type": "Feature", "properties": {"threshold": "ge_10", "source": "HistorySUHI", "period": "2013-2025", "hotspot_percentile": "top_10_pct", "label": ">= 10 estati"}, "geometry": {"type": "Polygon", "coordinates": [[[11.268256117561023, 44.53311476131196], [11.26826659823252, 44.53338462930689], [11.267889309825431, 44.53339212538451], [11.26791026813001, 44.53393186147041], [11.267532976096604, 44.533939356442986], [11.267543453729614, 44.53420922453393], [11.267739321979935, 44.53420533323421], [11.268387857603637, 44.53336534113326], [11.26841183518148, 44.533334265033936], [11.268497694456679, 44.53322306096136], [11.26858637321172, 44.533108198633556], [11.268256117561023, 44.53311476131196]]]}}, {"type": "Feature", "properties": {"threshold": "ge_10", "source": "HistorySUHI", "period": "2013-2025", "hotspot_percentile": "top_10_pct", "label": ">= 10 estati"}, "geometry": {"type": "Polygon", "coordinates": [[[11.2628791271677, 44.54051352973074], [11.262881668364015, 44.54057910193018], [11.262890370136622, 44.540565558634505], [11.262924372240311, 44.54051263269838], [11.2628791271677, 44.54051352973074]]]}}, {"type": "Feature", "properties": {"threshold": "ge_10", "source": "HistorySUHI", "period": "2013-2025", "hotspot_percentile": "top_10_pct", "label": ">= 10 estati"}, "geometry": {"type": "Polygon", "coordinates": [[[11.262512248114366, 44.5407908776658], [11.262521360666796, 44.54102604921988], [11.262707140316547, 44.54080578617531], [11.2627232414464, 44.54078669552283], [11.262512248114366, 44.5407908776658]]]}}, {"type": "Feature", "properties": {"threshold": "ge_10", "source": "HistorySUHI", "period": "2013-2025", "hotspot_percentile": "top_10_pct", "label": ">= 10 estati"}, "geometry": {"type": "Polygon", "coordinates": [[[11.262155820928994, 44.54133809323868], [11.262160315879072, 44.541454109151495], [11.262259908735977, 44.54133603041732], [11.262155820928994, 44.54133809323868]]]}}, {"type": "Feature", "properties": {"threshold": "ge_10", "source": "HistorySUHI", "period": "2013-2025", "hotspot_percentile": "top_10_pct", "label": ">= 10 estati"}, "geometry": {"type": "Polygon", "coordinates": [[[11.280017156440527, 44.544223656476646], [11.280027695506094, 44.544493521741096], [11.280405052429183, 44.544485984097285], [11.280415593383179, 44.544755849276406], [11.280792951899036, 44.54474831031628], [11.280803494741505, 44.54501817541008], [11.281180854850128, 44.54501063513363], [11.281170310267028, 44.54474077011038], [11.281547668487129, 44.544733228658714], [11.281526576283413, 44.54419349870904], [11.281149221544498, 44.544201040019566], [11.28113867740506, 44.54393117495201], [11.28038397096471, 44.5439462536947], [11.280394511623028, 44.54421611890337], [11.280017156440527, 44.544223656476646]]]}}, {"type": "Feature", "properties": {"threshold": "ge_10", "source": "HistorySUHI", "period": "2013-2025", "hotspot_percentile": "top_10_pct", "label": ">= 10 estati"}, "geometry": {"type": "Polygon", "coordinates": [[[11.252089896707963, 44.5545007534775], [11.252093756343076, 44.55460077273454], [11.252105620087045, 44.55458650839544], [11.25216113674027, 44.55451974878414], [11.252176281989309, 44.55449904910173], [11.252089896707963, 44.5545007534775]]]}}, {"type": "Feature", "properties": {"threshold": "ge_10", "source": "HistorySUHI", "period": "2013-2025", "hotspot_percentile": "top_10_pct", "label": ">= 10 estati"}, "geometry": {"type": "Polygon", "coordinates": [[[11.309729618066816, 44.49339207028814], [11.309665676587551, 44.49177289763615], [11.308911658183273, 44.49178815089233], [11.308932964469296, 44.49232787545446], [11.308555951571709, 44.49233550036015], [11.308577254983494, 44.49287522500569], [11.30895427135263, 44.49286759995728], [11.308975578833294, 44.49340732440081], [11.309729618066816, 44.49339207028814]]]}}, {"type": "Feature", "properties": {"threshold": "ge_10", "source": "HistorySUHI", "period": "2013-2025", "hotspot_percentile": "top_10_pct", "label": ">= 10 estati"}, "geometry": {"type": "Polygon", "coordinates": [[[11.285391769561649, 44.49820314784815], [11.285381222743945, 44.497933281397486], [11.285004167500999, 44.49794082930597], [11.28501471258232, 44.498210695827275], [11.285391769561649, 44.49820314784815]]]}}, {"type": "Feature", "properties": {"threshold": "ge_10", "source": "HistorySUHI", "period": "2013-2025", "hotspot_percentile": "top_10_pct", "label": ">= 10 estati"}, "geometry": {"type": "Polygon", "coordinates": [[[11.33140236317111, 44.497542820654395], [11.331413122110135, 44.497812678370586], [11.33179016419409, 44.49780497727572], [11.331800925020074, 44.49807483490496], [11.332555012207717, 44.49805942884027], [11.33253348376208, 44.497519713855255], [11.33140236317111, 44.497542820654395]]]}}, {"type": "Feature", "properties": {"threshold": "ge_10", "source": "HistorySUHI", "period": "2013-2025", "hotspot_percentile": "top_10_pct", "label": ">= 10 estati"}, "geometry": {"type": "Polygon", "coordinates": [[[11.314069023609315, 44.498165584365346], [11.313691974463234, 44.49817322700889], [11.313724007376914, 44.498982810190476], [11.314101061731856, 44.498975167332354], [11.31411174140545, 44.4992450282917], [11.314488797347018, 44.499237384118345], [11.314478115937092, 44.49896752323053], [11.315232223898345, 44.49895223129573], [11.315210854582512, 44.49841250976182], [11.315587904865902, 44.49840486207201], [11.315566532676685, 44.49786514062189], [11.314058344534535, 44.49789572334665], [11.314069023609315, 44.498165584365346]]]}}, {"type": "Feature", "properties": {"threshold": "ge_10", "source": "HistorySUHI", "period": "2013-2025", "hotspot_percentile": "top_10_pct", "label": ">= 10 estati"}, "geometry": {"type": "Polygon", "coordinates": [[[11.323925872127381, 44.49931573465939], [11.323915147159598, 44.49904587557857], [11.324669251090425, 44.499030521315575], [11.324626338832847, 44.49795108541854], [11.32500338362778, 44.497943406708956], [11.324992654203177, 44.497673547769416], [11.323861524575756, 44.49769657995175], [11.323893697675055, 44.4985061573724], [11.323516648956636, 44.49851383249472], [11.323548818200148, 44.499323409997196], [11.323171764122598, 44.499331084091295], [11.323193207563866, 44.49987080249567], [11.323570265114085, 44.49986312825794], [11.323602436612425, 44.50067270553768], [11.323979499221492, 44.50066502984074], [11.323968773501967, 44.50039517083418], [11.324345834224266, 44.50038749396532], [11.324356561680203, 44.50065735290005], [11.324733623988534, 44.50064967471561], [11.324722894796185, 44.50037981585273], [11.325099955217702, 44.500372136496395], [11.325057033006916, 44.49929270118382], [11.323925872127381, 44.49931573465939]]]}}, {"type": "Feature", "properties": {"threshold": "ge_10", "source": "HistorySUHI", "period": "2013-2025", "hotspot_percentile": "top_10_pct", "label": ">= 10 estati"}, "geometry": {"type": "Polygon", "coordinates": [[[11.306958296930528, 44.49965989357853], [11.306968943911796, 44.499929755865196], [11.30659188150781, 44.49993737530649], [11.306613172445172, 44.500477099977935], [11.306990238322097, 44.50046948039404], [11.307000885751131, 44.50073934263624], [11.308886221578893, 44.50070122570317], [11.30883294251503, 44.499351916127466], [11.308078825996361, 44.49936716591853], [11.308068174104452, 44.499097303816214], [11.3076911173575, 44.4991049267748], [11.307701767513032, 44.49937478894846], [11.307324708880406, 44.499382410734626], [11.307335357448832, 44.49965227296479], [11.306958296930528, 44.49965989357853]]]}}, {"type": "Feature", "properties": {"threshold": "ge_10", "source": "HistorySUHI", "period": "2013-2025", "hotspot_percentile": "top_10_pct", "label": ">= 10 estati"}, "geometry": {"type": "Polygon", "coordinates": [[[11.331865493143779, 44.49969398036832], [11.331887017058522, 44.50023369540386], [11.33113290148744, 44.500249097647085], [11.331143660198379, 44.500518955286694], [11.332274838537804, 44.50049584984006], [11.332253310848643, 44.499956134978405], [11.332630366520679, 44.4999484308196], [11.332619601166117, 44.499678573438565], [11.33299665495094, 44.49967086810816], [11.332985888011004, 44.49940101078438], [11.33223178376302, 44.49941642005731], [11.33224254723039, 44.499686277525285], [11.331865493143779, 44.49969398036832]]]}}, {"type": "Feature", "properties": {"threshold": "ge_10", "source": "HistorySUHI", "period": "2013-2025", "hotspot_percentile": "top_10_pct", "label": ">= 10 estati"}, "geometry": {"type": "Polygon", "coordinates": [[[11.290064404487667, 44.501890591963324], [11.290074974364126, 44.502160457343585], [11.290452055467691, 44.50215289213392], [11.290441483854519, 44.501883026824444], [11.29081856307317, 44.50187546044167], [11.29079741681807, 44.501335729919944], [11.290420341072767, 44.50134329616111], [11.290409769904187, 44.50107343080727], [11.289655621442309, 44.50108855941638], [11.28968732497264, 44.5018981558583], [11.290064404487667, 44.501890591963324]]]}}, {"type": "Feature", "properties": {"threshold": "ge_10", "source": "HistorySUHI", "period": "2013-2025", "hotspot_percentile": "top_10_pct", "label": ">= 10 estati"}, "geometry": {"type": "Polygon", "coordinates": [[[11.297271299478421, 44.502826097663196], [11.2972606961589, 44.50255623367446], [11.296883614253277, 44.50256382141632], [11.29687301281912, 44.50229395734177], [11.296495932501596, 44.50230154376871], [11.29648533295275, 44.50203167960837], [11.29610825422333, 44.50203926472043], [11.29609765655975, 44.5017694004743], [11.295720579418441, 44.501776984271515], [11.295709983640077, 44.5015071199396], [11.295332908086882, 44.50151470242197], [11.295322314193685, 44.501244838004304], [11.29494524022861, 44.50125241917186], [11.294955832385176, 44.501522283660464], [11.29457875653498, 44.501529863655094], [11.294589347103374, 44.50179972819984], [11.294212269368053, 44.50180730702151], [11.294222858348228, 44.502077171622396], [11.293845778727775, 44.50208474927109], [11.293951659326178, 44.50478339517502], [11.29546004638997, 44.50475307427946], [11.295449450714452, 44.5044832100394], [11.296203639881346, 44.50446804226951], [11.296182442028396, 44.5039283140289], [11.29655953291521, 44.50392072841993], [11.296538332182932, 44.50338100026207], [11.296915419447481, 44.50337341355114], [11.296894215836057, 44.50283368547606], [11.297271299478421, 44.502826097663196]]]}}, {"type": "Feature", "properties": {"threshold": "ge_10", "source": "HistorySUHI", "period": "2013-2025", "hotspot_percentile": "top_10_pct", "label": ">= 10 estati"}, "geometry": {"type": "Polygon", "coordinates": [[[11.333136638905795, 44.503179011964576], [11.333125870003553, 44.50290915483404], [11.331994645684478, 44.50293226968976], [11.332005409376924, 44.50320212703659], [11.333136638905795, 44.503179011964576]]]}}, {"type": "Feature", "properties": {"threshold": "ge_10", "source": "HistorySUHI", "period": "2013-2025", "hotspot_percentile": "top_10_pct", "label": ">= 10 estati"}, "geometry": {"type": "Polygon", "coordinates": [[[11.309391194127038, 44.50393193919826], [11.309380534485976, 44.50366207756204], [11.30862636269556, 44.50367733212448], [11.308668988261882, 44.504756779151464], [11.309046081179082, 44.504749152206706], [11.309014106569752, 44.50393956717282], [11.309391194127038, 44.50393193919826]]]}}, {"type": "Feature", "properties": {"threshold": "ge_10", "source": "HistorySUHI", "period": "2013-2025", "hotspot_percentile": "top_10_pct", "label": ">= 10 estati"}, "geometry": {"type": "Polygon", "coordinates": [[[11.315812349033036, 44.50407193371554], [11.315769592668843, 44.50299249200214], [11.315392512865433, 44.50300014090871], [11.315381825885662, 44.50273028037168], [11.315004747669104, 44.5027379279628], [11.315036803847793, 44.503547509744045], [11.314659720271354, 44.50355515630597], [11.314670404227101, 44.50382501694162], [11.314293318764143, 44.50383266233116], [11.314304001132896, 44.50410252302352], [11.314681088332625, 44.50409487756241], [11.314691772587928, 44.50436473816839], [11.314314683651403, 44.50437238370104], [11.314336049137696, 44.50491210501158], [11.313958956577745, 44.50491974944337], [11.313980319189323, 44.50545947083765], [11.314357415223038, 44.505451826262785], [11.31436809849036, 44.505721686866146], [11.315122293582293, 44.50570639384136], [11.315132980473265, 44.50597625428677], [11.315887178439793, 44.505960956142836], [11.315876488074952, 44.50569109584058], [11.316253585096492, 44.50568344497421], [11.31623220134262, 44.5051437244684], [11.315855107794869, 44.50515137519158], [11.315823038498708, 44.50434179410681], [11.315445950011604, 44.504349443371275], [11.315435262282719, 44.504079582908425], [11.315812349033036, 44.50407193371554]]]}}, {"type": "Feature", "properties": {"threshold": "ge_10", "source": "HistorySUHI", "period": "2013-2025", "hotspot_percentile": "top_10_pct", "label": ">= 10 estati"}, "geometry": {"type": "Polygon", "coordinates": [[[11.30943383418568, 44.50501138559491], [11.309423173946858, 44.504741524017994], [11.309046081179082, 44.504749152206706], [11.309056739681026, 44.50501901385502], [11.30943383418568, 44.50501138559491]]]}}, {"type": "Feature", "properties": {"threshold": "ge_10", "source": "HistorySUHI", "period": "2013-2025", "hotspot_percentile": "top_10_pct", "label": ">= 10 estati"}, "geometry": {"type": "Polygon", "coordinates": [[[11.308700959005273, 44.505566364266045], [11.309078057133188, 44.50555873710717], [11.309067398332395, 44.50528887548851], [11.30869030194141, 44.505296502576], [11.308700959005273, 44.505566364266045]]]}}, {"type": "Feature", "properties": {"threshold": "ge_10", "source": "HistorySUHI", "period": "2013-2025", "hotspot_percentile": "top_10_pct", "label": ">= 10 estati"}, "geometry": {"type": "Polygon", "coordinates": [[[11.312116182616236, 44.506037397102034], [11.312126855761257, 44.50630725810479], [11.311749753618567, 44.506314895430094], [11.311771096883463, 44.50685461753405], [11.312525307967286, 44.506839341353505], [11.312514632785971, 44.5065694804519], [11.312891736366382, 44.506561840567045], [11.312881059597723, 44.5062919797221], [11.313258161291449, 44.5062843386647], [11.313236804729241, 44.50574461707332], [11.312482608139966, 44.50575989765809], [11.312493282872316, 44.506029758604186], [11.312116182616236, 44.506037397102034]]]}}, {"type": "Feature", "properties": {"threshold": "ge_10", "source": "HistorySUHI", "period": "2013-2025", "hotspot_percentile": "top_10_pct", "label": ">= 10 estati"}, "geometry": {"type": "Polygon", "coordinates": [[[11.308764904526017, 44.50718553409498], [11.30877556263576, 44.50745539568124], [11.308398452199228, 44.50746302209568], [11.30838779582659, 44.50719316043803], [11.307256468832037, 44.50721603200273], [11.30726711999335, 44.50748589387441], [11.306512897776106, 44.507501135506416], [11.306544841733023, 44.508310721460425], [11.306921958127788, 44.50830310105253], [11.306932608149204, 44.50857296293624], [11.309572430891016, 44.508519584745876], [11.309561768709182, 44.50824972336167], [11.309938883908808, 44.508242093000774], [11.309896229727691, 44.507162647601334], [11.309519121476592, 44.50717027767663], [11.309529783060531, 44.50744013912013], [11.309152672922869, 44.50744776802273], [11.309142013076027, 44.50717790650784], [11.308764904526017, 44.50718553409498]]]}}, {"type": "Feature", "properties": {"threshold": "ge_10", "source": "HistorySUHI", "period": "2013-2025", "hotspot_percentile": "top_10_pct", "label": ">= 10 estati"}, "geometry": {"type": "Polygon", "coordinates": [[[11.305281163122983, 44.51454801842549], [11.305658320077015, 44.51454040135485], [11.305647673721204, 44.51427053951196], [11.306779138474337, 44.51424768104753], [11.306789790043405, 44.5145175426765], [11.307544102607666, 44.514502297335596], [11.307533447563102, 44.51423243584929], [11.30791060188342, 44.5142248113836], [11.307899945250526, 44.51395494995381], [11.309031402101763, 44.513932069304545], [11.309020740405213, 44.51366220807405], [11.309397890652342, 44.51365457877361], [11.309408554086577, 44.5139244399327], [11.310162857607663, 44.51390917745594], [11.310152190698068, 44.51363931643968], [11.310529340496613, 44.51363168340618], [11.310518671998917, 44.513361822446505], [11.310895819910238, 44.51335418824011], [11.310885149824491, 44.51308432733705], [11.311639441723067, 44.513069055334135], [11.311628768311722, 44.512799194559165], [11.313137343362587, 44.51276863590741], [11.31314802372429, 44.51303849639641], [11.3135251688503, 44.513030853551165], [11.313514486751016, 44.512760993133696], [11.31389162998968, 44.51275334911567], [11.313902313826544, 44.513023209461615], [11.315410892233377, 44.51299262066024], [11.315400201446216, 44.51272276060056], [11.317663054133977, 44.51267684049891], [11.317652353071479, 44.512406980854095], [11.318029492923609, 44.51239932322045], [11.318018790273635, 44.51212946363247], [11.318395928238214, 44.512121804826215], [11.318374519913483, 44.511582085749055], [11.320260190110192, 44.51154377377089], [11.320270902884747, 44.51181363295836], [11.32064803821105, 44.51180596675826], [11.32065875287326, 44.512075825859164], [11.321413026550106, 44.51206048958273], [11.321423744837501, 44.51233034852525], [11.322178021388224, 44.51231500712823], [11.322188743300892, 44.51258486591236], [11.322565883088284, 44.51257719327566], [11.322576606888799, 44.512847051973125], [11.32295374826336, 44.512839378020324], [11.322964473951767, 44.51310923663114], [11.323718759724828, 44.51309388484904], [11.32372948903874, 44.51336374330133], [11.324106633437205, 44.513356065471996], [11.324128095991508, 44.51389578218834], [11.324882391287431, 44.51388042250928], [11.324893126265525, 44.51415028070144], [11.326778870559156, 44.514111859368604], [11.326746640012443, 44.51330228582617], [11.327123783206613, 44.51329459804244], [11.327091548802953, 44.51248502458215], [11.327468686633935, 44.51247733576996], [11.327447194309789, 44.51193762019939], [11.32782432851521, 44.51192993028688], [11.327813580841712, 44.51166007255126], [11.328567845325663, 44.511644689137505], [11.32854634348121, 44.511104973909625], [11.329300600412779, 44.511089585807], [11.329279092221942, 44.51054987080767], [11.330410466064565, 44.51052677975447], [11.330399706983469, 44.5102569224486], [11.330776829558761, 44.51024922301459], [11.330766068891254, 44.50997936576591], [11.33114318957844, 44.509971665159796], [11.33108937981788, 44.50862237905377], [11.331466491668339, 44.50861467756389], [11.33145572843175, 44.508344820370155], [11.332209948205772, 44.508329413802315], [11.33219918164594, 44.508059556737905], [11.331444965346057, 44.50807496316157], [11.331434202411252, 44.50780510593812], [11.331811308899606, 44.50779740342039], [11.331789780008636, 44.50725768907306], [11.33216688287207, 44.507249985455466], [11.33213458545657, 44.50644041403924], [11.331757487803973, 44.50644811744056], [11.331746724037552, 44.506178260200016], [11.329484145375394, 44.50622445405192], [11.329473392181155, 44.50595459636422], [11.329096296946586, 44.50596229091361], [11.32908554563996, 44.505692433139046], [11.328708451991536, 44.50570012637246], [11.328676204186436, 44.50489055274364], [11.327922026858463, 44.50490593504674], [11.327911281365028, 44.5046360769968], [11.326025844093241, 44.5046745106261], [11.326015107434241, 44.50440465220166], [11.325638021265005, 44.50441233512387], [11.32558434891113, 44.50306304241933], [11.32520727127489, 44.50307072373819], [11.325185806859917, 44.50253100640863], [11.324808732546456, 44.5025386863399], [11.324798002301218, 44.50226882758099], [11.324420929573915, 44.50227650619657], [11.324410201215654, 44.50200664735094], [11.322524844006502, 44.502045021412314], [11.322546283507654, 44.50258473980693], [11.322169208141743, 44.50259241103133], [11.322222800841176, 44.50394170711699], [11.321845716641654, 44.50394937745643], [11.321910022418932, 44.50556853269996], [11.321532927648324, 44.505576202226116], [11.32154364406686, 44.50584606145318], [11.321166547409124, 44.50585372980711], [11.321187977223042, 44.506393448360235], [11.320433776509221, 44.50640878162311], [11.320455199976065, 44.50694850040383], [11.320078095919916, 44.50695616531269], [11.320099516513373, 44.507495884177494], [11.319722408833, 44.50750354798576], [11.319754535638038, 44.508313126386774], [11.31937742259623, 44.50832078916612], [11.31938813009436, 44.50859064867514], [11.319011015165286, 44.50859831028207], [11.319021721076354, 44.50886816984796], [11.318644604260008, 44.508875830282456], [11.318655308583963, 44.509145689905175], [11.318278189880346, 44.50915334916722], [11.31828889261714, 44.50942320884679], [11.317534651285314, 44.50943852378179], [11.317545350697637, 44.50970838358984], [11.31716822806945, 44.509716039262756], [11.317189623869512, 44.51025575897761], [11.316812497616738, 44.51026341354961], [11.316823194004403, 44.51053327345641], [11.31644606586433, 44.510540926855846], [11.316467455614797, 44.511080646768185], [11.315336059870749, 44.51110359993086], [11.315346749758637, 44.51137346007956], [11.314592481705029, 44.51138875611001], [11.314603168267888, 44.51165861638703], [11.31347175985149, 44.51168155131548], [11.313482441351734, 44.511951411792275], [11.31310530317591, 44.51195905435143], [11.3131159830884, 44.512228914884915], [11.31236170281255, 44.51224419641341], [11.312351026375088, 44.51197433573692], [11.311219610051294, 44.51199724848308], [11.311208938976002, 44.51172738757733], [11.310831801639651, 44.51173502259938], [11.310842470977443, 44.512004883576566], [11.309711052858471, 44.51202778139136], [11.309721717133257, 44.512297642568], [11.308967434164597, 44.51231290169923], [11.308978095113776, 44.51258276300384], [11.30860095166767, 44.51259039077439], [11.308611611028727, 44.51286025213557], [11.308234465695584, 44.51286787873317], [11.308255781390791, 44.51340760155378], [11.307878632432963, 44.51341522704977], [11.30788928876704, 44.513685088509206], [11.306757835784211, 44.51370795774511], [11.306747184663148, 44.51343809607166], [11.306370035107848, 44.513445716590255], [11.306348736789, 44.5129059930563], [11.30597159055968, 44.51291361218793], [11.305960943361816, 44.51264375032741], [11.305583798720829, 44.51265136814342], [11.305573153409826, 44.51238150619682], [11.304441723804226, 44.51240435196512], [11.304452363902458, 44.51267421412553], [11.303320927741488, 44.51269704890869], [11.303331562776036, 44.51296691126798], [11.302200120060233, 44.512989735065744], [11.30222138015065, 44.51352946016706], [11.301844228805273, 44.51353706575329], [11.301865486016407, 44.5140767909377], [11.301488331046569, 44.514084395421904], [11.301498958137907, 44.51435425806305], [11.301876114845504, 44.51434665350768], [11.301886743823623, 44.51461651606286], [11.30301821826551, 44.51459369471678], [11.303007584074058, 44.51432383237517], [11.303761896147657, 44.514308612064816], [11.303772533814653, 44.51457847426399], [11.304149691365517, 44.51457086217098], [11.304139051960751, 44.51430100004303], [11.305270518504928, 44.51427815651133], [11.305281163122983, 44.51454801842549]], [[11.326951882052635, 44.50897687137581], [11.326941139510767, 44.50870701333288], [11.327318253019461, 44.50869932552796], [11.327307508891073, 44.50842946754211], [11.328061731982311, 44.5084140883439], [11.328072479584941, 44.50868394618584], [11.328826705547717, 44.50866856186734], [11.32886971136243, 44.50974799251062], [11.328492591507692, 44.50975568557987], [11.328503341600964, 44.510025543275546], [11.32812621985828, 44.510033235172635], [11.328136968365001, 44.51030309292542], [11.326628472938543, 44.51033384836008], [11.326617731380894, 44.51006399031949], [11.32624060888501, 44.51007167599582], [11.326229869215203, 44.50980181786844], [11.325852748306003, 44.509809502228705], [11.325831272892517, 44.509269785785584], [11.326585507611487, 44.509254416108575], [11.326574766656188, 44.508984558008564], [11.326951882052635, 44.50897687137581]], [[11.32992577494921, 44.507835903568555], [11.329904263428377, 44.50729618850066], [11.330658470513004, 44.50728079246169], [11.330679988981906, 44.50782050724142], [11.32992577494921, 44.507835903568555]]]}}, {"type": "Feature", "properties": {"threshold": "ge_10", "source": "HistorySUHI", "period": "2013-2025", "hotspot_percentile": "top_10_pct", "label": ">= 10 estati"}, "geometry": {"type": "Polygon", "coordinates": [[[11.286275330933755, 44.51114916748036], [11.286306998786142, 44.511958764402756], [11.285929853367076, 44.511966317229515], [11.285961517338468, 44.5127759142309], [11.287092968790628, 44.512753251381376], [11.287082408772449, 44.51248338594111], [11.287459557222736, 44.5124758292399], [11.28744899561495, 44.51220596385557], [11.287826142179501, 44.512198405980726], [11.287794453031765, 44.511388809951185], [11.28741731168004, 44.511396367613855], [11.287406750664545, 44.51112650217037], [11.286275330933755, 44.51114916748036]]]}}, {"type": "Feature", "properties": {"threshold": "ge_10", "source": "HistorySUHI", "period": "2013-2025", "hotspot_percentile": "top_10_pct", "label": ">= 10 estati"}, "geometry": {"type": "Polygon", "coordinates": [[[11.32148805771766, 44.51394950186866], [11.321455900601325, 44.51313992526377], [11.32070161302433, 44.513155262114275], [11.320733759715045, 44.51396483914974], [11.32148805771766, 44.51394950186866]]]}}, {"type": "Feature", "properties": {"threshold": "ge_10", "source": "HistorySUHI", "period": "2013-2025", "hotspot_percentile": "top_10_pct", "label": ">= 10 estati"}, "geometry": {"type": "Polygon", "coordinates": [[[11.318837305054135, 44.51373330122088], [11.318460156814275, 44.5137409617015], [11.318470862102252, 44.514010821128785], [11.318848012079757, 44.51400316057646], [11.318837305054135, 44.51373330122088]]]}}, {"type": "Feature", "properties": {"threshold": "ge_10", "source": "HistorySUHI", "period": "2013-2025", "hotspot_percentile": "top_10_pct", "label": ">= 10 estati"}, "geometry": {"type": "Polygon", "coordinates": [[[11.319990173500203, 44.51425003057906], [11.319235870820549, 44.51426535804885], [11.319225161907145, 44.5139954987798], [11.318848012079757, 44.51400316057646], [11.318869426581351, 44.5145428792431], [11.320000886039123, 44.51451988968983], [11.319990173500203, 44.51425003057906]]]}}, {"type": "Feature", "properties": {"threshold": "ge_10", "source": "HistorySUHI", "period": "2013-2025", "hotspot_percentile": "top_10_pct", "label": ">= 10 estati"}, "geometry": {"type": "Polygon", "coordinates": [[[11.329796053594956, 44.51405032053096], [11.329785296027927, 44.513780463274216], [11.329408150413677, 44.513788159912025], [11.329397394735041, 44.5135183025684], [11.327888817720618, 44.51354907638856], [11.327910315327973, 44.51408879163693], [11.327533167222372, 44.51409648212515], [11.32755466195725, 44.51463619745801], [11.32793181353814, 44.514628506825865], [11.327942562869284, 44.514898364398036], [11.328319716037143, 44.51489067244956], [11.3283304672567, 44.5151605299349], [11.328707622011526, 44.51515283667007], [11.328718375119543, 44.51542269406855], [11.329472687652325, 44.51540730366175], [11.329461931068868, 44.51513744640728], [11.329839085371336, 44.51512974940934], [11.329828327200996, 44.51485989221204], [11.33020547961494, 44.514852194041765], [11.330194719857763, 44.51458233690164], [11.33057187038319, 44.51457463755907], [11.33055034784615, 44.51403492337835], [11.329796053594956, 44.51405032053096]]]}}, {"type": "Feature", "properties": {"threshold": "ge_10", "source": "HistorySUHI", "period": "2013-2025", "hotspot_percentile": "top_10_pct", "label": ">= 10 estati"}, "geometry": {"type": "Polygon", "coordinates": [[[11.325032694677935, 44.517658435847956], [11.325011220958672, 44.51711871983495], [11.324634052532808, 44.51712640115917], [11.324623317636878, 44.51685654305851], [11.323114649380159, 44.516887255623296], [11.32310392158625, 44.51661739722038], [11.32234959003109, 44.516632745892394], [11.322360314349229, 44.51690260443895], [11.321983146608206, 44.51691027698007], [11.322004592219727, 44.517449994172225], [11.32162742085251, 44.517457665612476], [11.32163814214582, 44.51772752425807], [11.322015315251003, 44.51771985274604], [11.322047485246923, 44.51852942837838], [11.322801841434279, 44.518514081189984], [11.322812568543073, 44.51878393956078], [11.323189748149215, 44.518776264027956], [11.323179019302366, 44.51850640572898], [11.323556197020023, 44.51849872902345], [11.323545466585573, 44.51822887078146], [11.323922642414756, 44.518221192903255], [11.323911910392757, 44.517951334718276], [11.324289084333467, 44.5179436556674], [11.324278350723965, 44.51767379753943], [11.325032694677935, 44.517658435847956]]]}}, {"type": "Feature", "properties": {"threshold": "ge_10", "source": "HistorySUHI", "period": "2013-2025", "hotspot_percentile": "top_10_pct", "label": ">= 10 estati"}, "geometry": {"type": "Polygon", "coordinates": [[[11.294693239304227, 44.52367387506579], [11.294316020521295, 44.5236814571448], [11.294326618056347, 44.523951320688795], [11.29508105895091, 44.52393615514402], [11.295091660111932, 44.5242060185313], [11.29546888207493, 44.52419843382067], [11.295458279175229, 44.52392857050437], [11.295835499250874, 44.52392098461989], [11.295824894761193, 44.523651121359784], [11.2954476764242, 44.52365870717327], [11.295426471368152, 44.52311898046667], [11.29467204120266, 44.52313414807529], [11.294693239304227, 44.52367387506579]]]}}, {"type": "Feature", "properties": {"threshold": "ge_10", "source": "HistorySUHI", "period": "2013-2025", "hotspot_percentile": "top_10_pct", "label": ">= 10 estati"}, "geometry": {"type": "Polygon", "coordinates": [[[11.291361768890571, 44.525361253408306], [11.291372353406722, 44.525631117430756], [11.290995121115992, 44.52563868880222], [11.29100570404171, 44.52590855288071], [11.292137405685171, 44.52588583481895], [11.292116229549094, 44.52534610707236], [11.291361768890571, 44.525361253408306]]]}}, {"type": "Feature", "properties": {"threshold": "ge_10", "source": "HistorySUHI", "period": "2013-2025", "hotspot_percentile": "top_10_pct", "label": ">= 10 estati"}, "geometry": {"type": "Polygon", "coordinates": [[[11.297041430690632, 44.52578726041243], [11.29702020934527, 44.52524753451076], [11.296642981022199, 44.52525512448486], [11.296664198889953, 44.5257948505286], [11.297041430690632, 44.52578726041243]]]}}, {"type": "Feature", "properties": {"threshold": "ge_10", "source": "HistorySUHI", "period": "2013-2025", "hotspot_percentile": "top_10_pct", "label": ">= 10 estati"}, "geometry": {"type": "Polygon", "coordinates": [[[11.28878458820141, 44.52703341325657], [11.28991631338252, 44.5270107167541], [11.289895156925928, 44.52647098827567], [11.291781345204651, 44.52643313658031], [11.291770758504327, 44.52616327267312], [11.286489446325913, 44.5262691779964], [11.286510571185019, 44.52680890777813], [11.28613333001134, 44.52681646324832], [11.28614389092408, 44.52708632818772], [11.286521133836743, 44.527078772646824], [11.286542259584545, 44.52761850233984], [11.287296751921561, 44.52760338724016], [11.287286185495542, 44.52733352254249], [11.287663429702782, 44.52732596319587], [11.287652861685931, 44.52705609855417], [11.288407346177816, 44.527040976267436], [11.288396774831211, 44.52677111175244], [11.288774015115838, 44.52676354881236], [11.28878458820141, 44.52703341325657]]]}}, {"type": "Feature", "properties": {"threshold": "ge_10", "source": "HistorySUHI", "period": "2013-2025", "hotspot_percentile": "top_10_pct", "label": ">= 10 estati"}, "geometry": {"type": "Polygon", "coordinates": [[[11.28993747043246, 44.52755044517335], [11.28992689183332, 44.527280580971116], [11.289549648515601, 44.52728814778774], [11.289560225375729, 44.52755801206078], [11.28993747043246, 44.52755044517335]]]}}, {"type": "Feature", "properties": {"threshold": "ge_10", "source": "HistorySUHI", "period": "2013-2025", "hotspot_percentile": "top_10_pct", "label": ">= 10 estati"}, "geometry": {"type": "Polygon", "coordinates": [[[11.287705703252133, 44.52840542161485], [11.287684566181062, 44.527865692434936], [11.28730731849575, 44.52787325192304], [11.28732845208865, 44.52841298124444], [11.287705703252133, 44.52840542161485]]]}}, {"type": "Feature", "properties": {"threshold": "ge_10", "source": "HistorySUHI", "period": "2013-2025", "hotspot_percentile": "top_10_pct", "label": ">= 10 estati"}, "geometry": {"type": "Polygon", "coordinates": [[[11.287726840916013, 44.528945150735595], [11.28771627200997, 44.52867528618261], [11.287339019107364, 44.52868284588294], [11.28734958627426, 44.528952710506665], [11.287726840916013, 44.528945150735595]]]}}, {"type": "Feature", "properties": {"threshold": "ge_10", "source": "HistorySUHI", "period": "2013-2025", "hotspot_percentile": "top_10_pct", "label": ">= 10 estati"}, "geometry": {"type": "Polygon", "coordinates": [[[11.288125237144632, 44.529477318639515], [11.28810409540956, 44.52893758971944], [11.287726840916013, 44.528945150735595], [11.287747979172726, 44.52948487979718], [11.288125237144632, 44.529477318639515]]]}}, {"type": "Feature", "properties": {"threshold": "ge_10", "source": "HistorySUHI", "period": "2013-2025", "hotspot_percentile": "top_10_pct", "label": ">= 10 estati"}, "geometry": {"type": "Polygon", "coordinates": [[[11.304347189381938, 44.529151011017035], [11.304336543657389, 44.52888114961796], [11.303959293820737, 44.52888876424228], [11.303969937806203, 44.52915862571261], [11.304347189381938, 44.529151011017035]]]}}, {"type": "Feature", "properties": {"threshold": "ge_10", "source": "HistorySUHI", "period": "2013-2025", "hotspot_percentile": "top_10_pct", "label": ">= 10 estati"}, "geometry": {"type": "Polygon", "coordinates": [[[11.313842568547596, 44.530579396364914], [11.313831878447383, 44.53030953684008], [11.31345462191557, 44.53031718301898], [11.313433245643115, 44.52977746378169], [11.31305599243969, 44.52978510857245], [11.313034620244903, 44.52924538913275], [11.31190287017015, 44.52926831560567], [11.311892189514683, 44.528998455649024], [11.31226943795035, 44.5289908148079], [11.312237391665546, 44.5281812350635], [11.311482905078487, 44.52819651507174], [11.311472226761046, 44.5279266549843], [11.31109498498186, 44.527934293049476], [11.311084308553093, 44.52766443287571], [11.310329828023493, 44.52767970512825], [11.31035117407492, 44.52821942574678], [11.3099739301077, 44.52822706014849], [11.310016617050431, 44.52930650149338], [11.311525619845655, 44.52927595527327], [11.311536298911811, 44.52954581528657], [11.311913550975389, 44.52953817554748], [11.311956275694124, 44.53061761516642], [11.312333534564486, 44.53060997389628], [11.312419005106111, 44.532768851850186], [11.313173550225901, 44.53275356443024], [11.313162862405084, 44.532483704880974], [11.313540133000808, 44.532476059374794], [11.313529443590529, 44.532206199882225], [11.313906712297017, 44.53219855320245], [11.313853258797716, 44.53084925587491], [11.313475998787547, 44.53085690219693], [11.313465310276618, 44.530587042615366], [11.313842568547596, 44.530579396364914]]]}}, {"type": "Feature", "properties": {"threshold": "ge_10", "source": "HistorySUHI", "period": "2013-2025", "hotspot_percentile": "top_10_pct", "label": ">= 10 estati"}, "geometry": {"type": "Polygon", "coordinates": [[[11.274964310983947, 44.54054340348939], [11.275034270797459, 44.54054200869922], [11.275617892877522, 44.54032828880277], [11.27561897547651, 44.54032990568241], [11.275722737527191, 44.5402847780849], [11.275881091332783, 44.54052512562166], [11.276850973189104, 44.54050578906814], [11.276840450262329, 44.54023592301826], [11.277217780520468, 44.54022839646763], [11.277207256001056, 44.539958530473406], [11.277961912594067, 44.53994347377629], [11.277951384741879, 44.5396736079082], [11.279838014939186, 44.539635944720345], [11.279827478533866, 44.53936607918993], [11.280582126098272, 44.53935100533694], [11.280571586360473, 44.53908113993281], [11.280948908180847, 44.53907360120856], [11.280927825668522, 44.53853387049705], [11.281305143860894, 44.53852633066838], [11.28129460108644, 44.538256465361016], [11.282049233547509, 44.53824138210833], [11.282038687440878, 44.53797151692733], [11.284302570833587, 44.53792623770124], [11.28429201443497, 44.53765637292919], [11.28466932607576, 44.53764882210302], [11.284658768085238, 44.53737895738685], [11.285413387442697, 44.5373638521395], [11.285402826120404, 44.53709398754988], [11.285780133837054, 44.53708643312873], [11.285769570922982, 44.53681656859504], [11.286524182432075, 44.53680145615786], [11.286513616186408, 44.536531591750816], [11.287645527119038, 44.536508913966664], [11.287624384633322, 44.535969185532615], [11.288378984221254, 44.535954061065915], [11.288368409721215, 44.53568419696822], [11.28912300523641, 44.5356690676616], [11.289112427405168, 44.53539920369073], [11.289489723200518, 44.53539163724018], [11.289479143777896, 44.53512177332531], [11.29061102505451, 44.535099066714096], [11.290600440561178, 44.5348292029969], [11.288336687110856, 44.53487460458646], [11.288357835369471, 44.535414332855765], [11.287225946203788, 44.53543701726318], [11.287236515336268, 44.53570688158793], [11.286859216911475, 44.53571444063709], [11.2868275151779, 44.53490484740628], [11.287204808383484, 44.534897288569326], [11.287194239695655, 44.5346274242002], [11.287571531013342, 44.53461986418866], [11.287560960734064, 44.5343499998755], [11.288692828578643, 44.534327312581276], [11.288682253228707, 44.53405744846564], [11.290191401319916, 44.534027181588996], [11.29017023714827, 44.53348745387981], [11.290547520320972, 44.533479884189106], [11.290536936718205, 44.533210020383166], [11.290914218002943, 44.53320244951804], [11.290903632809078, 44.53293258576816], [11.29203547055401, 44.532909865913936], [11.292046060966408, 44.5331797294512], [11.29355518283836, 44.533149418595315], [11.293565780357376, 44.53341928183415], [11.292433933957673, 44.53344201705668], [11.292444526406658, 44.53371188049346], [11.2913126734514, 44.53373460472135], [11.29133384835745, 44.53427433197585], [11.29246571175027, 44.534251607322645], [11.292455119004192, 44.533981743915454], [11.293586975841263, 44.53395900826741], [11.29357637802501, 44.533689145058176], [11.29433094502753, 44.53367398187499], [11.294320343880809, 44.533404118792866], [11.296206750087336, 44.53336618939783], [11.296196140391732, 44.53309632665584], [11.296950698354008, 44.53308114632317], [11.296940085328234, 44.53281128370843], [11.297317362346663, 44.53280369174531], [11.29730674773027, 44.532533829186804], [11.297684022860398, 44.53252623604951], [11.297673406653436, 44.53225637354726], [11.298427952988206, 44.53224118367922], [11.29841733345133, 44.53197132130431], [11.298794604655956, 44.531963724573615], [11.298773362550254, 44.531423999921536], [11.297641558925777, 44.531446785951665], [11.297630943314294, 44.53117692339019], [11.298762741720811, 44.531154137573296], [11.298730880126092, 44.5303445504397], [11.299862661538818, 44.53032175405654], [11.299883912888532, 44.53086147840042], [11.299129385138682, 44.53087667751875], [11.299140007558476, 44.531146539810706], [11.299894538786901, 44.53113134055013], [11.299905164834279, 44.531401202685046], [11.30179149899376, 44.531363182387956], [11.301780864249876, 44.53109332060883], [11.302912657738284, 44.53107049370248], [11.30290201792573, 44.53080063212217], [11.303656542693501, 44.530785408101444], [11.303645899551677, 44.53051554664877], [11.304400420243983, 44.530500317790114], [11.304389773772993, 44.53023045646513], [11.305144290389713, 44.530215222768646], [11.305133640589657, 44.5299453615714], [11.305510896934843, 44.52993774292682], [11.305489594304479, 44.529398020630474], [11.30511234143757, 44.529405639132456], [11.305101692085527, 44.52913577789076], [11.304724440808387, 44.52914339507642], [11.304735088421324, 44.5294132563894], [11.303603328476825, 44.529436100689914], [11.303592686081211, 44.52916623916315], [11.302838182183544, 44.52918146232911], [11.302827543415347, 44.528911600645074], [11.302450292981819, 44.52891921028928], [11.302439656101875, 44.528649348519224], [11.302062407258257, 44.52865695684719], [11.302051772266518, 44.52838709499112], [11.30167452501282, 44.528394702002885], [11.301695791667305, 44.52893442584257], [11.300941289756347, 44.52894963641573], [11.300930659832709, 44.52867977436095], [11.29942166117859, 44.528710180282246], [11.299411038360256, 44.52844031792811], [11.298656541617467, 44.52845551327637], [11.298645922426184, 44.52818565076523], [11.298268675570458, 44.52819324650074], [11.298258058267109, 44.52792338390371], [11.297880813001528, 44.52793097832315], [11.297870197586063, 44.52766111564025], [11.297492953910627, 44.52766870874361], [11.297482340382999, 44.52739884597485], [11.29710509829772, 44.52740643776219], [11.297073263824593, 44.52659684915393], [11.296696026807322, 44.52660443948319], [11.296685417352764, 44.52633457651314], [11.29630818192561, 44.52634216552642], [11.296265752550367, 44.52526271321408], [11.295888523929802, 44.525270300698416], [11.295867313612117, 44.524730574311405], [11.294735637290849, 44.52475332886916], [11.294746237159076, 44.525023192282994], [11.29512346448692, 44.52501560860432], [11.295134066242564, 44.525285471932385], [11.295511295160527, 44.52527788693785], [11.295564314862974, 44.52662720300126], [11.29518707725076, 44.52663478835071], [11.295197679898413, 44.52690465158998], [11.294443200750134, 44.526919818695944], [11.294453800068561, 44.52718968206234], [11.294076558532513, 44.52719726381883], [11.294087156260591, 44.52746712724137], [11.292955425543953, 44.52748986525372], [11.292944833032829, 44.527220001618396], [11.291435863620562, 44.527250301254675], [11.291467620731334, 44.528059892966915], [11.290713124700337, 44.52807503574023], [11.290723707222662, 44.52834489975642], [11.290346457245482, 44.52835246934639], [11.290367619257102, 44.52889219747606], [11.289990365653315, 44.52889976596263], [11.290011524780116, 44.52943949417478], [11.289634267549639, 44.5294470615579], [11.289644845596374, 44.52971692571261], [11.290022104566054, 44.52970935825867], [11.290032684500353, 44.52997922232777], [11.28890090192863, 44.530001921166715], [11.288890327212025, 44.52973205688521], [11.288513067797405, 44.52973962060384], [11.2885024949683, 44.52946975623674], [11.288125237144632, 44.529477318639515], [11.288188665907622, 44.531096505044786], [11.288565934166943, 44.531088942217394], [11.28857650788567, 44.53135880649573], [11.288199237886989, 44.5313663693939], [11.288209810014612, 44.53163623372822], [11.287832538128288, 44.53164379545197], [11.287874821163578, 44.53272325292441], [11.286742983741874, 44.53274593147341], [11.286732417979163, 44.53247606691526], [11.285977862436127, 44.53249117958029], [11.285988424719847, 44.53276104427989], [11.285233865105335, 44.53277615210537], [11.285244424058124, 44.53304601693154], [11.28373529609429, 44.533076217922186], [11.283724744099631, 44.53280635281339], [11.28334746347821, 44.53281389987727], [11.28333691337104, 44.53254403468307], [11.282959634341182, 44.53255158043108], [11.282938538049649, 44.532011849857106], [11.281806710509542, 44.53203447920617], [11.281817253362927, 44.532304344712315], [11.281439975481023, 44.53231188540879], [11.281450516742753, 44.53258175097073], [11.28107323697352, 44.53258929049252], [11.281083776643545, 44.53285915611023], [11.280329213182627, 44.532874231559155], [11.280339749521342, 44.533144097303165], [11.279962465829675, 44.53315163323026], [11.279973000576565, 44.53342149903001], [11.279218429270871, 44.53343656728937], [11.279228960686266, 44.53370643321536], [11.278474385310583, 44.53372149663453], [11.278495441625829, 44.53426122872412], [11.277740858700934, 44.5342762874439], [11.27775138360063, 44.53454615360746], [11.276242209021037, 44.53457625638476], [11.276252727109418, 44.53484612281525], [11.275875431355965, 44.53485364546662], [11.275906981286802, 44.535663244880666], [11.275529680166507, 44.53567076649783], [11.27554019536526, 44.53594063301002], [11.275162892357663, 44.53594815345216], [11.27517340596402, 44.536218020019966], [11.274796101069116, 44.536225539287074], [11.274806613083028, 44.53649540591048], [11.275183919717822, 44.536487886573006], [11.275204947667772, 44.53702761963478], [11.275582257634964, 44.537020098911114], [11.275624322264303, 44.538099564575916], [11.274869688262488, 44.538114605340766], [11.274880201308418, 44.5383844718608], [11.274502882346278, 44.53839199044534], [11.274523905400269, 44.53893172358181], [11.274901227842605, 44.53892420485656], [11.274922254966576, 44.53946393779324], [11.274544929043945, 44.539471456659214], [11.274555441086921, 44.539741323175775], [11.274932768749736, 44.53973380423944], [11.274943282680349, 44.540003670670856], [11.274565953277326, 44.540011189677564], [11.274576465615166, 44.540281056164574], [11.274483175424031, 44.540282914695034], [11.274737360193086, 44.54065073608598], [11.27496524151611, 44.54056728692526], [11.274964310983947, 44.54054340348939]], [[11.27789874769561, 44.53832427834612], [11.277521429913682, 44.538331806894725], [11.277531955287586, 44.538601672907134], [11.277154635617977, 44.53860920028068], [11.27713358849789, 44.538069468100204], [11.277888220729274, 44.538054412389364], [11.27789874769561, 44.53832427834612]], [[11.2827194728662, 44.53606737314141], [11.28309677465964, 44.53605982772076], [11.283107324950532, 44.53632969279341], [11.283484628335849, 44.53632214605675], [11.283495180514558, 44.536592011043986], [11.283117875389385, 44.53659955785129], [11.283128425976198, 44.53686942289437], [11.282751118963175, 44.53687696852686], [11.282761667958045, 44.53714683362578], [11.28238435905717, 44.53715437808345], [11.282394906460045, 44.53742424323819], [11.281262973650193, 44.537446869350255], [11.281241889431936, 44.536907138602515], [11.280864581679461, 44.53691467800785], [11.280843501532345, 44.53637494705989], [11.281220805805052, 44.53636740779567], [11.281210264213366, 44.53609754237007], [11.281587566598388, 44.536090001931], [11.281598109929918, 44.53635986728602], [11.282730021417256, 44.53633723828467], [11.2827194728662, 44.53606737314141]], [[11.278967509252352, 44.53668249053375], [11.277835588112048, 44.53670508238409], [11.277825062031473, 44.53643521633872], [11.277070450679584, 44.53645027120422], [11.277028361752137, 44.53537080631147], [11.278537556028102, 44.53534069272601], [11.278527027206055, 44.535070826747706], [11.280413508029739, 44.535033157097494], [11.280424045550593, 44.53530302272329], [11.280801343011854, 44.53529548498665], [11.280790803751243, 44.53502561943138], [11.281922690028859, 44.53500299896092], [11.281933234508715, 44.535272864304495], [11.28117864032531, 44.53528794600462], [11.281199722769516, 44.53582767692969], [11.280822421976483, 44.53583521605281], [11.280811882420265, 44.53556535052711], [11.280434583219227, 44.53557288833431], [11.280466197111826, 44.5363824850787], [11.278956977952106, 44.53641262469979], [11.278967509252352, 44.53668249053375]], [[11.281912145696875, 44.534733133602565], [11.282289439087313, 44.53472559102563], [11.282299985159016, 44.5349954563134], [11.281922690028859, 44.53500299896092], [11.281912145696875, 44.534733133602565]], [[11.282278893163507, 44.53445572572308], [11.283033476021288, 44.534440636974395], [11.283044025424477, 44.53471050213574], [11.282289439087313, 44.53472559102563], [11.282278893163507, 44.53445572572308]], [[11.288618804243395, 44.53243826346118], [11.288996081051472, 44.53243069903469], [11.289006657251099, 44.532700563168305], [11.288629378703543, 44.532708127665565], [11.288618804243395, 44.53243826346118]], [[11.295744609659824, 44.531214874848786], [11.296499143568008, 44.53119969800079], [11.29650975396151, 44.53146956077539], [11.295755216574664, 44.53148473776542], [11.295744609659824, 44.531214874848786]], [[11.2904099450609, 44.529971653557894], [11.290787205473057, 44.52996408354291], [11.290797789034219, 44.530233947455535], [11.290420526882812, 44.53024151754137], [11.2904099450609, 44.529971653557894]]]}}, {"type": "Feature", "properties": {"threshold": "ge_10", "source": "HistorySUHI", "period": "2013-2025", "hotspot_percentile": "top_10_pct", "label": ">= 10 estati"}, "geometry": {"type": "Polygon", "coordinates": [[[11.348852132101854, 44.49043316552036], [11.348862968837604, 44.49070302020918], [11.348485977110203, 44.490710776693994], [11.348496812262429, 44.49098063144051], [11.34887380572525, 44.49097287488311], [11.34888464276479, 44.491242729542144], [11.35114661076365, 44.491196163653335], [11.351135763311508, 44.49092630943007], [11.350381778057328, 44.49094183622081], [11.350360090550732, 44.490402127438976], [11.349983101166433, 44.490409888824196], [11.349972259376479, 44.490140034338324], [11.349218283622744, 44.49015555323378], [11.34922912194197, 44.49042540786489], [11.348852132101854, 44.49043316552036]]]}}, {"type": "Feature", "properties": {"threshold": "ge_10", "source": "HistorySUHI", "period": "2013-2025", "hotspot_percentile": "top_10_pct", "label": ">= 10 estati"}, "geometry": {"type": "Polygon", "coordinates": [[[11.35192230118277, 44.49172033985535], [11.35194400409342, 44.49226004790691], [11.352321004865644, 44.49225227979666], [11.352310151598752, 44.49198242585103], [11.352687150483334, 44.49197465657016], [11.352676295633078, 44.49170480268232], [11.352299298483985, 44.491712571890474], [11.352288445521339, 44.49144271791505], [11.351157458367837, 44.49146601786173], [11.351168306124071, 44.49173587205519], [11.35192230118277, 44.49172033985535]]]}}, {"type": "Feature", "properties": {"threshold": "ge_10", "source": "HistorySUHI", "period": "2013-2025", "hotspot_percentile": "top_10_pct", "label": ">= 10 estati"}, "geometry": {"type": "Polygon", "coordinates": [[[11.338027231651099, 44.493356163931615], [11.337973294317822, 44.49200688050695], [11.337596291253952, 44.49201460122563], [11.337650219909037, 44.49336388501153], [11.338027231651099, 44.493356163931615]]]}}, {"type": "Feature", "properties": {"threshold": "ge_10", "source": "HistorySUHI", "period": "2013-2025", "hotspot_percentile": "top_10_pct", "label": ">= 10 estati"}, "geometry": {"type": "Polygon", "coordinates": [[[11.348778579534782, 44.497996849622524], [11.348789418788447, 44.498266703966934], [11.349543499293073, 44.498251185688474], [11.349521813993443, 44.49771147727519], [11.34914477728923, 44.49771923689099], [11.349101415457705, 44.49663981959524], [11.351363591739206, 44.49659324499046], [11.351374442384817, 44.49686309890088], [11.351751472968807, 44.49685533204178], [11.351740620587261, 44.49658547820403], [11.3521176492832, 44.496577710174115], [11.352106795317866, 44.49630785639414], [11.352860848781473, 44.496292316749205], [11.35283913436376, 44.495752609435414], [11.35246211117977, 44.495760379734214], [11.352440400842433, 44.495220672215396], [11.352817420554787, 44.495212902062036], [11.352795707354533, 44.49467319462905], [11.352418691113716, 44.49468096463699], [11.352407836477585, 44.49441111082544], [11.352030821820353, 44.49441887951726], [11.352019969072082, 44.494149025618114], [11.35164295599844, 44.49415679299384], [11.351686360961281, 44.495236208791795], [11.351309340792534, 44.49524397521482], [11.351320190677692, 44.49551382919974], [11.350943168621045, 44.495521594451965], [11.350932320471703, 44.49525174039439], [11.350555299998813, 44.49525950433051], [11.350566146412337, 44.49552935846075], [11.350189124051594, 44.49553712122606], [11.35019996888131, 44.495806975414055], [11.349445920232109, 44.49582249735953], [11.349456761742093, 44.49609235167788], [11.349079735453653, 44.49610011085801], [11.348982182956394, 44.49367142080324], [11.349359193622812, 44.49366366227656], [11.349326673651506, 44.492854098874716], [11.34894966819199, 44.49286185718357], [11.348938830241021, 44.49259200261389], [11.348561826365179, 44.49259975960681], [11.348550990301685, 44.492329904949656], [11.347042980221975, 44.49236092019765], [11.347053809343187, 44.492630775145045], [11.346676804708153, 44.492638525921244], [11.346687632245553, 44.49290838092628], [11.344048583402957, 44.49296260205314], [11.344037768014836, 44.4926927465407], [11.343660762166357, 44.49270048737006], [11.34364994866543, 44.49243063177029], [11.343272944400978, 44.49243837128387], [11.343294568083179, 44.492978082613355], [11.343671575818854, 44.49297034295494], [11.343693203578574, 44.49351005408003], [11.344070214633991, 44.49350231303335], [11.344081030476913, 44.49377216850113], [11.34445804311642, 44.49376442613861], [11.344468860846666, 44.494034281519056], [11.345599903062443, 44.494011046753656], [11.345589080125063, 44.49374119159064], [11.346343104039015, 44.49372569567499], [11.346332277781979, 44.493455840642085], [11.347463307307686, 44.493432587660735], [11.347474138771744, 44.49370244247603], [11.347851150045704, 44.49369468892291], [11.347916152432989, 44.49531381706662], [11.347539130744504, 44.49532157105508], [11.347549963271389, 44.495591425766136], [11.346795915967242, 44.49560693015777], [11.34678508691204, 44.49533707530163], [11.346408064768111, 44.49534482555969], [11.346397237600526, 44.49507497061612], [11.346020217040653, 44.49508271955821], [11.346041868055917, 44.49562242957548], [11.345664843872624, 44.49563017741912], [11.345686492023095, 44.496169887521845], [11.346063519678163, 44.4961621395332], [11.34607434571691, 44.49643199448972], [11.344943257088767, 44.49645523494262], [11.345019007152723, 44.49834422074385], [11.344641965154409, 44.49835196558176], [11.344631144997729, 44.49808211043948], [11.343877064018315, 44.49809759623959], [11.34392033166595, 44.499177017299054], [11.344674426534505, 44.49916153091928], [11.344663605922795, 44.49889167582166], [11.345417696712275, 44.498876184612314], [11.345406872779945, 44.49860632964477], [11.345783916210959, 44.49859858224716], [11.34577309069423, 44.498328727337224], [11.34841237830821, 44.4982744612408], [11.34840154079062, 44.49800460682379], [11.348778579534782, 44.497996849622524]]]}}, {"type": "Feature", "properties": {"threshold": "ge_10", "source": "HistorySUHI", "period": "2013-2025", "hotspot_percentile": "top_10_pct", "label": ">= 10 estati"}, "geometry": {"type": "Polygon", "coordinates": [[[11.342368900240206, 44.49812855291667], [11.34235809065172, 44.49785869732489], [11.342735130087503, 44.49785096009342], [11.34272431891447, 44.49758110455918], [11.34310135646264, 44.49757336615655], [11.34309054370511, 44.49730351067984], [11.342713507892983, 44.497311249010046], [11.342702697023038, 44.49704139344605], [11.341948628416224, 44.49705686623101], [11.341937821169816, 44.49678701050733], [11.341560788375162, 44.49679474496211], [11.341549983016217, 44.49652488915116], [11.341927014074894, 44.49651715476876], [11.341916207131458, 44.49624729901533], [11.3422932363027, 44.496239563461785], [11.342282427774823, 44.495969707765845], [11.34265945505863, 44.49596197104119], [11.342637834985613, 44.495422259749475], [11.343014858646123, 44.49541452192613], [11.343004047101054, 44.495144666330354], [11.343381068874171, 44.49513692733597], [11.343370255744828, 44.49486707179773], [11.342993235707533, 44.49487481071971], [11.342971613375116, 44.49433509945375], [11.342594596657854, 44.49434283698746], [11.342583787454704, 44.494072981259734], [11.34182975703717, 44.494088452452054], [11.341818951456993, 44.49381859656468], [11.339556866984498, 44.493864979865336], [11.339578457467276, 44.49440469249331], [11.340332493173326, 44.4943892360775], [11.340354091204611, 44.49492894835668], [11.3407311123022, 44.494921218138934], [11.34075271441068, 44.495460930213916], [11.339998665120717, 44.4954763896953], [11.340009462930285, 44.49574624585514], [11.339632436322365, 44.49575397380291], [11.339643232547372, 44.49602383002019], [11.3392662040522, 44.49603155679677], [11.339276998692597, 44.4963014130715], [11.33889996831017, 44.49630913867686], [11.338932347931266, 44.49711870762865], [11.339309383521682, 44.4971109818064], [11.339330974164339, 44.49765069422196], [11.339708013075537, 44.49764296701154], [11.339751203121295, 44.49872239137486], [11.34012824882564, 44.49871466263156], [11.340139048451661, 44.498984518612886], [11.3405160957408, 44.4989767885536], [11.340526897254414, 44.499246644447716], [11.341280994850838, 44.499231180453535], [11.341291799988317, 44.49950103618804], [11.340537698919443, 44.49951650032694], [11.340548500735888, 44.49978635619127], [11.340925553082297, 44.499778624671315], [11.34093635678644, 44.50004848044843], [11.34169046449745, 44.50003301353274], [11.341701271825631, 44.50030286915024], [11.3420783271902, 44.50029513375449], [11.342089136406196, 44.50056498928472], [11.342466193355556, 44.50055725257288], [11.342477004459417, 44.50082710801582], [11.343608179607106, 44.50080389020082], [11.343618996071593, 44.5010737454116], [11.343996055887292, 44.501066003580064], [11.343952783993817, 44.499986582937375], [11.34432983671261, 44.49997884015193], [11.344319017382098, 44.4997089850265], [11.343941966399557, 44.49971672773948], [11.343931148956935, 44.49944687252671], [11.342800000308287, 44.499470092986364], [11.342745941412083, 44.498120815612786], [11.342368900240206, 44.49812855291667]], [[11.341604011325607, 44.497874168057066], [11.341981051064412, 44.49786643331277], [11.341991858916803, 44.49813628897694], [11.341614817441899, 44.49814402379361], [11.341604011325607, 44.497874168057066]]]}}, {"type": "Feature", "properties": {"threshold": "ge_10", "source": "HistorySUHI", "period": "2013-2025", "hotspot_percentile": "top_10_pct", "label": ">= 10 estati"}, "geometry": {"type": "Polygon", "coordinates": [[[11.348843617335937, 44.4996159754656], [11.34997476390707, 44.499592695093284], [11.349963918685097, 44.4993228410412], [11.348832777322542, 44.49934612119567], [11.348843617335937, 44.4996159754656]]]}}, {"type": "Feature", "properties": {"threshold": "ge_10", "source": "HistorySUHI", "period": "2013-2025", "hotspot_percentile": "top_10_pct", "label": ">= 10 estati"}, "geometry": {"type": "Polygon", "coordinates": [[[11.358313332108006, 44.500501040020026], [11.358302448080241, 44.500231187628366], [11.357925397516848, 44.50023897657457], [11.357892751557495, 44.49942941909145], [11.357138660390213, 44.4994449928157], [11.357149538751798, 44.49971484547072], [11.356772491203248, 44.499722630540276], [11.356805121994325, 44.50053218863444], [11.358313332108006, 44.500501040020026]]]}}, {"type": "Feature", "properties": {"threshold": "ge_10", "source": "HistorySUHI", "period": "2013-2025", "hotspot_percentile": "top_10_pct", "label": ">= 10 estati"}, "geometry": {"type": "Polygon", "coordinates": [[[11.358012460120607, 44.50239779587353], [11.358001576761186, 44.50212794351334], [11.358378639478703, 44.502120154056904], [11.358367754535468, 44.50185030175471], [11.35685950969564, 44.501881451826556], [11.356870387693354, 44.50215130442025], [11.356493324365731, 44.50215908890177], [11.356504200779526, 44.50242894155341], [11.358012460120607, 44.50239779587353]]]}}, {"type": "Feature", "properties": {"threshold": "ge_10", "source": "HistorySUHI", "period": "2013-2025", "hotspot_percentile": "top_10_pct", "label": ">= 10 estati"}, "geometry": {"type": "Polygon", "coordinates": [[[11.338006243842653, 44.50226914867299], [11.338017035017877, 44.502539004894714], [11.337639964096725, 44.50254672718786], [11.337661543427899, 44.503086439731234], [11.337284468882388, 44.50309416092507], [11.337295257038265, 44.5033640172467], [11.33842648543077, 44.503340849716885], [11.33844807261598, 44.50388056188192], [11.339202231067627, 44.50386511035369], [11.339223825804757, 44.50440482217004], [11.339600908276877, 44.50439709439551], [11.339590109095955, 44.504127238567094], [11.339967189680012, 44.50411950962101], [11.339934787835691, 44.50330994226347], [11.339557712461506, 44.503317670992566], [11.339525317189482, 44.502508103284164], [11.33914824687358, 44.5025158305525], [11.339137450488826, 44.50224597454763], [11.338006243842653, 44.50226914867299]]]}}, {"type": "Feature", "properties": {"threshold": "ge_10", "source": "HistorySUHI", "period": "2013-2025", "hotspot_percentile": "top_10_pct", "label": ">= 10 estati"}, "geometry": {"type": "Polygon", "coordinates": [[[11.354651477282012, 44.50327740462663], [11.354640609093263, 44.50300755165564], [11.353886470038125, 44.503023104886694], [11.353897334753874, 44.50329295800322], [11.354651477282012, 44.50327740462663]]]}}, {"type": "Feature", "properties": {"threshold": "ge_10", "source": "HistorySUHI", "period": "2013-2025", "hotspot_percentile": "top_10_pct", "label": ">= 10 estati"}, "geometry": {"type": "Polygon", "coordinates": [[[11.348640001274328, 44.50394140055767], [11.348262924178902, 44.50394915811227], [11.348273763302645, 44.50421901227422], [11.348650842134685, 44.50421125464703], [11.348640001274328, 44.50394140055767]]]}}, {"type": "Feature", "properties": {"threshold": "ge_10", "source": "HistorySUHI", "period": "2013-2025", "hotspot_percentile": "top_10_pct", "label": ">= 10 estati"}, "geometry": {"type": "Polygon", "coordinates": [[[11.344890870625315, 44.50455862974562], [11.3441367062994, 44.504574119024056], [11.34414752662359, 44.504843973953996], [11.343393358217547, 44.504859458401846], [11.343404175219987, 44.505129313461815], [11.342650002733944, 44.50514479307898], [11.34266081641453, 44.505414648268925], [11.341906639848606, 44.5054301230553], [11.341895829641526, 44.50516026772054], [11.341141655942934, 44.505175737386494], [11.341152462676495, 44.505445592866], [11.338889927524994, 44.50549197244408], [11.33887913121204, 44.50522211653054], [11.338502043227027, 44.5052298420342], [11.3385128378032, 44.505499698020024], [11.338135747930082, 44.50550742235204], [11.338114162402592, 44.504967710220946], [11.336982902296144, 44.504990875319876], [11.33697211496956, 44.50472101901524], [11.33659502970167, 44.504728738154824], [11.336584244263024, 44.50445888176308], [11.336207160580654, 44.50446659958655], [11.336196377029902, 44.50419674310772], [11.335819294933058, 44.504204459615096], [11.335830076747113, 44.504474316166146], [11.33432173990171, 44.50450517004556], [11.334332514919998, 44.50477502687046], [11.333955428594225, 44.50478273730273], [11.333966202026804, 44.50505259418494], [11.33358911381324, 44.50506030344544], [11.333642974557485, 44.50640958799412], [11.334020071455223, 44.50640187837289], [11.334041620283882, 44.506941591944], [11.333664519912302, 44.506949301709525], [11.33368606587122, 44.507489015365465], [11.33293185772712, 44.50750443145302], [11.332942627459104, 44.507774288402956], [11.332565521423557, 44.50778199465281], [11.332597826314244, 44.50859156562975], [11.334483381037744, 44.50855302085801], [11.334461826922306, 44.50801330760964], [11.335216040806014, 44.50799788128118], [11.335205260500876, 44.50772802477904], [11.335959470306019, 44.5077125936188], [11.33598103801555, 44.508252306319385], [11.33673525416408, 44.50823686989413], [11.336713679506449, 44.50769715748245], [11.33784499217283, 44.50767399394772], [11.33783419985991, 44.50740413793635], [11.338588404073755, 44.50738868950431], [11.338599199860626, 44.50765854537112], [11.338976303477512, 44.50765081921679], [11.338987101152728, 44.50792067499644], [11.339364206355235, 44.50791294752578], [11.339375005918845, 44.50818280321824], [11.343523172255727, 44.50809771813917], [11.34351235358509, 44.50782786324293], [11.344266560201614, 44.507812377201084], [11.344255738208723, 44.50754252243487], [11.345009940744472, 44.507527031561935], [11.344999115429427, 44.5072571769258], [11.345753313884275, 44.50724168122189], [11.345764142673172, 44.50751153571302], [11.34614124340982, 44.50750378592258], [11.346152074087474, 44.5077736403263], [11.346529176409232, 44.50776588921933], [11.346540008975692, 44.50803574353563], [11.346162904916966, 44.50804349471514], [11.346173735898297, 44.508313349089086], [11.346550841694018, 44.50830559783704], [11.346561674564208, 44.50857545212354], [11.347315889174054, 44.508559945742284], [11.347305052829835, 44.50829009160086], [11.349190578010436, 44.50825130424006], [11.349179733133232, 44.507981450446714], [11.350311041206437, 44.50795816331994], [11.350278491854722, 44.50714860250428], [11.349901394526482, 44.507156365905935], [11.34987969919289, 44.506616658475714], [11.350256793047409, 44.50660889521936], [11.350245943871895, 44.50633904155456], [11.351000127650996, 44.506323511455356], [11.350989275153987, 44.50605365792098], [11.35174345485095, 44.50603812299143], [11.351754310821537, 44.50630797638044], [11.352508493383322, 44.506292436329815], [11.352519352979712, 44.50656228955848], [11.353273538406151, 44.506546744386696], [11.353284401628436, 44.50681659745501], [11.354038589919368, 44.50680104716198], [11.354071190921191, 44.50761060584095], [11.35444829004876, 44.50760282861019], [11.354437421158917, 44.50733297580488], [11.354814518397225, 44.507325197402935], [11.35479277760094, 44.506785491893176], [11.354415683836335, 44.50679327014955], [11.35435047552524, 44.505174152825866], [11.353596308380064, 44.50518970473358], [11.353574580441823, 44.504649998548736], [11.353197500114103, 44.50465777249127], [11.353186638110055, 44.50438791930376], [11.349038763563714, 44.50447334977787], [11.34902792081475, 44.504203495776004], [11.348650842134685, 44.50421125464703], [11.348661683147013, 44.50448110872151], [11.347530440985148, 44.50450437808929], [11.34754127693946, 44.504774232366614], [11.346410028200449, 44.5047974907573], [11.346420859096575, 44.50506734523738], [11.346043774143173, 44.50507509561906], [11.346032944983746, 44.50480524106644], [11.344901694422886, 44.50482848453062], [11.344890870625315, 44.50455862974562]]]}}, {"type": "Feature", "properties": {"threshold": "ge_10", "source": "HistorySUHI", "period": "2013-2025", "hotspot_percentile": "top_10_pct", "label": ">= 10 estati"}, "geometry": {"type": "Polygon", "coordinates": [[[11.335690192702964, 44.5104188734511], [11.335313070353529, 44.51042658913119], [11.335302288688105, 44.510156732762894], [11.333793804728032, 44.51018758275308], [11.333836904500174, 44.51126700929185], [11.335722543818036, 44.511228442250165], [11.335690192702964, 44.5104188734511]]]}}, {"type": "Feature", "properties": {"threshold": "ge_10", "source": "HistorySUHI", "period": "2013-2025", "hotspot_percentile": "top_10_pct", "label": ">= 10 estati"}, "geometry": {"type": "Polygon", "coordinates": [[[11.354567857894121, 44.510571208484926], [11.354190739659154, 44.51057898651628], [11.354201608640446, 44.51084883921552], [11.354578728612594, 44.510841061111385], [11.354567857894121, 44.510571208484926]]]}}, {"type": "Feature", "properties": {"threshold": "ge_10", "source": "HistorySUHI", "period": "2013-2025", "hotspot_percentile": "top_10_pct", "label": ">= 10 estati"}, "geometry": {"type": "Polygon", "coordinates": [[[11.354589599483468, 44.511110913722945], [11.354966721040418, 44.5111031343019], [11.35495584843234, 44.51083328176314], [11.354578728612594, 44.510841061111385], [11.354589599483468, 44.511110913722945]]]}}, {"type": "Feature", "properties": {"threshold": "ge_10", "source": "HistorySUHI", "period": "2013-2025", "hotspot_percentile": "top_10_pct", "label": ">= 10 estati"}, "geometry": {"type": "Polygon", "coordinates": [[[11.350053278895187, 44.51093431624911], [11.350096679904789, 44.51201373009661], [11.350473808500848, 44.51200596538718], [11.350484660870878, 44.51227581873917], [11.35086179105212, 44.51226805271289], [11.350872645311652, 44.51253790597728], [11.35124977707807, 44.512530138634155], [11.351260633227154, 44.51279999181097], [11.352392032825234, 44.51277668209824], [11.352402894338702, 44.51304653504202], [11.353911431953724, 44.513015437715204], [11.353835355912379, 44.511126468832664], [11.354212477774114, 44.511118691899874], [11.354201608640446, 44.51084883921552], [11.353824488515919, 44.51085661607554], [11.353813621271813, 44.51058676330353], [11.353059384040098, 44.51060231314571], [11.353070247809827, 44.510872166063244], [11.350053278895187, 44.51093431624911]]]}}, {"type": "Feature", "properties": {"threshold": "ge_10", "source": "HistorySUHI", "period": "2013-2025", "hotspot_percentile": "top_10_pct", "label": ">= 10 estati"}, "geometry": {"type": "Polygon", "coordinates": [[[11.33541011214464, 44.512855295776724], [11.335399329118726, 44.51258543954226], [11.335022192719336, 44.51259315455575], [11.335032974007792, 44.51286301086242], [11.33541011214464, 44.512855295776724]]]}}, {"type": "Feature", "properties": {"threshold": "ge_10", "source": "HistorySUHI", "period": "2013-2025", "hotspot_percentile": "top_10_pct", "label": ">= 10 estati"}, "geometry": {"type": "Polygon", "coordinates": [[[11.340302088544927, 44.512485031141395], [11.340248062753997, 44.51113575444393], [11.337985306010017, 44.51118212074217], [11.338050074868221, 44.512801255337884], [11.338427211794961, 44.51279353029821], [11.338470401010705, 44.51387295277536], [11.338847544736058, 44.51386522620224], [11.338858344156003, 44.51413508171202], [11.340366924493306, 44.51410416268732], [11.340356118123157, 44.51383430746687], [11.340733261091229, 44.51382657467232], [11.340722453135063, 44.513556719509346], [11.34109959421409, 44.51354898554288], [11.34107797528137, 44.51300927531704], [11.340700837677309, 44.51301700913876], [11.34067922282564, 44.51247729870864], [11.340302088544927, 44.512485031141395]]]}}, {"type": "Feature", "properties": {"threshold": "ge_10", "source": "HistorySUHI", "period": "2013-2025", "hotspot_percentile": "top_10_pct", "label": ">= 10 estati"}, "geometry": {"type": "Polygon", "coordinates": [[[11.354342919264584, 44.51435692294949], [11.354332048302174, 44.514087070444], [11.353954907329536, 44.514094848177365], [11.353965776554444, 44.514364700755635], [11.354342919264584, 44.51435692294949]]]}}, {"type": "Feature", "properties": {"threshold": "ge_10", "source": "HistorySUHI", "period": "2013-2025", "hotspot_percentile": "top_10_pct", "label": ">= 10 estati"}, "geometry": {"type": "Polygon", "coordinates": [[[11.357501572555133, 44.5178027293468], [11.358255900256417, 44.51778714819823], [11.358245009934429, 44.51751729661504], [11.357490685708727, 44.5175328776178], [11.357501572555133, 44.5178027293468]]]}}, {"type": "Feature", "properties": {"threshold": "ge_10", "source": "HistorySUHI", "period": "2013-2025", "hotspot_percentile": "top_10_pct", "label": ">= 10 estati"}, "geometry": {"type": "Polygon", "coordinates": [[[11.35942007818574, 44.51857332114607], [11.359409182192103, 44.518303469826414], [11.358654848455739, 44.518319058733155], [11.358676633644311, 44.51885876164932], [11.359808144446923, 44.518835375984914], [11.359797246562637, 44.51856552475312], [11.35942007818574, 44.51857332114607]]]}}, {"type": "Feature", "properties": {"threshold": "ge_10", "source": "HistorySUHI", "period": "2013-2025", "hotspot_percentile": "top_10_pct", "label": ">= 10 estati"}, "geometry": {"type": "Polygon", "coordinates": [[[11.348935237284607, 44.52068008799023], [11.34895693453567, 44.52121979445241], [11.350842874452438, 44.521180970996824], [11.350832017060155, 44.52091111813648], [11.351209202848775, 44.52090334978434], [11.351198343870614, 44.52063349698178], [11.350821159820102, 44.52064126526123], [11.350810302732278, 44.520371412371084], [11.349301571960549, 44.52040247275273], [11.349312422096016, 44.520672325933525], [11.348935237284607, 44.52068008799023]]]}}, {"type": "Feature", "properties": {"threshold": "ge_10", "source": "HistorySUHI", "period": "2013-2025", "hotspot_percentile": "top_10_pct", "label": ">= 10 estati"}, "geometry": {"type": "Polygon", "coordinates": [[[11.358085648591082, 44.52292211802758], [11.35884004203225, 44.522906531619256], [11.358829147070484, 44.52263668039231], [11.358451952164517, 44.52264447414585], [11.358441059093735, 44.522374622831066], [11.358818252261475, 44.522366829150464], [11.358796463101726, 44.52182712662201], [11.359550842026168, 44.521811535818784], [11.359561740006011, 44.522081386944556], [11.359938930977215, 44.52207358960311], [11.359949830848056, 44.522343440641016], [11.36032702340462, 44.52233564198201], [11.36031612179559, 44.52206579101708], [11.360693312461112, 44.522057991186465], [11.360682409266769, 44.521788140279604], [11.361436786662843, 44.52177253703065], [11.361360444249861, 44.519883581287026], [11.360606091186671, 44.51989918351396], [11.360595189215243, 44.51962933248778], [11.359840839016572, 44.5196449295908], [11.359829940673889, 44.51937507840375], [11.358698419443774, 44.519398464505834], [11.358709312572598, 44.51966831591172], [11.357954960846252, 44.51968390056993], [11.357965850651839, 44.51995375210673], [11.357588672821644, 44.51996154264201], [11.357599561041903, 44.520231394236816], [11.35684520144752, 44.52024697171962], [11.356856086344363, 44.520516823445284], [11.35610172266343, 44.52053239609575], [11.35611260423675, 44.52080224795223], [11.355735420429346, 44.520810032483524], [11.355713660911396, 44.52027032860997], [11.355336480427573, 44.52027811175105], [11.355358236469394, 44.52081781577027], [11.354981052356917, 44.520825597812475], [11.354991928868508, 44.52109544987255], [11.353860370401867, 44.52111878875028], [11.35388211345368, 44.52165849326251], [11.353504923516946, 44.521666270544856], [11.353515793533314, 44.52193612285139], [11.35313860170598, 44.52194389896192], [11.353149470136547, 44.522213751326326], [11.353526663702095, 44.522205975143024], [11.353570145901385, 44.52328538416053], [11.353947346267605, 44.5232776064415], [11.353969091758476, 44.52381731071528], [11.354346295448929, 44.52380953160601], [11.354357170161423, 44.52407938364775], [11.355488785532943, 44.52405603863347], [11.355477905605328, 44.523786186810185], [11.356609514388769, 44.523762830812316], [11.356598629398682, 44.52349297919268], [11.356975830282943, 44.523485191443605], [11.356964943707167, 44.523215339881936], [11.35809654022906, 44.52319196938546], [11.358085648591082, 44.52292211802758]]]}}, {"type": "Feature", "properties": {"threshold": "ge_10", "source": "HistorySUHI", "period": "2013-2025", "hotspot_percentile": "top_10_pct", "label": ">= 10 estati"}, "geometry": {"type": "Polygon", "coordinates": [[[11.338449603246197, 44.52278590684455], [11.338438802456524, 44.5225160516662], [11.338061602814358, 44.52252377806406], [11.33807240186569, 44.52279363331473], [11.338449603246197, 44.52278590684455]]]}}, {"type": "Feature", "properties": {"threshold": "ge_10", "source": "HistorySUHI", "period": "2013-2025", "hotspot_percentile": "top_10_pct", "label": ">= 10 estati"}, "geometry": {"type": "Polygon", "coordinates": [[[11.338471205279875, 44.52332561715663], [11.338460404187312, 44.52305576200803], [11.338083201068441, 44.5230634885505], [11.338094000422613, 44.523333343771405], [11.338471205279875, 44.52332561715663]]]}}, {"type": "Feature", "properties": {"threshold": "ge_10", "source": "HistorySUHI", "period": "2013-2025", "hotspot_percentile": "top_10_pct", "label": ">= 10 estati"}, "geometry": {"type": "Polygon", "coordinates": [[[11.338880819387386, 44.52412745443675], [11.339258029157023, 44.524119725115575], [11.339225614540025, 44.52331016019298], [11.338848409985687, 44.52331788929715], [11.338880819387386, 44.52412745443675]]]}}, {"type": "Feature", "properties": {"threshold": "ge_10", "source": "HistorySUHI", "period": "2013-2025", "hotspot_percentile": "top_10_pct", "label": ">= 10 estati"}, "geometry": {"type": "Polygon", "coordinates": [[[11.345670572040714, 44.523988136213525], [11.345681406769849, 44.52425798992659], [11.346813032645757, 44.524234730796614], [11.346769673779969, 44.52315531672561], [11.344883664661783, 44.523194074267884], [11.344894495458435, 44.523463928170656], [11.3456489030382, 44.52344842874272], [11.345659737463498, 44.52371828248557], [11.34603694276391, 44.523710530832034], [11.346047779079536, 44.52398038448745], [11.345670572040714, 44.523988136213525]]]}}, {"type": "Feature", "properties": {"threshold": "ge_10", "source": "HistorySUHI", "period": "2013-2025", "hotspot_percentile": "top_10_pct", "label": ">= 10 estati"}, "geometry": {"type": "Polygon", "coordinates": [[[11.336434612726297, 44.529038921966304], [11.336423818886209, 44.5287690666964], [11.336046578347558, 44.528776787287796], [11.336035786397714, 44.52850693193076], [11.335658547446627, 44.52851465120496], [11.335626177721586, 44.52770508482793], [11.336003411456137, 44.52769736577042], [11.335992620111588, 44.527427510353895], [11.33410645862013, 44.527466092831446], [11.334095676120787, 44.527196237039014], [11.333718445107596, 44.52720394972769], [11.333729225868156, 44.52747380559231], [11.333351992965008, 44.52748151710828], [11.333341213943239, 44.527211661171485], [11.332586751161111, 44.52722708032447], [11.33254365049529, 44.526147655851545], [11.331789201018669, 44.52616306944803], [11.331832287774601, 44.527242494497905], [11.332209519543392, 44.52723478803363], [11.332220293348785, 44.52750464418682], [11.3325975267053, 44.52749693640553], [11.332619078246974, 44.52803664852306], [11.33375078784279, 44.528013517276925], [11.33377235042213, 44.52855322890206], [11.33339511056359, 44.52856094070668], [11.33340589034112, 44.52883079656912], [11.33302864859251, 44.52883850720095], [11.333039426782266, 44.52910836312067], [11.333416670269813, 44.52910065241668], [11.333449010962871, 44.529910219870175], [11.333826259516202, 44.52990250770471], [11.333858606786958, 44.530712074807866], [11.334235860406253, 44.53070436118088], [11.334246644871339, 44.530974216779995], [11.334623900078508, 44.530966501835785], [11.334634686433947, 44.531236357347865], [11.335389199872738, 44.531220923579895], [11.33539998985772, 44.53149077893267], [11.335777248089311, 44.53148306010888], [11.335766456365189, 44.53121320482835], [11.33689822493447, 44.53119004110344], [11.33683344646466, 44.529570910408395], [11.33645620086055, 44.5295786324615], [11.336445406717745, 44.529308777221345], [11.336068162701237, 44.52931649795722], [11.336057370448732, 44.529046642629936], [11.336434612726297, 44.529038921966304]]]}}, {"type": "Feature", "properties": {"threshold": "ge_10", "source": "HistorySUHI", "period": "2013-2025", "hotspot_percentile": "top_10_pct", "label": ">= 10 estati"}, "geometry": {"type": "Polygon", "coordinates": [[[11.36007411746539, 44.53476437303293], [11.360085022782707, 44.535034223442786], [11.361216845619637, 44.53501081717382], [11.361205935084316, 44.534740966982966], [11.361583207317995, 44.53473316247605], [11.361572295196368, 44.53446331234331], [11.361195024701995, 44.5344711167772], [11.361173204396334, 44.533931416320904], [11.359664134803326, 44.533962621021246], [11.359609621500251, 44.5326133681595], [11.359986880431935, 44.53260556921696], [11.35997597649085, 44.53233571867285], [11.36035323353051, 44.532327918558266], [11.360342328003233, 44.532058068072224], [11.360719583150876, 44.53205026678561], [11.360686862269448, 44.531240715457], [11.359932362255497, 44.53125631634724], [11.359921459078894, 44.53098646572854], [11.35916696193138, 44.53100206149292], [11.359177861629982, 44.53127191225756], [11.358423360393099, 44.53128750318793], [11.358412464172506, 44.531017652277406], [11.35728071638832, 44.531041029116814], [11.357269825537482, 44.53077117797263], [11.356892577709612, 44.53077896768958], [11.356870799943994, 44.530239265210696], [11.35649355544135, 44.53024705353692], [11.356482668526493, 44.52997720220222], [11.355728182541094, 44.52999277497409], [11.355695533145738, 44.52918322044342], [11.351923146232789, 44.52926100742253], [11.35193401182328, 44.52953085967556], [11.351556770554723, 44.52953863159917], [11.351665417449805, 44.532237154037304], [11.352042676108532, 44.532229381386394], [11.352064410794158, 44.532769085549745], [11.35432798041536, 44.53272242262505], [11.354338858421903, 44.53299227424772], [11.35471612123087, 44.532984492663054], [11.354727001129163, 44.533254344198006], [11.355481529767781, 44.53323877714783], [11.35545976316701, 44.53269907435437], [11.355837023779033, 44.53269128910736], [11.355826138968418, 44.53242143776111], [11.356203397688658, 44.532413651341926], [11.356192511291555, 44.53214380005363], [11.35656976812002, 44.53213601246227], [11.356580656256243, 44.53240586367768], [11.356957914671142, 44.532398074768395], [11.356968804699191, 44.532667925896014], [11.357346064700522, 44.53266013566879], [11.3573678486931, 44.533199837733505], [11.357745112020044, 44.53319204611542], [11.357777794372161, 44.534001598881915], [11.357400525827517, 44.534009390718744], [11.357411418511145, 44.53427924168399], [11.357034148074469, 44.53428703234861], [11.357045039171538, 44.53455688337186], [11.35629049436141, 44.5345724611115], [11.356279606742966, 44.53430260994247], [11.355902335848189, 44.534310396871724], [11.355913221727313, 44.53458024811361], [11.355158676001183, 44.53459581838244], [11.355180441259975, 44.535135521112885], [11.356312270056337, 44.53511216340481], [11.356323158132824, 44.535382014529084], [11.35783226801448, 44.535350853194515], [11.357810478099218, 44.53481115151422], [11.358187751709004, 44.53480335821351], [11.358176855241213, 44.534533507423916], [11.3589313985237, 44.534517917232975], [11.358953198569429, 44.53505761850548], [11.359707748197842, 44.53504202304216], [11.359696844619865, 44.53477217255932], [11.36007411746539, 44.53476437303293]]]}}, {"type": "Feature", "properties": {"threshold": "ge_10", "source": "HistorySUHI", "period": "2013-2025", "hotspot_percentile": "top_10_pct", "label": ">= 10 estati"}, "geometry": {"type": "Polygon", "coordinates": [[[11.346017358738784, 44.53262344764621], [11.345995680010992, 44.532083741128375], [11.345241161150103, 44.53209924519825], [11.345273669034631, 44.53290880538792], [11.344896404158662, 44.532916555772836], [11.344950578308874, 44.53426582282047], [11.345327851881317, 44.5342580720729], [11.345338688906548, 44.534527925365225], [11.345715964066388, 44.53452017329998], [11.345726802982979, 44.534790026504886], [11.346858632768582, 44.534766762620464], [11.346847788633838, 44.53449690963326], [11.347225063185551, 44.53448915258736], [11.347192526475725, 44.53367959375417], [11.346815257142005, 44.5336873505823], [11.346782727018713, 44.532877791397304], [11.346405462750711, 44.53288554676259], [11.3463946214196, 44.53261569359857], [11.346017358738784, 44.53262344764621]]]}}, {"type": "Feature", "properties": {"threshold": "ge_10", "source": "HistorySUHI", "period": "2013-2025", "hotspot_percentile": "top_10_pct", "label": ">= 10 estati"}, "geometry": {"type": "Polygon", "coordinates": [[[11.356268719277201, 44.53403275875856], [11.356257831964106, 44.53376290755972], [11.35588056454789, 44.53377069434324], [11.355891450121714, 44.53404054561494], [11.356268719277201, 44.53403275875856]]]}}, {"type": "Feature", "properties": {"threshold": "ge_10", "source": "HistorySUHI", "period": "2013-2025", "hotspot_percentile": "top_10_pct", "label": ">= 10 estati"}, "geometry": {"type": "Polygon", "coordinates": [[[11.354857571809752, 44.53649256145466], [11.354846690080464, 44.53622271009859], [11.353714838579641, 44.53624605373845], [11.353725715090427, 44.53651590531297], [11.354857571809752, 44.53649256145466]]]}}, {"type": "Feature", "properties": {"threshold": "ge_10", "source": "HistorySUHI", "period": "2013-2025", "hotspot_percentile": "top_10_pct", "label": ">= 10 estati"}, "geometry": {"type": "Polygon", "coordinates": [[[11.349553847446758, 44.53606169881343], [11.348799279143849, 44.536077227473726], [11.348788425551248, 44.53580737492405], [11.348411142910965, 44.535815137313726], [11.348367737020283, 44.53473572667557], [11.347235909059673, 44.53475900550199], [11.347268447594622, 44.53556856415648], [11.346136602610287, 44.53559183242959], [11.346125761498236, 44.53532197934192], [11.345371200894078, 44.53533748515287], [11.345425390579562, 44.536686751167814], [11.345802679655197, 44.53667899852221], [11.345813519787841, 44.53694885160799], [11.346568100962202, 44.536933342435894], [11.346578944726073, 44.53720319536164], [11.34846540369835, 44.5371644002763], [11.348476256312392, 44.537434252824134], [11.348853549389984, 44.53742648999862], [11.34884269503633, 44.53715663752343], [11.349219986222094, 44.53714887352529], [11.349230842315357, 44.53741872592783], [11.349608135088486, 44.53741096061176], [11.349618993073623, 44.53768081292672], [11.349996287434115, 44.5376730462927], [11.350007147311175, 44.5379428985201], [11.350384443259022, 44.5379351305681], [11.350395305028053, 44.53820498270791], [11.350772602563252, 44.53819721343791], [11.350729149442508, 44.53711780508007], [11.350351858865848, 44.53712557405927], [11.350330136698634, 44.53658586964556], [11.349952849448794, 44.53659363723412], [11.349941990333178, 44.53632378493223], [11.349564704670586, 44.53633155120288], [11.349553847446758, 44.53606169881343]]]}}, {"type": "Feature", "properties": {"threshold": "ge_10", "source": "HistorySUHI", "period": "2013-2025", "hotspot_percentile": "top_10_pct", "label": ">= 10 estati"}, "geometry": {"type": "Polygon", "coordinates": [[[11.358684915531452, 44.5377639205666], [11.358674015643091, 44.53749407001399], [11.359051306341813, 44.53748627349347], [11.359040404866738, 44.53721642299891], [11.359417693673018, 44.53720862530613], [11.359395887702437, 44.53666892441817], [11.35826403126217, 44.536692313323115], [11.358307622940282, 44.53777171591481], [11.358684915531452, 44.5377639205666]]]}}, {"type": "Feature", "properties": {"threshold": "ge_10", "source": "HistorySUHI", "period": "2013-2025", "hotspot_percentile": "top_10_pct", "label": ">= 10 estati"}, "geometry": {"type": "Polygon", "coordinates": [[[11.348929534127807, 44.53931545690785], [11.348896968326802, 44.53850589975041], [11.34851966829052, 44.53851366286649], [11.348530521665554, 44.53878351533985], [11.34815321973733, 44.53879127728325], [11.348164071524812, 44.53906112981433], [11.348541375192797, 44.539053367798296], [11.348552228872249, 44.53932322024186], [11.348929534127807, 44.53931545690785]]]}}, {"type": "Feature", "properties": {"threshold": "ge_10", "source": "HistorySUHI", "period": "2013-2025", "hotspot_percentile": "top_10_pct", "label": ">= 10 estati"}, "geometry": {"type": "Polygon", "coordinates": [[[11.342192139050011, 44.54080427453946], [11.34068287137476, 44.54083523218484], [11.340693689428427, 44.54110508606197], [11.339184412365803, 44.5411360240697], [11.339195223611132, 44.54140587822147], [11.338817902226348, 44.541413609682095], [11.338828711883252, 44.541683463891324], [11.338451388606824, 44.541691194178824], [11.338473004895269, 44.542230902697334], [11.339227658256853, 44.54221544058749], [11.33923847010868, 44.54248529467974], [11.339615798302157, 44.542477561684194], [11.339626612045757, 44.542747415689206], [11.341513259438464, 44.54270873166671], [11.341524082034502, 44.54297858529483], [11.341901412797947, 44.54297084468132], [11.341890588461762, 44.542700991125635], [11.343022574620733, 44.542677762029236], [11.342968429115777, 44.54132849511428], [11.342591109248303, 44.541336239029604], [11.342580282342912, 44.54106638552948], [11.342202964063592, 44.541074128126894], [11.342192139050011, 44.54080427453946]]]}}, {"type": "Feature", "properties": {"threshold": "ge_10", "source": "HistorySUHI", "period": "2013-2025", "hotspot_percentile": "top_10_pct", "label": ">= 10 estati"}, "geometry": {"type": "Polygon", "coordinates": [[[11.351261618173915, 44.550340541036135], [11.351283359365125, 44.5508802437846], [11.350905980037867, 44.550888016472314], [11.350927718357246, 44.55142771930663], [11.350550335395832, 44.55143549089393], [11.350572070843205, 44.5519751938141], [11.350194684247551, 44.55198296430095], [11.350203769923336, 44.552208596398934], [11.350366045329089, 44.552203032444936], [11.35062519269056, 44.55217068875596], [11.350702987417971, 44.55214883110882], [11.351516964051894, 44.55202962639874], [11.351520481148464, 44.552029112822936], [11.351639251707356, 44.55200246731962], [11.35168653929662, 44.551991833434606], [11.351799243703736, 44.551957435543095], [11.351937388343822, 44.551890446442535], [11.352398254234641, 44.551611441802656], [11.352398280118633, 44.55161145927426], [11.352561069063874, 44.55193421906789], [11.352836387215229, 44.551928544729165], [11.352825508969868, 44.551658693713044], [11.352448125030067, 44.5516664716025], [11.352415496431986, 44.55085691824638], [11.35203811756221, 44.55086469467164], [11.352016369407796, 44.55032499221416], [11.351261618173915, 44.550340541036135]]]}}, {"type": "Feature", "properties": {"threshold": "ge_10", "source": "HistorySUHI", "period": "2013-2025", "hotspot_percentile": "top_10_pct", "label": ">= 10 estati"}, "geometry": {"type": "Polygon", "coordinates": [[[11.354367699287955, 44.55243712182633], [11.354382968090558, 44.55281562575862], [11.354405027068383, 44.55280785043769], [11.35453031910089, 44.55276340449905], [11.354535855249216, 44.55276144479301], [11.354543103806042, 44.552758864602374], [11.354702912630271, 44.552702120273835], [11.354706114154524, 44.55270158610194], [11.354876909101204, 44.552670623146355], [11.355139055936295, 44.552602485376426], [11.355144773369037, 44.55260096302336], [11.355101216412693, 44.55249125688679], [11.355100349001258, 44.55248910517879], [11.355595576181273, 44.55236017070299], [11.35587256614157, 44.55228988942103], [11.355855467166034, 44.55186627617922], [11.354723313329602, 44.55188963622961], [11.354745087687386, 44.55242933748896], [11.354367699287955, 44.55243712182633]]]}}, {"type": "Feature", "properties": {"threshold": "ge_10", "source": "HistorySUHI", "period": "2013-2025", "hotspot_percentile": "top_10_pct", "label": ">= 10 estati"}, "geometry": {"type": "Polygon", "coordinates": [[[11.373425213895239, 44.463727318499025], [11.373447093758804, 44.46426702083331], [11.373823908478528, 44.464259185608675], [11.373845792421118, 44.464798887736585], [11.374222610453366, 44.46479105112323], [11.374233554387603, 44.465060902091444], [11.374987193457942, 44.465045224991805], [11.374943404777726, 44.46396582161614], [11.374566592250911, 44.46397366049357], [11.374555647197191, 44.46370380953896], [11.374178836249868, 44.463711647101015], [11.374167893082342, 44.46344179605811], [11.37379108371452, 44.4634496323048], [11.37380202514921, 44.46371948342103], [11.373425213895239, 44.463727318499025]]]}}, {"type": "Feature", "properties": {"threshold": "ge_10", "source": "HistorySUHI", "period": "2013-2025", "hotspot_percentile": "top_10_pct", "label": ">= 10 estati"}, "geometry": {"type": "Polygon", "coordinates": [[[11.371934774710352, 44.47348112132942], [11.3719566482767, 44.47402082332152], [11.372710403896454, 44.474005158774474], [11.37272134437712, 44.47427500960154], [11.373098223690828, 44.474267175391006], [11.373109166058626, 44.47453702612981], [11.373862927693622, 44.474521353834604], [11.3738519818582, 44.47425150324245], [11.374228860711813, 44.47424366530445], [11.37419601892459, 44.47343411365839], [11.37381914527226, 44.473441951376365], [11.37380820005038, 44.473172100724454], [11.372300710842348, 44.47320343887854], [11.372311649129353, 44.47347328982371], [11.371934774710352, 44.47348112132942]]]}}, {"type": "Feature", "properties": {"threshold": "ge_10", "source": "HistorySUHI", "period": "2013-2025", "hotspot_percentile": "top_10_pct", "label": ">= 10 estati"}, "geometry": {"type": "Polygon", "coordinates": [[[11.390000364983669, 44.48174681155581], [11.389989342006027, 44.4814769644732], [11.389235499658437, 44.481492745122345], [11.389246519167315, 44.48176259235261], [11.390000364983669, 44.48174681155581]]]}}, {"type": "Feature", "properties": {"threshold": "ge_10", "source": "HistorySUHI", "period": "2013-2025", "hotspot_percentile": "top_10_pct", "label": ">= 10 estati"}, "geometry": {"type": "Polygon", "coordinates": [[[11.398647421828437, 44.48102528432395], [11.398270506025376, 44.481033203778715], [11.398259445202045, 44.48076335829362], [11.397882530978249, 44.480771276431575], [11.397893590067302, 44.48104112199077], [11.397516673954241, 44.48104903896012], [11.397527731463983, 44.48131888457842], [11.396773895304383, 44.481334714937105], [11.396784949500432, 44.48160456068857], [11.3956541888962, 44.48162829712826], [11.395676287346827, 44.48216798903049], [11.396430134842033, 44.482152165683964], [11.39645224084976, 44.482691857230144], [11.397583021337242, 44.48266811244525], [11.397571963052641, 44.48239826690184], [11.397948887837451, 44.48239034956205], [11.39793782797343, 44.48212050407777], [11.398314750868845, 44.482112585569304], [11.39830368942545, 44.48184274014413], [11.398680610431471, 44.48183482046703], [11.398647421828437, 44.48102528432395]]]}}, {"type": "Feature", "properties": {"threshold": "ge_10", "source": "HistorySUHI", "period": "2013-2025", "hotspot_percentile": "top_10_pct", "label": ">= 10 estati"}, "geometry": {"type": "Polygon", "coordinates": [[[11.37502192081855, 44.48449013255022], [11.375010965836458, 44.484220282657446], [11.374634022969277, 44.48422812455264], [11.374644976216668, 44.48449797451878], [11.37502192081855, 44.48449013255022]]]}}, {"type": "Feature", "properties": {"threshold": "ge_10", "source": "HistorySUHI", "period": "2013-2025", "hotspot_percentile": "top_10_pct", "label": ">= 10 estati"}, "geometry": {"type": "Polygon", "coordinates": [[[11.395032906086454, 44.484882267498875], [11.394988717486934, 44.483802883641395], [11.394611782790525, 44.48381079140896], [11.394578648170054, 44.48300125313663], [11.394201718522407, 44.48300915943938], [11.39421276150661, 44.48327900561913], [11.393835829969701, 44.48328691075306], [11.39384687137415, 44.483556756991796], [11.393469937947975, 44.48356466095687], [11.393480977772619, 44.48383450725459], [11.393104042457171, 44.48384241005079], [11.393115080701962, 44.4841122564075], [11.392738143497239, 44.48412015803479], [11.39274918016213, 44.48439000445047], [11.392372241068122, 44.48439790490884], [11.392394311392668, 44.484937597843135], [11.392771253955956, 44.484929697236915], [11.392804365806843, 44.485739236304326], [11.393181313419545, 44.485731334233364], [11.393214431866985, 44.48654087294419], [11.393591384529278, 44.48653296940844], [11.393613467737522, 44.487072661659546], [11.39399042371472, 44.4870647567329], [11.394001467285836, 44.487334602762026], [11.395132339493237, 44.48731088030222], [11.395143388423783, 44.48758072609438], [11.395520347251454, 44.48757281604778], [11.395509296586027, 44.48730297032963], [11.396263210306948, 44.487287146655504], [11.396207941954946, 44.48593791858049], [11.395830993845935, 44.48594583066885], [11.395808891058982, 44.48540613918594], [11.395431946264514, 44.48541404988331], [11.395409847566436, 44.48487435819243], [11.395032906086454, 44.484882267498875]]]}}, {"type": "Feature", "properties": {"threshold": "ge_10", "source": "HistorySUHI", "period": "2013-2025", "hotspot_percentile": "top_10_pct", "label": ">= 10 estati"}, "geometry": {"type": "Polygon", "coordinates": [[[11.380650546939133, 44.49301537024496], [11.381781539932186, 44.49299177761578], [11.381759561287533, 44.49245208127071], [11.380628578707036, 44.492475673458365], [11.380650546939133, 44.49301537024496]]]}}, {"type": "Feature", "properties": {"threshold": "ge_10", "source": "HistorySUHI", "period": "2013-2025", "hotspot_percentile": "top_10_pct", "label": ">= 10 estati"}, "geometry": {"type": "Polygon", "coordinates": [[[11.372034278360179, 44.49454512547763], [11.37202333331597, 44.494275275477364], [11.371269316264673, 44.494290941075405], [11.371280257837629, 44.49456079122227], [11.372034278360179, 44.49454512547763]]]}}, {"type": "Feature", "properties": {"threshold": "ge_10", "source": "HistorySUHI", "period": "2013-2025", "hotspot_percentile": "top_10_pct", "label": ">= 10 estati"}, "geometry": {"type": "Polygon", "coordinates": [[[11.371679155252938, 44.495092659073975], [11.371668211637571, 44.49482280903027], [11.37129119956395, 44.4948306413542], [11.37130214144364, 44.4951004914712], [11.371679155252938, 44.495092659073975]]]}}, {"type": "Feature", "properties": {"threshold": "ge_10", "source": "HistorySUHI", "period": "2013-2025", "hotspot_percentile": "top_10_pct", "label": ">= 10 estati"}, "geometry": {"type": "Polygon", "coordinates": [[[11.398457809181396, 44.49480322564666], [11.397703799839576, 44.49481906590043], [11.39769273631381, 44.49454922095699], [11.397315733145795, 44.49455713914481], [11.397304671510595, 44.494287294112304], [11.396550668180453, 44.49430312660992], [11.396539610171246, 44.49403328141427], [11.395785609692082, 44.49404910879063], [11.395818773771662, 44.494858644776954], [11.393933743829946, 44.49489819257067], [11.393944790155228, 44.495168038239576], [11.3943217981889, 44.49516013109347], [11.394332846404607, 44.49542997667341], [11.39470985601901, 44.495422068209976], [11.394731956386263, 44.4959617591769], [11.395108969317024, 44.495953849322085], [11.395120021468644, 44.49622369470908], [11.395874050336714, 44.496207871121314], [11.395896162047473, 44.49674756155421], [11.39665019723843, 44.49673173269673], [11.39666125679771, 44.497001577742594], [11.397792313628587, 44.496977824908676], [11.397736991347331, 44.49562860064087], [11.398114001302487, 44.49562068091331], [11.398102935575901, 44.495350836088924], [11.397725927356335, 44.49535875574237], [11.397714863520418, 44.49508891082889], [11.398468876333318, 44.49507307042691], [11.398457809181396, 44.49480322564666]]]}}, {"type": "Feature", "properties": {"threshold": "ge_10", "source": "HistorySUHI", "period": "2013-2025", "hotspot_percentile": "top_10_pct", "label": ">= 10 estati"}, "geometry": {"type": "Polygon", "coordinates": [[[11.393279122029012, 44.49734261479756], [11.39326807793652, 44.4970727691005], [11.392891057288713, 44.49708067303431], [11.392880015086769, 44.4968108272483], [11.392125976798342, 44.4968266312378], [11.392114938222624, 44.49655678528895], [11.390229848472913, 44.49659627313353], [11.39024087836996, 44.49686611945189], [11.389863858220366, 44.496874013364476], [11.389874886536255, 44.497143859741755], [11.38949786449631, 44.49715175248477], [11.389530945164042, 44.49796129174838], [11.38990797241144, 44.497953398783785], [11.38993003043452, 44.49849309140367], [11.390307060999076, 44.49848519704785], [11.390318091978424, 44.49875504326146], [11.39107215611546, 44.49873925067163], [11.391083190721298, 44.499009096722496], [11.391837257711494, 44.49899329901086], [11.391826219633801, 44.49872345310782], [11.392580282533254, 44.498707650570054], [11.392569241138489, 44.49843780479994], [11.393323299947076, 44.49842199743613], [11.393301210678421, 44.49788230614679], [11.393678236378799, 44.497874400747634], [11.393656144257783, 44.49733470954635], [11.393279122029012, 44.49734261479756]]]}}, {"type": "Feature", "properties": {"threshold": "ge_10", "source": "HistorySUHI", "period": "2013-2025", "hotspot_percentile": "top_10_pct", "label": ">= 10 estati"}, "geometry": {"type": "Polygon", "coordinates": [[[11.407639188755555, 44.49785086967888], [11.407605857671799, 44.49704134113516], [11.407228841187917, 44.497049292392184], [11.407217732873795, 44.49677944943987], [11.406840717969882, 44.49678739937915], [11.406851824548331, 44.49705724240584], [11.406474807753064, 44.49706519117612], [11.406485912751492, 44.49733503426221], [11.406108894064868, 44.49734298186349], [11.40611999748323, 44.49761282500894], [11.405742976905245, 44.49762077144118], [11.40573187522261, 44.497350928221366], [11.40497783707129, 44.497366817206945], [11.40500003364919, 44.49790650392895], [11.404623010868677, 44.497914446705295], [11.404634107655193, 44.49818429011813], [11.40425708298335, 44.498192231725376], [11.404268178189595, 44.49846207519753], [11.405022230849355, 44.49844619059098], [11.405011132171488, 44.49817634726747], [11.406142204786867, 44.49815251125488], [11.406153308672147, 44.498422354355355], [11.406907359775827, 44.4984064573144], [11.406896252418953, 44.498136614362686], [11.40727327600147, 44.49812866405145], [11.407262167064516, 44.49785882115912], [11.407639188755555, 44.49785086967888]]]}}, {"type": "Feature", "properties": {"threshold": "ge_10", "source": "HistorySUHI", "period": "2013-2025", "hotspot_percentile": "top_10_pct", "label": ">= 10 estati"}, "geometry": {"type": "Polygon", "coordinates": [[[11.41143165331289, 44.49831097062052], [11.411398269222161, 44.49750144440088], [11.411021250825296, 44.49750940824063], [11.4110101248427, 44.4972395660629], [11.410633108025577, 44.49724752858476], [11.410621983934602, 44.496977686317514], [11.409113922049807, 44.49700952367328], [11.409125039198074, 44.49727936623845], [11.408748021601568, 44.497287322543436], [11.40877025289415, 44.49782700777769], [11.409147273962098, 44.4978190513238], [11.409169509349455, 44.49835873634915], [11.408792484809972, 44.498366692951926], [11.40881471734905, 44.49890637806618], [11.408060660859382, 44.498922287839214], [11.408071773890937, 44.49919213052271], [11.407694743676572, 44.49920008361847], [11.407716966735208, 44.499739769089324], [11.408471033951747, 44.49972386135663], [11.408459918872737, 44.49945401877757], [11.40883695051141, 44.49944606312044], [11.408825833852319, 44.4991762206008], [11.409202863599289, 44.499168263774656], [11.409180627276891, 44.49862857883932], [11.410688730819386, 44.498596739695984], [11.410677605948756, 44.49832689750375], [11.41143165331289, 44.49831097062052]]]}}, {"type": "Feature", "properties": {"threshold": "ge_10", "source": "HistorySUHI", "period": "2013-2025", "hotspot_percentile": "top_10_pct", "label": ">= 10 estati"}, "geometry": {"type": "Polygon", "coordinates": [[[11.406841354903198, 44.50597000509893], [11.406830244922396, 44.50570016249272], [11.407207317272077, 44.505692211341916], [11.407196205710562, 44.50542236879512], [11.406819135097335, 44.50543031987153], [11.40677469735443, 44.50435094923678], [11.40639763353104, 44.50435889877189], [11.40638652622097, 44.50408905600132], [11.404878276315982, 44.50412084140738], [11.404889376680691, 44.50439068447538], [11.404512312079028, 44.50439862779201], [11.404534509802504, 44.50493831403169], [11.403780373186914, 44.5049541972311], [11.403758182408987, 44.50441451069418], [11.404135247321786, 44.50440656986494], [11.404124150429773, 44.504136726648305], [11.403747087253324, 44.504144667403224], [11.403702708185941, 44.5030652940895], [11.404456820492967, 44.50304941193044], [11.404423527408166, 44.50223988223359], [11.404800578119739, 44.502231939511574], [11.404778380035397, 44.50169225312069], [11.404024285401258, 44.501708137023854], [11.40403538089338, 44.50197798037542], [11.403658331606868, 44.50198592053593], [11.40364723785088, 44.50171607711005], [11.403270190144998, 44.50172401595267], [11.40328128216485, 44.501993859452824], [11.402904232567346, 44.50200179712613], [11.402915323006521, 44.50227164068557], [11.402161219872825, 44.50228751244989], [11.40217230699508, 44.502557356142866], [11.401795253458904, 44.502565290233846], [11.401784168072842, 44.50229544646662], [11.400653011740651, 44.50231924105512], [11.400641931718505, 44.502049397050264], [11.400264881033289, 44.50205732601832], [11.400231647107129, 44.501247793691235], [11.399854601475027, 44.50125572119313], [11.399832449772816, 44.50071603275178], [11.399455407457612, 44.500723958861784], [11.399444333575428, 44.50045411454445], [11.399821374154593, 44.50044618850863], [11.399810298691621, 44.50017634425051], [11.40018733737952, 44.50016841704532], [11.400176260335806, 44.499898572846384], [11.401307370259829, 44.499874783992276], [11.401296288163504, 44.49960494000095], [11.401673322758239, 44.49959700797011], [11.401651155559767, 44.49905732009095], [11.402028186527307, 44.49904938696508], [11.402039271784764, 44.49931923083791], [11.403547401044442, 44.4992874856026], [11.403469758902107, 44.49739858025734], [11.403092738971091, 44.497406517911436], [11.40310382850355, 44.49767636165144], [11.402726806681345, 44.4976842981364], [11.402715718884636, 44.49741445432214], [11.402338698642765, 44.49742238948942], [11.40234978470372, 44.49769223337795], [11.401972762570702, 44.497700167376074], [11.401950594075668, 44.497160479435564], [11.401573575258771, 44.49716841204182], [11.40158465769287, 44.4974382560938], [11.4012076369849, 44.49744618753088], [11.401196556286534, 44.49717634340467], [11.400819537158982, 44.497184273524134], [11.400852774512746, 44.49799380608039], [11.400475750022606, 44.498001735179024], [11.400453595103025, 44.497462046674784], [11.399699552600069, 44.497477900845055], [11.399710626510686, 44.497747745253015], [11.398579556384824, 44.49777151740525], [11.398634902228581, 44.49912074033262], [11.39901193443831, 44.49911281715461], [11.399034077333816, 44.499652506072415], [11.398657041652214, 44.49966042939871], [11.398668111596786, 44.49993027390928], [11.398291074024039, 44.49993819606619], [11.39832427958072, 44.50074772973039], [11.39757019355364, 44.500763570758345], [11.397592324422845, 44.50130326008938], [11.397215277704447, 44.501311178886205], [11.39722634163559, 44.50158102360335], [11.39684929302597, 44.50158894123068], [11.396882480541409, 44.502398475514504], [11.396505426568176, 44.50240639212047], [11.396516487647236, 44.50267623692587], [11.396139431782716, 44.50268415236228], [11.39615049128057, 44.502953997226776], [11.395773433524763, 44.502961911493585], [11.395784491441363, 44.50323175641715], [11.393899191656239, 44.50327130946634], [11.39391024104626, 44.50354115474506], [11.392779054107352, 44.50356487187235], [11.392790098443205, 44.503834717358025], [11.39241303408421, 44.50384262065368], [11.392424076838504, 44.50411246619834], [11.389407542504767, 44.50417564838118], [11.389418571522514, 44.5044454945021], [11.388664432919688, 44.5044612777582], [11.38868648447314, 44.50500097025054], [11.387932338306188, 44.50501674882696], [11.38794336084174, 44.50528659519833], [11.388320435738995, 44.505278706458185], [11.388342484746753, 44.50581839900842], [11.389096641023785, 44.50580261750142], [11.389107669232644, 44.50607246360641], [11.389484748875853, 44.50606457091336], [11.389495778975908, 44.50633441692953], [11.391004102948653, 44.50630283342365], [11.390993065902226, 44.50603298770304], [11.39137014477208, 44.50602508879093], [11.391359106143812, 44.50575524312925], [11.392113259946145, 44.50573944172149], [11.392102217999549, 44.5054695961927], [11.392479292932011, 44.50546169369709], [11.392468249403697, 44.50519184822728], [11.393599468062614, 44.505168133499645], [11.393610516800432, 44.50543797874754], [11.39474173927489, 44.50541425260401], [11.394752793377142, 44.50568409761492], [11.395884019666509, 44.50566036005532], [11.395895079133323, 44.505930204829134], [11.396272155989607, 44.505922289747645], [11.396261094786263, 44.50565244504791], [11.397015244560576, 44.50563661130173], [11.397026309236967, 44.505906455853314], [11.397780461863894, 44.50589061698383], [11.397769393714464, 44.50562077258046], [11.397392319215086, 44.505628692562986], [11.397336989477436, 44.50427946995093], [11.398091120956602, 44.50426362948326], [11.398124328752338, 44.50507316265075], [11.398878470029327, 44.50505731676341], [11.398889543077841, 44.50532716097434], [11.399266615219974, 44.505319236090884], [11.399277690160194, 44.505589080212665], [11.399654763883557, 44.5055811540113], [11.399665840715533, 44.50585099804393], [11.400042916020123, 44.50584307052461], [11.400053994743907, 44.506112914468076], [11.400808148360197, 44.50609705554973], [11.400819230712377, 44.5063668993298], [11.401573387180333, 44.506351035287864], [11.401584473161003, 44.506620878904506], [11.402338632480458, 44.506605009738905], [11.402349722089703, 44.506874853192066], [11.40310388426049, 44.506858978902706], [11.403114977498403, 44.50712882219234], [11.404246224798007, 44.50710500120684], [11.404257323401291, 44.507374844258564], [11.405011490963046, 44.5073589572338], [11.405022593195199, 44.507628800121886], [11.405776763607681, 44.50761290797311], [11.405787869468785, 44.50788275069748], [11.407673301458315, 44.50784299818646], [11.407662186913967, 44.50757315583407], [11.408039271107901, 44.50756520167476], [11.408017039013417, 44.50702551707385], [11.407639958292693, 44.507033471084284], [11.407617730294627, 44.50649378627451], [11.407240652891216, 44.50650173889232], [11.407218428989355, 44.50596205387372], [11.406841354903198, 44.50597000509893]]]}}, {"type": "Feature", "properties": {"threshold": "ge_10", "source": "HistorySUHI", "period": "2013-2025", "hotspot_percentile": "top_10_pct", "label": ">= 10 estati"}, "geometry": {"type": "Polygon", "coordinates": [[[11.387899271626612, 44.50420720962306], [11.3878772279461, 44.50366751674566], [11.388254292424659, 44.50365962844841], [11.388221222853634, 44.50285008924152], [11.388598281968653, 44.50284219992205], [11.388576232888012, 44.50230250719028], [11.388953288375937, 44.50229461677482], [11.38892021070536, 44.50148507778644], [11.38816610999226, 44.50150085693077], [11.388188154673273, 44.50204054989996], [11.38781110061254, 44.50204843775432], [11.38782212144857, 44.502318284290276], [11.387445065497104, 44.50232617097479], [11.387456084751351, 44.502596017569594], [11.387079026909147, 44.50260390308423], [11.387090044581566, 44.502873749737866], [11.38633592496125, 44.502889517183675], [11.386346939315462, 44.50315936396989], [11.385969877537367, 44.503167245901025], [11.385980890309627, 44.50343709274603], [11.3856038266408, 44.50344497350722], [11.385614837831058, 44.50371482041103], [11.384860706557598, 44.5037305783497], [11.384871714429392, 44.504000425385996], [11.384117579065876, 44.504016178497196], [11.384128583619104, 44.50428602566594], [11.383751513969498, 44.50429390042962], [11.383784523345312, 44.5051034420672], [11.384538672909198, 44.50508769085393], [11.384549679816036, 44.50535753788915], [11.385680908214173, 44.50533390151965], [11.385691920484978, 44.50560374831875], [11.38644607545168, 44.50558798437261], [11.386435059707775, 44.505318137721034], [11.386812135222959, 44.50531025395604], [11.386823152703409, 44.505580100533834], [11.387200229800689, 44.50557221545128], [11.387156153859522, 44.504492829345445], [11.387533223856316, 44.50448494331426], [11.387522203520742, 44.5042150968242], [11.387899271626612, 44.50420720962306]]]}}, {"type": "Feature", "properties": {"threshold": "ge_10", "source": "HistorySUHI", "period": "2013-2025", "hotspot_percentile": "top_10_pct", "label": ">= 10 estati"}, "geometry": {"type": "Polygon", "coordinates": [[[11.36861393651498, 44.50325862003335], [11.36862486925889, 44.50352847027352], [11.3682478002514, 44.50353629374938], [11.368291525813598, 44.504615694853584], [11.36866860176714, 44.50460787108489], [11.368679535277368, 44.504877721250416], [11.36943369019776, 44.50486206983514], [11.369444627334445, 44.50513191983928], [11.370575863774834, 44.50510843316797], [11.370564921428386, 44.50483858338361], [11.370941998198505, 44.504830752078824], [11.370909166869906, 44.50402120285602], [11.370532095309384, 44.504029033940974], [11.37051021199698, 44.50348933423788], [11.370133143756023, 44.50349716393252], [11.370122204066332, 44.503227313985306], [11.36861393651498, 44.50325862003335]]]}}, {"type": "Feature", "properties": {"threshold": "ge_10", "source": "HistorySUHI", "period": "2013-2025", "hotspot_percentile": "top_10_pct", "label": ">= 10 estati"}, "geometry": {"type": "Polygon", "coordinates": [[[11.41390545474295, 44.50339014788277], [11.4135283990913, 44.503398120823974], [11.413483840702337, 44.502318755132904], [11.413860889409296, 44.502310782490106], [11.413849748466314, 44.50204094110441], [11.414226795280992, 44.50203296729266], [11.414215652758093, 44.501763125966576], [11.414592697680497, 44.501755150985865], [11.414581553577724, 44.501485309719406], [11.414204510391379, 44.50149328462548], [11.414193368180852, 44.50122344326938], [11.413816326574358, 44.50123141685731], [11.413794046093853, 44.50069173395084], [11.412285891994587, 44.50072361527047], [11.412297025212778, 44.50099345702953], [11.41191998456176, 44.50100142432519], [11.411953379944551, 44.50181094973601], [11.411576333929336, 44.50181891601177], [11.411598594825847, 44.50235859969303], [11.410844495382912, 44.50237452881195], [11.410877877480795, 44.503184054668495], [11.408992600101497, 44.503223856820135], [11.409037077023665, 44.50430322590861], [11.409414139756459, 44.50429526766768], [11.409436382625469, 44.50483495197296], [11.410190514568729, 44.50481903146211], [11.410201639709852, 44.505088873443285], [11.410578707183948, 44.505080911247795], [11.41060096140689, 44.5056205950161], [11.411732173311675, 44.505596700520194], [11.411754438577306, 44.506136383781296], [11.412508586012734, 44.50612044760045], [11.412441771251649, 44.50450139853176], [11.413195897225856, 44.50448545827088], [11.413184758506057, 44.50421561685606], [11.41356181952265, 44.50420764493469], [11.413550679222705, 44.50393780357946], [11.413927738346851, 44.503929830489035], [11.41390545474295, 44.50339014788277]]]}}, {"type": "Feature", "properties": {"threshold": "ge_10", "source": "HistorySUHI", "period": "2013-2025", "hotspot_percentile": "top_10_pct", "label": ">= 10 estati"}, "geometry": {"type": "Polygon", "coordinates": [[[11.366460760732735, 44.506004047913784], [11.366438913479337, 44.50546434680901], [11.365307666772592, 44.50548779265322], [11.365329503605933, 44.5060274941968], [11.366460760732735, 44.506004047913784]]]}}, {"type": "Feature", "properties": {"threshold": "ge_10", "source": "HistorySUHI", "period": "2013-2025", "hotspot_percentile": "top_10_pct", "label": ">= 10 estati"}, "geometry": {"type": "Polygon", "coordinates": [[[11.373281140338875, 44.50667268271424], [11.373259229644653, 44.50613298433629], [11.372505060426441, 44.50614866136125], [11.372537916277864, 44.50695820934589], [11.372160826228303, 44.50696604621257], [11.372171776749077, 44.50723589558425], [11.371794684809236, 44.50724373128037], [11.3718275320822, 44.50805327952573], [11.372581726229264, 44.508037606449605], [11.372570773511102, 44.507767757196085], [11.37294786861749, 44.50775991886546], [11.37293691431606, 44.50749006967033], [11.373314007532073, 44.507482230169124], [11.373303051647422, 44.507212381032446], [11.373680142973065, 44.50720454036069], [11.373658228191026, 44.50666484218923], [11.373281140338875, 44.50667268271424]]]}}, {"type": "Feature", "properties": {"threshold": "ge_10", "source": "HistorySUHI", "period": "2013-2025", "hotspot_percentile": "top_10_pct", "label": ">= 10 estati"}, "geometry": {"type": "Polygon", "coordinates": [[[11.412896797572664, 44.506382319028745], [11.412885659496297, 44.5061124776444], [11.412508586012734, 44.50612044760045], [11.412519722352618, 44.50639028905938], [11.412896797572664, 44.506382319028745]]]}}, {"type": "Feature", "properties": {"threshold": "ge_10", "source": "HistorySUHI", "period": "2013-2025", "hotspot_percentile": "top_10_pct", "label": ">= 10 estati"}, "geometry": {"type": "Polygon", "coordinates": [[[11.406974686821522, 44.509208115203535], [11.406985798827185, 44.50947795761476], [11.40736289548974, 44.50947000542226], [11.407318441454697, 44.508390635984966], [11.40807262041837, 44.50837472846365], [11.408061503825712, 44.50810488621568], [11.405798975485576, 44.50815259340685], [11.405832294470107, 44.508962121445], [11.406586481626862, 44.50894622357709], [11.406597591739983, 44.50921606607774], [11.406974686821522, 44.509208115203535]]]}}, {"type": "Feature", "properties": {"threshold": "ge_10", "source": "HistorySUHI", "period": "2013-2025", "hotspot_percentile": "top_10_pct", "label": ">= 10 estati"}, "geometry": {"type": "Polygon", "coordinates": [[[11.373631795008698, 44.51530784863539], [11.373609874482787, 44.51476815121346], [11.373232734364395, 44.514775992695604], [11.37318890210608, 44.513696597378974], [11.373566035274854, 44.51368875619033], [11.373478364233964, 44.51152996542704], [11.372724125538953, 44.51154564538628], [11.372713170824497, 44.51127579632692], [11.370827580085551, 44.511314974086716], [11.370783797505451, 44.510235576233505], [11.370406685845628, 44.51024340776006], [11.3703738557328, 44.5094338589935], [11.36999674913063, 44.50944168905619], [11.36997486662974, 44.50890198965728], [11.369597763348112, 44.50890981832945], [11.369554007134484, 44.507830419059424], [11.369931103468536, 44.50782259068031], [11.36990922280818, 44.50728289110222], [11.369532129947771, 44.507290719334854], [11.36951025337443, 44.50675101955055], [11.369133163834226, 44.506758846392756], [11.369144100307464, 44.50702869636561], [11.368767008877178, 44.50703652203716], [11.368788878810003, 44.50757622208456], [11.368034688542359, 44.507591869988765], [11.368067484170131, 44.50840142038717], [11.367313282868267, 44.508417063754784], [11.367324211576861, 44.50868691400413], [11.367701314041332, 44.50867909286912], [11.367723175392069, 44.509218793176636], [11.368100281177213, 44.509210970651246], [11.368122146614919, 44.509750670752645], [11.368499255720803, 44.50974284683682], [11.368532060238076, 44.510552396657324], [11.368154945921006, 44.51056022079278], [11.368165879329586, 44.510830070776315], [11.368542995383766, 44.510822246567635], [11.368553930682761, 44.51109209646302], [11.368931048320768, 44.511084270937026], [11.368941985510228, 44.51135412074424], [11.369696223800528, 44.511338465813516], [11.369729046712123, 44.51214801470613], [11.36935192243205, 44.512155843013296], [11.36936286197211, 44.51242569268755], [11.368985735801422, 44.51243351982384], [11.368996673757577, 44.512703369556405], [11.368242417481632, 44.512719020243], [11.368253352116525, 44.512988870107094], [11.367499091752771, 44.51300451596345], [11.367510023066298, 44.513274365959035], [11.366001493550597, 44.513305643034336], [11.365990569186433, 44.51303579274608], [11.365613438161898, 44.513043608831296], [11.365580671200224, 44.51223405765756], [11.36595779701286, 44.51222624179176], [11.3659468732613, 44.51195639144381], [11.366323997183542, 44.511948574407015], [11.366313071847904, 44.51167872411729], [11.366690193879757, 44.511670905909526], [11.366679266960087, 44.511401055678036], [11.367056387101556, 44.51139323629932], [11.367045458597905, 44.51112338612608], [11.366291221636123, 44.51113902349306], [11.366280296759975, 44.51086917315855], [11.36590317978648, 44.51087698990274], [11.365892256800619, 44.510607139480165], [11.36551514141112, 44.510614954907155], [11.365482378583549, 44.509805403330475], [11.36585948876181, 44.50979758812289], [11.365848566388458, 44.50952773764062], [11.366225674676564, 44.50951992126213], [11.366214750719328, 44.50925007083809], [11.366591857117289, 44.50924225328875], [11.36658093157622, 44.50897240292292], [11.366958036084037, 44.50896458420273], [11.366947108959181, 44.50869473389514], [11.366570006188313, 44.50870255254217], [11.36655908095357, 44.50843270214649], [11.365427776932888, 44.508456150404214], [11.365438696956838, 44.50872600101932], [11.365061593573468, 44.50873381469039], [11.365072512013544, 44.50900366536367], [11.363941195734245, 44.50902709913216], [11.363963022651587, 44.509566800872555], [11.363585913445117, 44.50957460978686], [11.363607737500343, 44.51011431161372], [11.361345058205101, 44.51016113985107], [11.361355960039571, 44.51043099118033], [11.360978844551523, 44.510438791605324], [11.361000645204683, 44.510978494365084], [11.361377764167027, 44.51097069379409], [11.361399568905853, 44.51151039634819], [11.36177669118974, 44.511502594387096], [11.361787595525653, 44.511772445568766], [11.362164719393897, 44.511764642290515], [11.362175625619939, 44.51203449338425], [11.362552751072531, 44.51202668878883], [11.3626182020638, 44.51364579459971], [11.3622410661872, 44.51365359963334], [11.362251973483605, 44.513923450622634], [11.361874835716666, 44.51393125448507], [11.36191845948158, 44.51501065858522], [11.362295604198449, 44.515002854430676], [11.362306512259481, 44.515272705345396], [11.363060804709484, 44.5152570931574], [11.363071716398574, 44.51552694391109], [11.362694568512488, 44.51553475070029], [11.362705478616975, 44.51580460151212], [11.363459777711334, 44.51578898654332], [11.363470691444004, 44.51605883719412], [11.364979294746805, 44.51602759203251], [11.364968374063727, 44.51575774167409], [11.365345522769118, 44.515749927346036], [11.365356445189791, 44.51601977763133], [11.36573359547964, 44.51601196198584], [11.365722671321375, 44.51574211177368], [11.366476967966392, 44.515726476896084], [11.366466040486154, 44.5154566268153], [11.366843186841308, 44.51544880758324], [11.366810400107259, 44.51463925747087], [11.367187541096655, 44.51463143721406], [11.367176610754287, 44.51436158721992], [11.367553749852982, 44.51435376579206], [11.36754281792642, 44.51408391585619], [11.369051365838594, 44.51405261799532], [11.369062304714868, 44.514322467638316], [11.369439443046993, 44.514314639989315], [11.369450383814074, 44.51458448954412], [11.369827523730258, 44.51457666057764], [11.369838466388194, 44.514846510044265], [11.370215607888428, 44.51483867976027], [11.370248441995287, 44.515648227850726], [11.37062558855461, 44.51564039610264], [11.370636535301347, 44.51591024536297], [11.371013683444756, 44.51590241229729], [11.371035580873848, 44.516442110626556], [11.372544185812936, 44.51641076533436], [11.37255514170823, 44.51668061418329], [11.372932294296673, 44.51667277467612], [11.372943252083212, 44.516942623436734], [11.373320406255665, 44.51693478261188], [11.373298487360964, 44.51639508522243], [11.374052788294392, 44.516379400133275], [11.374041825602347, 44.51610955156292], [11.373664676950055, 44.51611739465626], [11.37364275550215, 44.515577697323955], [11.374019900679345, 44.515569854377404], [11.374008938448384, 44.51530000576223], [11.373631795008698, 44.51530784863539]]]}}, {"type": "Feature", "properties": {"threshold": "ge_10", "source": "HistorySUHI", "period": "2013-2025", "hotspot_percentile": "top_10_pct", "label": ">= 10 estati"}, "geometry": {"type": "Polygon", "coordinates": [[[11.390126635132741, 44.5125329754607], [11.390104564498927, 44.51199328424963], [11.389350328945572, 44.51200907412981], [11.389383424705414, 44.51281861136722], [11.389760547770909, 44.51281071682755], [11.389749513959117, 44.51254087117058], [11.390126635132741, 44.5125329754607]]]}}, {"type": "Feature", "properties": {"threshold": "ge_10", "source": "HistorySUHI", "period": "2013-2025", "hotspot_percentile": "top_10_pct", "label": ">= 10 estati"}, "geometry": {"type": "Polygon", "coordinates": [[[11.401562171136478, 44.51526380181611], [11.40231644193245, 44.51524793038633], [11.40230534924008, 44.51497808732358], [11.403059615939316, 44.51496221106566], [11.403048519927836, 44.51469236813646], [11.403802782530212, 44.5146764870505], [11.403791683199731, 44.51440664425495], [11.40454594170512, 44.51439075834104], [11.404468226428069, 44.51250185939282], [11.402582639799006, 44.51254156224584], [11.402593732828963, 44.51281140536922], [11.402216613299391, 44.51281934228193], [11.402227704747725, 44.51308918546461], [11.401850583325515, 44.5130971212075], [11.401861673192176, 44.51336696444943], [11.401484549877324, 44.51337489902248], [11.401517815198497, 44.514184428881116], [11.400386428686312, 44.514208225803735], [11.400397512225792, 44.514478069282646], [11.400020381340317, 44.514485999176124], [11.400031463297882, 44.514755842714244], [11.398900064497447, 44.5147796251523], [11.398855758446626, 44.51370025001973], [11.398101505701396, 44.51371609816442], [11.398112578506687, 44.513985942118325], [11.397735450163964, 44.51399386439862], [11.397746521387221, 44.5142637084117], [11.398123651467214, 44.51425578605727], [11.39813472458298, 44.51452562998122], [11.39775759276569, 44.51453355240979], [11.397768664299377, 44.514803396392885], [11.397014396724526, 44.51481923766577], [11.397025464938736, 44.51508908178212], [11.396648329181192, 44.51509700062642], [11.3966593958132, 44.51536684480189], [11.395905120357924, 44.51538267890607], [11.395916183670277, 44.51565252321474], [11.395539043972562, 44.5156604384746], [11.395561167587703, 44.516200127195134], [11.394806880777258, 44.516215954278415], [11.394817939342488, 44.516485798764315], [11.395572229627902, 44.516469971532935], [11.395583291823192, 44.51673981585575], [11.396714731300586, 44.51671606545458], [11.396703663892788, 44.51644622135401], [11.39745795262694, 44.51643038168018], [11.397446881899361, 44.51616053771283], [11.401218298878991, 44.516081265431325], [11.401207210932306, 44.515811422190794], [11.401584350038267, 44.51580348819368], [11.401562171136478, 44.51526380181611]]]}}, {"type": "Feature", "properties": {"threshold": "ge_10", "source": "HistorySUHI", "period": "2013-2025", "hotspot_percentile": "top_10_pct", "label": ">= 10 estati"}, "geometry": {"type": "Polygon", "coordinates": [[[11.362339237360176, 44.51608225800002], [11.36232832884034, 44.51581240713006], [11.361951178910767, 44.51582021150369], [11.361940272281462, 44.51555036054578], [11.36156312393657, 44.51555816360208], [11.361541314611804, 44.51501846149547], [11.361164169589147, 44.51502626316147], [11.361142364350934, 44.51448656084919], [11.36076522265045, 44.514494361124925], [11.3607543219981, 44.51422450987341], [11.361131461961104, 44.51421670967068], [11.361120559724128, 44.513946858477254], [11.360743421498576, 44.513954658607], [11.360732521151874, 44.51368480732565], [11.359223973671426, 44.513715995110445], [11.359234867068384, 44.51398584668364], [11.358857728078961, 44.513993640592204], [11.35894486685253, 44.516152453224294], [11.359699172479461, 44.51613686299585], [11.359731862465493, 44.51694641704917], [11.360109020262858, 44.51693861984956], [11.360130817826247, 44.51747832233127], [11.360507978946286, 44.517470523741366], [11.360518879694967, 44.51774037488686], [11.360896042399945, 44.51773257497957], [11.360885139913492, 44.51746272390706], [11.362393782253513, 44.51743151212603], [11.362382872968949, 44.51716166133067], [11.362760031433895, 44.51715385534751], [11.36272729928484, 44.51634430309104], [11.363104452383757, 44.51633649608269], [11.363093540235708, 44.51606664537374], [11.362339237360176, 44.51608225800002]]]}}, {"type": "Feature", "properties": {"threshold": "ge_10", "source": "HistorySUHI", "period": "2013-2025", "hotspot_percentile": "top_10_pct", "label": ">= 10 estati"}, "geometry": {"type": "Polygon", "coordinates": [[[11.37409664059959, 44.517458794265295], [11.374074714139581, 44.51691909722917], [11.373697560274463, 44.51692694054268], [11.37371948325913, 44.517466637725605], [11.37409664059959, 44.517458794265295]]]}}, {"type": "Feature", "properties": {"threshold": "ge_10", "source": "HistorySUHI", "period": "2013-2025", "hotspot_percentile": "top_10_pct", "label": ">= 10 estati"}, "geometry": {"type": "Polygon", "coordinates": [[[11.409660015876975, 44.519414367944336], [11.409671144230277, 44.51968420933883], [11.41004830597315, 44.51967624685207], [11.4100594362202, 44.51994608815706], [11.410436599544745, 44.519938124351455], [11.41044773168559, 44.52020796556691], [11.410824896591803, 44.52020000044241], [11.410836030626493, 44.520469841568335], [11.411590363446116, 44.52045390743713], [11.411601501112486, 44.52072374839896], [11.412733004384053, 44.52069983764563], [11.412721861504345, 44.520429996907545], [11.413853358156537, 44.5204060751786], [11.413842210219808, 44.520136234649364], [11.414596537064336, 44.52012028075754], [11.414585385808467, 44.51985044036257], [11.414962547258511, 44.51984246162478], [11.414951394421296, 44.519572621289456], [11.41532855397729, 44.519564641382], [11.415317399558775, 44.519294801106334], [11.41569455722072, 44.51928682002923], [11.415661089690644, 44.51847729933618], [11.415283937241533, 44.518485280189246], [11.415239323007818, 44.51740591875628], [11.414862177352441, 44.5174138980664], [11.414851025922403, 44.517144057595964], [11.414473881848156, 44.51715203558718], [11.414451582931964, 44.516612354451965], [11.414074442176274, 44.51662033104969], [11.414041000186435, 44.51581080901036], [11.413663864486594, 44.51581878413999], [11.413652719206537, 44.51554894335557], [11.413275585087776, 44.51555691716643], [11.413253298471004, 44.51501723540333], [11.412876167670612, 44.51502520782082], [11.412809321992734, 44.5134061617237], [11.413186442369915, 44.51339818975378], [11.413164158252558, 44.51285850775053], [11.412409924290436, 44.51287445014792], [11.412398785940198, 44.5126046089746], [11.410890323090642, 44.51263647854261], [11.410879191844764, 44.51236663705608], [11.410124962957699, 44.512382564226826], [11.410136090729456, 44.51265240586239], [11.409381857744254, 44.512668328206], [11.409392982197835, 44.51293816997557], [11.408638745114626, 44.512954087491956], [11.40864986624992, 44.51322392939545], [11.408272745737317, 44.513231886362014], [11.408283865291375, 44.51350172832498], [11.407906742885734, 44.513509684121914], [11.407917860858507, 44.51377952614432], [11.407540736559824, 44.5137874807716], [11.407574086201683, 44.51459700697214], [11.407196956535467, 44.51460496057859], [11.407219186934713, 44.51514464478613], [11.406842053638083, 44.515152597297295], [11.406853167334127, 44.51542243945298], [11.406476032144358, 44.51543039079438], [11.406487144258856, 44.51570023300947], [11.406110007175942, 44.51570818318109], [11.406121117708846, 44.51597802545558], [11.405743978732781, 44.515985974457394], [11.405799525046573, 44.517335185976826], [11.405422377227461, 44.5173431341063], [11.405444593368165, 44.51788281875784], [11.405067441918222, 44.51789076579179], [11.40511186911801, 44.51897013521237], [11.40473471056186, 44.51897808129945], [11.40470139514135, 44.51816855403343], [11.404324241642415, 44.51817649865315], [11.404368655563884, 44.51925586860855], [11.403991494958667, 44.519263812281295], [11.404013699378003, 44.51980349731771], [11.404390863458675, 44.51979555349629], [11.404401967639593, 44.52006539591768], [11.405156298809379, 44.520049504393064], [11.405167406621551, 44.52031934665075], [11.405544573710635, 44.52031139894751], [11.405555683416347, 44.520581241115835], [11.40593285208747, 44.520573292093836], [11.405943963686772, 44.52084313417277], [11.406698304037274, 44.52082723224678], [11.406687188962328, 44.52055739031663], [11.407064357166012, 44.52054943756145], [11.407042124008068, 44.520009753805006], [11.407419288580337, 44.520001799954294], [11.407408170497407, 44.51973195812799], [11.407785333176054, 44.51972400310734], [11.407774213511287, 44.5194541613405], [11.409660015876975, 44.519414367944336]]]}}, {"type": "Feature", "properties": {"threshold": "ge_10", "source": "HistorySUHI", "period": "2013-2025", "hotspot_percentile": "top_10_pct", "label": ">= 10 estati"}, "geometry": {"type": "Polygon", "coordinates": [[[11.395671794969054, 44.51889856989912], [11.395660731532951, 44.518628725696125], [11.395283572567033, 44.51863664052641], [11.395294634265433, 44.51890648480347], [11.395671794969054, 44.51889856989912]]]}}, {"type": "Feature", "properties": {"threshold": "ge_10", "source": "HistorySUHI", "period": "2013-2025", "hotspot_percentile": "top_10_pct", "label": ">= 10 estati"}, "geometry": {"type": "Polygon", "coordinates": [[[11.370166817476546, 44.5229419870996], [11.37015587021499, 44.52267213808096], [11.37053306211227, 44.52266430567177], [11.370500216034106, 44.521854758746045], [11.370123029351262, 44.52186259093538], [11.370112082703658, 44.52159274185698], [11.369357712353743, 44.521608402355426], [11.369346769335772, 44.52133855311555], [11.368969585668733, 44.521346381424706], [11.368980526948624, 44.52161623073783], [11.368226155678189, 44.521631883769025], [11.36823709363527, 44.52190173321369], [11.367859906031887, 44.52190955793569], [11.367870842404196, 44.52217940743865], [11.367493652909337, 44.5221872309893], [11.367515522637627, 44.52272693009685], [11.367138329513095, 44.52273475254934], [11.367149262869004, 44.523004602153925], [11.366772067852956, 44.523012423435], [11.366804863625703, 44.52382197237874], [11.367559263934083, 44.523806328132814], [11.367581135502295, 44.524346027061206], [11.367958338903144, 44.52433820292485], [11.367936463858289, 44.52379850414289], [11.36906806271067, 44.52377502470529], [11.36905712020344, 44.523505175511616], [11.369434317775802, 44.52349734661641], [11.369423373683746, 44.52322749748105], [11.369800569364408, 44.523219667414494], [11.369789623687577, 44.52294981833749], [11.370166817476546, 44.5229419870996]]]}}, {"type": "Feature", "properties": {"threshold": "ge_10", "source": "HistorySUHI", "period": "2013-2025", "hotspot_percentile": "top_10_pct", "label": ">= 10 estati"}, "geometry": {"type": "Polygon", "coordinates": [[[11.363098344271515, 44.52551922080182], [11.363087428658751, 44.525249370527085], [11.36271021805117, 44.525257178701914], [11.362688390761658, 44.524717477961566], [11.36193397604116, 44.524733090284904], [11.361944886132562, 44.525002940808626], [11.361567676804414, 44.52501074517627], [11.361589493969234, 44.52555044632503], [11.363098344271515, 44.52551922080182]]]}}, {"type": "Feature", "properties": {"threshold": "ge_10", "source": "HistorySUHI", "period": "2013-2025", "hotspot_percentile": "top_10_pct", "label": ">= 10 estati"}, "geometry": {"type": "Polygon", "coordinates": [[[11.38630642323637, 44.52989778572035], [11.387060891290194, 44.529882010982355], [11.387027808012776, 44.529072474801104], [11.386650579279314, 44.52908036257109], [11.386639553568097, 44.52881051707361], [11.38588509911472, 44.52882628873156], [11.38591816628002, 44.52963582562189], [11.386295398800078, 44.529627940193954], [11.38630642323637, 44.52989778572035]]]}}, {"type": "Feature", "properties": {"threshold": "ge_10", "source": "HistorySUHI", "period": "2013-2025", "hotspot_percentile": "top_10_pct", "label": ">= 10 estati"}, "geometry": {"type": "Polygon", "coordinates": [[[11.388613966564158, 44.53092982675224], [11.388602931076516, 44.53065998172867], [11.388225692529268, 44.53066787492106], [11.38821465893517, 44.530398029808666], [11.387460184854156, 44.530413812311124], [11.387449154892328, 44.53014396703608], [11.38669468367023, 44.53015974441142], [11.386760844895061, 44.53177881672302], [11.387138091016514, 44.53177092821491], [11.387160149473019, 44.5323106187181], [11.387914648207705, 44.53229483767174], [11.3879256811459, 44.53256468275323], [11.3886801827397, 44.53254889657935], [11.388691219310596, 44.53281874149814], [11.389445723763348, 44.53280295019666], [11.389434683714468, 44.53253310542562], [11.389811933969652, 44.532525207981315], [11.389767768366477, 44.531445829043086], [11.389390525066997, 44.53145372619179], [11.389379485792128, 44.53118388134592], [11.389002244076721, 44.53119177717583], [11.38899120669549, 44.53092193224111], [11.388613966564158, 44.53092982675224]]]}}, {"type": "Feature", "properties": {"threshold": "ge_10", "source": "HistorySUHI", "period": "2013-2025", "hotspot_percentile": "top_10_pct", "label": ">= 10 estati"}, "geometry": {"type": "Polygon", "coordinates": [[[11.36792022325437, 44.53271135281553], [11.367931164023222, 44.532981201794556], [11.368685681950515, 44.532965547590386], [11.368630962249787, 44.53161630327841], [11.367876461713115, 44.53163195675018], [11.367865521711325, 44.53136210769652], [11.36748827295186, 44.53136993249173], [11.367499211214655, 44.53163978161861], [11.367121960562812, 44.53164760524204], [11.367165708191624, 44.53272700189314], [11.36792022325437, 44.53271135281553]]]}}, {"type": "Feature", "properties": {"threshold": "ge_10", "source": "HistorySUHI", "period": "2013-2025", "hotspot_percentile": "top_10_pct", "label": ">= 10 estati"}, "geometry": {"type": "Polygon", "coordinates": [[[11.410638424166244, 44.53397781533964], [11.411015677885782, 44.533969847658085], [11.41102681814616, 44.534239688093244], [11.411305104479675, 44.53423380921554], [11.411295081679627, 44.53421780004645], [11.411264358025461, 44.534183942382526], [11.41060206850433, 44.53309702394874], [11.410638424166244, 44.53397781533964]]]}}, {"type": "Feature", "properties": {"threshold": "ge_10", "source": "HistorySUHI", "period": "2013-2025", "hotspot_percentile": "top_10_pct", "label": ">= 10 estati"}, "geometry": {"type": "Polygon", "coordinates": [[[11.369516837639567, 44.53483882878998], [11.369505888839603, 44.534568980208505], [11.369128619824505, 44.534576810862816], [11.369106726163652, 44.534037113508504], [11.368729460473526, 44.534044942771196], [11.36874040548797, 44.53431479152907], [11.368363137905133, 44.534322619619935], [11.368374081333805, 44.534592468436124], [11.368751350655897, 44.534584640272016], [11.368784187080596, 44.53539418641126], [11.369161461467108, 44.53538635678227], [11.369183356663092, 44.53592605398725], [11.369560634374807, 44.53591822296655], [11.369571583942477, 44.53618807147337], [11.369948863240039, 44.536180239134225], [11.369959814700676, 44.536450087552815], [11.370714376313884, 44.53643441899243], [11.370725331406975, 44.53670426724946], [11.371479895884551, 44.53668859356169], [11.371468937312594, 44.53641874545133], [11.37184621758145, 44.53641090681301], [11.371802377872859, 44.535331514515555], [11.370670557477746, 44.53535502581492], [11.370659603152752, 44.535085177483225], [11.369905058933199, 44.535100845310545], [11.369894108240404, 44.5348309968173], [11.369516837639567, 44.53483882878998]]]}}, {"type": "Feature", "properties": {"threshold": "ge_10", "source": "HistorySUHI", "period": "2013-2025", "hotspot_percentile": "top_10_pct", "label": ">= 10 estati"}, "geometry": {"type": "Polygon", "coordinates": [[[11.368040580150293, 44.53567969076357], [11.368007753701102, 44.534870144229636], [11.367253210811139, 44.53488579447877], [11.367264149328808, 44.53515564348479], [11.366509602346653, 44.535171288899846], [11.366520537539031, 44.535441138037335], [11.365765986464812, 44.535456778618226], [11.365798782525674, 44.536266326380236], [11.366176063357631, 44.53625850649285], [11.366186997423972, 44.53652835564383], [11.36656427984204, 44.536520534438075], [11.366575215801177, 44.53679038350093], [11.367329783656142, 44.53677473720744], [11.367318844218081, 44.536504888290985], [11.367696126176007, 44.53649706334966], [11.367685185151917, 44.536227214491504], [11.367307904933426, 44.5362350393596], [11.367296965802172, 44.5359651904133], [11.367674244281256, 44.535957365618394], [11.367663303564017, 44.535687516730384], [11.368040580150293, 44.53567969076357]]]}}, {"type": "Feature", "properties": {"threshold": "ge_10", "source": "HistorySUHI", "period": "2013-2025", "hotspot_percentile": "top_10_pct", "label": ">= 10 estati"}, "geometry": {"type": "Polygon", "coordinates": [[[11.393216972183005, 44.5419065183921], [11.393218363798175, 44.54194046777294], [11.393326139425794, 44.54190422906742], [11.393216972183005, 44.5419065183921]]]}}, {"type": "Feature", "properties": {"threshold": "ge_10", "source": "HistorySUHI", "period": "2013-2025", "hotspot_percentile": "top_10_pct", "label": ">= 10 estati"}, "geometry": {"type": "Polygon", "coordinates": [[[11.421242537592978, 44.48919074159497], [11.421253707632774, 44.489460582117374], [11.420876743778923, 44.4894685773581], [11.420865575474043, 44.48919873676087], [11.420488613198579, 44.48920673068377], [11.420499779768539, 44.489476571355794], [11.41974585127828, 44.489492555622164], [11.419757014534852, 44.489762396428766], [11.419003081948857, 44.48977837587258], [11.419014500944796, 44.490054478618774], [11.420018140887594, 44.48972742337985], [11.423040197978683, 44.489152596344624], [11.421242537592978, 44.48919074159497]]]}}, {"type": "Feature", "properties": {"threshold": "ge_10", "source": "HistorySUHI", "period": "2013-2025", "hotspot_percentile": "top_10_pct", "label": ">= 10 estati"}, "geometry": {"type": "Polygon", "coordinates": [[[11.415955924388209, 44.49821530487432], [11.415978222887421, 44.49875498715532], [11.416355247933351, 44.498747006778316], [11.416377550529317, 44.49928668884993], [11.416754578890567, 44.499278707080116], [11.416776885583497, 44.499818388942295], [11.418285011351738, 44.49978644883084], [11.418296171876277, 44.50005628944052], [11.419050237293636, 44.5000403117745], [11.418960929704673, 44.49788158767256], [11.418583910960594, 44.49788957652924], [11.41857274995179, 44.49761973587417], [11.417064680354075, 44.497651678568175], [11.417075834420103, 44.49792151952216], [11.416321795211685, 44.49793748355831], [11.416332945962607, 44.498207324646664], [11.415955924388209, 44.49821530487432]]]}}, {"type": "Feature", "properties": {"threshold": "ge_10", "source": "HistorySUHI", "period": "2013-2025", "hotspot_percentile": "top_10_pct", "label": ">= 10 estati"}, "geometry": {"type": "Polygon", "coordinates": [[[11.425739656695491, 44.50665027559566], [11.425750854281663, 44.50692011439233], [11.4249967039105, 44.50693613823403], [11.424974315840949, 44.50639646032577], [11.423466027107473, 44.50642849248465], [11.423410094407181, 44.50507929595233], [11.424164221723832, 44.50506328310956], [11.424153032181582, 44.50479344390786], [11.424530093868333, 44.50478543569589], [11.42450771178185, 44.504245757397264], [11.424130653567637, 44.50425376545935], [11.424108275581078, 44.50371408695073], [11.422222999520095, 44.50375410785758], [11.42223417975387, 44.50402394749389], [11.421480064759816, 44.50403994730099], [11.421468887998492, 44.50377010751496], [11.420714775850204, 44.503786102197836], [11.420703602717966, 44.50351626224711], [11.420326548145086, 44.503524257648294], [11.420315376905652, 44.503254417607735], [11.419938323912366, 44.50326241169049], [11.419927154565693, 44.502992571560114], [11.419550103152005, 44.503000564324466], [11.41953893569804, 44.502730724104275], [11.419161885863957, 44.50273871555026], [11.41915072030265, 44.50246887524027], [11.418773672048177, 44.50247686536788], [11.418762508379483, 44.5022070249681], [11.417254320741378, 44.502238972743825], [11.417287791383353, 44.50304849479496], [11.416910738874384, 44.50305647885409], [11.416921894331646, 44.50332631958247], [11.417298948576802, 44.503318335448625], [11.417321263432894, 44.503858016710936], [11.417698320994091, 44.50385003118402], [11.41772063994834, 44.50438971223683], [11.418097700825639, 44.504381725316804], [11.418108862273714, 44.50465156574594], [11.418485924730856, 44.504643577507515], [11.4185194152229, 44.505453098480565], [11.419273550085768, 44.50543711782409], [11.419284717368884, 44.50570695796886], [11.420038855078358, 44.50569097218798], [11.420027684322468, 44.50542113219279], [11.4215359509166, 44.50538914600577], [11.421580662662379, 44.50646850469918], [11.421203589303168, 44.50647650341086], [11.421214765894879, 44.5067463431215], [11.42083769064252, 44.506754340664266], [11.42086004082295, 44.50729402019015], [11.421237119548332, 44.50728602249769], [11.421225942643266, 44.507016182817104], [11.42198009615092, 44.507000183850586], [11.421991276529024, 44.50727002338147], [11.42236835478429, 44.50726202195769], [11.422379537055663, 44.50753186139868], [11.42275661689071, 44.50752385865625], [11.422767801055404, 44.50779369800732], [11.423521963728245, 44.50777768864129], [11.423533151522888, 44.508047527827536], [11.42466439956557, 44.50802350422524], [11.424653206561203, 44.507753665263785], [11.425030287191744, 44.5077456549837], [11.425019092607736, 44.50747581608217], [11.425396171344804, 44.50746780463327], [11.425384975181204, 44.507197965791676], [11.426139128711434, 44.5071819393125], [11.426116729909165, 44.50664226188417], [11.425739656695491, 44.50665027559566]], [[11.42113653304296, 44.50485746483155], [11.421513595983843, 44.504849466568935], [11.421524773371878, 44.505119306294866], [11.421147708694667, 44.505127304632325], [11.42113653304296, 44.50485746483155]]]}}, {"type": "Feature", "properties": {"threshold": "ge_10", "source": "HistorySUHI", "period": "2013-2025", "hotspot_percentile": "top_10_pct", "label": ">= 10 estati"}, "geometry": {"type": "Polygon", "coordinates": [[[11.41663407532753, 44.50549302835687], [11.416645230455847, 44.505762869024814], [11.415891089930108, 44.50577883241871], [11.41590224174193, 44.50604867322103], [11.415148097118006, 44.50606463178934], [11.415159245613227, 44.50633447272597], [11.414782171330366, 44.506342450219165], [11.414815612544182, 44.50715197316293], [11.415569771372724, 44.507136016484864], [11.415580922229653, 44.507405857286784], [11.418220485360237, 44.50734996921133], [11.418186996791286, 44.50654044832939], [11.418564071403203, 44.50653245956771], [11.41855290712338, 44.506262619318456], [11.418175834247931, 44.50627060800539], [11.418153509630647, 44.505730927312314], [11.417776440071593, 44.50573891460602], [11.41776527973406, 44.505469074162214], [11.41663407532753, 44.50549302835687]]]}}, {"type": "Feature", "properties": {"threshold": "ge_10", "source": "HistorySUHI", "period": "2013-2025", "hotspot_percentile": "top_10_pct", "label": ">= 10 estati"}, "geometry": {"type": "Polygon", "coordinates": [[[11.421337718744903, 44.509714578946976], [11.42132654042961, 44.50944473940159], [11.42057235503604, 44.50946073474004], [11.420561180350887, 44.509190895029974], [11.418298630831634, 44.509238850743536], [11.418332124095482, 44.51004837117493], [11.417955026750738, 44.510056359664574], [11.417966189748231, 44.51032619985308], [11.418720387754828, 44.51031022148039], [11.418742721166684, 44.51084990151333], [11.419119823408872, 44.51084191031156], [11.419108654887815, 44.51057207037737], [11.420239955464305, 44.510548089532826], [11.420228781889339, 44.51027824980801], [11.420605880031433, 44.510270253780135], [11.42059470487631, 44.51000041411513], [11.42097180112495, 44.50999241691818], [11.420960624389714, 44.50972257731298], [11.421337718744903, 44.509714578946976]]]}}, {"type": "Feature", "properties": {"threshold": "ge_10", "source": "HistorySUHI", "period": "2013-2025", "hotspot_percentile": "top_10_pct", "label": ">= 10 estati"}, "geometry": {"type": "Polygon", "coordinates": [[[11.424821118103267, 44.511801248107425], [11.424798727857565, 44.51126157059033], [11.42517583106541, 44.51125355933577], [11.425153437973771, 44.51071388190849], [11.423645038095673, 44.51074591886347], [11.423678607126194, 44.5115554358812], [11.42405571254168, 44.511547428283556], [11.424066904269173, 44.511817267184476], [11.424821118103267, 44.511801248107425]]]}}, {"type": "Feature", "properties": {"threshold": "ge_10", "source": "HistorySUHI", "period": "2013-2025", "hotspot_percentile": "top_10_pct", "label": ">= 10 estati"}, "geometry": {"type": "Polygon", "coordinates": [[[11.415083192890904, 44.51362815184924], [11.415072041912254, 44.513358311243294], [11.41431780256413, 44.51337426637968], [11.414328950068521, 44.513644107134915], [11.415083192890904, 44.51362815184924]]]}}, {"type": "Feature", "properties": {"threshold": "ge_10", "source": "HistorySUHI", "period": "2013-2025", "hotspot_percentile": "top_10_pct", "label": ">= 10 estati"}, "geometry": {"type": "Polygon", "coordinates": [[[11.425282344188542, 44.52291491349564], [11.425334858597038, 44.522888302895865], [11.425336543703885, 44.52288736683803], [11.425345543365163, 44.52286323670838], [11.425280256517963, 44.52286462395832], [11.425282344188542, 44.52291491349564]]]}}, {"type": "Feature", "properties": {"threshold": "ge_10", "source": "HistorySUHI", "period": "2013-2025", "hotspot_percentile": "top_10_pct", "label": ">= 10 estati"}, "geometry": {"type": "Polygon", "coordinates": [[[11.411846569284636, 44.52666024576207], [11.411851570737545, 44.52678138065208], [11.412161363278182, 44.526653589764294], [11.411846569284636, 44.52666024576207]]]}}]}