{"type": "FeatureCollection", "features": [{"type": "Feature", "properties": {"threshold": "ge_11", "source": "HistorySUHI", "period": "2013-2026", "hotspot_percentile": "top_10_pct", "label": ">= 11 estati"}, "geometry": {"type": "Polygon", "coordinates": [[[11.264629303894687, 44.49078466166052], [11.264071832933858, 44.49090575916801], [11.26402761636276, 44.490906501057246], [11.264027317187702, 44.49090657000878], [11.263959783252089, 44.49092161130197], [11.263710083219534, 44.49097751773258], [11.263603981618202, 44.491001155850256], [11.263011787659206, 44.49113312642855], [11.262969254214168, 44.491142594070325], [11.26275959947422, 44.49118945821045], [11.261882949016837, 44.491395894723205], [11.261831446964605, 44.49140078626849], [11.26178185670769, 44.491391694888236], [11.26177407614351, 44.49139441478231], [11.261733181919563, 44.49140887603611], [11.261753023190643, 44.49192199594091], [11.262130045736718, 44.49191452558111], [11.262140483118477, 44.49218439667315], [11.2625175072542, 44.49217692499989], [11.262527946518238, 44.49244679600725], [11.263659023255222, 44.492424373316304], [11.263648578783279, 44.49215450251878], [11.264025602333529, 44.49214702587132], [11.26399426458837, 44.49133741360017], [11.264371282784452, 44.491329935919104], [11.264360835426382, 44.49106006520253], [11.264737851740158, 44.491052586347955], [11.264727402792692, 44.49078271568662], [11.264629303894687, 44.49078466166052]]]}}, {"type": "Feature", "properties": {"threshold": "ge_11", "source": "HistorySUHI", "period": "2013-2026", "hotspot_percentile": "top_10_pct", "label": ">= 11 estati"}, "geometry": {"type": "Polygon", "coordinates": [[[11.249487649125596, 44.496755667040226], [11.249729372154187, 44.49675090350423], [11.249485731548909, 44.496705814592325], [11.249487649125596, 44.496755667040226]]]}}, {"type": "Feature", "properties": {"threshold": "ge_11", "source": "HistorySUHI", "period": "2013-2026", "hotspot_percentile": "top_10_pct", "label": ">= 11 estati"}, "geometry": {"type": "Polygon", "coordinates": [[[11.24987508856995, 44.49701810967863], [11.250629205358921, 44.497003244799586], [11.250639591545383, 44.49727311778846], [11.25177077084619, 44.497250810932705], [11.251781162387706, 44.49752068369809], [11.252535284666214, 44.497505806102694], [11.252524889651742, 44.497235933476546], [11.2531262993863, 44.49722406472863], [11.253050209858175, 44.49721580913725], [11.252011004100543, 44.497110746205614], [11.251600376953368, 44.49707284269105], [11.251243109876064, 44.49703305719311], [11.251108944809754, 44.49701818384988], [11.251046337037486, 44.497005275333166], [11.250952415456858, 44.496985980208606], [11.250850644759513, 44.49696602053116], [11.250584411354504, 44.496921125077186], [11.250443904354585, 44.496888523839054], [11.249959398463917, 44.49679347291092], [11.24986577979498, 44.49677614753976], [11.24987508856995, 44.49701810967863]]]}}, {"type": "Feature", "properties": {"threshold": "ge_11", "source": "HistorySUHI", "period": "2013-2026", "hotspot_percentile": "top_10_pct", "label": ">= 11 estati"}, "geometry": {"type": "Polygon", "coordinates": [[[11.281473794197371, 44.49450043013452], [11.281452739569831, 44.49396069539299], [11.280698678068534, 44.493975762976], [11.280719725751851, 44.494515497999544], [11.281473794197371, 44.49450043013452]]]}}, {"type": "Feature", "properties": {"threshold": "ge_11", "source": "HistorySUHI", "period": "2013-2026", "hotspot_percentile": "top_10_pct", "label": ">= 11 estati"}, "geometry": {"type": "Polygon", "coordinates": [[[11.28501471258232, 44.498210695827275], [11.285391769561649, 44.49820314784815], [11.285381222743945, 44.497933281397486], [11.285004167500999, 44.49794082930597], [11.28501471258232, 44.498210695827275]]]}}, {"type": "Feature", "properties": {"threshold": "ge_11", "source": "HistorySUHI", "period": "2013-2026", "hotspot_percentile": "top_10_pct", "label": ">= 11 estati"}, "geometry": {"type": "Polygon", "coordinates": [[[11.279832349413901, 44.51046779204816], [11.279821823740445, 44.510197925133504], [11.279444687972205, 44.51020545631285], [11.279455211908147, 44.51047532329799], [11.279078074254844, 44.510482853303515], [11.27908859660079, 44.510752720344335], [11.27871145706242, 44.51076024917602], [11.278721977818321, 44.511030116272536], [11.278344836394878, 44.51103764393036], [11.278355355560688, 44.511307511082535], [11.278732498721729, 44.51129998335427], [11.278753540971069, 44.51183971747343], [11.280639271939437, 44.511802059462276], [11.280628742052825, 44.51153219276249], [11.281005886066065, 44.511524657497716], [11.280984823260548, 44.51098492419486], [11.280607682722493, 44.51099245931861], [11.28059715327877, 44.510722592574496], [11.280220014330649, 44.510730126383415], [11.280209486772081, 44.510460259554044], [11.279832349413901, 44.51046779204816]]]}}, {"type": "Feature", "properties": {"threshold": "ge_11", "source": "HistorySUHI", "period": "2013-2026", "hotspot_percentile": "top_10_pct", "label": ">= 11 estati"}, "geometry": {"type": "Polygon", "coordinates": [[[11.270864885672628, 44.51280714690753], [11.27083343066854, 44.511997541408654], [11.269701981042305, 44.51202004288752], [11.269733420406656, 44.51282964901814], [11.270864885672628, 44.51280714690753]]]}}, {"type": "Feature", "properties": {"threshold": "ge_11", "source": "HistorySUHI", "period": "2013-2026", "hotspot_percentile": "top_10_pct", "label": ">= 11 estati"}, "geometry": {"type": "Polygon", "coordinates": [[[11.28413904176373, 44.51443285648224], [11.284149588915433, 44.51470272238434], [11.283772425231193, 44.514710268451154], [11.283751334551395, 44.51417053649092], [11.28299701369085, 44.51418562460873], [11.282965389206872, 44.51337602613393], [11.28334254449763, 44.51336848290902], [11.283310916130594, 44.512558884512984], [11.282933766053047, 44.51256642752613], [11.282912684689434, 44.51202669504702], [11.282535537939454, 44.51203423667463], [11.282524999216964, 44.51176437034233], [11.281393563293518, 44.51178698754734], [11.281404096803069, 44.512056854091284], [11.281781243996248, 44.51204931619676], [11.281791779391156, 44.5123191826554], [11.281414630460302, 44.51232672062047], [11.281425164265226, 44.512596587134865], [11.281802314933776, 44.512589049099255], [11.28181285062411, 44.51285891552835], [11.282190002882665, 44.51285137617779], [11.28220054045846, 44.513121242521535], [11.28182338646216, 44.51312878194265], [11.281844458581421, 44.513668514726916], [11.281467300961834, 44.51367605304471], [11.281477835505232, 44.513945919485224], [11.281100676000127, 44.51395345662912], [11.281111208953376, 44.51422332312539], [11.280356886024455, 44.51423839382089], [11.28036741564964, 44.514508260443414], [11.279990252225838, 44.51451579399497], [11.280000780260755, 44.51478566067322], [11.279623614951442, 44.51479319305081], [11.279634141396041, 44.51506305978479], [11.280388475342914, 44.51504799364415], [11.280409535626742, 44.51558772678578], [11.282672554778685, 44.51554249764959], [11.282662014135148, 44.51527263150942], [11.283793516502413, 44.515250000352246], [11.283782970792876, 44.51498013440909], [11.285291631594045, 44.514949942392526], [11.285259974498082, 44.51414034532196], [11.28488281473327, 44.514147894980866], [11.284893365212795, 44.51441776075648], [11.28413904176373, 44.51443285648224]]]}}, {"type": "Feature", "properties": {"threshold": "ge_11", "source": "HistorySUHI", "period": "2013-2026", "hotspot_percentile": "top_10_pct", "label": ">= 11 estati"}, "geometry": {"type": "Polygon", "coordinates": [[[11.265510923290435, 44.52074575561071], [11.265888130694616, 44.52073826905327], [11.265867200693846, 44.520198530960705], [11.266621608107984, 44.5201835543918], [11.266611139850788, 44.51991368546354], [11.26698834159924, 44.51990619538207], [11.266977871750392, 44.51963632650916], [11.26735507161361, 44.51962883525304], [11.267344600173164, 44.51935896643548], [11.26809899598229, 44.519343980329324], [11.268088521211922, 44.51907411163726], [11.269597304114018, 44.51904412476908], [11.269586822537146, 44.51877425634287], [11.269964016156973, 44.51876675658428], [11.269901119352442, 44.51714754613824], [11.269523936162129, 44.51715504547575], [11.269502975212761, 44.51661530840197], [11.26912579535181, 44.51662280635452], [11.269104838466447, 44.51608306908139], [11.268727661934797, 44.51609056564904], [11.268717185450566, 44.51582069692018], [11.2683400105101, 44.51582819217313], [11.268319061458389, 44.51528845453088], [11.267941889847142, 44.51529594839899], [11.267900000457917, 44.514216472656905], [11.268277165117283, 44.514208979069295], [11.268266691399141, 44.513939110167], [11.266758038832464, 44.51396907677007], [11.266768505598954, 44.51423894595278], [11.26601417495917, 44.514253921927576], [11.266035101980584, 44.514793660529065], [11.265657932964702, 44.514801146789836], [11.265710244395486, 44.51615049338571], [11.265333066542674, 44.5161579787522], [11.265343527530794, 44.51642784809719], [11.264966347793186, 44.51643533228913], [11.264987266733138, 44.516975071074896], [11.26461008337255, 44.516982554162325], [11.26463099942271, 44.51752229302916], [11.26425381243906, 44.517529775012], [11.264264268945846, 44.51779964449332], [11.263887080077332, 44.51780712530152], [11.263897534992456, 44.51807699483809], [11.263520344239069, 44.51808447447165], [11.263562158412169, 44.51916395275045], [11.263184960558842, 44.51917143141928], [11.263205865048029, 44.51971117061018], [11.262828663571309, 44.51971864817423], [11.262860016188862, 44.52052825705993], [11.26248280935016, 44.52053573358915], [11.262514158070942, 44.52134534255201], [11.263268582033122, 44.52133038782895], [11.263258128835849, 44.52106051832935], [11.263635338858515, 44.521053039170596], [11.263645793794362, 44.5213229086002], [11.264023005409003, 44.52131542812665], [11.264012548734584, 44.52104555876705], [11.265521386772397, 44.52101562470492], [11.265510923290435, 44.52074575561071]]]}}, {"type": "Feature", "properties": {"threshold": "ge_11", "source": "HistorySUHI", "period": "2013-2026", "hotspot_percentile": "top_10_pct", "label": ">= 11 estati"}, "geometry": {"type": "Polygon", "coordinates": [[[11.270477526793961, 44.52226754214549], [11.270488013758929, 44.52253741023945], [11.270110795947197, 44.522544912225534], [11.270131766840912, 44.52308464850958], [11.271640651114911, 44.52305463253441], [11.271630158639757, 44.52278476468066], [11.27200737760181, 44.52277725764496], [11.27198638961557, 44.522237522033684], [11.271609174130825, 44.522245028928886], [11.27159868209704, 44.521975161030845], [11.271221468203791, 44.52198266661098], [11.271231958498959, 44.522252534579245], [11.270477526793961, 44.52226754214549]]]}}, {"type": "Feature", "properties": {"threshold": "ge_11", "source": "HistorySUHI", "period": "2013-2026", "hotspot_percentile": "top_10_pct", "label": ">= 11 estati"}, "geometry": {"type": "Polygon", "coordinates": [[[11.244521846107832, 44.5246713639661], [11.244511478243341, 44.524401491143585], [11.244888714691866, 44.52439407346268], [11.244878345233822, 44.52412420069487], [11.243746640668949, 44.5241464497944], [11.243757004910165, 44.52441632277042], [11.244134241649434, 44.52440890757949], [11.244144607774954, 44.52467878047143], [11.244521846107832, 44.5246713639661]]]}}, {"type": "Feature", "properties": {"threshold": "ge_11", "source": "HistorySUHI", "period": "2013-2026", "hotspot_percentile": "top_10_pct", "label": ">= 11 estati"}, "geometry": {"type": "Polygon", "coordinates": [[[11.245276322337403, 44.52465652722046], [11.24565356023405, 44.52464910698015], [11.24564318715267, 44.52437923436592], [11.245265950994986, 44.5243866545368], [11.245276322337403, 44.52465652722046]]]}}, {"type": "Feature", "properties": {"threshold": "ge_11", "source": "HistorySUHI", "period": "2013-2026", "hotspot_percentile": "top_10_pct", "label": ">= 11 estati"}, "geometry": {"type": "Polygon", "coordinates": [[[11.244909454044189, 44.52493381895417], [11.244899084295323, 44.52466394621579], [11.244521846107832, 44.5246713639661], [11.24453221411771, 44.524941236773905], [11.244909454044189, 44.52493381895417]]]}}, {"type": "Feature", "properties": {"threshold": "ge_11", "source": "HistorySUHI", "period": "2013-2026", "hotspot_percentile": "top_10_pct", "label": ">= 11 estati"}, "geometry": {"type": "Polygon", "coordinates": [[[11.277090016648287, 44.52726728766705], [11.277068978443035, 44.52672755438663], [11.27669173531342, 44.52673507866137], [11.276681218171047, 44.52646521192859], [11.275172251134054, 44.52649529629594], [11.27518276132041, 44.52676516331026], [11.274805517453641, 44.526772681359965], [11.274816026048345, 44.52704254842986], [11.274438780295181, 44.527050065304884], [11.274449287298184, 44.527319932430366], [11.273694791871744, 44.52733496258601], [11.273726303330111, 44.5281445642958], [11.274103556334333, 44.52813704962954], [11.274114062187545, 44.5284069167663], [11.276000333694128, 44.528369324407095], [11.275989819145135, 44.528099457622154], [11.276367071265064, 44.52809193548546], [11.27635655512439, 44.52782206875614], [11.277111055443578, 44.527807020888375], [11.277100535972178, 44.52753715428509], [11.276723287625424, 44.52754467877107], [11.276712770040605, 44.5272748120826], [11.277090016648287, 44.52726728766705]]]}}, {"type": "Feature", "properties": {"threshold": "ge_11", "source": "HistorySUHI", "period": "2013-2026", "hotspot_percentile": "top_10_pct", "label": ">= 11 estati"}, "geometry": {"type": "Polygon", "coordinates": [[[11.270603767472368, 44.53522869929279], [11.27059327533314, 44.53495883182232], [11.270970573149118, 44.53495132660612], [11.270949585832565, 44.53441159176137], [11.271704174063984, 44.53439657787382], [11.271693677147013, 44.53412671056981], [11.27207096930221, 44.53411920182828], [11.272049972430526, 44.5335794673165], [11.272427260959141, 44.53357195747019], [11.272406261197109, 44.53303222303992], [11.272783546099223, 44.53302471208888], [11.272741541383873, 44.53194524333233], [11.272364263439961, 44.53195275400221], [11.272332766668075, 44.53114315206891], [11.271955493795334, 44.53115066128275], [11.271934500162367, 44.530610926446194], [11.271557230621239, 44.530618434274295], [11.271504757811368, 44.52926909657327], [11.271127496819703, 44.52927660280496], [11.271117004438478, 44.52900673515022], [11.270739745038934, 44.529014240066545], [11.270729254544076, 44.52874437232682], [11.270351996736657, 44.5287518759278], [11.270341508128114, 44.5284820081031], [11.268077968631026, 44.52852700314052], [11.268088446804253, 44.528796871386284], [11.266956669854068, 44.52881935230648], [11.266977616205732, 44.52935908917452], [11.266600353450034, 44.529366580464554], [11.266652713202662, 44.530715922727026], [11.267029984655148, 44.53070843108647], [11.267050933063066, 44.53124816774797], [11.26742820784755, 44.53124067472198], [11.267438684011314, 44.53151054296047], [11.267815960388361, 44.531503048619115], [11.267826438438536, 44.53177291677271], [11.268203716408141, 44.53176542111596], [11.268214196344779, 44.532035289184684], [11.268591475906936, 44.532027792212546], [11.268601957730082, 44.532297660196335], [11.268979238884787, 44.53229016190877], [11.26898972259449, 44.53256002980762], [11.268612439700222, 44.53256752816537], [11.268631185835899, 44.533050154490674], [11.269056507779228, 44.532499250630394], [11.269086739650078, 44.53254559796996], [11.2690918219086, 44.532553311155866], [11.26917758980799, 44.53244856319944], [11.269466804753472, 44.532872397144835], [11.269847871927547, 44.53346743283226], [11.270117709504085, 44.53388174755583], [11.270493759363658, 44.53447039893323], [11.270501413019453, 44.534482733228096], [11.270501440270737, 44.534482786701325], [11.270714396801615, 44.534826192951215], [11.270707129049052, 44.53487558140581], [11.27066155466095, 44.53492383228625], [11.270562689930985, 44.53495493097451], [11.270562392988918, 44.53495506291627], [11.270231529621624, 44.535105125805515], [11.270225502922964, 44.53514209305072], [11.27025830729711, 44.535205988863275], [11.270280052977617, 44.53523513758797], [11.270603767472368, 44.53522869929279]], [[11.269702340069038, 44.531465558233805], [11.268947788637776, 44.53148055812362], [11.268958271906431, 44.53175042606675], [11.268580994230781, 44.531757924213984], [11.268560031319437, 44.53121818817262], [11.26893730551613, 44.53121069016573], [11.268916339713861, 44.53067095420566], [11.269670880708494, 44.53065595473696], [11.269660394549087, 44.53038608687515], [11.270414931476743, 44.53037108256608], [11.270446400832576, 44.53118068568596], [11.269691853468467, 44.531195690416276], [11.269702340069038, 44.531465558233805]]]}}, {"type": "Feature", "properties": {"threshold": "ge_11", "source": "HistorySUHI", "period": "2013-2026", "hotspot_percentile": "top_10_pct", "label": ">= 11 estati"}, "geometry": {"type": "Polygon", "coordinates": [[[11.268256117561023, 44.53311476131196], [11.26826659823252, 44.53338462930689], [11.267889309825431, 44.53339212538451], [11.26791026813001, 44.53393186147041], [11.267532976096604, 44.533939356442986], [11.267543453729614, 44.53420922453393], [11.267739321979935, 44.53420533323421], [11.268387857603637, 44.53336534113326], [11.26841183518148, 44.533334265033936], [11.268497694456679, 44.53322306096136], [11.26858637321172, 44.533108198633556], [11.268256117561023, 44.53311476131196]]]}}, {"type": "Feature", "properties": {"threshold": "ge_11", "source": "HistorySUHI", "period": "2013-2026", "hotspot_percentile": "top_10_pct", "label": ">= 11 estati"}, "geometry": {"type": "Polygon", "coordinates": [[[11.2628791271677, 44.54051352973074], [11.262881668364015, 44.54057910193018], [11.262890370136622, 44.540565558634505], [11.262924372240311, 44.54051263269838], [11.2628791271677, 44.54051352973074]]]}}, {"type": "Feature", "properties": {"threshold": "ge_11", "source": "HistorySUHI", "period": "2013-2026", "hotspot_percentile": "top_10_pct", "label": ">= 11 estati"}, "geometry": {"type": "Polygon", "coordinates": [[[11.262512248114366, 44.5407908776658], [11.262521360666796, 44.54102604921988], [11.262707140316547, 44.54080578617531], [11.2627232414464, 44.54078669552283], [11.262512248114366, 44.5407908776658]]]}}, {"type": "Feature", "properties": {"threshold": "ge_11", "source": "HistorySUHI", "period": "2013-2026", "hotspot_percentile": "top_10_pct", "label": ">= 11 estati"}, "geometry": {"type": "Polygon", "coordinates": [[[11.262155820928994, 44.54133809323868], [11.262160315879072, 44.541454109151495], [11.262259908735977, 44.54133603041732], [11.262155820928994, 44.54133809323868]]]}}, {"type": "Feature", "properties": {"threshold": "ge_11", "source": "HistorySUHI", "period": "2013-2026", "hotspot_percentile": "top_10_pct", "label": ">= 11 estati"}, "geometry": {"type": "Polygon", "coordinates": [[[11.280405052429183, 44.544485984097285], [11.280415593383179, 44.544755849276406], [11.281547668487129, 44.544733228658714], [11.281526576283413, 44.54419349870904], [11.281149221544498, 44.544201040019566], [11.28113867740506, 44.54393117495201], [11.28038397096471, 44.5439462536947], [11.280394511623028, 44.54421611890337], [11.280017156440527, 44.544223656476646], [11.280027695506094, 44.544493521741096], [11.280405052429183, 44.544485984097285]]]}}, {"type": "Feature", "properties": {"threshold": "ge_11", "source": "HistorySUHI", "period": "2013-2026", "hotspot_percentile": "top_10_pct", "label": ">= 11 estati"}, "geometry": {"type": "Polygon", "coordinates": [[[11.252089896707963, 44.5545007534775], [11.252093756343076, 44.55460077273454], [11.252105620087045, 44.55458650839544], [11.25216113674027, 44.55451974878414], [11.252176281989309, 44.55449904910173], [11.252089896707963, 44.5545007534775]]]}}, {"type": "Feature", "properties": {"threshold": "ge_11", "source": "HistorySUHI", "period": "2013-2026", "hotspot_percentile": "top_10_pct", "label": ">= 11 estati"}, "geometry": {"type": "Polygon", "coordinates": [[[11.308975578833294, 44.49340732440081], [11.309729618066816, 44.49339207028814], [11.309665676587551, 44.49177289763615], [11.308911658183273, 44.49178815089233], [11.308932964469296, 44.49232787545446], [11.308555951571709, 44.49233550036015], [11.308577254983494, 44.49287522500569], [11.30895427135263, 44.49286759995728], [11.308975578833294, 44.49340732440081]]]}}, {"type": "Feature", "properties": {"threshold": "ge_11", "source": "HistorySUHI", "period": "2013-2026", "hotspot_percentile": "top_10_pct", "label": ">= 11 estati"}, "geometry": {"type": "Polygon", "coordinates": [[[11.313691974463234, 44.49817322700889], [11.313713329589342, 44.49871294914478], [11.314090382207974, 44.49870530635818], [11.314101061731856, 44.498975167332354], [11.314855169992596, 44.498959877884985], [11.314844486996096, 44.49869001705389], [11.31522153916554, 44.498682370536194], [11.315210854582512, 44.49841250976182], [11.315587904865902, 44.49840486207201], [11.315566532676685, 44.49786514062189], [11.314058344534535, 44.49789572334665], [11.314069023609315, 44.498165584365346], [11.313691974463234, 44.49817322700889]]]}}, {"type": "Feature", "properties": {"threshold": "ge_11", "source": "HistorySUHI", "period": "2013-2026", "hotspot_percentile": "top_10_pct", "label": ">= 11 estati"}, "geometry": {"type": "Polygon", "coordinates": [[[11.32424929388753, 44.4979587628845], [11.324260019990158, 44.49822862195286], [11.323882973158291, 44.49823629824703], [11.323915147159598, 44.49904587557857], [11.324669251090425, 44.499030521315575], [11.324626338832847, 44.49795108541854], [11.32424929388753, 44.4979587628845]]]}}, {"type": "Feature", "properties": {"threshold": "ge_11", "source": "HistorySUHI", "period": "2013-2026", "hotspot_percentile": "top_10_pct", "label": ">= 11 estati"}, "geometry": {"type": "Polygon", "coordinates": [[[11.306613172445172, 44.500477099977935], [11.306990238322097, 44.50046948039404], [11.307000885751131, 44.50073934263624], [11.308886221578893, 44.50070122570317], [11.30883294251503, 44.499351916127466], [11.307324708880406, 44.499382410734626], [11.307335357448832, 44.49965227296479], [11.306958296930528, 44.49965989357853], [11.306968943911796, 44.499929755865196], [11.30659188150781, 44.49993737530649], [11.306613172445172, 44.500477099977935]]]}}, {"type": "Feature", "properties": {"threshold": "ge_11", "source": "HistorySUHI", "period": "2013-2026", "hotspot_percentile": "top_10_pct", "label": ">= 11 estati"}, "geometry": {"type": "Polygon", "coordinates": [[[11.32469070812154, 44.499570239174986], [11.324679979530787, 44.4993003802527], [11.323548818200148, 44.499323409997196], [11.323591712629316, 44.50040284645929], [11.325099955217702, 44.500372136496395], [11.32506776333398, 44.499562560034235], [11.32469070812154, 44.499570239174986]]]}}, {"type": "Feature", "properties": {"threshold": "ge_11", "source": "HistorySUHI", "period": "2013-2026", "hotspot_percentile": "top_10_pct", "label": ">= 11 estati"}, "geometry": {"type": "Polygon", "coordinates": [[[11.290064404487667, 44.501890591963324], [11.290074974364126, 44.502160457343585], [11.290452055467691, 44.50215289213392], [11.290441483854519, 44.501883026824444], [11.29081856307317, 44.50187546044167], [11.29079741681807, 44.501335729919944], [11.290420341072767, 44.50134329616111], [11.290409769904187, 44.50107343080727], [11.289655621442309, 44.50108855941638], [11.28968732497264, 44.5018981558583], [11.290064404487667, 44.501890591963324]]]}}, {"type": "Feature", "properties": {"threshold": "ge_11", "source": "HistorySUHI", "period": "2013-2026", "hotspot_percentile": "top_10_pct", "label": ">= 11 estati"}, "geometry": {"type": "Polygon", "coordinates": [[[11.296915419447481, 44.50337341355114], [11.296894215836057, 44.50283368547606], [11.297271299478421, 44.502826097663196], [11.2972606961589, 44.50255623367446], [11.296883614253277, 44.50256382141632], [11.29687301281912, 44.50229395734177], [11.296495932501596, 44.50230154376871], [11.29648533295275, 44.50203167960837], [11.29610825422333, 44.50203926472043], [11.29609765655975, 44.5017694004743], [11.295720579418441, 44.501776984271515], [11.295709983640077, 44.5015071199396], [11.295332908086882, 44.50151470242197], [11.295322314193685, 44.501244838004304], [11.29494524022861, 44.50125241917186], [11.294955832385176, 44.501522283660464], [11.29457875653498, 44.501529863655094], [11.294589347103374, 44.50179972819984], [11.294212269368053, 44.50180730702151], [11.294222858348228, 44.502077171622396], [11.293845778727775, 44.50208474927109], [11.293951659326178, 44.50478339517502], [11.29546004638997, 44.50475307427946], [11.295449450714452, 44.5044832100394], [11.295826545372183, 44.504475626776454], [11.295815948108308, 44.50420576259257], [11.296193040880578, 44.50419817815661], [11.296182442028396, 44.5039283140289], [11.29655953291521, 44.50392072841993], [11.296538332182932, 44.50338100026207], [11.296915419447481, 44.50337341355114]]]}}, {"type": "Feature", "properties": {"threshold": "ge_11", "source": "HistorySUHI", "period": "2013-2026", "hotspot_percentile": "top_10_pct", "label": ">= 11 estati"}, "geometry": {"type": "Polygon", "coordinates": [[[11.315403199995021, 44.50327000143089], [11.315381825885662, 44.50273028037168], [11.315004747669104, 44.5027379279628], [11.3150261183051, 44.503277649165135], [11.315403199995021, 44.50327000143089]]]}}, {"type": "Feature", "properties": {"threshold": "ge_11", "source": "HistorySUHI", "period": "2013-2026", "hotspot_percentile": "top_10_pct", "label": ">= 11 estati"}, "geometry": {"type": "Polygon", "coordinates": [[[11.309391194127038, 44.50393193919826], [11.309380534485976, 44.50366207756204], [11.30862636269556, 44.50367733212448], [11.308668988261882, 44.504756779151464], [11.309046081179082, 44.504749152206706], [11.309014106569752, 44.50393956717282], [11.309391194127038, 44.50393193919826]]]}}, {"type": "Feature", "properties": {"threshold": "ge_11", "source": "HistorySUHI", "period": "2013-2026", "hotspot_percentile": "top_10_pct", "label": ">= 11 estati"}, "geometry": {"type": "Polygon", "coordinates": [[[11.315812349033036, 44.50407193371554], [11.315801659717215, 44.503802073309444], [11.31542457470366, 44.503809722430745], [11.31541388727443, 44.503539861938236], [11.315036803847793, 44.503547509744045], [11.315058175382573, 44.50408723085739], [11.314681088332625, 44.50409487756241], [11.314691772587928, 44.50436473816839], [11.314314683651403, 44.50437238370104], [11.31436809849036, 44.505721686866146], [11.315876488074952, 44.50569109584058], [11.31586579785998, 44.5054212355235], [11.316242893144612, 44.505413584728714], [11.31623220134262, 44.5051437244684], [11.315855107794869, 44.50515137519158], [11.315833728114239, 44.50461165448324], [11.315456637890321, 44.50461930381929], [11.315435262282719, 44.504079582908425], [11.315812349033036, 44.50407193371554]]]}}, {"type": "Feature", "properties": {"threshold": "ge_11", "source": "HistorySUHI", "period": "2013-2026", "hotspot_percentile": "top_10_pct", "label": ">= 11 estati"}, "geometry": {"type": "Polygon", "coordinates": [[[11.308700959005273, 44.505566364266045], [11.309078057133188, 44.50555873710717], [11.309067398332395, 44.50528887548851], [11.30869030194141, 44.505296502576], [11.308700959005273, 44.505566364266045]]]}}, {"type": "Feature", "properties": {"threshold": "ge_11", "source": "HistorySUHI", "period": "2013-2026", "hotspot_percentile": "top_10_pct", "label": ">= 11 estati"}, "geometry": {"type": "Polygon", "coordinates": [[[11.312116182616236, 44.506037397102034], [11.312126855761257, 44.50630725810479], [11.311749753618567, 44.506314895430094], [11.311771096883463, 44.50685461753405], [11.312525307967286, 44.506839341353505], [11.312514632785971, 44.5065694804519], [11.312891736366382, 44.506561840567045], [11.312881059597723, 44.5062919797221], [11.313258161291449, 44.5062843386647], [11.313236804729241, 44.50574461707332], [11.312482608139966, 44.50575989765809], [11.312493282872316, 44.506029758604186], [11.312116182616236, 44.506037397102034]]]}}, {"type": "Feature", "properties": {"threshold": "ge_11", "source": "HistorySUHI", "period": "2013-2026", "hotspot_percentile": "top_10_pct", "label": ">= 11 estati"}, "geometry": {"type": "Polygon", "coordinates": [[[11.308398452199228, 44.50746302209568], [11.30838779582659, 44.50719316043803], [11.307256468832037, 44.50721603200273], [11.30726711999335, 44.50748589387441], [11.306512897776106, 44.507501135506416], [11.306544841733023, 44.508310721460425], [11.306921958127788, 44.50830310105253], [11.306932608149204, 44.50857296293624], [11.309572430891016, 44.508519584745876], [11.309561768709182, 44.50824972336167], [11.309938883908808, 44.508242093000774], [11.309906893048726, 44.50743250897343], [11.309152672922869, 44.50744776802273], [11.309142013076027, 44.50717790650784], [11.308764904526017, 44.50718553409498], [11.30877556263576, 44.50745539568124], [11.308398452199228, 44.50746302209568]]]}}, {"type": "Feature", "properties": {"threshold": "ge_11", "source": "HistorySUHI", "period": "2013-2026", "hotspot_percentile": "top_10_pct", "label": ">= 11 estati"}, "geometry": {"type": "Polygon", "coordinates": [[[11.327813580841712, 44.51166007255126], [11.328190713159039, 44.5116523814665], [11.328179963898833, 44.511382523788], [11.328557094328074, 44.511374831530986], [11.32854634348121, 44.511104973909625], [11.329300600412779, 44.511089585807], [11.329279092221942, 44.51054987080767], [11.330033341601165, 44.51053447801638], [11.330022584257343, 44.510264620638466], [11.330776829558761, 44.51024922301459], [11.330755308374608, 44.50970950850236], [11.33113242732457, 44.50970180796832], [11.33108937981788, 44.50862237905377], [11.331466491668339, 44.50861467756389], [11.331434202411252, 44.50780510593812], [11.32992577494921, 44.507835903568555], [11.329936530935809, 44.50810576108021], [11.329559421956205, 44.50811345744972], [11.329516405862618, 44.50703402702584], [11.331024813083904, 44.50700323523605], [11.33103557382908, 44.50727309257617], [11.3314126769943, 44.507265391446616], [11.33140191451215, 44.50699553417857], [11.332156116915975, 44.506980128331584], [11.33213458545657, 44.50644041403924], [11.331757487803973, 44.50644811744056], [11.331746724037552, 44.506178260200016], [11.330238338866039, 44.50620906107719], [11.330249095684849, 44.50647891860598], [11.329871997278005, 44.50648661578737], [11.329861242196102, 44.506216758186554], [11.329484145375394, 44.50622445405192], [11.329473392181155, 44.50595459636422], [11.329096296946586, 44.50596229091361], [11.32908554563996, 44.505692433139046], [11.328708451991536, 44.50570012637246], [11.32868695330411, 44.50516041063477], [11.328309862978658, 44.50516810248026], [11.328299115597781, 44.50489824451715], [11.327167848927932, 44.50492131237412], [11.327178591098397, 44.505191170553104], [11.326801500170424, 44.505198857422826], [11.326790759736765, 44.50492899917192], [11.326413670395032, 44.504936684725784], [11.32642440909188, 44.50520654304861], [11.325670226483181, 44.505221910568345], [11.325595083080943, 44.50333290098994], [11.325218003708054, 44.50334058238069], [11.325185806859917, 44.50253100640863], [11.324808732546456, 44.5025386863399], [11.324798002301218, 44.50226882758099], [11.324420929573915, 44.50227650619657], [11.324410201215654, 44.50200664735094], [11.322901915748972, 44.502037349087686], [11.32291263716098, 44.502307208220614], [11.32253556368194, 44.50231488061705], [11.322546283507654, 44.50258473980693], [11.322169208141743, 44.50259241103133], [11.322222800841176, 44.50394170711699], [11.321845716641654, 44.50394937745643], [11.321910022418932, 44.50556853269996], [11.321532927648324, 44.505576202226116], [11.32154364406686, 44.50584606145318], [11.321166547409124, 44.50585372980711], [11.321187977223042, 44.506393448360235], [11.320433776509221, 44.50640878162311], [11.320455199976065, 44.50694850040383], [11.320078095919916, 44.50695616531269], [11.32011022703533, 44.50776574358763], [11.319733117617881, 44.50777340746761], [11.31976524487332, 44.5085829858241], [11.31938813009436, 44.50859064867514], [11.319398837742606, 44.50886050816933], [11.318644604260008, 44.508875830282456], [11.318655308583963, 44.509145689905175], [11.318278189880346, 44.50915334916722], [11.31828889261714, 44.50942320884679], [11.317911772026239, 44.50943086693637], [11.317922473175825, 44.50970072667276], [11.317545350697637, 44.50970838358984], [11.317556050259965, 44.509978243383046], [11.31717892589449, 44.50998589912759], [11.317189623869512, 44.51025575897761], [11.316812497616738, 44.51026341354961], [11.316823194004403, 44.51053327345641], [11.31644606586433, 44.510540926855846], [11.316467455614797, 44.511080646768185], [11.315713191935334, 44.51109595012087], [11.315723883560644, 44.51136581019798], [11.315346749758637, 44.51137346007956], [11.315357439796397, 44.51164332021344], [11.313848896140076, 44.511673907583585], [11.313859579377802, 44.51194376798885], [11.313482441351734, 44.511951411792275], [11.313493123001734, 44.51222127225426], [11.3131159830884, 44.512228914884915], [11.313126663150625, 44.51249877540358], [11.313503804801496, 44.51249113270139], [11.313514486751016, 44.512760993133696], [11.314645916017621, 44.512738057346716], [11.31463522885544, 44.51246819712904], [11.316898072917153, 44.51242229238854], [11.316908770504588, 44.51269215217664], [11.317285912394285, 44.51268449695992], [11.317275213069317, 44.51241463724346], [11.318029492923609, 44.51239932322045], [11.318018790273635, 44.51212946363247], [11.318395928238214, 44.512121804826215], [11.318374519913483, 44.511582085749055], [11.320260190110192, 44.51154377377089], [11.320270902884747, 44.51181363295836], [11.32064803821105, 44.51180596675826], [11.32065875287326, 44.512075825859164], [11.321413026550106, 44.51206048958273], [11.321423744837501, 44.51233034852525], [11.322178021388224, 44.51231500712823], [11.322188743300892, 44.51258486591236], [11.322565883088284, 44.51257719327566], [11.322576606888799, 44.512847051973125], [11.32295374826336, 44.512839378020324], [11.322964473951767, 44.51310923663114], [11.323718759724828, 44.51309388484904], [11.32372948903874, 44.51336374330133], [11.324106633437205, 44.513356065471996], [11.324128095991508, 44.51389578218834], [11.324882391287431, 44.51388042250928], [11.324893126265525, 44.51415028070144], [11.326778870559156, 44.514111859368604], [11.326746640012443, 44.51330228582617], [11.327123783206613, 44.51329459804244], [11.327080804303014, 44.51221516673232], [11.327457940396533, 44.512207477992106], [11.327447194309789, 44.51193762019939], [11.32782432851521, 44.51192993028688], [11.327813580841712, 44.51166007255126]], [[11.326574766656188, 44.508984558008564], [11.326564025851471, 44.5087146998937], [11.327318253019461, 44.50869932552796], [11.327307508891073, 44.50842946754211], [11.327684620512017, 44.508421778565044], [11.327673874797155, 44.50815192063629], [11.328428094112883, 44.50813653909387], [11.328438843301933, 44.50840639687868], [11.328815954470857, 44.50839870416937], [11.32886971136243, 44.50974799251062], [11.328492591507692, 44.50975568557987], [11.328514091844951, 44.510295400956345], [11.327759844734365, 44.51031078365033], [11.327770591654488, 44.51058064146023], [11.327016340466649, 44.51059601932147], [11.32700559702111, 44.510326161367665], [11.326251348705382, 44.51034153410833], [11.32624060888501, 44.51007167599582], [11.325863486238557, 44.510079360427994], [11.325831272892517, 44.509269785785584], [11.326208390327281, 44.50926210156914], [11.326197651109162, 44.5089922433972], [11.326574766656188, 44.508984558008564]]]}}, {"type": "Feature", "properties": {"threshold": "ge_11", "source": "HistorySUHI", "period": "2013-2026", "hotspot_percentile": "top_10_pct", "label": ">= 11 estati"}, "geometry": {"type": "Polygon", "coordinates": [[[11.286275330933755, 44.51114916748036], [11.286306998786142, 44.511958764402756], [11.285929853367076, 44.511966317229515], [11.285961517338468, 44.5127759142309], [11.287092968790628, 44.512753251381376], [11.287082408772449, 44.51248338594111], [11.287459557222736, 44.5124758292399], [11.28744899561495, 44.51220596385557], [11.287826142179501, 44.512198405980726], [11.287794453031765, 44.511388809951185], [11.28741731168004, 44.511396367613855], [11.287406750664545, 44.51112650217037], [11.286275330933755, 44.51114916748036]]]}}, {"type": "Feature", "properties": {"threshold": "ge_11", "source": "HistorySUHI", "period": "2013-2026", "hotspot_percentile": "top_10_pct", "label": ">= 11 estati"}, "geometry": {"type": "Polygon", "coordinates": [[[11.311219610051294, 44.51199724848308], [11.311208938976002, 44.51172738757733], [11.310831801639651, 44.51173502259938], [11.310842470977443, 44.512004883576566], [11.309711052858471, 44.51202778139136], [11.309721717133257, 44.512297642568], [11.309344575723673, 44.51230527275577], [11.309355238410415, 44.51257513398898], [11.30860095166767, 44.51259039077439], [11.308632930199192, 44.51339997481343], [11.310895819910238, 44.51335418824011], [11.310885149824491, 44.51308432733705], [11.311639441723067, 44.513069055334135], [11.311628768311722, 44.512799194559165], [11.312005912298963, 44.51279155676269], [11.311984562450085, 44.51225183531122], [11.31160742193796, 44.51225947296476], [11.311596748975534, 44.5119896121453], [11.311219610051294, 44.51199724848308]]]}}, {"type": "Feature", "properties": {"threshold": "ge_11", "source": "HistorySUHI", "period": "2013-2026", "hotspot_percentile": "top_10_pct", "label": ">= 11 estati"}, "geometry": {"type": "Polygon", "coordinates": [[[11.305626381457376, 44.51373081578173], [11.306003533048948, 44.513723197680555], [11.305960943361816, 44.51264375032741], [11.304452363902458, 44.51267421412553], [11.30446300414987, 44.512944076271125], [11.303708710049786, 44.5129593008467], [11.303698073277618, 44.512689438558624], [11.303320927741488, 44.51269704890869], [11.303331562776036, 44.51296691126798], [11.302200120060233, 44.512989735065744], [11.30222138015065, 44.51352946016706], [11.301844228805273, 44.51353706575329], [11.301865486016407, 44.5140767909377], [11.301488331046569, 44.514084395421904], [11.301498958137907, 44.51435425806305], [11.301876114845504, 44.51434665350768], [11.301886743823623, 44.51461651606286], [11.30301821826551, 44.51459369471678], [11.303007584074058, 44.51432383237517], [11.304139051960751, 44.51430100004303], [11.304117773598726, 44.5137612757427], [11.304872077826476, 44.51374604825096], [11.304882720408337, 44.514015910266025], [11.305637027514658, 44.514000677654245], [11.305626381457376, 44.51373081578173]]]}}, {"type": "Feature", "properties": {"threshold": "ge_11", "source": "HistorySUHI", "period": "2013-2026", "hotspot_percentile": "top_10_pct", "label": ">= 11 estati"}, "geometry": {"type": "Polygon", "coordinates": [[[11.321089474038873, 44.51341745326608], [11.321078756887955, 44.513147594311164], [11.32070161302433, 44.513155262114275], [11.320712328437667, 44.51342512114093], [11.321089474038873, 44.51341745326608]]]}}, {"type": "Feature", "properties": {"threshold": "ge_11", "source": "HistorySUHI", "period": "2013-2026", "hotspot_percentile": "top_10_pct", "label": ">= 11 estati"}, "geometry": {"type": "Polygon", "coordinates": [[[11.318848012079757, 44.51400316057646], [11.318837305054135, 44.51373330122088], [11.318460156814275, 44.5137409617015], [11.318470862102252, 44.514010821128785], [11.318848012079757, 44.51400316057646]]]}}, {"type": "Feature", "properties": {"threshold": "ge_11", "source": "HistorySUHI", "period": "2013-2026", "hotspot_percentile": "top_10_pct", "label": ">= 11 estati"}, "geometry": {"type": "Polygon", "coordinates": [[[11.319235870820549, 44.51426535804885], [11.319225161907145, 44.5139954987798], [11.318848012079757, 44.51400316057646], [11.318869426581351, 44.5145428792431], [11.320000886039123, 44.51451988968983], [11.319990173500203, 44.51425003057906], [11.319235870820549, 44.51426535804885]]]}}, {"type": "Feature", "properties": {"threshold": "ge_11", "source": "HistorySUHI", "period": "2013-2026", "hotspot_percentile": "top_10_pct", "label": ">= 11 estati"}, "geometry": {"type": "Polygon", "coordinates": [[[11.329796053594956, 44.51405032053096], [11.329785296027927, 44.513780463274216], [11.329408150413677, 44.513788159912025], [11.329397394735041, 44.5135183025684], [11.327888817720618, 44.51354907638856], [11.327910315327973, 44.51408879163693], [11.327533167222372, 44.51409648212515], [11.32755466195725, 44.51463619745801], [11.32793181353814, 44.514628506825865], [11.327942562869284, 44.514898364398036], [11.328319716037143, 44.51489067244956], [11.3283304672567, 44.5151605299349], [11.328707622011526, 44.51515283667007], [11.328718375119543, 44.51542269406855], [11.329472687652325, 44.51540730366175], [11.329461931068868, 44.51513744640728], [11.329839085371336, 44.51512974940934], [11.329828327200996, 44.51485989221204], [11.33020547961494, 44.514852194041765], [11.330194719857763, 44.51458233690164], [11.33057187038319, 44.51457463755907], [11.33055034784615, 44.51403492337835], [11.329796053594956, 44.51405032053096]]]}}, {"type": "Feature", "properties": {"threshold": "ge_11", "source": "HistorySUHI", "period": "2013-2026", "hotspot_percentile": "top_10_pct", "label": ">= 11 estati"}, "geometry": {"type": "Polygon", "coordinates": [[[11.324634052532808, 44.51712640115917], [11.324623317636878, 44.51685654305851], [11.323114649380159, 44.516887255623296], [11.32310392158625, 44.51661739722038], [11.32234959003109, 44.516632745892394], [11.322360314349229, 44.51690260443895], [11.321983146608206, 44.51691027698007], [11.322004592219727, 44.517449994172225], [11.32162742085251, 44.517457665612476], [11.32163814214582, 44.51772752425807], [11.322015315251003, 44.51771985274604], [11.322047485246923, 44.51852942837838], [11.323556197020023, 44.51849872902345], [11.323545466585573, 44.51822887078146], [11.323922642414756, 44.518221192903255], [11.323911910392757, 44.517951334718276], [11.324289084333467, 44.5179436556674], [11.324278350723965, 44.51767379753943], [11.325032694677935, 44.517658435847956], [11.325011220958672, 44.51711871983495], [11.324634052532808, 44.51712640115917]]]}}, {"type": "Feature", "properties": {"threshold": "ge_11", "source": "HistorySUHI", "period": "2013-2026", "hotspot_percentile": "top_10_pct", "label": ">= 11 estati"}, "geometry": {"type": "Polygon", "coordinates": [[[11.294316020521295, 44.5236814571448], [11.294326618056347, 44.523951320688795], [11.29508105895091, 44.52393615514402], [11.295091660111932, 44.5242060185313], [11.29546888207493, 44.52419843382067], [11.295458279175229, 44.52392857050437], [11.295835499250874, 44.52392098461989], [11.295824894761193, 44.523651121359784], [11.2954476764242, 44.52365870717327], [11.295426471368152, 44.52311898046667], [11.29467204120266, 44.52313414807529], [11.294693239304227, 44.52367387506579], [11.294316020521295, 44.5236814571448]]]}}, {"type": "Feature", "properties": {"threshold": "ge_11", "source": "HistorySUHI", "period": "2013-2026", "hotspot_percentile": "top_10_pct", "label": ">= 11 estati"}, "geometry": {"type": "Polygon", "coordinates": [[[11.292116229549094, 44.52534610707236], [11.291361768890571, 44.525361253408306], [11.291372353406722, 44.525631117430756], [11.290995121115992, 44.52563868880222], [11.29100570404171, 44.52590855288071], [11.292137405685171, 44.52588583481895], [11.292116229549094, 44.52534610707236]]]}}, {"type": "Feature", "properties": {"threshold": "ge_11", "source": "HistorySUHI", "period": "2013-2026", "hotspot_percentile": "top_10_pct", "label": ">= 11 estati"}, "geometry": {"type": "Polygon", "coordinates": [[[11.297041430690632, 44.52578726041243], [11.29702020934527, 44.52524753451076], [11.296642981022199, 44.52525512448486], [11.296664198889953, 44.5257948505286], [11.297041430690632, 44.52578726041243]]]}}, {"type": "Feature", "properties": {"threshold": "ge_11", "source": "HistorySUHI", "period": "2013-2026", "hotspot_percentile": "top_10_pct", "label": ">= 11 estati"}, "geometry": {"type": "Polygon", "coordinates": [[[11.28991631338252, 44.5270107167541], [11.289895156925928, 44.52647098827567], [11.291781345204651, 44.52643313658031], [11.291770758504327, 44.52616327267312], [11.286489446325913, 44.5262691779964], [11.286510571185019, 44.52680890777813], [11.28613333001134, 44.52681646324832], [11.28614389092408, 44.52708632818772], [11.286521133836743, 44.527078772646824], [11.286542259584545, 44.52761850233984], [11.287296751921561, 44.52760338724016], [11.287286185495542, 44.52733352254249], [11.287663429702782, 44.52732596319587], [11.287652861685931, 44.52705609855417], [11.288407346177816, 44.527040976267436], [11.288396774831211, 44.52677111175244], [11.288774015115838, 44.52676354881236], [11.28878458820141, 44.52703341325657], [11.28991631338252, 44.5270107167541]]]}}, {"type": "Feature", "properties": {"threshold": "ge_11", "source": "HistorySUHI", "period": "2013-2026", "hotspot_percentile": "top_10_pct", "label": ">= 11 estati"}, "geometry": {"type": "Polygon", "coordinates": [[[11.289560225375729, 44.52755801206078], [11.28993747043246, 44.52755044517335], [11.28992689183332, 44.527280580971116], [11.289549648515601, 44.52728814778774], [11.289560225375729, 44.52755801206078]]]}}, {"type": "Feature", "properties": {"threshold": "ge_11", "source": "HistorySUHI", "period": "2013-2026", "hotspot_percentile": "top_10_pct", "label": ">= 11 estati"}, "geometry": {"type": "Polygon", "coordinates": [[[11.287705703252133, 44.52840542161485], [11.287684566181062, 44.527865692434936], [11.28730731849575, 44.52787325192304], [11.28732845208865, 44.52841298124444], [11.287705703252133, 44.52840542161485]]]}}, {"type": "Feature", "properties": {"threshold": "ge_11", "source": "HistorySUHI", "period": "2013-2026", "hotspot_percentile": "top_10_pct", "label": ">= 11 estati"}, "geometry": {"type": "Polygon", "coordinates": [[[11.287726840916013, 44.528945150735595], [11.28771627200997, 44.52867528618261], [11.287339019107364, 44.52868284588294], [11.28734958627426, 44.528952710506665], [11.287726840916013, 44.528945150735595]]]}}, {"type": "Feature", "properties": {"threshold": "ge_11", "source": "HistorySUHI", "period": "2013-2026", "hotspot_percentile": "top_10_pct", "label": ">= 11 estati"}, "geometry": {"type": "Polygon", "coordinates": [[[11.287747979172726, 44.52948487979718], [11.288125237144632, 44.529477318639515], [11.28810409540956, 44.52893758971944], [11.287726840916013, 44.528945150735595], [11.287747979172726, 44.52948487979718]]]}}, {"type": "Feature", "properties": {"threshold": "ge_11", "source": "HistorySUHI", "period": "2013-2026", "hotspot_percentile": "top_10_pct", "label": ">= 11 estati"}, "geometry": {"type": "Polygon", "coordinates": [[[11.304347189381938, 44.529151011017035], [11.304336543657389, 44.52888114961796], [11.303959293820737, 44.52888876424228], [11.303969937806203, 44.52915862571261], [11.304347189381938, 44.529151011017035]]]}}, {"type": "Feature", "properties": {"threshold": "ge_11", "source": "HistorySUHI", "period": "2013-2026", "hotspot_percentile": "top_10_pct", "label": ">= 11 estati"}, "geometry": {"type": "Polygon", "coordinates": [[[11.31345462191557, 44.53031718301898], [11.313433245643115, 44.52977746378169], [11.31305599243969, 44.52978510857245], [11.313034620244903, 44.52924538913275], [11.31190287017015, 44.52926831560567], [11.311892189514683, 44.528998455649024], [11.31226943795035, 44.5289908148079], [11.312237391665546, 44.5281812350635], [11.311482905078487, 44.52819651507174], [11.311472226761046, 44.5279266549843], [11.31109498498186, 44.527934293049476], [11.311084308553093, 44.52766443287571], [11.310329828023493, 44.52767970512825], [11.31035117407492, 44.52821942574678], [11.3099739301077, 44.52822706014849], [11.310016617050431, 44.52930650149338], [11.311525619845655, 44.52927595527327], [11.311536298911811, 44.52954581528657], [11.311913550975389, 44.52953817554748], [11.311956275694124, 44.53061761516642], [11.312333534564486, 44.53060997389628], [11.31240832076403, 44.53249899215786], [11.313540133000808, 44.532476059374794], [11.313529443590529, 44.532206199882225], [11.313906712297017, 44.53219855320245], [11.313863949197746, 44.531119115370096], [11.313486687448364, 44.53112676176366], [11.313465310276618, 44.530587042615366], [11.313842568547596, 44.530579396364914], [11.313831878447383, 44.53030953684008], [11.31345462191557, 44.53031718301898]]]}}, {"type": "Feature", "properties": {"threshold": "ge_11", "source": "HistorySUHI", "period": "2013-2026", "hotspot_percentile": "top_10_pct", "label": ">= 11 estati"}, "geometry": {"type": "Polygon", "coordinates": [[[11.274964310983947, 44.54054340348939], [11.275034270797459, 44.54054200869922], [11.275617892877522, 44.54032828880277], [11.27561897547651, 44.54032990568241], [11.275722737527191, 44.5402847780849], [11.275881091332783, 44.54052512562166], [11.276850973189104, 44.54050578906814], [11.276840450262329, 44.54023592301826], [11.277217780520468, 44.54022839646763], [11.277207256001056, 44.539958530473406], [11.277961912594067, 44.53994347377629], [11.277951384741879, 44.5396736079082], [11.279838014939186, 44.539635944720345], [11.279827478533866, 44.53936607918993], [11.280582126098272, 44.53935100533694], [11.280571586360473, 44.53908113993281], [11.280948908180847, 44.53907360120856], [11.280927825668522, 44.53853387049705], [11.281305143860894, 44.53852633066838], [11.28129460108644, 44.538256465361016], [11.282049233547509, 44.53824138210833], [11.282038687440878, 44.53797151692733], [11.284302570833587, 44.53792623770124], [11.28429201443497, 44.53765637292919], [11.28466932607576, 44.53764882210302], [11.284658768085238, 44.53737895738685], [11.285413387442697, 44.5373638521395], [11.285402826120404, 44.53709398754988], [11.285780133837054, 44.53708643312873], [11.285769570922982, 44.53681656859504], [11.286524182432075, 44.53680145615786], [11.286513616186408, 44.536531591750816], [11.287645527119038, 44.536508913966664], [11.287624384633322, 44.535969185532615], [11.288378984221254, 44.535954061065915], [11.288368409721215, 44.53568419696822], [11.28912300523641, 44.5356690676616], [11.289112427405168, 44.53539920369073], [11.289489723200518, 44.53539163724018], [11.289479143777896, 44.53512177332531], [11.29061102505451, 44.535099066714096], [11.290600440561178, 44.5348292029969], [11.288336687110856, 44.53487460458646], [11.288357835369471, 44.535414332855765], [11.287225946203788, 44.53543701726318], [11.287236515336268, 44.53570688158793], [11.286859216911475, 44.53571444063709], [11.286816948229758, 44.53463498296643], [11.287571531013342, 44.53461986418866], [11.287560960734064, 44.5343499998755], [11.288692828578643, 44.534327312581276], [11.288682253228707, 44.53405744846564], [11.290191401319916, 44.534027181588996], [11.29017023714827, 44.53348745387981], [11.290547520320972, 44.533479884189106], [11.290536936718205, 44.533210020383166], [11.290914218002943, 44.53320244951804], [11.290903632809078, 44.53293258576816], [11.29203547055401, 44.532909865913936], [11.292046060966408, 44.5331797294512], [11.29355518283836, 44.533149418595315], [11.293565780357376, 44.53341928183415], [11.292433933957673, 44.53344201705668], [11.292444526406658, 44.53371188049346], [11.2913126734514, 44.53373460472135], [11.29133384835745, 44.53427433197585], [11.29246571175027, 44.534251607322645], [11.292455119004192, 44.533981743915454], [11.293586975841263, 44.53395900826741], [11.29357637802501, 44.533689145058176], [11.29433094502753, 44.53367398187499], [11.294320343880809, 44.533404118792866], [11.296206750087336, 44.53336618939783], [11.296196140391732, 44.53309632665584], [11.296950698354008, 44.53308114632317], [11.296940085328234, 44.53281128370843], [11.297317362346663, 44.53280369174531], [11.29730674773027, 44.532533829186804], [11.297684022860398, 44.53252623604951], [11.297673406653436, 44.53225637354726], [11.298427952988206, 44.53224118367922], [11.29841733345133, 44.53197132130431], [11.298794604655956, 44.531963724573615], [11.298773362550254, 44.531423999921536], [11.297641558925777, 44.531446785951665], [11.297630943314294, 44.53117692339019], [11.298762741720811, 44.531154137573296], [11.298730880126092, 44.5303445504397], [11.299862661538818, 44.53032175405654], [11.299883912888532, 44.53086147840042], [11.299129385138682, 44.53087667751875], [11.299140007558476, 44.531146539810706], [11.299894538786901, 44.53113134055013], [11.299905164834279, 44.531401202685046], [11.30179149899376, 44.531363182387956], [11.301780864249876, 44.53109332060883], [11.302912657738284, 44.53107049370248], [11.30290201792573, 44.53080063212217], [11.303656542693501, 44.530785408101444], [11.303645899551677, 44.53051554664877], [11.304400420243983, 44.530500317790114], [11.304389773772993, 44.53023045646513], [11.305144290389713, 44.530215222768646], [11.305122990938946, 44.52967550035934], [11.30550024554498, 44.529667881786054], [11.305489594304479, 44.529398020630474], [11.30511234143757, 44.529405639132456], [11.305101692085527, 44.52913577789076], [11.304724440808387, 44.52914339507642], [11.304735088421324, 44.5294132563894], [11.303603328476825, 44.529436100689914], [11.303592686081211, 44.52916623916315], [11.302838182183544, 44.52918146232911], [11.302827543415347, 44.528911600645074], [11.302450292981819, 44.52891921028928], [11.302439656101875, 44.528649348519224], [11.302062407258257, 44.52865695684719], [11.302051772266518, 44.52838709499112], [11.30167452501282, 44.528394702002885], [11.301695791667305, 44.52893442584257], [11.300941289756347, 44.52894963641573], [11.300930659832709, 44.52867977436095], [11.29942166117859, 44.528710180282246], [11.299411038360256, 44.52844031792811], [11.298656541617467, 44.52845551327637], [11.298645922426184, 44.52818565076523], [11.298268675570458, 44.52819324650074], [11.298258058267109, 44.52792338390371], [11.29750356758709, 44.52793857149758], [11.297492953910627, 44.52766870874361], [11.297115710086365, 44.527676300601996], [11.297073263824593, 44.52659684915393], [11.296696026807322, 44.52660443948319], [11.296685417352764, 44.52633457651314], [11.29630818192561, 44.52634216552642], [11.296265752550367, 44.52526271321408], [11.295888523929802, 44.525270300698416], [11.295867313612117, 44.524730574311405], [11.294735637290849, 44.52475332886916], [11.294746237159076, 44.525023192282994], [11.29512346448692, 44.52501560860432], [11.295134066242564, 44.525285471932385], [11.295511295160527, 44.52527788693785], [11.295564314862974, 44.52662720300126], [11.29518707725076, 44.52663478835071], [11.295197679898413, 44.52690465158998], [11.294443200750134, 44.526919818695944], [11.294453800068561, 44.52718968206234], [11.294076558532513, 44.52719726381883], [11.294087156260591, 44.52746712724137], [11.292955425543953, 44.52748986525372], [11.292944833032829, 44.527220001618396], [11.291435863620562, 44.527250301254675], [11.291467620731334, 44.528059892966915], [11.290713124700337, 44.52807503574023], [11.290723707222662, 44.52834489975642], [11.290346457245482, 44.52835246934639], [11.290367619257102, 44.52889219747606], [11.289990365653315, 44.52889976596263], [11.290011524780116, 44.52943949417478], [11.289634267549639, 44.5294470615579], [11.289644845596374, 44.52971692571261], [11.290022104566054, 44.52970935825867], [11.290032684500353, 44.52997922232777], [11.28890090192863, 44.530001921166715], [11.288890327212025, 44.52973205688521], [11.288513067797405, 44.52973962060384], [11.2885024949683, 44.52946975623674], [11.288125237144632, 44.529477318639515], [11.288188665907622, 44.531096505044786], [11.288565934166943, 44.531088942217394], [11.28857650788567, 44.53135880649573], [11.288199237886989, 44.5313663693939], [11.288209810014612, 44.53163623372822], [11.287832538128288, 44.53164379545197], [11.287874821163578, 44.53272325292441], [11.286742983741874, 44.53274593147341], [11.286732417979163, 44.53247606691526], [11.285977862436127, 44.53249117958029], [11.285988424719847, 44.53276104427989], [11.285233865105335, 44.53277615210537], [11.285244424058124, 44.53304601693154], [11.28373529609429, 44.533076217922186], [11.283724744099631, 44.53280635281339], [11.28334746347821, 44.53281389987727], [11.28333691337104, 44.53254403468307], [11.282959634341182, 44.53255158043108], [11.282938538049649, 44.532011849857106], [11.281806710509542, 44.53203447920617], [11.281817253362927, 44.532304344712315], [11.281439975481023, 44.53231188540879], [11.281450516742753, 44.53258175097073], [11.28107323697352, 44.53258929049252], [11.281083776643545, 44.53285915611023], [11.280329213182627, 44.532874231559155], [11.280339749521342, 44.533144097303165], [11.279962465829675, 44.53315163323026], [11.279973000576565, 44.53342149903001], [11.279218429270871, 44.53343656728937], [11.279228960686266, 44.53370643321536], [11.278474385310583, 44.53372149663453], [11.278495441625829, 44.53426122872412], [11.277740858700934, 44.5342762874439], [11.27775138360063, 44.53454615360746], [11.276242209021037, 44.53457625638476], [11.276252727109418, 44.53484612281525], [11.275875431355965, 44.53485364546662], [11.275906981286802, 44.535663244880666], [11.275529680166507, 44.53567076649783], [11.27554019536526, 44.53594063301002], [11.275162892357663, 44.53594815345216], [11.27517340596402, 44.536218020019966], [11.274796101069116, 44.536225539287074], [11.274806613083028, 44.53649540591048], [11.275183919717822, 44.536487886573006], [11.275204947667772, 44.53702761963478], [11.275582257634964, 44.537020098911114], [11.275624322264303, 44.538099564575916], [11.274869688262488, 44.538114605340766], [11.274880201308418, 44.5383844718608], [11.274502882346278, 44.53839199044534], [11.274523905400269, 44.53893172358181], [11.274901227842605, 44.53892420485656], [11.274922254966576, 44.53946393779324], [11.274544929043945, 44.539471456659214], [11.274555441086921, 44.539741323175775], [11.274932768749736, 44.53973380423944], [11.274943282680349, 44.540003670670856], [11.274565953277326, 44.540011189677564], [11.274576465615166, 44.540281056164574], [11.274483175424031, 44.540282914695034], [11.274737360193086, 44.54065073608598], [11.27496524151611, 44.54056728692526], [11.274964310983947, 44.54054340348939]], [[11.27789874769561, 44.53832427834612], [11.277521429913682, 44.538331806894725], [11.277531955287586, 44.538601672907134], [11.277154635617977, 44.53860920028068], [11.27713358849789, 44.538069468100204], [11.277888220729274, 44.538054412389364], [11.27789874769561, 44.53832427834612]], [[11.2827194728662, 44.53606737314141], [11.28309677465964, 44.53605982772076], [11.283107324950532, 44.53632969279341], [11.283484628335849, 44.53632214605675], [11.283495180514558, 44.536592011043986], [11.283117875389385, 44.53659955785129], [11.283128425976198, 44.53686942289437], [11.282751118963175, 44.53687696852686], [11.282761667958045, 44.53714683362578], [11.28238435905717, 44.53715437808345], [11.282394906460045, 44.53742424323819], [11.281262973650193, 44.537446869350255], [11.281241889431936, 44.536907138602515], [11.280864581679461, 44.53691467800785], [11.280843501532345, 44.53637494705989], [11.281220805805052, 44.53636740779567], [11.281210264213366, 44.53609754237007], [11.281587566598388, 44.536090001931], [11.281598109929918, 44.53635986728602], [11.282730021417256, 44.53633723828467], [11.2827194728662, 44.53606737314141]], [[11.278967509252352, 44.53668249053375], [11.277835588112048, 44.53670508238409], [11.277825062031473, 44.53643521633872], [11.277070450679584, 44.53645027120422], [11.277028361752137, 44.53537080631147], [11.278537556028102, 44.53534069272601], [11.278527027206055, 44.535070826747706], [11.280413508029739, 44.535033157097494], [11.280424045550593, 44.53530302272329], [11.280801343011854, 44.53529548498665], [11.280790803751243, 44.53502561943138], [11.281922690028859, 44.53500299896092], [11.281933234508715, 44.535272864304495], [11.28117864032531, 44.53528794600462], [11.281199722769516, 44.53582767692969], [11.280822421976483, 44.53583521605281], [11.280811882420265, 44.53556535052711], [11.280434583219227, 44.53557288833431], [11.280466197111826, 44.5363824850787], [11.278956977952106, 44.53641262469979], [11.278967509252352, 44.53668249053375]], [[11.281912145696875, 44.534733133602565], [11.282289439087313, 44.53472559102563], [11.282299985159016, 44.5349954563134], [11.281922690028859, 44.53500299896092], [11.281912145696875, 44.534733133602565]], [[11.282278893163507, 44.53445572572308], [11.283033476021288, 44.534440636974395], [11.283044025424477, 44.53471050213574], [11.282289439087313, 44.53472559102563], [11.282278893163507, 44.53445572572308]], [[11.288618804243395, 44.53243826346118], [11.288996081051472, 44.53243069903469], [11.289006657251099, 44.532700563168305], [11.288629378703543, 44.532708127665565], [11.288618804243395, 44.53243826346118]], [[11.295744609659824, 44.531214874848786], [11.296499143568008, 44.53119969800079], [11.29650975396151, 44.53146956077539], [11.295755216574664, 44.53148473776542], [11.295744609659824, 44.531214874848786]], [[11.2904099450609, 44.529971653557894], [11.290787205473057, 44.52996408354291], [11.290797789034219, 44.530233947455535], [11.290420526882812, 44.53024151754137], [11.2904099450609, 44.529971653557894]]]}}, {"type": "Feature", "properties": {"threshold": "ge_11", "source": "HistorySUHI", "period": "2013-2026", "hotspot_percentile": "top_10_pct", "label": ">= 11 estati"}, "geometry": {"type": "Polygon", "coordinates": [[[11.34922912194197, 44.49042540786489], [11.349239960413112, 44.49069526248111], [11.349616951836705, 44.49068750350978], [11.349627792195177, 44.4909573580385], [11.350004785202238, 44.49094959775129], [11.349993943108354, 44.490679743295196], [11.350370934228035, 44.490671981837345], [11.350360090550732, 44.490402127438976], [11.349983101166433, 44.490409888824196], [11.349972259376479, 44.490140034338324], [11.349595271575579, 44.49014779440767], [11.349606111630171, 44.49041764896616], [11.34922912194197, 44.49042540786489]]]}}, {"type": "Feature", "properties": {"threshold": "ge_11", "source": "HistorySUHI", "period": "2013-2026", "hotspot_percentile": "top_10_pct", "label": ">= 11 estati"}, "geometry": {"type": "Polygon", "coordinates": [[[11.34894966819199, 44.49286185718357], [11.348938830241021, 44.49259200261389], [11.348184822337451, 44.49260751535639], [11.348173988009524, 44.492337660626646], [11.347042980221975, 44.49236092019765], [11.347064638616189, 44.492900630077564], [11.346687632245553, 44.49290838092628], [11.346698459934723, 44.493178235916425], [11.345944443266912, 44.49319373402881], [11.345933619049003, 44.492923878893635], [11.344048583402957, 44.49296260205314], [11.344037768014836, 44.4926927465407], [11.343660762166357, 44.49270048737006], [11.34364994866543, 44.49243063177029], [11.343272944400978, 44.49243837128387], [11.343294568083179, 44.492978082613355], [11.343671575818854, 44.49297034295494], [11.343693203578574, 44.49351005408003], [11.344070214633991, 44.49350231303335], [11.344081030476913, 44.49377216850113], [11.346343104039015, 44.49372569567499], [11.346332277781979, 44.493455840642085], [11.347463307307686, 44.493432587660735], [11.347474138771744, 44.49370244247603], [11.347851150045704, 44.49369468892291], [11.347926986695713, 44.495583671705106], [11.348304009968167, 44.49557591640062], [11.348293173969608, 44.49530606183469], [11.348670195354337, 44.4952983053593], [11.348681033088733, 44.495568159852645], [11.34905805605738, 44.49556040206121], [11.348982182956394, 44.49367142080324], [11.349359193622812, 44.49366366227656], [11.349326673651506, 44.492854098874716], [11.34894966819199, 44.49286185718357]]]}}, {"type": "Feature", "properties": {"threshold": "ge_11", "source": "HistorySUHI", "period": "2013-2026", "hotspot_percentile": "top_10_pct", "label": ">= 11 estati"}, "geometry": {"type": "Polygon", "coordinates": [[[11.346408064768111, 44.49534482555969], [11.346397237600526, 44.49507497061612], [11.346020217040653, 44.49508271955821], [11.346031042472413, 44.49535257457429], [11.346408064768111, 44.49534482555969]]]}}, {"type": "Feature", "properties": {"threshold": "ge_11", "source": "HistorySUHI", "period": "2013-2026", "hotspot_percentile": "top_10_pct", "label": ">= 11 estati"}, "geometry": {"type": "Polygon", "coordinates": [[[11.352074234334705, 44.495498294964875], [11.352063380977922, 44.49522844112532], [11.352817420554787, 44.495212902062036], [11.352795707354533, 44.49467319462905], [11.352418691113716, 44.49468096463699], [11.352407836477585, 44.49441111082544], [11.351653807011, 44.49442664696567], [11.351697212582254, 44.49550606270403], [11.351320190677692, 44.49551382919974], [11.351331040714935, 44.49578368316977], [11.3505769929779, 44.495799212576095], [11.350609533586828, 44.49660877483276], [11.351363591739206, 44.49659324499046], [11.351374442384817, 44.49686309890088], [11.351751472968807, 44.49685533204178], [11.351740620587261, 44.49658547820403], [11.3521176492832, 44.496577710174115], [11.352106795317866, 44.49630785639414], [11.352860848781473, 44.496292316749205], [11.35283913436376, 44.495752609435414], [11.35246211117977, 44.495760379734214], [11.352451255935023, 44.49549052598225], [11.352074234334705, 44.495498294964875]]]}}, {"type": "Feature", "properties": {"threshold": "ge_11", "source": "HistorySUHI", "period": "2013-2026", "hotspot_percentile": "top_10_pct", "label": ">= 11 estati"}, "geometry": {"type": "Polygon", "coordinates": [[[11.346429719558586, 44.49588453540215], [11.346418892087463, 44.49561468048836], [11.345664843872624, 44.49563017741912], [11.345686492023095, 44.496169887521845], [11.346817574533025, 44.49614663982539], [11.346806745174234, 44.49587678499902], [11.346429719558586, 44.49588453540215]]]}}, {"type": "Feature", "properties": {"threshold": "ge_11", "source": "HistorySUHI", "period": "2013-2026", "hotspot_percentile": "top_10_pct", "label": ">= 11 estati"}, "geometry": {"type": "Polygon", "coordinates": [[[11.341528372752713, 44.49598517748464], [11.341506763095033, 44.49544546575859], [11.341883787210044, 44.4954377316657], [11.341872980872528, 44.49516787585274], [11.342250003100208, 44.495160140588744], [11.342239195178337, 44.49489028483328], [11.342616215518694, 44.49488254839822], [11.342605406012515, 44.49461269270028], [11.34222838740796, 44.49462042906294], [11.342206772321681, 44.49408071747761], [11.340698710274955, 44.494111649914835], [11.340763515692027, 44.495730786229096], [11.340386489386846, 44.49573851666386], [11.340397289083683, 44.49600837273651], [11.339643232547372, 44.49602383002019], [11.339654028923713, 44.496293686222614], [11.33889996831017, 44.49630913867686], [11.338932347931266, 44.49711870762865], [11.339309383521682, 44.4971109818064], [11.339320178767348, 44.49738083802162], [11.339697215942483, 44.4973731108835], [11.339751203121295, 44.49872239137486], [11.34012824882564, 44.49871466263156], [11.340139048451661, 44.498984518612886], [11.3405160957408, 44.4989767885536], [11.340526897254414, 44.499246644447716], [11.341280994850838, 44.499231180453535], [11.341291799988317, 44.49950103618804], [11.3409147495296, 44.499508768879316], [11.340925553082297, 44.499778624671315], [11.341302605277265, 44.49977089190767], [11.34131341071768, 44.500040747612424], [11.342067518125726, 44.50002527820938], [11.3420783271902, 44.50029513375449], [11.342832437464743, 44.50027965923191], [11.342800000308287, 44.499470092986364], [11.342422950455578, 44.499477830652275], [11.342379709980218, 44.498398408493536], [11.342002666920695, 44.49840614462621], [11.341991858916803, 44.49813628897694], [11.342368900240206, 44.49812855291667], [11.342347281214757, 44.49758884171825], [11.341593205360791, 44.49760431230566], [11.341582399547447, 44.497334456539356], [11.340828326559699, 44.497349922007714], [11.340817524369882, 44.497080066081814], [11.341194559203446, 44.49707233404176], [11.34115134501446, 44.495992910478776], [11.341528372752713, 44.49598517748464]], [[11.341614817441899, 44.49814402379361], [11.341604011325607, 44.497874168057066], [11.341981051064412, 44.49786643331277], [11.341991858916803, 44.49813628897694], [11.341614817441899, 44.49814402379361]]]}}, {"type": "Feature", "properties": {"threshold": "ge_11", "source": "HistorySUHI", "period": "2013-2026", "hotspot_percentile": "top_10_pct", "label": ">= 11 estati"}, "geometry": {"type": "Polygon", "coordinates": [[[11.345019007152723, 44.49834422074385], [11.346150132237378, 44.49832097876851], [11.346139305136303, 44.49805112391622], [11.346516344791587, 44.49804337417643], [11.346505516106214, 44.49777351938175], [11.34688255387364, 44.49776576847093], [11.346828404043613, 44.496416494636875], [11.344943257088767, 44.49645523494262], [11.345019007152723, 44.49834422074385]]]}}, {"type": "Feature", "properties": {"threshold": "ge_11", "source": "HistorySUHI", "period": "2013-2026", "hotspot_percentile": "top_10_pct", "label": ">= 11 estati"}, "geometry": {"type": "Polygon", "coordinates": [[[11.33217796868933, 44.498067132494434], [11.332167206127204, 44.49779727493727], [11.33179016419409, 44.49780497727572], [11.331800925020074, 44.49807483490496], [11.33217796868933, 44.498067132494434]]]}}, {"type": "Feature", "properties": {"threshold": "ge_11", "source": "HistorySUHI", "period": "2013-2026", "hotspot_percentile": "top_10_pct", "label": ">= 11 estati"}, "geometry": {"type": "Polygon", "coordinates": [[[11.349166459116745, 44.4982589454495], [11.349123096069556, 44.4971795282729], [11.34874606268541, 44.49718728649994], [11.348756901483267, 44.49745714088904], [11.348379866211188, 44.497464897945115], [11.348390703424947, 44.4977347523919], [11.348767740433056, 44.49772699526322], [11.348789418788447, 44.498266703966934], [11.349166459116745, 44.4982589454495]]]}}, {"type": "Feature", "properties": {"threshold": "ge_11", "source": "HistorySUHI", "period": "2013-2026", "hotspot_percentile": "top_10_pct", "label": ">= 11 estati"}, "geometry": {"type": "Polygon", "coordinates": [[[11.348035337676054, 44.49828221727107], [11.34841237830821, 44.4982744612408], [11.34840154079062, 44.49800460682379], [11.348024501894546, 44.49801236278148], [11.348035337676054, 44.49828221727107]]]}}, {"type": "Feature", "properties": {"threshold": "ge_11", "source": "HistorySUHI", "period": "2013-2026", "hotspot_percentile": "top_10_pct", "label": ">= 11 estati"}, "geometry": {"type": "Polygon", "coordinates": [[[11.3315099593484, 44.50024139714733], [11.331520719795703, 44.50051125471488], [11.332274838537804, 44.50049584984006], [11.332253310848643, 44.499956134978405], [11.332630366520679, 44.4999484308196], [11.332608835962464, 44.49940871604268], [11.33223178376302, 44.49941642005731], [11.33224254723039, 44.499686277525285], [11.331865493143779, 44.49969398036832], [11.331887017058522, 44.50023369540386], [11.3315099593484, 44.50024139714733]]]}}, {"type": "Feature", "properties": {"threshold": "ge_11", "source": "HistorySUHI", "period": "2013-2026", "hotspot_percentile": "top_10_pct", "label": ">= 11 estati"}, "geometry": {"type": "Polygon", "coordinates": [[[11.33842648543077, 44.503340849716885], [11.33843727894772, 44.50361070580683], [11.338814356512582, 44.50360298073695], [11.338825151917474, 44.50387283673974], [11.339202231067627, 44.50386511035369], [11.33921302836051, 44.5041349662693], [11.339967189680012, 44.50411950962101], [11.339945588299056, 44.50357979806419], [11.339568511188272, 44.503587526865616], [11.339536115462115, 44.50277795920184], [11.339159043409682, 44.502785686542495], [11.339137450488826, 44.50224597454763], [11.338006243842653, 44.50226914867299], [11.338049409451209, 44.50334857347066], [11.33842648543077, 44.503340849716885]]]}}, {"type": "Feature", "properties": {"threshold": "ge_11", "source": "HistorySUHI", "period": "2013-2026", "hotspot_percentile": "top_10_pct", "label": ">= 11 estati"}, "geometry": {"type": "Polygon", "coordinates": [[[11.353897334753874, 44.50329295800322], [11.354274406094108, 44.503285181936825], [11.35426353964186, 44.503015328893056], [11.353886470038125, 44.503023104886694], [11.353897334753874, 44.50329295800322]]]}}, {"type": "Feature", "properties": {"threshold": "ge_11", "source": "HistorySUHI", "period": "2013-2026", "hotspot_percentile": "top_10_pct", "label": ">= 11 estati"}, "geometry": {"type": "Polygon", "coordinates": [[[11.348650842134685, 44.50421125464703], [11.348640001274328, 44.50394140055767], [11.348262924178902, 44.50394915811227], [11.348273763302645, 44.50421901227422], [11.348650842134685, 44.50421125464703]]]}}, {"type": "Feature", "properties": {"threshold": "ge_11", "source": "HistorySUHI", "period": "2013-2026", "hotspot_percentile": "top_10_pct", "label": ">= 11 estati"}, "geometry": {"type": "Polygon", "coordinates": [[[11.336336574981837, 44.507704876172646], [11.336347360498024, 44.50797473245815], [11.33672446675965, 44.507967013695726], [11.336713679506449, 44.50769715748245], [11.33784499217283, 44.50767399394772], [11.33783419985991, 44.50740413793635], [11.338588404073755, 44.50738868950431], [11.338599199860626, 44.50765854537112], [11.338976303477512, 44.50765081921679], [11.338987101152728, 44.50792067499644], [11.339364206355235, 44.50791294752578], [11.339375005918845, 44.50818280321824], [11.34088343216268, 44.50815188060595], [11.340872625651025, 44.50788202520286], [11.341626834390036, 44.50786655657726], [11.3416376443757, 44.50813641183561], [11.343523172255727, 44.50809771813917], [11.34351235358509, 44.50782786324293], [11.344266560201614, 44.507812377201084], [11.344255738208723, 44.50754252243487], [11.345009940744472, 44.507527031561935], [11.344999115429427, 44.5072571769258], [11.346130412884, 44.50723393150396], [11.346152074087474, 44.5077736403263], [11.346529176409232, 44.50776588921933], [11.346540008975692, 44.50803574353563], [11.346162904916966, 44.50804349471514], [11.346173735898297, 44.508313349089086], [11.349190578010436, 44.50825130424006], [11.349179733133232, 44.507981450446714], [11.349933938667442, 44.507965926939534], [11.349923090468378, 44.50769607327657], [11.35030019127043, 44.50768830972962], [11.350278491854722, 44.50714860250428], [11.349901394526482, 44.507156365905935], [11.349868851754197, 44.50634680473827], [11.351000127650996, 44.506323511455356], [11.350989275153987, 44.50605365792098], [11.352120544471164, 44.50603035366078], [11.352131402178536, 44.50630020697708], [11.352508493383322, 44.506292436329815], [11.352519352979712, 44.50656228955848], [11.353273538406151, 44.506546744386696], [11.353284401628436, 44.50681659745501], [11.354038589919368, 44.50680104716198], [11.35406032376824, 44.50734075296286], [11.354814518397225, 44.507325197402935], [11.35479277760094, 44.506785491893176], [11.354415683836335, 44.50679327014955], [11.354361343196205, 44.50544400575042], [11.353984257963083, 44.50545178239897], [11.353973392028815, 44.50518192940166], [11.353596308380064, 44.50518970473358], [11.353585444334795, 44.504919851648616], [11.353208362270422, 44.50492762566391], [11.353197500114103, 44.50465777249127], [11.350935014950952, 44.504704390025644], [11.350924163366729, 44.50443453640189], [11.349792923941092, 44.50445782815904], [11.349803770315367, 44.50472768200075], [11.34904960646468, 44.50474320376483], [11.349038763563714, 44.50447334977787], [11.348661683147013, 44.50448110872151], [11.34867252431132, 44.50475096278109], [11.348295442005979, 44.504758720553454], [11.348284602578337, 44.50448886642129], [11.347907521857707, 44.50449662287723], [11.347918359548684, 44.50476647708197], [11.34716419417833, 44.50478198640738], [11.347175028547852, 44.505051840742375], [11.344912518372189, 44.50509833930073], [11.344901694422886, 44.50482848453062], [11.343393358217547, 44.504859458401846], [11.343404175219987, 44.505129313461815], [11.342650002733944, 44.50514479307898], [11.34266081641453, 44.505414648268925], [11.341906639848606, 44.5054301230553], [11.341895829641526, 44.50516026772054], [11.341141655942934, 44.505175737386494], [11.341152462676495, 44.505445592866], [11.340775373863185, 44.50545332590547], [11.34078617901146, 44.50572318144249], [11.339277815296537, 44.505754101450556], [11.339267017095434, 44.5054842456242], [11.338135747930082, 44.50550742235204], [11.338124955090686, 44.505237566293935], [11.337370778364129, 44.505253011081656], [11.337359989149553, 44.504983154864135], [11.336982902296144, 44.504990875319876], [11.33697211496956, 44.50472101901524], [11.33659502970167, 44.504728738154824], [11.336584244263024, 44.50445888176308], [11.336207160580654, 44.50446659958655], [11.336196377029902, 44.50419674310772], [11.335819294933058, 44.504204459615096], [11.335830076747113, 44.504474316166146], [11.33432173990171, 44.50450517004556], [11.334332514919998, 44.50477502687046], [11.333955428594225, 44.50478273730273], [11.333966202026804, 44.50505259418494], [11.33358911381324, 44.50506030344544], [11.333632202106607, 44.506139731114125], [11.334009297267462, 44.50613202156505], [11.334020071455223, 44.50640187837289], [11.33439716820192, 44.506394167507686], [11.334429496882269, 44.507203737625574], [11.334052394924784, 44.50721144870725], [11.334063169716739, 44.50748130545564], [11.333308961874675, 44.507496724031256], [11.333319733343668, 44.50776658090906], [11.332942627459104, 44.507774288402956], [11.332953397342074, 44.50804414533802], [11.33257628956949, 44.50805185165999], [11.332597826314244, 44.50859156562975], [11.334483381037744, 44.50855302085801], [11.334461826922306, 44.50801330760964], [11.334838933939714, 44.50800559506744], [11.334828155371598, 44.50773573849311], [11.335582365479025, 44.50772030982094], [11.335571583588022, 44.50745045337614], [11.335948686678025, 44.507442737246215], [11.335959470306019, 44.5077125936188], [11.336336574981837, 44.507704876172646]]]}}, {"type": "Feature", "properties": {"threshold": "ge_11", "source": "HistorySUHI", "period": "2013-2026", "hotspot_percentile": "top_10_pct", "label": ">= 11 estati"}, "geometry": {"type": "Polygon", "coordinates": [[[11.333793804728032, 44.51018758275308], [11.333836904500174, 44.51126700929185], [11.334968288544284, 44.51124387279939], [11.334957508162699, 44.51097401640351], [11.335334634137842, 44.51096630182318], [11.335345416256741, 44.51123615814687], [11.335722543818036, 44.511228442250165], [11.335690192702964, 44.5104188734511], [11.335313070353529, 44.51042658913119], [11.335302288688105, 44.510156732762894], [11.333793804728032, 44.51018758275308]]]}}, {"type": "Feature", "properties": {"threshold": "ge_11", "source": "HistorySUHI", "period": "2013-2026", "hotspot_percentile": "top_10_pct", "label": ">= 11 estati"}, "geometry": {"type": "Polygon", "coordinates": [[[11.350064128919415, 44.51120416973333], [11.350096679904789, 44.51201373009661], [11.350473808500848, 44.51200596538718], [11.350484660870878, 44.51227581873917], [11.35086179105212, 44.51226805271289], [11.350872645311652, 44.51253790597728], [11.352004040154293, 44.512514600215276], [11.352014899778117, 44.51278445324669], [11.352392032825234, 44.51277668209824], [11.352402894338702, 44.51304653504202], [11.353157163450865, 44.513030988867044], [11.353146298462622, 44.51276113606873], [11.353523431052842, 44.51275336118767], [11.35351256447956, 44.5124835084472], [11.353889695180076, 44.512475732394705], [11.353824488515919, 44.51085661607554], [11.35043040054216, 44.510926551830316], [11.350441252303623, 44.51119640524188], [11.350064128919415, 44.51120416973333]]]}}, {"type": "Feature", "properties": {"threshold": "ge_11", "source": "HistorySUHI", "period": "2013-2026", "hotspot_percentile": "top_10_pct", "label": ">= 11 estati"}, "geometry": {"type": "Polygon", "coordinates": [[[11.340323699921726, 44.513024741716215], [11.340291283083767, 44.51221517583165], [11.339914150388964, 44.51222290694784], [11.33990334681667, 44.51195305155087], [11.340280477774096, 44.51194532050704], [11.340258867609215, 44.51140560981318], [11.339881740126469, 44.511413340712316], [11.339870937008556, 44.51114348527072], [11.338362432512488, 44.51117439613622], [11.338373228681158, 44.51144425186707], [11.33799610044137, 44.51145197654531], [11.338050074868221, 44.512801255337884], [11.338427211794961, 44.51279353029821], [11.338438008871831, 44.51306338593982], [11.33881514738466, 44.5130556595836], [11.338825946350386, 44.513325515138014], [11.338448806100077, 44.51333324156654], [11.338470401010705, 44.51387295277536], [11.338847544736058, 44.51386522620224], [11.338858344156003, 44.51413508171202], [11.340366924493306, 44.51410416268732], [11.340356118123157, 44.51383430746687], [11.340733261091229, 44.51382657467232], [11.340722453135063, 44.513556719509346], [11.34109959421409, 44.51354898554288], [11.341088784671957, 44.513279130437404], [11.340711645330423, 44.513286864331484], [11.340700837677309, 44.51301700913876], [11.340323699921726, 44.513024741716215]]]}}, {"type": "Feature", "properties": {"threshold": "ge_11", "source": "HistorySUHI", "period": "2013-2026", "hotspot_percentile": "top_10_pct", "label": ">= 11 estati"}, "geometry": {"type": "Polygon", "coordinates": [[[11.362339237360176, 44.51608225800002], [11.36232832884034, 44.51581240713006], [11.361951178910767, 44.51582021150369], [11.361940272281462, 44.51555036054578], [11.36156312393657, 44.51555816360208], [11.361541314611804, 44.51501846149547], [11.361164169589147, 44.51502626316147], [11.361142364350934, 44.51448656084919], [11.36076522265045, 44.514494361124925], [11.3607543219981, 44.51422450987341], [11.361131461961104, 44.51421670967068], [11.361120559724128, 44.513946858477254], [11.3603662831202, 44.5139624574925], [11.36035538451093, 44.51369260613818], [11.359223973671426, 44.513715995110445], [11.359234867068384, 44.51398584668364], [11.358857728078961, 44.513993640592204], [11.35894486685253, 44.516152453224294], [11.359699172479461, 44.51613686299585], [11.359731862465493, 44.51694641704917], [11.360109020262858, 44.51693861984956], [11.360130817826247, 44.51747832233127], [11.360507978946286, 44.517470523741366], [11.360518879694967, 44.51774037488686], [11.360896042399945, 44.51773257497957], [11.360885139913492, 44.51746272390706], [11.362393782253513, 44.51743151212603], [11.362382872968949, 44.51716166133067], [11.362760031433895, 44.51715385534751], [11.36272729928484, 44.51634430309104], [11.363104452383757, 44.51633649608269], [11.363093540235708, 44.51606664537374], [11.362339237360176, 44.51608225800002]]]}}, {"type": "Feature", "properties": {"threshold": "ge_11", "source": "HistorySUHI", "period": "2013-2026", "hotspot_percentile": "top_10_pct", "label": ">= 11 estati"}, "geometry": {"type": "Polygon", "coordinates": [[[11.357501572555133, 44.5178027293468], [11.358255900256417, 44.51778714819823], [11.358245009934429, 44.51751729661504], [11.357490685708727, 44.5175328776178], [11.357501572555133, 44.5178027293468]]]}}, {"type": "Feature", "properties": {"threshold": "ge_11", "source": "HistorySUHI", "period": "2013-2026", "hotspot_percentile": "top_10_pct", "label": ">= 11 estati"}, "geometry": {"type": "Polygon", "coordinates": [[[11.35942007818574, 44.51857332114607], [11.359409182192103, 44.518303469826414], [11.358654848455739, 44.518319058733155], [11.358676633644311, 44.51885876164932], [11.359053804064603, 44.51885096767229], [11.359042909656074, 44.518581116294605], [11.35942007818574, 44.51857332114607]]]}}, {"type": "Feature", "properties": {"threshold": "ge_11", "source": "HistorySUHI", "period": "2013-2026", "hotspot_percentile": "top_10_pct", "label": ">= 11 estati"}, "geometry": {"type": "Polygon", "coordinates": [[[11.350443975617361, 44.520649032296134], [11.350433120267622, 44.520379179333304], [11.350055937650769, 44.52038694505098], [11.35006679126242, 44.52065679808648], [11.350443975617361, 44.520649032296134]]]}}, {"type": "Feature", "properties": {"threshold": "ge_11", "source": "HistorySUHI", "period": "2013-2026", "hotspot_percentile": "top_10_pct", "label": ">= 11 estati"}, "geometry": {"type": "Polygon", "coordinates": [[[11.358085648591082, 44.52292211802758], [11.35884004203225, 44.522906531619256], [11.358829147070484, 44.52263668039231], [11.358451952164517, 44.52264447414585], [11.358441059093735, 44.522374622831066], [11.358818252261475, 44.522366829150464], [11.358796463101726, 44.52182712662201], [11.359550842026168, 44.521811535818784], [11.359561740006011, 44.522081386944556], [11.360693312461112, 44.522057991186465], [11.360671506225298, 44.52151828935783], [11.361425880145099, 44.521502686254884], [11.361404067568369, 44.5209629846586], [11.361026884161113, 44.52097078668634], [11.361015979840182, 44.52070093579281], [11.361393161509376, 44.52069313383808], [11.361371349850126, 44.52015343215229], [11.360616993310956, 44.520169034525225], [11.360595189215243, 44.51962933248778], [11.359840839016572, 44.5196449295908], [11.359829940673889, 44.51937507840375], [11.358698419443774, 44.519398464505834], [11.358709312572598, 44.51966831591172], [11.357954960846252, 44.51968390056993], [11.357965850651839, 44.51995375210673], [11.357588672821644, 44.51996154264201], [11.357599561041903, 44.520231394236816], [11.35684520144752, 44.52024697171962], [11.356856086344363, 44.520516823445284], [11.35610172266343, 44.52053239609575], [11.35611260423675, 44.52080224795223], [11.355735420429346, 44.520810032483524], [11.355713660911396, 44.52027032860997], [11.355336480427573, 44.52027811175105], [11.355358236469394, 44.52081781577027], [11.354981052356917, 44.520825597812475], [11.354991928868508, 44.52109544987255], [11.354614742865428, 44.521103230743016], [11.354625617791388, 44.521373082861], [11.353871241851557, 44.52138864101384], [11.35388211345368, 44.52165849326251], [11.353504923516946, 44.521666270544856], [11.353559275122931, 44.523015531928515], [11.353936473750846, 44.523007754282276], [11.353969091758476, 44.52381731071528], [11.354346295448929, 44.52380953160601], [11.354357170161423, 44.52407938364775], [11.355488785532943, 44.52405603863347], [11.355477905605328, 44.523786186810185], [11.356609514388769, 44.523762830812316], [11.356598629398682, 44.52349297919268], [11.356975830282943, 44.523485191443605], [11.356964943707167, 44.523215339881936], [11.35809654022906, 44.52319196938546], [11.358085648591082, 44.52292211802758]]]}}, {"type": "Feature", "properties": {"threshold": "ge_11", "source": "HistorySUHI", "period": "2013-2026", "hotspot_percentile": "top_10_pct", "label": ">= 11 estati"}, "geometry": {"type": "Polygon", "coordinates": [[[11.339258029157023, 44.524119725115575], [11.339225614540025, 44.52331016019298], [11.338848409985687, 44.52331788929715], [11.338880819387386, 44.52412745443675], [11.339258029157023, 44.524119725115575]]]}}, {"type": "Feature", "properties": {"threshold": "ge_11", "source": "HistorySUHI", "period": "2013-2026", "hotspot_percentile": "top_10_pct", "label": ">= 11 estati"}, "geometry": {"type": "Polygon", "coordinates": [[[11.345670572040714, 44.523988136213525], [11.345681406769849, 44.52425798992659], [11.346813032645757, 44.524234730796614], [11.346769673779969, 44.52315531672561], [11.344883664661783, 44.523194074267884], [11.344894495458435, 44.523463928170656], [11.3456489030382, 44.52344842874272], [11.345659737463498, 44.52371828248557], [11.34603694276391, 44.523710530832034], [11.346047779079536, 44.52398038448745], [11.345670572040714, 44.523988136213525]]]}}, {"type": "Feature", "properties": {"threshold": "ge_11", "source": "HistorySUHI", "period": "2013-2026", "hotspot_percentile": "top_10_pct", "label": ">= 11 estati"}, "geometry": {"type": "Polygon", "coordinates": [[[11.361578585310346, 44.525280595758105], [11.361955796376943, 44.52527279131743], [11.361966706774302, 44.52554264181132], [11.363098344271515, 44.52551922080182], [11.363087428658751, 44.525249370527085], [11.36271021805117, 44.525257178701914], [11.362688390761658, 44.524717477961566], [11.36193397604116, 44.524733090284904], [11.361944886132562, 44.525002940808626], [11.361567676804414, 44.52501074517627], [11.361578585310346, 44.525280595758105]]]}}, {"type": "Feature", "properties": {"threshold": "ge_11", "source": "HistorySUHI", "period": "2013-2026", "hotspot_percentile": "top_10_pct", "label": ">= 11 estati"}, "geometry": {"type": "Polygon", "coordinates": [[[11.335658547446627, 44.52851465120496], [11.335626177721586, 44.52770508482793], [11.336003411456137, 44.52769736577042], [11.335992620111588, 44.527427510353895], [11.33410645862013, 44.527466092831446], [11.334095676120787, 44.527196237039014], [11.333718445107596, 44.52720394972769], [11.333729225868156, 44.52747380559231], [11.333351992965008, 44.52748151710828], [11.333341213943239, 44.527211661171485], [11.332586751161111, 44.52722708032447], [11.33254365049529, 44.526147655851545], [11.331789201018669, 44.52616306944803], [11.331832287774601, 44.527242494497905], [11.332209519543392, 44.52723478803363], [11.332220293348785, 44.52750464418682], [11.3325975267053, 44.52749693640553], [11.332619078246974, 44.52803664852306], [11.33375078784279, 44.528013517276925], [11.33378313193857, 44.528823084692334], [11.33340589034112, 44.52883079656912], [11.333416670269813, 44.52910065241668], [11.333793913606195, 44.529092940467734], [11.333804695425009, 44.52936279622826], [11.333427450349665, 44.52937050824938], [11.333449010962871, 44.529910219870175], [11.333826259516202, 44.52990250770471], [11.333858606786958, 44.530712074807866], [11.334235860406253, 44.53070436118088], [11.334246644871339, 44.530974216779995], [11.334623900078508, 44.530966501835785], [11.334634686433947, 44.531236357347865], [11.33652096889608, 44.531197763590114], [11.336510173845062, 44.530927908439196], [11.336887428144346, 44.53092018602478], [11.33683344646466, 44.529570910408395], [11.33645620086055, 44.5295786324615], [11.336445406717745, 44.529308777221345], [11.336068162701237, 44.52931649795722], [11.336035786397714, 44.52850693193076], [11.335658547446627, 44.52851465120496]]]}}, {"type": "Feature", "properties": {"threshold": "ge_11", "source": "HistorySUHI", "period": "2013-2026", "hotspot_percentile": "top_10_pct", "label": ">= 11 estati"}, "geometry": {"type": "Polygon", "coordinates": [[[11.36007411746539, 44.53476437303293], [11.360085022782707, 44.535034223442786], [11.36083957149363, 44.535018620508616], [11.36082866269764, 44.534748770244754], [11.361205935084316, 44.534740966982966], [11.361184114472668, 44.53420126655651], [11.36080684556458, 44.53420906967226], [11.360795937227506, 44.53393921936363], [11.359664134803326, 44.533962621021246], [11.359598719298285, 44.532343517542415], [11.36035323353051, 44.532327918558266], [11.360342328003233, 44.532058068072224], [11.360719583150876, 44.53205026678561], [11.360686862269448, 44.531240715457], [11.358423360393099, 44.53128750318793], [11.358412464172506, 44.531017652277406], [11.35728071638832, 44.531041029116814], [11.357269825537482, 44.53077117797263], [11.356892577709612, 44.53077896768958], [11.356870799943994, 44.530239265210696], [11.35649355544135, 44.53024705353692], [11.356482668526493, 44.52997720220222], [11.355728182541094, 44.52999277497409], [11.355695533145738, 44.52918322044342], [11.351923146232789, 44.52926100742253], [11.35193401182328, 44.52953085967556], [11.351556770554723, 44.52953863159917], [11.351621956863553, 44.53115774524086], [11.35199920856592, 44.53114997288087], [11.352010075223, 44.5314198250296], [11.351632821781578, 44.53142759746232], [11.351665417449805, 44.532237154037304], [11.352042676108532, 44.532229381386394], [11.352064410794158, 44.532769085549745], [11.35432798041536, 44.53272242262505], [11.354338858421903, 44.53299227424772], [11.35471612123087, 44.532984492663054], [11.354727001129163, 44.533254344198006], [11.355481529767781, 44.53323877714783], [11.35545976316701, 44.53269907435437], [11.355837023779033, 44.53269128910736], [11.355826138968418, 44.53242143776111], [11.356203397688658, 44.532413651341926], [11.356192511291555, 44.53214380005363], [11.35656976812002, 44.53213601246227], [11.356580656256243, 44.53240586367768], [11.356957914671142, 44.532398074768395], [11.356968804699191, 44.532667925896014], [11.357346064700522, 44.53266013566879], [11.357356956620443, 44.53292998670861], [11.3577342182082, 44.53292219516342], [11.357799583370756, 44.53454130065169], [11.35629049436141, 44.5345724611115], [11.356279606742966, 44.53430260994247], [11.355902335848189, 44.534310396871724], [11.355913221727313, 44.53458024811361], [11.355535948940565, 44.53458803387059], [11.355557717678073, 44.53512773645535], [11.356312270056337, 44.53511216340481], [11.356323158132824, 44.535382014529084], [11.35783226801448, 44.535350853194515], [11.357810478099218, 44.53481115151422], [11.358187751709004, 44.53480335821351], [11.358176855241213, 44.534533507423916], [11.3589313985237, 44.534517917232975], [11.358953198569429, 44.53505761850548], [11.359707748197842, 44.53504202304216], [11.359696844619865, 44.53477217255932], [11.36007411746539, 44.53476437303293]]]}}, {"type": "Feature", "properties": {"threshold": "ge_11", "source": "HistorySUHI", "period": "2013-2026", "hotspot_percentile": "top_10_pct", "label": ">= 11 estati"}, "geometry": {"type": "Polygon", "coordinates": [[[11.346017358738784, 44.53262344764621], [11.346006519298887, 44.532353594394735], [11.34525199695966, 44.5323690986097], [11.345273669034631, 44.53290880538792], [11.344896404158662, 44.532916555772836], [11.344950578308874, 44.53426582282047], [11.345327851881317, 44.5342580720729], [11.345338688906548, 44.534527925365225], [11.345715964066388, 44.53452017329998], [11.345726802982979, 44.534790026504886], [11.346858632768582, 44.534766762620464], [11.346847788633838, 44.53449690963326], [11.347225063185551, 44.53448915258736], [11.347192526475725, 44.53367959375417], [11.346815257142005, 44.5336873505823], [11.346782727018713, 44.532877791397304], [11.346405462750711, 44.53288554676259], [11.3463946214196, 44.53261569359857], [11.346017358738784, 44.53262344764621]]]}}, {"type": "Feature", "properties": {"threshold": "ge_11", "source": "HistorySUHI", "period": "2013-2026", "hotspot_percentile": "top_10_pct", "label": ">= 11 estati"}, "geometry": {"type": "Polygon", "coordinates": [[[11.356268719277201, 44.53403275875856], [11.356257831964106, 44.53376290755972], [11.35588056454789, 44.53377069434324], [11.355891450121714, 44.53404054561494], [11.356268719277201, 44.53403275875856]]]}}, {"type": "Feature", "properties": {"threshold": "ge_11", "source": "HistorySUHI", "period": "2013-2026", "hotspot_percentile": "top_10_pct", "label": ">= 11 estati"}, "geometry": {"type": "Polygon", "coordinates": [[[11.348799279143849, 44.536077227473726], [11.348788425551248, 44.53580737492405], [11.348411142910965, 44.535815137313726], [11.348378588264694, 44.53500557935746], [11.348001310690567, 44.53501334028405], [11.34799046118555, 44.53474348752953], [11.347235909059673, 44.53475900550199], [11.347268447594622, 44.53556856415648], [11.346136602610287, 44.53559183242959], [11.346125761498236, 44.53532197934192], [11.345371200894078, 44.53533748515287], [11.345425390579562, 44.536686751167814], [11.345802679655197, 44.53667899852221], [11.345813519787841, 44.53694885160799], [11.346568100962202, 44.536933342435894], [11.346578944726073, 44.53720319536164], [11.349219986222094, 44.53714887352529], [11.349230842315357, 44.53741872592783], [11.349608135088486, 44.53741096061176], [11.349618993073623, 44.53768081292672], [11.349996287434115, 44.5376730462927], [11.350007147311175, 44.5379428985201], [11.350384443259022, 44.5379351305681], [11.350395305028053, 44.53820498270791], [11.350772602563252, 44.53819721343791], [11.350729149442508, 44.53711780508007], [11.350351858865848, 44.53712557405927], [11.350330136698634, 44.53658586964556], [11.349952849448794, 44.53659363723412], [11.349941990333178, 44.53632378493223], [11.349564704670586, 44.53633155120288], [11.349553847446758, 44.53606169881343], [11.348799279143849, 44.536077227473726]]]}}, {"type": "Feature", "properties": {"threshold": "ge_11", "source": "HistorySUHI", "period": "2013-2026", "hotspot_percentile": "top_10_pct", "label": ">= 11 estati"}, "geometry": {"type": "Polygon", "coordinates": [[[11.35448028638921, 44.536500343986], [11.354469406399422, 44.53623049255708], [11.353714838579641, 44.53624605373845], [11.353725715090427, 44.53651590531297], [11.35448028638921, 44.536500343986]]]}}, {"type": "Feature", "properties": {"threshold": "ge_11", "source": "HistorySUHI", "period": "2013-2026", "hotspot_percentile": "top_10_pct", "label": ">= 11 estati"}, "geometry": {"type": "Polygon", "coordinates": [[[11.359040404866738, 44.53721642299891], [11.359417693673018, 44.53720862530613], [11.359395887702437, 44.53666892441817], [11.35826403126217, 44.536692313323115], [11.358296724791513, 44.53750186528924], [11.359051306341813, 44.53748627349347], [11.359040404866738, 44.53721642299891]]]}}, {"type": "Feature", "properties": {"threshold": "ge_11", "source": "HistorySUHI", "period": "2013-2026", "hotspot_percentile": "top_10_pct", "label": ">= 11 estati"}, "geometry": {"type": "Polygon", "coordinates": [[[11.348929534127807, 44.53931545690785], [11.348896968326802, 44.53850589975041], [11.34851966829052, 44.53851366286649], [11.348530521665554, 44.53878351533985], [11.34815321973733, 44.53879127728325], [11.348164071524812, 44.53906112981433], [11.348541375192797, 44.539053367798296], [11.348552228872249, 44.53932322024186], [11.348929534127807, 44.53931545690785]]]}}, {"type": "Feature", "properties": {"threshold": "ge_11", "source": "HistorySUHI", "period": "2013-2026", "hotspot_percentile": "top_10_pct", "label": ">= 11 estati"}, "geometry": {"type": "Polygon", "coordinates": [[[11.339184412365803, 44.5411360240697], [11.339195223611132, 44.54140587822147], [11.338817902226348, 44.541413609682095], [11.338828711883252, 44.541683463891324], [11.338451388606824, 44.541691194178824], [11.338473004895269, 44.542230902697334], [11.339227658256853, 44.54221544058749], [11.33923847010868, 44.54248529467974], [11.339993126343977, 44.54246982744313], [11.340003941827712, 44.542739681375764], [11.343022574620733, 44.542677762029236], [11.342968429115777, 44.54132849511428], [11.342591109248303, 44.541336239029604], [11.342580282342912, 44.54106638552948], [11.342202964063592, 44.541074128126894], [11.342192139050011, 44.54080427453946], [11.34068287137476, 44.54083523218484], [11.340693689428427, 44.54110508606197], [11.339184412365803, 44.5411360240697]]]}}, {"type": "Feature", "properties": {"threshold": "ge_11", "source": "HistorySUHI", "period": "2013-2026", "hotspot_percentile": "top_10_pct", "label": ">= 11 estati"}, "geometry": {"type": "Polygon", "coordinates": [[[11.352016369407796, 44.55032499221416], [11.351261618173915, 44.550340541036135], [11.351294230189431, 44.55115009513648], [11.350916849121333, 44.55115786789692], [11.350927718357246, 44.55142771930663], [11.350550335395832, 44.55143549089393], [11.350572070843205, 44.5519751938141], [11.350194684247551, 44.55198296430095], [11.350203769859457, 44.55220859640112], [11.350366045329089, 44.552203032444936], [11.35062519269056, 44.55217068875596], [11.350702987417971, 44.55214883110882], [11.351516964051894, 44.55202962639874], [11.351520481148464, 44.552029112822936], [11.351639251707356, 44.55200246731962], [11.35168653929662, 44.551991833434606], [11.351799243703736, 44.551957435543095], [11.351937388343822, 44.551890446442535], [11.352398254234641, 44.551611441802656], [11.352398280118633, 44.55161145927426], [11.352561069063874, 44.55193421906789], [11.352836387215229, 44.551928544729165], [11.352825508969868, 44.551658693713044], [11.352448125030067, 44.5516664716025], [11.352415496431986, 44.55085691824638], [11.35203811756221, 44.55086469467164], [11.352016369407796, 44.55032499221416]]]}}, {"type": "Feature", "properties": {"threshold": "ge_11", "source": "HistorySUHI", "period": "2013-2026", "hotspot_percentile": "top_10_pct", "label": ">= 11 estati"}, "geometry": {"type": "Polygon", "coordinates": [[[11.354367699287955, 44.55243712182633], [11.354382968090558, 44.55281562575862], [11.354405027068383, 44.55280785043769], [11.35453031910089, 44.55276340449905], [11.354535855249216, 44.55276144479301], [11.354543103806042, 44.552758864602374], [11.354702912630271, 44.552702120273835], [11.354706114154524, 44.55270158610194], [11.354876909101204, 44.552670623146355], [11.355139055936295, 44.552602485376426], [11.355144773369037, 44.55260096302336], [11.355101216412693, 44.55249125688679], [11.355100349001258, 44.55248910517879], [11.355595576181273, 44.55236017070299], [11.35587256614157, 44.55228988942103], [11.355855467166034, 44.55186627617922], [11.354723313329602, 44.55188963622961], [11.354745087687386, 44.55242933748896], [11.354367699287955, 44.55243712182633]]]}}, {"type": "Feature", "properties": {"threshold": "ge_11", "source": "HistorySUHI", "period": "2013-2026", "hotspot_percentile": "top_10_pct", "label": ">= 11 estati"}, "geometry": {"type": "Polygon", "coordinates": [[[11.374599428332267, 44.46478321326779], [11.37461037399946, 44.46505306416267], [11.374987193457942, 44.465045224991805], [11.374943404777726, 44.46396582161614], [11.374566592250911, 44.46397366049357], [11.374555647197191, 44.46370380953896], [11.37380202514921, 44.46371948342103], [11.373834850373163, 44.4645290366801], [11.374211666672478, 44.46452120014008], [11.374222610453366, 44.46479105112323], [11.374599428332267, 44.46478321326779]]]}}, {"type": "Feature", "properties": {"threshold": "ge_11", "source": "HistorySUHI", "period": "2013-2026", "hotspot_percentile": "top_10_pct", "label": ">= 11 estati"}, "geometry": {"type": "Polygon", "coordinates": [[[11.371934774710352, 44.47348112132942], [11.371945711416895, 44.47375097233293], [11.372322587569643, 44.47374314075393], [11.372333526163223, 44.47401299166923], [11.372710403896454, 44.474005158774474], [11.37272134437712, 44.47427500960154], [11.373475102851197, 44.47425933993796], [11.37348604695281, 44.47452919060345], [11.373862927693622, 44.474521353834604], [11.3738519818582, 44.47425150324245], [11.374228860711813, 44.47424366530445], [11.37419601892459, 44.47343411365839], [11.37381914527226, 44.473441951376365], [11.37380820005038, 44.473172100724454], [11.372300710842348, 44.47320343887854], [11.372311649129353, 44.47347328982371], [11.371934774710352, 44.47348112132942]]]}}, {"type": "Feature", "properties": {"threshold": "ge_11", "source": "HistorySUHI", "period": "2013-2026", "hotspot_percentile": "top_10_pct", "label": ">= 11 estati"}, "geometry": {"type": "Polygon", "coordinates": [[[11.390000364983669, 44.48174681155581], [11.389989342006027, 44.4814769644732], [11.38961242090946, 44.48148485541915], [11.389623442152722, 44.481754702575586], [11.390000364983669, 44.48174681155581]]]}}, {"type": "Feature", "properties": {"threshold": "ge_11", "source": "HistorySUHI", "period": "2013-2026", "hotspot_percentile": "top_10_pct", "label": ">= 11 estati"}, "geometry": {"type": "Polygon", "coordinates": [[[11.397516673954241, 44.48104903896012], [11.397527731463983, 44.48131888457842], [11.396773895304383, 44.481334714937105], [11.396796003851401, 44.48187440642505], [11.395665238044087, 44.481898143086866], [11.395676287346827, 44.48216798903049], [11.396807058357295, 44.48214425214655], [11.39682916783386, 44.48268394354463], [11.397583021337242, 44.48266811244525], [11.397571963052641, 44.48239826690184], [11.397948887837451, 44.48239034956205], [11.39793782797343, 44.48212050407777], [11.398314750868845, 44.482112585569304], [11.39830368942545, 44.48184274014413], [11.398680610431471, 44.48183482046703], [11.398647421828437, 44.48102528432395], [11.397516673954241, 44.48104903896012]]]}}, {"type": "Feature", "properties": {"threshold": "ge_11", "source": "HistorySUHI", "period": "2013-2026", "hotspot_percentile": "top_10_pct", "label": ">= 11 estati"}, "geometry": {"type": "Polygon", "coordinates": [[[11.395409847566436, 44.48487435819243], [11.395032906086454, 44.484882267498875], [11.394988717486934, 44.483802883641395], [11.394611782790525, 44.48381079140896], [11.394578648170054, 44.48300125313663], [11.394201718522407, 44.48300915943938], [11.39421276150661, 44.48327900561913], [11.393835829969701, 44.48328691075306], [11.393857912933342, 44.48382660321556], [11.393480977772619, 44.48383450725459], [11.393492017751987, 44.48410435353735], [11.392738143497239, 44.48412015803479], [11.39274918016213, 44.48439000445047], [11.392372241068122, 44.48439790490884], [11.392394311392668, 44.484937597843135], [11.392771253955956, 44.484929697236915], [11.392804365806843, 44.485739236304326], [11.393181313419545, 44.485731334233364], [11.393214431866985, 44.48654087294419], [11.393591384529278, 44.48653296940844], [11.393613467737522, 44.487072661659546], [11.39436737953714, 44.48705685056327], [11.394378424843117, 44.48732669651842], [11.39588625352394, 44.48729505911407], [11.395875201278544, 44.48702521345496], [11.396252156326703, 44.48701730107045], [11.396207941954946, 44.48593791858049], [11.395830993845935, 44.48594583066885], [11.395808891058982, 44.48540613918594], [11.395431946264514, 44.48541404988331], [11.395409847566436, 44.48487435819243]]]}}, {"type": "Feature", "properties": {"threshold": "ge_11", "source": "HistorySUHI", "period": "2013-2026", "hotspot_percentile": "top_10_pct", "label": ">= 11 estati"}, "geometry": {"type": "Polygon", "coordinates": [[[11.381781539932186, 44.49299177761578], [11.381759561287533, 44.49245208127071], [11.380628578707036, 44.492475673458365], [11.380650546939133, 44.49301537024496], [11.381781539932186, 44.49299177761578]]]}}, {"type": "Feature", "properties": {"threshold": "ge_11", "source": "HistorySUHI", "period": "2013-2026", "hotspot_percentile": "top_10_pct", "label": ">= 11 estati"}, "geometry": {"type": "Polygon", "coordinates": [[[11.396173666282877, 44.4943110409938], [11.39616261000915, 44.49404119572408], [11.395785609692082, 44.49404910879063], [11.395796664230328, 44.494318954134386], [11.396173666282877, 44.4943110409938]]]}}, {"type": "Feature", "properties": {"threshold": "ge_11", "source": "HistorySUHI", "period": "2013-2026", "hotspot_percentile": "top_10_pct", "label": ">= 11 estati"}, "geometry": {"type": "Polygon", "coordinates": [[[11.396927669923034, 44.49429521098276], [11.396173666282877, 44.4943110409938], [11.396184722711576, 44.49458088624852], [11.39580771892352, 44.49458879946316], [11.395818773771662, 44.494858644776954], [11.395441768093127, 44.49486655682233], [11.395452821360665, 44.4951364021952], [11.39469880606771, 44.495152222704036], [11.394731956386263, 44.4959617591769], [11.395108969317024, 44.495953849322085], [11.395120021468644, 44.49622369470908], [11.395874050336714, 44.496207871121314], [11.395896162047473, 44.49674756155421], [11.39665019723843, 44.49673173269673], [11.39666125679771, 44.497001577742594], [11.397792313628587, 44.496977824908676], [11.397714863520418, 44.49508891082889], [11.398091870004418, 44.495080991249566], [11.398080804588036, 44.4948111463952], [11.397703799839576, 44.49481906590043], [11.39769273631381, 44.49454922095699], [11.396938729822738, 44.49456505608934], [11.396927669923034, 44.49429521098276]]]}}, {"type": "Feature", "properties": {"threshold": "ge_11", "source": "HistorySUHI", "period": "2013-2026", "hotspot_percentile": "top_10_pct", "label": ">= 11 estati"}, "geometry": {"type": "Polygon", "coordinates": [[[11.392902099645438, 44.497350518805334], [11.392891057288713, 44.49708067303431], [11.39251403648613, 44.49708857572471], [11.392502996019932, 44.496818729864756], [11.391748957422024, 44.49683453136744], [11.391737920582035, 44.49656468534466], [11.39060686673216, 44.496588378051406], [11.390617898364948, 44.4968582242959], [11.389863858220366, 44.496874013364476], [11.389885915006728, 44.49741370610406], [11.38950889123099, 44.49742159892094], [11.389519918120232, 44.49769144534215], [11.389896943631788, 44.49768355245142], [11.38993003043452, 44.49849309140367], [11.390307060999076, 44.49848519704785], [11.390318091978424, 44.49875504326146], [11.392580282533254, 44.498707650570054], [11.392569241138489, 44.49843780479994], [11.392946270620179, 44.49842990173977], [11.392935227644312, 44.49816005602862], [11.393312255235342, 44.49815215179894], [11.393290166276312, 44.497612460479665], [11.393667190240874, 44.49760455515449], [11.393656144257783, 44.49733470954635], [11.392902099645438, 44.497350518805334]]]}}, {"type": "Feature", "properties": {"threshold": "ge_11", "source": "HistorySUHI", "period": "2013-2026", "hotspot_percentile": "top_10_pct", "label": ">= 11 estati"}, "geometry": {"type": "Polygon", "coordinates": [[[11.406485912751492, 44.49733503426221], [11.406497017905581, 44.497604877333295], [11.40611999748323, 44.49761282500894], [11.406153308672147, 44.498422354355355], [11.406907359775827, 44.4984064573144], [11.406896252418953, 44.498136614362686], [11.40727327600147, 44.49812866405145], [11.407262167064516, 44.49785882115912], [11.407639188755555, 44.49785086967888], [11.407605857671799, 44.49704134113516], [11.407228841187917, 44.497049292392184], [11.407239949657741, 44.4973191353295], [11.406485912751492, 44.49733503426221]]]}}, {"type": "Feature", "properties": {"threshold": "ge_11", "source": "HistorySUHI", "period": "2013-2026", "hotspot_percentile": "top_10_pct", "label": ">= 11 estati"}, "geometry": {"type": "Polygon", "coordinates": [[[11.405011132171488, 44.49817634726747], [11.405765180737351, 44.49816045783584], [11.405742976905245, 44.49762077144118], [11.404988935282457, 44.49763666057544], [11.405011132171488, 44.49817634726747]]]}}, {"type": "Feature", "properties": {"threshold": "ge_11", "source": "HistorySUHI", "period": "2013-2026", "hotspot_percentile": "top_10_pct", "label": ">= 11 estati"}, "geometry": {"type": "Polygon", "coordinates": [[[11.41143165331289, 44.49831097062052], [11.411409397096424, 44.4977712864891], [11.411032376963844, 44.49777925040338], [11.4110101248427, 44.4972395660629], [11.410633108025577, 44.49724752858476], [11.410621983934602, 44.496977686317514], [11.409113922049807, 44.49700952367328], [11.409125039198074, 44.49727936623845], [11.408748021601568, 44.497287322543436], [11.40877025289415, 44.49782700777769], [11.409147273962098, 44.4978190513238], [11.409169509349455, 44.49835873634915], [11.408792484809972, 44.498366692951926], [11.40881471734905, 44.49890637806618], [11.408060660859382, 44.498922287839214], [11.408082887078264, 44.499461973191224], [11.407705855128015, 44.4994699263614], [11.407716966735208, 44.499739769089324], [11.408471033951747, 44.49972386135663], [11.408459918872737, 44.49945401877757], [11.40883695051141, 44.49944606312044], [11.408825833852319, 44.4991762206008], [11.409202863599289, 44.499168263774656], [11.409180627276891, 44.49862857883932], [11.410688730819386, 44.498596739695984], [11.410677605948756, 44.49832689750375], [11.41143165331289, 44.49831097062052]]]}}, {"type": "Feature", "properties": {"threshold": "ge_11", "source": "HistorySUHI", "period": "2013-2026", "hotspot_percentile": "top_10_pct", "label": ">= 11 estati"}, "geometry": {"type": "Polygon", "coordinates": [[[11.406419848618286, 44.504898584268034], [11.406408740996811, 44.50462874152746], [11.405654609410222, 44.504644637015346], [11.405632401579778, 44.50410495119172], [11.404878276315982, 44.50412084140738], [11.404900477201007, 44.504660527528394], [11.404523410862975, 44.504668470919356], [11.404534509802504, 44.50493831403169], [11.403780373186914, 44.5049541972311], [11.403769277720185, 44.50468435397014], [11.403392210915474, 44.50469229362996], [11.403381117340654, 44.504422450279705], [11.403758182408987, 44.50441451069418], [11.403702708185941, 44.5030652940895], [11.404456820492967, 44.50304941193044], [11.404423527408166, 44.50223988223359], [11.404800578119739, 44.502231939511574], [11.404778380035397, 44.50169225312069], [11.404024285401258, 44.501708137023854], [11.40403538089338, 44.50197798037542], [11.402904232567346, 44.50200179712613], [11.402915323006521, 44.50227164068557], [11.402161219872825, 44.50228751244989], [11.40217230699508, 44.502557356142866], [11.401795253458904, 44.502565290233846], [11.401784168072842, 44.50229544646662], [11.400653011740651, 44.50231924105512], [11.400641931718505, 44.502049397050264], [11.400264881033289, 44.50205732601832], [11.400231647107129, 44.501247793691235], [11.399854601475027, 44.50125572119313], [11.399843525546293, 44.500985876979954], [11.399089437288522, 44.50100172810469], [11.399067292841037, 44.500462039336725], [11.399821374154593, 44.50044618850863], [11.399810298691621, 44.50017634425051], [11.40018733737952, 44.50016841704532], [11.400176260335806, 44.499898572846384], [11.401307370259829, 44.499874783992276], [11.401285206222518, 44.499335095994645], [11.401662239081324, 44.49932716403802], [11.401651155559767, 44.49905732009095], [11.402028186527307, 44.49904938696508], [11.402039271784764, 44.49931923083791], [11.403170368962686, 44.499295423776665], [11.403159278497533, 44.4990255801266], [11.403536308843396, 44.49901764202682], [11.403514124907742, 44.49847795483029], [11.403137098033591, 44.4984858927815], [11.40310382850355, 44.49767636165144], [11.40234978470372, 44.49769223337795], [11.40236087092007, 44.497962077251486], [11.401983847051275, 44.49797001132386], [11.4019616782455, 44.497430323413326], [11.4012076369849, 44.49744618753088], [11.401196556286534, 44.49717634340467], [11.400819537158982, 44.497184273524134], [11.400852774512746, 44.49799380608039], [11.400475750022606, 44.498001735179024], [11.400464672485178, 44.497731890934396], [11.398579556384824, 44.49777151740525], [11.398623832749513, 44.49885089577712], [11.39900086322334, 44.49884297267325], [11.399034077333816, 44.499652506072415], [11.398657041652214, 44.49966042939871], [11.398668111596786, 44.49993027390928], [11.39904514901436, 44.49992235050883], [11.399056220850097, 44.50019219493027], [11.398679181696528, 44.500200118404855], [11.39870132236154, 44.50073980735108], [11.397947236644747, 44.500755650866154], [11.397958303737871, 44.50102549546504], [11.397581258910689, 44.50103341543134], [11.397592324422845, 44.50130326008938], [11.397215277704447, 44.501311178886205], [11.397237405721821, 44.50185086830551], [11.396860355376047, 44.501858786006935], [11.3968935433567, 44.50266832024583], [11.396516487647236, 44.50267623692587], [11.396527548881346, 44.5029460817163], [11.39615049128057, 44.502953997226776], [11.396161550933456, 44.50322384207628], [11.393899191656239, 44.50327130946634], [11.39391024104626, 44.50354115474506], [11.39315611657517, 44.503556967406944], [11.393167162647382, 44.50382681281866], [11.39241303408421, 44.50384262065368], [11.392424076838504, 44.50411246619834], [11.389407542504767, 44.50417564838118], [11.389418571522514, 44.5044454945021], [11.389041502298392, 44.504453386752026], [11.389052529734295, 44.50472323293183], [11.388675458619133, 44.50473112401186], [11.38868648447314, 44.50500097025054], [11.387932338306188, 44.50501674882696], [11.38794336084174, 44.50528659519833], [11.388320435738995, 44.505278706458185], [11.388342484746753, 44.50581839900842], [11.389096641023785, 44.50580261750142], [11.389107669232644, 44.50607246360641], [11.389484748875853, 44.50606457091336], [11.389495778975908, 44.50633441692953], [11.390627022187491, 44.50631073116587], [11.390615986877654, 44.50604088537134], [11.39137014477208, 44.50602508879093], [11.391359106143812, 44.50575524312925], [11.392113259946145, 44.50573944172149], [11.392091176207739, 44.50519975064895], [11.393599468062614, 44.505168133499645], [11.393610516800432, 44.50543797874754], [11.39474173927489, 44.50541425260401], [11.394752793377142, 44.50568409761492], [11.395884019666509, 44.50566036005532], [11.395895079133323, 44.505930204829134], [11.396272155989607, 44.505922289747645], [11.396261094786263, 44.50565244504791], [11.397015244560576, 44.50563661130173], [11.396959923505163, 44.504287388319185], [11.398091120956602, 44.50426362948326], [11.398113259331923, 44.50480331827658], [11.398490328311576, 44.50479539602891], [11.398501399468431, 44.50506524032896], [11.398878470029327, 44.50505731676341], [11.398889543077841, 44.50532716097434], [11.399266615219974, 44.505319236090884], [11.399277690160194, 44.505589080212665], [11.399654763883557, 44.5055811540113], [11.399665840715533, 44.50585099804393], [11.400042916020123, 44.50584307052461], [11.400053994743907, 44.506112914468076], [11.400808148360197, 44.50609705554973], [11.400819230712377, 44.5063668993298], [11.401573387180333, 44.506351035287864], [11.401584473161003, 44.506620878904506], [11.402338632480458, 44.506605009738905], [11.402349722089703, 44.506874853192066], [11.40310388426049, 44.506858978902706], [11.403114977498403, 44.50712882219234], [11.404623306920072, 44.5070970583907], [11.404634407259975, 44.507366901368094], [11.405011490963046, 44.5073589572338], [11.405022593195199, 44.507628800121886], [11.405776763607681, 44.50761290797311], [11.405787869468785, 44.50788275069748], [11.406164956178166, 44.50787480268297], [11.406153848580407, 44.50760496003296], [11.407662186913967, 44.50757315583407], [11.407617730294627, 44.50649378627451], [11.407240652891216, 44.50650173889232], [11.407218428989355, 44.50596205387372], [11.406841354903198, 44.50597000509893], [11.406796915914418, 44.50489063458414], [11.406419848618286, 44.504898584268034]], [[11.403791468809185, 44.50522404047708], [11.404168538931186, 44.50521609942493], [11.404179636445445, 44.50548594258161], [11.403802564586995, 44.50549388370806], [11.403791468809185, 44.50522404047708]], [[11.400863853941264, 44.49826365023584], [11.40161790592724, 44.49824778815982], [11.40162898898273, 44.49851763215185], [11.400874933525081, 44.49853349437629], [11.400863853941264, 44.49826365023584]]]}}, {"type": "Feature", "properties": {"threshold": "ge_11", "source": "HistorySUHI", "period": "2013-2026", "hotspot_percentile": "top_10_pct", "label": ">= 11 estati"}, "geometry": {"type": "Polygon", "coordinates": [[[11.387888249709103, 44.50393736319184], [11.3878772279461, 44.50366751674566], [11.388254292424659, 44.50365962844841], [11.388210199972333, 44.502580242809294], [11.38858725735106, 44.50257235356364], [11.388565208579498, 44.502032660801966], [11.388942262331186, 44.502024770460324], [11.388931236440994, 44.50175492413086], [11.388177132255514, 44.50177070342285], [11.388188154673273, 44.50204054989996], [11.38781110061254, 44.50204843775432], [11.38782212144857, 44.502318284290276], [11.387445065497104, 44.50232617097479], [11.387456084751351, 44.502596017569594], [11.387079026909147, 44.50260390308423], [11.387090044581566, 44.502873749737866], [11.38633592496125, 44.502889517183675], [11.386346939315462, 44.50315936396989], [11.385969877537367, 44.503167245901025], [11.385980890309627, 44.50343709274603], [11.3856038266408, 44.50344497350722], [11.385614837831058, 44.50371482041103], [11.384860706557598, 44.5037305783497], [11.384871714429392, 44.504000425385996], [11.384117579065876, 44.504016178497196], [11.384128583619104, 44.50428602566594], [11.383751513969498, 44.50429390042962], [11.383784523345312, 44.5051034420672], [11.384915747459706, 44.50507981338161], [11.38492675610308, 44.505349660343114], [11.385680908214173, 44.50533390151965], [11.385691920484978, 44.50560374831875], [11.38644607545168, 44.50558798437261], [11.386435059707775, 44.505318137721034], [11.386812135222959, 44.50531025395604], [11.386823152703409, 44.505580100533834], [11.387200229800689, 44.50557221545128], [11.387145135260392, 44.5042229827816], [11.387522203520742, 44.5042150968242], [11.387511183339651, 44.50394525031916], [11.387888249709103, 44.50393736319184]]]}}, {"type": "Feature", "properties": {"threshold": "ge_11", "source": "HistorySUHI", "period": "2013-2026", "hotspot_percentile": "top_10_pct", "label": ">= 11 estati"}, "geometry": {"type": "Polygon", "coordinates": [[[11.369756075361714, 44.50350499238341], [11.369745137408463, 44.50323514236294], [11.368991003632761, 44.50325079538696], [11.369001938113122, 44.503520645553905], [11.36862486925889, 44.50352847027352], [11.368635802156058, 44.50379832049876], [11.36825873141209, 44.503806144047815], [11.36826966272602, 44.50407599433134], [11.368646735206488, 44.504068170709054], [11.36866860176714, 44.50460787108489], [11.369045677567412, 44.50460004607239], [11.36905661281421, 44.50486989616469], [11.36943369019776, 44.50486206983514], [11.369444627334445, 44.50513191983928], [11.370575863774834, 44.50510843316797], [11.370553979235329, 44.504568733584335], [11.370931054268892, 44.504560902352814], [11.370920110492694, 44.50429105261189], [11.370543037195661, 44.50429888377012], [11.37052115357649, 44.50375918409689], [11.370144083599072, 44.5037670138648], [11.370133143756023, 44.50349716393252], [11.369756075361714, 44.50350499238341]]]}}, {"type": "Feature", "properties": {"threshold": "ge_11", "source": "HistorySUHI", "period": "2013-2026", "hotspot_percentile": "top_10_pct", "label": ">= 11 estati"}, "geometry": {"type": "Polygon", "coordinates": [[[11.413539539078922, 44.50366796220923], [11.413483840702337, 44.502318755132904], [11.413860889409296, 44.502310782490106], [11.413849748466314, 44.50204094110441], [11.414226795280992, 44.50203296729266], [11.414193368180852, 44.50122344326938], [11.413816326574358, 44.50123141685731], [11.413794046093853, 44.50069173395084], [11.412285891994587, 44.50072361527047], [11.412297025212778, 44.50099345702953], [11.41191998456176, 44.50100142432519], [11.411953379944551, 44.50181094973601], [11.411576333929336, 44.50181891601177], [11.411598594825847, 44.50235859969303], [11.411221545182379, 44.50236656487429], [11.411232674128517, 44.50263640676695], [11.410855622592894, 44.50264437077914], [11.410877877480795, 44.503184054668495], [11.409369655889178, 44.50321589887708], [11.4094030185558, 44.50402542549253], [11.40902595755932, 44.504033383658985], [11.409037077023665, 44.50430322590861], [11.409414139756459, 44.50429526766768], [11.409425261113014, 44.50456510982783], [11.410179389583556, 44.50454918946594], [11.410190514568729, 44.50481903146211], [11.410567580306445, 44.50481106934113], [11.41058983421743, 44.50535075313944], [11.410966903271946, 44.50534278962573], [11.410955774502064, 44.505072947808586], [11.411332841664182, 44.505064983125685], [11.411355102832772, 44.505604666595886], [11.411732173311675, 44.505596700520194], [11.411754438577306, 44.506136383781296], [11.412508586012734, 44.50612044760045], [11.412441771251649, 44.50450139853176], [11.413195897225856, 44.50448545827088], [11.413184758506057, 44.50421561685606], [11.41356181952265, 44.50420764493469], [11.413550679222705, 44.50393780357946], [11.413927738346851, 44.503929830489035], [11.413916596466809, 44.5036599891934], [11.413539539078922, 44.50366796220923]], [[11.41092238912842, 44.504263422267144], [11.411676512878534, 44.50424749210481], [11.411698776583645, 44.50478717551597], [11.411321711313928, 44.504795141368064], [11.411310581119697, 44.50452529959545], [11.410933517430305, 44.50453326412929], [11.41092238912842, 44.504263422267144]]]}}, {"type": "Feature", "properties": {"threshold": "ge_11", "source": "HistorySUHI", "period": "2013-2026", "hotspot_percentile": "top_10_pct", "label": ">= 11 estati"}, "geometry": {"type": "Polygon", "coordinates": [[[11.372893098645957, 44.50641067274051], [11.372882145112325, 44.50614082347071], [11.372505060426441, 44.50614866136125], [11.372516012223386, 44.50641851070441], [11.372893098645957, 44.50641067274051]]]}}, {"type": "Feature", "properties": {"threshold": "ge_11", "source": "HistorySUHI", "period": "2013-2026", "hotspot_percentile": "top_10_pct", "label": ">= 11 estati"}, "geometry": {"type": "Polygon", "coordinates": [[[11.397026309236967, 44.505906455853314], [11.397403385627996, 44.50589853704046], [11.397392319215086, 44.505628692562986], [11.397015244560576, 44.50563661130173], [11.397026309236967, 44.505906455853314]]]}}, {"type": "Feature", "properties": {"threshold": "ge_11", "source": "HistorySUHI", "period": "2013-2026", "hotspot_percentile": "top_10_pct", "label": ">= 11 estati"}, "geometry": {"type": "Polygon", "coordinates": [[[11.412896797572664, 44.506382319028745], [11.412885659496297, 44.5061124776444], [11.412508586012734, 44.50612044760045], [11.412519722352618, 44.50639028905938], [11.412896797572664, 44.506382319028745]]]}}, {"type": "Feature", "properties": {"threshold": "ge_11", "source": "HistorySUHI", "period": "2013-2026", "hotspot_percentile": "top_10_pct", "label": ">= 11 estati"}, "geometry": {"type": "Polygon", "coordinates": [[[11.372526964173858, 44.50668836003262], [11.372548868535404, 44.50722805864422], [11.371794684809236, 44.50724373128037], [11.3718275320822, 44.50805327952573], [11.372581726229264, 44.508037606449605], [11.372570773511102, 44.507767757196085], [11.37294786861749, 44.50775991886546], [11.37293691431606, 44.50749006967033], [11.373314007532073, 44.507482230169124], [11.373270184914976, 44.50640283353274], [11.372893098645957, 44.50641067274051], [11.372904052333146, 44.50668052199538], [11.372526964173858, 44.50668836003262]]]}}, {"type": "Feature", "properties": {"threshold": "ge_11", "source": "HistorySUHI", "period": "2013-2026", "hotspot_percentile": "top_10_pct", "label": ">= 11 estati"}, "geometry": {"type": "Polygon", "coordinates": [[[11.407318441454697, 44.508390635984966], [11.407695531014442, 44.50838268284624], [11.407684416158471, 44.508112840523836], [11.405798975485576, 44.50815259340685], [11.405832294470107, 44.508962121445], [11.407340668160627, 44.50893032073361], [11.407318441454697, 44.508390635984966]]]}}, {"type": "Feature", "properties": {"threshold": "ge_11", "source": "HistorySUHI", "period": "2013-2026", "hotspot_percentile": "top_10_pct", "label": ">= 11 estati"}, "geometry": {"type": "Polygon", "coordinates": [[[11.373631795008698, 44.51530784863539], [11.373609874482787, 44.51476815121346], [11.373232734364395, 44.514775992695604], [11.37318890210608, 44.513696597378974], [11.373566035274854, 44.51368875619033], [11.373500281072369, 44.512069663207484], [11.373123158327292, 44.5120775039559], [11.373112201568475, 44.511807654999764], [11.37273508040699, 44.51181549443071], [11.372713170824497, 44.51127579632692], [11.371581816841665, 44.51129930671507], [11.37159276634465, 44.51156915599443], [11.370838526114209, 44.5115848235127], [11.370783797505451, 44.510235576233505], [11.370406685845628, 44.51024340776006], [11.370395742321268, 44.50997355818615], [11.370018632245074, 44.509981388395374], [11.36997486662974, 44.50890198965728], [11.369597763348112, 44.50890981832945], [11.36952119158443, 44.507020869450166], [11.369144100307464, 44.50702869636561], [11.369155036934016, 44.50729854632354], [11.368777943766942, 44.50730637206832], [11.368788878810003, 44.50757622208456], [11.368034688542359, 44.507591869988765], [11.368100281177213, 44.509210970651246], [11.368477386809095, 44.50920314688184], [11.368542995383766, 44.510822246567635], [11.368920111284641, 44.51081442111487], [11.368931048320768, 44.511084270937026], [11.369308165805444, 44.51107644416695], [11.369319104732055, 44.51134629390093], [11.369696223800528, 44.511338465813516], [11.369739987989432, 44.51241786430714], [11.36936286197211, 44.51242569268755], [11.369373801665539, 44.51269554234688], [11.368619545696264, 44.51271119552178], [11.368630482068463, 44.512981045312664], [11.367499091752771, 44.51300451596345], [11.367510023066298, 44.513274365959035], [11.366001493550597, 44.513305643034336], [11.365990569186433, 44.51303579274608], [11.365613438161898, 44.513043608831296], [11.365580671200224, 44.51223405765756], [11.36595779701286, 44.51222624179176], [11.3659468732613, 44.51195639144381], [11.366323997183542, 44.511948574407015], [11.366302146665431, 44.51140887381263], [11.366679266960087, 44.511401055678036], [11.366668340193607, 44.5111312054316], [11.365914102925478, 44.511146840310396], [11.365892256800619, 44.510607139480165], [11.36551514141112, 44.510614954907155], [11.365471457947228, 44.50953555277506], [11.365848566388458, 44.50952773764062], [11.365837644168227, 44.50925788714343], [11.366214750719328, 44.50925007083809], [11.366203826915237, 44.5089802203991], [11.366958036084037, 44.50896458420273], [11.366947108959181, 44.50869473389514], [11.365061593573468, 44.50873381469039], [11.365072512013544, 44.50900366536367], [11.363941195734245, 44.50902709913216], [11.363963022651587, 44.509566800872555], [11.363585913445117, 44.50957460978686], [11.363607737500343, 44.51011431161372], [11.361345058205101, 44.51016113985107], [11.361355960039571, 44.51043099118033], [11.360978844551523, 44.510438791605324], [11.361000645204683, 44.510978494365084], [11.361377764167027, 44.51097069379409], [11.361399568905853, 44.51151039634819], [11.36177669118974, 44.511502594387096], [11.361787595525653, 44.511772445568766], [11.362164719393897, 44.511764642290515], [11.362175625619939, 44.51203449338425], [11.362552751072531, 44.51202668878883], [11.3626182020638, 44.51364579459971], [11.3622410661872, 44.51365359963334], [11.362251973483605, 44.513923450622634], [11.361874835716666, 44.51393125448507], [11.36191845948158, 44.51501065858522], [11.362295604198449, 44.515002854430676], [11.362306512259481, 44.515272705345396], [11.363060804709484, 44.5152570931574], [11.363071716398574, 44.51552694391109], [11.362694568512488, 44.51553475070029], [11.362705478616975, 44.51580460151212], [11.363459777711334, 44.51578898654332], [11.363470691444004, 44.51605883719412], [11.36460214415071, 44.516035405189385], [11.364591225205231, 44.51576555475785], [11.364968374063727, 44.51575774167409], [11.364957453533759, 44.51548789130075], [11.365711747316263, 44.5154722615466], [11.365722671321375, 44.51574211177368], [11.366099819720475, 44.51573429495704], [11.366088893977798, 44.5154644448031], [11.366466040486154, 44.5154566268153], [11.366455113159118, 44.51518677671961], [11.366832257776734, 44.515178957560714], [11.366810400107259, 44.51463925747087], [11.367187541096655, 44.51463143721406], [11.367176610754287, 44.51436158721992], [11.367553749852982, 44.51435376579206], [11.36754281792642, 44.51408391585619], [11.3694285024333, 44.51404479041956], [11.369439443046993, 44.514314639989315], [11.369816581225734, 44.51430681109609], [11.369838466388194, 44.514846510044265], [11.370215607888428, 44.51483867976027], [11.370237497139556, 44.51537837850218], [11.370614641961344, 44.51537054682736], [11.370636535301347, 44.51591024536297], [11.371013683444756, 44.51590241229729], [11.371035580873848, 44.516442110626556], [11.372921336663765, 44.51640292590056], [11.372932294296673, 44.51667277467612], [11.373309446731488, 44.516664933924616], [11.373298487360964, 44.51639508522243], [11.374052788294392, 44.516379400133275], [11.374041825602347, 44.51610955156292], [11.373664676950055, 44.51611739465626], [11.37364275550215, 44.515577697323955], [11.374019900679345, 44.515569854377404], [11.374008938448384, 44.51530000576223], [11.373631795008698, 44.51530784863539]]]}}, {"type": "Feature", "properties": {"threshold": "ge_11", "source": "HistorySUHI", "period": "2013-2026", "hotspot_percentile": "top_10_pct", "label": ">= 11 estati"}, "geometry": {"type": "Polygon", "coordinates": [[[11.390126635132741, 44.5125329754607], [11.390104564498927, 44.51199328424963], [11.389350328945572, 44.51200907412981], [11.389372392630808, 44.512548765636375], [11.390126635132741, 44.5125329754607]]]}}, {"type": "Feature", "properties": {"threshold": "ge_11", "source": "HistorySUHI", "period": "2013-2026", "hotspot_percentile": "top_10_pct", "label": ">= 11 estati"}, "geometry": {"type": "Polygon", "coordinates": [[[11.401562171136478, 44.51526380181611], [11.40231644193245, 44.51524793038633], [11.40230534924008, 44.51497808732358], [11.403059615939316, 44.51496221106566], [11.403048519927836, 44.51469236813646], [11.403802782530212, 44.5146764870505], [11.403791683199731, 44.51440664425495], [11.40416881253024, 44.514398701920065], [11.40409110941343, 44.51250980245153], [11.402582639799006, 44.51254156224584], [11.402593732828963, 44.51281140536922], [11.402216613299391, 44.51281934228193], [11.402227704747725, 44.51308918546461], [11.401850583325515, 44.5130971212075], [11.401861673192176, 44.51336696444943], [11.401484549877324, 44.51337489902248], [11.401517815198497, 44.514184428881116], [11.400386428686312, 44.514208225803735], [11.400397512225792, 44.514478069282646], [11.400020381340317, 44.514485999176124], [11.400031463297882, 44.514755842714244], [11.398900064497447, 44.5147796251523], [11.398855758446626, 44.51370025001973], [11.39847863215164, 44.513708174714125], [11.398489706694173, 44.51397801859391], [11.397735450163964, 44.51399386439862], [11.397746521387221, 44.5142637084117], [11.398500781391968, 44.51424786245869], [11.398511856245026, 44.5145177063085], [11.39775759276569, 44.51453355240979], [11.397768664299377, 44.514803396392885], [11.397014396724526, 44.51481923766577], [11.397025464938736, 44.51508908178212], [11.396648329181192, 44.51509700062642], [11.3966593958132, 44.51536684480189], [11.396282258163126, 44.51537476247608], [11.396293323212886, 44.515644606710666], [11.395539043972562, 44.5156604384746], [11.395561167587703, 44.516200127195134], [11.395184024260011, 44.516208041358894], [11.39519508456273, 44.516477885770755], [11.395949374537988, 44.51646205605088], [11.39596043847078, 44.51673190029962], [11.396337584963254, 44.51672398349923], [11.396326519292955, 44.51645413932456], [11.39745795262694, 44.51643038168018], [11.397446881899361, 44.51616053771283], [11.401218298878991, 44.516081265431325], [11.401207210932306, 44.515811422190794], [11.401584350038267, 44.51580348819368], [11.401562171136478, 44.51526380181611]]]}}, {"type": "Feature", "properties": {"threshold": "ge_11", "source": "HistorySUHI", "period": "2013-2026", "hotspot_percentile": "top_10_pct", "label": ">= 11 estati"}, "geometry": {"type": "Polygon", "coordinates": [[[11.374085677292731, 44.517188945754704], [11.374074714139581, 44.51691909722917], [11.373697560274463, 44.51692694054268], [11.373708521689956, 44.517196789141614], [11.374085677292731, 44.517188945754704]]]}}, {"type": "Feature", "properties": {"threshold": "ge_11", "source": "HistorySUHI", "period": "2013-2026", "hotspot_percentile": "top_10_pct", "label": ">= 11 estati"}, "geometry": {"type": "Polygon", "coordinates": [[[11.409660015876975, 44.519414367944336], [11.409671144230277, 44.51968420933883], [11.41004830597315, 44.51967624685207], [11.4100594362202, 44.51994608815706], [11.410436599544745, 44.519938124351455], [11.41044773168559, 44.52020796556691], [11.410824896591803, 44.52020000044241], [11.410836030626493, 44.520469841568335], [11.411590363446116, 44.52045390743713], [11.411601501112486, 44.52072374839896], [11.412733004384053, 44.52069983764563], [11.412721861504345, 44.520429996907545], [11.413853358156537, 44.5204060751786], [11.413842210219808, 44.520136234649364], [11.414596537064336, 44.52012028075754], [11.414585385808467, 44.51985044036257], [11.414962547258511, 44.51984246162478], [11.414951394421296, 44.519572621289456], [11.41532855397729, 44.519564641382], [11.415317399558775, 44.519294801106334], [11.41569455722072, 44.51928682002923], [11.415661089690644, 44.51847729933618], [11.415283937241533, 44.518485280189246], [11.415239323007818, 44.51740591875628], [11.414862177352441, 44.5174138980664], [11.414851025922403, 44.517144057595964], [11.414473881848156, 44.51715203558718], [11.414451582931964, 44.516612354451965], [11.414074442176274, 44.51662033104969], [11.414041000186435, 44.51581080901036], [11.413663864486594, 44.51581878413999], [11.413652719206537, 44.51554894335557], [11.413275585087776, 44.51555691716643], [11.413264441701278, 44.51528707629238], [11.412887309163601, 44.51529504878448], [11.412853885153227, 44.51448552584848], [11.412476757671145, 44.51449349687266], [11.412465618383957, 44.514223655789394], [11.412842744128824, 44.51421568483979], [11.412809321992734, 44.5134061617237], [11.413186442369915, 44.51339818975378], [11.413175300233137, 44.51312834875966], [11.41279818159307, 44.51313632065497], [11.412787041349585, 44.51286647957125], [11.41165568970371, 44.51289038756912], [11.411644554827621, 44.51262054624667], [11.409381857744254, 44.512668328206], [11.409392982197835, 44.51293816997557], [11.408638745114626, 44.512954087491956], [11.40864986624992, 44.51322392939545], [11.408272745737317, 44.513231886362014], [11.408283865291375, 44.51350172832498], [11.407906742885734, 44.513509684121914], [11.407928978987147, 44.514049368151724], [11.407551852951263, 44.514057322853446], [11.407585203060668, 44.514866849008996], [11.407208071657175, 44.51487480268987], [11.407219186934713, 44.51514464478613], [11.406842053638083, 44.515152597297295], [11.406853167334127, 44.51542243945298], [11.406476032144358, 44.51543039079438], [11.406487144258856, 44.51570023300947], [11.406110007175942, 44.51570818318109], [11.406121117708846, 44.51597802545558], [11.405743978732781, 44.515985974457394], [11.405799525046573, 44.517335185976826], [11.405422377227461, 44.5173431341063], [11.405444593368165, 44.51788281875784], [11.405067441918222, 44.51789076579179], [11.40511186911801, 44.51897013521237], [11.40473471056186, 44.51897808129945], [11.40470139514135, 44.51816855403343], [11.404324241642415, 44.51817649865315], [11.404368655563884, 44.51925586860855], [11.403991494958667, 44.519263812281295], [11.404013699378003, 44.51980349731771], [11.404390863458675, 44.51979555349629], [11.404401967639593, 44.52006539591768], [11.405156298809379, 44.520049504393064], [11.405167406621551, 44.52031934665075], [11.405544573710635, 44.52031139894751], [11.405555683416347, 44.520581241115835], [11.40593285208747, 44.520573292093836], [11.405943963686772, 44.52084313417277], [11.406698304037274, 44.52082723224678], [11.406687188962328, 44.52055739031663], [11.407064357166012, 44.52054943756145], [11.407042124008068, 44.520009753805006], [11.407419288580337, 44.520001799954294], [11.407408170497407, 44.51973195812799], [11.407785333176054, 44.51972400310734], [11.407774213511287, 44.5194541613405], [11.409660015876975, 44.519414367944336]]]}}, {"type": "Feature", "properties": {"threshold": "ge_11", "source": "HistorySUHI", "period": "2013-2026", "hotspot_percentile": "top_10_pct", "label": ">= 11 estati"}, "geometry": {"type": "Polygon", "coordinates": [[[11.395671794969054, 44.51889856989912], [11.395660731532951, 44.518628725696125], [11.395283572567033, 44.51863664052641], [11.395294634265433, 44.51890648480347], [11.395671794969054, 44.51889856989912]]]}}, {"type": "Feature", "properties": {"threshold": "ge_11", "source": "HistorySUHI", "period": "2013-2026", "hotspot_percentile": "top_10_pct", "label": ">= 11 estati"}, "geometry": {"type": "Polygon", "coordinates": [[[11.370166817476546, 44.5229419870996], [11.37015587021499, 44.52267213808096], [11.37053306211227, 44.52266430567177], [11.370500216034106, 44.521854758746045], [11.370123029351262, 44.52186259093538], [11.370112082703658, 44.52159274185698], [11.368603341390099, 44.521624057875705], [11.368614281085291, 44.52189390724713], [11.367859906031887, 44.52190955793569], [11.367870842404196, 44.52217940743865], [11.367493652909337, 44.5221872309893], [11.367515522637627, 44.52272693009685], [11.367138329513095, 44.52273475254934], [11.367149262869004, 44.523004602153925], [11.366772067852956, 44.523012423435], [11.366804863625703, 44.52382197237874], [11.367559263934083, 44.523806328132814], [11.367581135502295, 44.524346027061206], [11.367958338903144, 44.52433820292485], [11.367936463858289, 44.52379850414289], [11.36906806271067, 44.52377502470529], [11.36905712020344, 44.523505175511616], [11.369434317775802, 44.52349734661641], [11.369423373683746, 44.52322749748105], [11.369800569364408, 44.523219667414494], [11.369789623687577, 44.52294981833749], [11.370166817476546, 44.5229419870996]]]}}, {"type": "Feature", "properties": {"threshold": "ge_11", "source": "HistorySUHI", "period": "2013-2026", "hotspot_percentile": "top_10_pct", "label": ">= 11 estati"}, "geometry": {"type": "Polygon", "coordinates": [[[11.387060891290194, 44.529882010982355], [11.387027808012776, 44.529072474801104], [11.386650579279314, 44.52908036257109], [11.386639553568097, 44.52881051707361], [11.38588509911472, 44.52882628873156], [11.38591816628002, 44.52963582562189], [11.386295398800078, 44.529627940193954], [11.38630642323637, 44.52989778572035], [11.387060891290194, 44.529882010982355]]]}}, {"type": "Feature", "properties": {"threshold": "ge_11", "source": "HistorySUHI", "period": "2013-2026", "hotspot_percentile": "top_10_pct", "label": ">= 11 estati"}, "geometry": {"type": "Polygon", "coordinates": [[[11.388613966564158, 44.53092982675224], [11.388602931076516, 44.53065998172867], [11.388225692529268, 44.53066787492106], [11.38821465893517, 44.530398029808666], [11.386705710154486, 44.53042958983409], [11.386760844895061, 44.53177881672302], [11.387138091016514, 44.53177092821491], [11.387160149473019, 44.5323106187181], [11.387914648207705, 44.53229483767174], [11.3879256811459, 44.53256468275323], [11.3886801827397, 44.53254889657935], [11.388691219310596, 44.53281874149814], [11.389445723763348, 44.53280295019666], [11.389434683714468, 44.53253310542562], [11.389811933969652, 44.532525207981315], [11.389767768366477, 44.531445829043086], [11.389390525066997, 44.53145372619179], [11.389379485792128, 44.53118388134592], [11.389002244076721, 44.53119177717583], [11.38899120669549, 44.53092193224111], [11.388613966564158, 44.53092982675224]]]}}, {"type": "Feature", "properties": {"threshold": "ge_11", "source": "HistorySUHI", "period": "2013-2026", "hotspot_percentile": "top_10_pct", "label": ">= 11 estati"}, "geometry": {"type": "Polygon", "coordinates": [[[11.367165708191624, 44.53272700189314], [11.368674737703442, 44.53269569875785], [11.368630962249787, 44.53161630327841], [11.367876461713115, 44.53163195675018], [11.367865521711325, 44.53136210769652], [11.36748827295186, 44.53136993249173], [11.367499211214655, 44.53163978161861], [11.367121960562812, 44.53164760524204], [11.367165708191624, 44.53272700189314]]]}}, {"type": "Feature", "properties": {"threshold": "ge_11", "source": "HistorySUHI", "period": "2013-2026", "hotspot_percentile": "top_10_pct", "label": ">= 11 estati"}, "geometry": {"type": "Polygon", "coordinates": [[[11.410638424166244, 44.53397781533964], [11.411015677885782, 44.533969847658085], [11.41102681814616, 44.534239688093244], [11.411305104479675, 44.53423380921554], [11.411295081679627, 44.53421780004645], [11.411264358025461, 44.534183942382526], [11.41060206850433, 44.53309702394874], [11.410638424166244, 44.53397781533964]]]}}, {"type": "Feature", "properties": {"threshold": "ge_11", "source": "HistorySUHI", "period": "2013-2026", "hotspot_percentile": "top_10_pct", "label": ">= 11 estati"}, "geometry": {"type": "Polygon", "coordinates": [[[11.369516837639567, 44.53483882878998], [11.369505888839603, 44.534568980208505], [11.369128619824505, 44.534576810862816], [11.369117672917325, 44.534306962193135], [11.36874040548797, 44.53431479152907], [11.368784187080596, 44.53539418641126], [11.369161461467108, 44.53538635678227], [11.369183356663092, 44.53592605398725], [11.369560634374807, 44.53591822296655], [11.369571583942477, 44.53618807147337], [11.369948863240039, 44.536180239134225], [11.369959814700676, 44.536450087552815], [11.370714376313884, 44.53643441899243], [11.370725331406975, 44.53670426724946], [11.371479895884551, 44.53668859356169], [11.371468937312594, 44.53641874545133], [11.37184621758145, 44.53641090681301], [11.371802377872859, 44.535331514515555], [11.370670557477746, 44.53535502581492], [11.370659603152752, 44.535085177483225], [11.369905058933199, 44.535100845310545], [11.369894108240404, 44.5348309968173], [11.369516837639567, 44.53483882878998]]]}}, {"type": "Feature", "properties": {"threshold": "ge_11", "source": "HistorySUHI", "period": "2013-2026", "hotspot_percentile": "top_10_pct", "label": ">= 11 estati"}, "geometry": {"type": "Polygon", "coordinates": [[[11.368007753701102, 44.534870144229636], [11.367253210811139, 44.53488579447877], [11.367264149328808, 44.53515564348479], [11.366509602346653, 44.535171288899846], [11.366520537539031, 44.535441138037335], [11.366143262078582, 44.535448958950354], [11.36615419568494, 44.535718808146115], [11.365776918331797, 44.53572662788716], [11.365787850352083, 44.53599647714116], [11.366165129444623, 44.53598865732694], [11.366186997423972, 44.53652835564383], [11.367696126176007, 44.53649706334966], [11.367685185151917, 44.536227214491504], [11.367307904933426, 44.5362350393596], [11.367296965802172, 44.5359651904133], [11.367674244281256, 44.535957365618394], [11.367663303564017, 44.535687516730384], [11.368040580150293, 44.53567969076357], [11.368007753701102, 44.534870144229636]]]}}, {"type": "Feature", "properties": {"threshold": "ge_11", "source": "HistorySUHI", "period": "2013-2026", "hotspot_percentile": "top_10_pct", "label": ">= 11 estati"}, "geometry": {"type": "Polygon", "coordinates": [[[11.393216972183005, 44.5419065183921], [11.393218363798175, 44.54194046777294], [11.393326139425794, 44.54190422906742], [11.393216972183005, 44.5419065183921]]]}}, {"type": "Feature", "properties": {"threshold": "ge_11", "source": "HistorySUHI", "period": "2013-2026", "hotspot_percentile": "top_10_pct", "label": ">= 11 estati"}, "geometry": {"type": "Polygon", "coordinates": [[[11.421242537592978, 44.48919074159497], [11.421253707632774, 44.489460582117374], [11.420876743778923, 44.4894685773581], [11.420865575474043, 44.48919873676087], [11.420488613198579, 44.48920673068377], [11.420499779768539, 44.489476571355794], [11.41974585127828, 44.489492555622164], [11.419757014534852, 44.489762396428766], [11.419003081948857, 44.48977837587258], [11.419014500944796, 44.490054478618774], [11.420018140887594, 44.48972742337985], [11.423040197978683, 44.489152596344624], [11.421242537592978, 44.48919074159497]]]}}, {"type": "Feature", "properties": {"threshold": "ge_11", "source": "HistorySUHI", "period": "2013-2026", "hotspot_percentile": "top_10_pct", "label": ">= 11 estati"}, "geometry": {"type": "Polygon", "coordinates": [[[11.415955924388209, 44.49821530487432], [11.415978222887421, 44.49875498715532], [11.416355247933351, 44.498747006778316], [11.416377550529317, 44.49928668884993], [11.416754578890567, 44.499278707080116], [11.416765732158863, 44.49954854801871], [11.417142762099624, 44.49954056493075], [11.417153917260128, 44.49981040577963], [11.419039073297334, 44.49977047131432], [11.418960929704673, 44.49788158767256], [11.418583910960594, 44.49788957652924], [11.41857274995179, 44.49761973587417], [11.417064680354075, 44.497651678568175], [11.417075834420103, 44.49792151952216], [11.416321795211685, 44.49793748355831], [11.416332945962607, 44.498207324646664], [11.415955924388209, 44.49821530487432]]]}}, {"type": "Feature", "properties": {"threshold": "ge_11", "source": "HistorySUHI", "period": "2013-2026", "hotspot_percentile": "top_10_pct", "label": ">= 11 estati"}, "geometry": {"type": "Polygon", "coordinates": [[[11.4249967039105, 44.50693613823403], [11.424974315840949, 44.50639646032577], [11.423466027107473, 44.50642849248465], [11.423410094407181, 44.50507929595233], [11.424164221723832, 44.50506328310956], [11.424153032181582, 44.50479344390786], [11.424530093868333, 44.50478543569589], [11.42450771178185, 44.504245757397264], [11.424130653567637, 44.50425376545935], [11.424108275581078, 44.50371408695073], [11.422600055045828, 44.50374610616345], [11.422611237015825, 44.504015945724895], [11.421857122335192, 44.50403194801926], [11.421868300989441, 44.50430178771542], [11.42111418220951, 44.504317785184924], [11.421091832002672, 44.503778105478204], [11.420714775850204, 44.503786102197836], [11.420703602717966, 44.50351626224711], [11.420326548145086, 44.503524257648294], [11.420315376905652, 44.503254417607735], [11.419938323912366, 44.50326241169049], [11.419927154565693, 44.502992571560114], [11.419550103152005, 44.503000564324466], [11.41953893569804, 44.502730724104275], [11.419161885863957, 44.50273871555026], [11.41915072030265, 44.50246887524027], [11.418773672048177, 44.50247686536788], [11.418762508379483, 44.5022070249681], [11.417631367885548, 44.50223098766526], [11.417642526345924, 44.50250082828926], [11.417265477465644, 44.50250881344256], [11.417321263432894, 44.503858016710936], [11.417698320994091, 44.50385003118402], [11.41772063994834, 44.50438971223683], [11.418097700825639, 44.504381725316804], [11.418108862273714, 44.50465156574594], [11.418485924730856, 44.504643577507515], [11.418508251569062, 44.50518325817122], [11.418885317342385, 44.50517526853961], [11.418896482732592, 44.50544510877418], [11.419273550085768, 44.50543711782409], [11.419284717368884, 44.50570695796886], [11.420038855078358, 44.50569097218798], [11.420027684322468, 44.50542113219279], [11.420781817932811, 44.50540514158668], [11.420770643860797, 44.505135301726085], [11.421147708694667, 44.505127304632325], [11.42113653304296, 44.50485746483155], [11.421890658768044, 44.50484146706265], [11.421901837892404, 44.505111306713715], [11.422278902256224, 44.505103305888895], [11.422290083273637, 44.505373145450086], [11.421913017173475, 44.50538114634978], [11.421924196611254, 44.50565098597081], [11.421547128618007, 44.505658985701665], [11.421569484490893, 44.506198665048366], [11.42194655595696, 44.5061906651678], [11.421991276529024, 44.50727002338147], [11.42236835478429, 44.50726202195769], [11.422379537055663, 44.50753186139868], [11.42275661689071, 44.50752385865625], [11.422767801055404, 44.50779369800732], [11.423899044829428, 44.50776968209258], [11.42391023436065, 44.5080395212039], [11.42428731704155, 44.508031513336476], [11.424276125773757, 44.50776167430006], [11.424653206561203, 44.507753665263785], [11.42464201371374, 44.507483826287306], [11.425019092607736, 44.50747581608217], [11.425007898180654, 44.50720597716562], [11.425384975181204, 44.507197965791676], [11.425373779174555, 44.50692812693505], [11.4249967039105, 44.50693613823403]]]}}, {"type": "Feature", "properties": {"threshold": "ge_11", "source": "HistorySUHI", "period": "2013-2026", "hotspot_percentile": "top_10_pct", "label": ">= 11 estati"}, "geometry": {"type": "Polygon", "coordinates": [[[11.417776440071593, 44.50573891460602], [11.41776527973406, 44.505469074162214], [11.41663407532753, 44.50549302835687], [11.416645230455847, 44.505762869024814], [11.415891089930108, 44.50577883241871], [11.41590224174193, 44.50604867322103], [11.415148097118006, 44.50606463178934], [11.415159245613227, 44.50633447272597], [11.414782171330366, 44.506342450219165], [11.414815612544182, 44.50715197316293], [11.415569771372724, 44.507136016484864], [11.415580922229653, 44.507405857286784], [11.417843405382278, 44.507357956953484], [11.417832244106023, 44.50708811659979], [11.418209322347437, 44.507080128932365], [11.418186996791286, 44.50654044832939], [11.418564071403203, 44.50653245956771], [11.41855290712338, 44.506262619318456], [11.418175834247931, 44.50627060800539], [11.418153509630647, 44.505730927312314], [11.417776440071593, 44.50573891460602]]]}}, {"type": "Feature", "properties": {"threshold": "ge_11", "source": "HistorySUHI", "period": "2013-2026", "hotspot_percentile": "top_10_pct", "label": ">= 11 estati"}, "geometry": {"type": "Polygon", "coordinates": [[[11.420848865654408, 44.50702418043472], [11.421225942643266, 44.507016182817104], [11.421214765894879, 44.5067463431215], [11.42083769064252, 44.506754340664266], [11.420848865654408, 44.50702418043472]]]}}, {"type": "Feature", "properties": {"threshold": "ge_11", "source": "HistorySUHI", "period": "2013-2026", "hotspot_percentile": "top_10_pct", "label": ">= 11 estati"}, "geometry": {"type": "Polygon", "coordinates": [[[11.426139128711434, 44.5071819393125], [11.426116729909165, 44.50664226188417], [11.425739656695491, 44.50665027559566], [11.425762052024805, 44.50718995317397], [11.426139128711434, 44.5071819393125]]]}}, {"type": "Feature", "properties": {"threshold": "ge_11", "source": "HistorySUHI", "period": "2013-2026", "hotspot_percentile": "top_10_pct", "label": ">= 11 estati"}, "geometry": {"type": "Polygon", "coordinates": [[[11.42057235503604, 44.50946073474004], [11.420561180350887, 44.509190895029974], [11.418675722809583, 44.50923086123428], [11.418698054969136, 44.50977054138738], [11.418320959517688, 44.50977853104615], [11.418343288829787, 44.5103182112887], [11.418720387754828, 44.51031022148039], [11.418742721166684, 44.51084990151333], [11.419119823408872, 44.51084191031156], [11.419108654887815, 44.51057207037737], [11.420239955464305, 44.510548089532826], [11.420228781889339, 44.51027824980801], [11.420605880031433, 44.510270253780135], [11.42059470487631, 44.51000041411513], [11.42097180112495, 44.50999241691818], [11.420949447811163, 44.509452737692754], [11.42057235503604, 44.50946073474004]]]}}, {"type": "Feature", "properties": {"threshold": "ge_11", "source": "HistorySUHI", "period": "2013-2026", "hotspot_percentile": "top_10_pct", "label": ">= 11 estati"}, "geometry": {"type": "Polygon", "coordinates": [[[11.42405571254168, 44.511547428283556], [11.424066904269173, 44.511817267184476], [11.424821118103267, 44.511801248107425], [11.424798727857565, 44.51126157059033], [11.42517583106541, 44.51125355933577], [11.42516463444111, 44.51098372062964], [11.424787532970125, 44.51099173180923], [11.424776338239623, 44.51072189301311], [11.423645038095673, 44.51074591886347], [11.423678607126194, 44.5115554358812], [11.42405571254168, 44.511547428283556]]]}}, {"type": "Feature", "properties": {"threshold": "ge_11", "source": "HistorySUHI", "period": "2013-2026", "hotspot_percentile": "top_10_pct", "label": ">= 11 estati"}, "geometry": {"type": "Polygon", "coordinates": [[[11.425280256517963, 44.52286462395832], [11.425282344188542, 44.52291491349564], [11.425334858597038, 44.522888302895865], [11.425336543703885, 44.52288736683803], [11.425345543365163, 44.52286323670838], [11.425280256517963, 44.52286462395832]]]}}, {"type": "Feature", "properties": {"threshold": "ge_11", "source": "HistorySUHI", "period": "2013-2026", "hotspot_percentile": "top_10_pct", "label": ">= 11 estati"}, "geometry": {"type": "Polygon", "coordinates": [[[11.411846569284636, 44.52666024576207], [11.411851570737545, 44.52678138065208], [11.412161363278182, 44.526653589764294], [11.411846569284636, 44.52666024576207]]]}}]}