{"type": "FeatureCollection", "features": [{"type": "Feature", "properties": {"threshold": "ge_2", "source": "HistorySUHI", "period": "2013-2025", "hotspot_percentile": "top_10_pct", "label": ">= 2 estati"}, "geometry": {"type": "Polygon", "coordinates": [[[11.244623211696277, 44.507654519409236], [11.243868954481197, 44.50766934740999], [11.24388967233717, 44.50820909486486], [11.244643936502124, 44.508194266586585], [11.244623211696277, 44.507654519409236]]]}}, {"type": "Feature", "properties": {"threshold": "ge_2", "source": "HistorySUHI", "period": "2013-2025", "hotspot_percentile": "top_10_pct", "label": ">= 2 estati"}, "geometry": {"type": "Polygon", "coordinates": [[[11.246778545909233, 44.51463412732097], [11.245647026503875, 44.514656391536334], [11.245657396088454, 44.51492626461093], [11.246788920708045, 44.514904000187215], [11.246778545909233, 44.51463412732097]]]}}, {"type": "Feature", "properties": {"threshold": "ge_2", "source": "HistorySUHI", "period": "2013-2025", "hotspot_percentile": "top_10_pct", "label": ">= 2 estati"}, "geometry": {"type": "Polygon", "coordinates": [[[11.243141467231997, 44.51821665294945], [11.242764270191804, 44.518224064055026], [11.242753912769391, 44.51795419060185], [11.242376717322362, 44.517961600393356], [11.242335296038291, 44.5168821061562], [11.241958107399403, 44.516889514425664], [11.241927048175635, 44.51607989338533], [11.240795497032353, 44.51610211010196], [11.240847237056942, 44.517451479468534], [11.241224429607902, 44.5174440747945], [11.24125548057898, 44.51825369603005], [11.241632678199945, 44.51824628990339], [11.241653383049865, 44.518786037181584], [11.241276181952022, 44.518793443446874], [11.241286532856249, 44.51906331713322], [11.241663735692564, 44.51905591079862], [11.241705147715031, 44.52013540511967], [11.243968403408267, 44.52009093930758], [11.243958039753519, 44.519821066165505], [11.243580832573025, 44.519828480176834], [11.243570470802126, 44.51955860695066], [11.243947676244087, 44.51955119300872], [11.24391658658767, 44.51874157345011], [11.243539386361162, 44.51874898718389], [11.243529025171409, 44.51847911389887], [11.243151826538055, 44.51848652631853], [11.243141467231997, 44.51821665294945]]]}}, {"type": "Feature", "properties": {"threshold": "ge_2", "source": "HistorySUHI", "period": "2013-2025", "hotspot_percentile": "top_10_pct", "label": ">= 2 estati"}, "geometry": {"type": "Polygon", "coordinates": [[[11.243224345747779, 44.520375639490275], [11.242847134799577, 44.52038305115073], [11.242857493529145, 44.52065292447149], [11.243234706215958, 44.52064551274168], [11.243224345747779, 44.520375639490275]]]}}, {"type": "Feature", "properties": {"threshold": "ge_2", "source": "HistorySUHI", "period": "2013-2025", "hotspot_percentile": "top_10_pct", "label": ">= 2 estati"}, "geometry": {"type": "Polygon", "coordinates": [[[11.23972119700554, 44.52746641785474], [11.239731543859154, 44.52773629141684], [11.239354284507865, 44.52774369249887], [11.239395666416002, 44.528823186877275], [11.239772932724605, 44.52881578551819], [11.23978328030373, 44.52908565900675], [11.240537815964364, 44.529070852414435], [11.240475711794275, 44.52745161209377], [11.23972119700554, 44.52746641785474]]]}}, {"type": "Feature", "properties": {"threshold": "ge_2", "source": "HistorySUHI", "period": "2013-2025", "hotspot_percentile": "top_10_pct", "label": ">= 2 estati"}, "geometry": {"type": "Polygon", "coordinates": [[[11.242067602010135, 44.52958097038871], [11.242077960461316, 44.52985084341731], [11.242455232711299, 44.52984343306451], [11.242465593047212, 44.53011330600905], [11.242842866891374, 44.530105894341645], [11.24285322911207, 44.53037576720212], [11.242475953528418, 44.530383178938884], [11.242496674926702, 44.530922924754385], [11.2432512329068, 44.530908099758165], [11.243240868655933, 44.530638226996494], [11.24361814568844, 44.53063081269986], [11.243587048589424, 44.52982119453473], [11.243209776775377, 44.52982860862323], [11.243189049581687, 44.52928886296747], [11.24281178110116, 44.529296275671996], [11.242801419461706, 44.52902640275267], [11.242424152575268, 44.529033814142615], [11.24244487252067, 44.52957356010525], [11.242067602010135, 44.52958097038871]]]}}, {"type": "Feature", "properties": {"threshold": "ge_2", "source": "HistorySUHI", "period": "2013-2025", "hotspot_percentile": "top_10_pct", "label": ">= 2 estati"}, "geometry": {"type": "Polygon", "coordinates": [[[11.24795513798332, 44.53540686570636], [11.248332444584639, 44.53539943521512], [11.248322055243415, 44.53512956360665], [11.247944750382015, 44.535136994028356], [11.247934362926387, 44.53486712233563], [11.24680245268792, 44.534889405919515], [11.246812834923846, 44.53515927782078], [11.246435529479882, 44.53516670326069], [11.246445910121485, 44.53543657521673], [11.246068602792011, 44.53544399948067], [11.246120499483776, 44.53679335938741], [11.246497815513276, 44.53678593477608], [11.24648743414374, 44.53651606289365], [11.246864748287594, 44.53650863710627], [11.246854365323621, 44.53623876527862], [11.247231677581835, 44.536231338315254], [11.247221293023475, 44.535961466542375], [11.247598603396053, 44.53595403840302], [11.247588217243358, 44.53568416668495], [11.247965525730303, 44.53567673736964], [11.24795513798332, 44.53540686570636]]]}}, {"type": "Feature", "properties": {"threshold": "ge_2", "source": "HistorySUHI", "period": "2013-2025", "hotspot_percentile": "top_10_pct", "label": ">= 2 estati"}, "geometry": {"type": "Polygon", "coordinates": [[[11.23976820806742, 44.53853862569357], [11.240145537009388, 44.538531221840536], [11.240124831835763, 44.53799147587827], [11.240502157152083, 44.53798407091821], [11.240471095260068, 44.53717445207241], [11.24009377516425, 44.537181856824574], [11.24008342323078, 44.53691198377725], [11.239328786083858, 44.536926789406344], [11.23937018076758, 44.5380062820616], [11.239747506374256, 44.537998879592735], [11.23976820806742, 44.53853862569357]]]}}, {"type": "Feature", "properties": {"threshold": "ge_2", "source": "HistorySUHI", "period": "2013-2025", "hotspot_percentile": "top_10_pct", "label": ">= 2 estati"}, "geometry": {"type": "Polygon", "coordinates": [[[11.243572596787306, 44.539274148071605], [11.243195263932169, 44.53928156334328], [11.243205631095, 44.53955143570347], [11.243960300140486, 44.539536603775716], [11.243939558999005, 44.5389968593182], [11.243562228029582, 44.53900427576609], [11.243572596787306, 44.539274148071605]]]}}, {"type": "Feature", "properties": {"threshold": "ge_2", "source": "HistorySUHI", "period": "2013-2025", "hotspot_percentile": "top_10_pct", "label": ">= 2 estati"}, "geometry": {"type": "Polygon", "coordinates": [[[11.23752491275828, 44.539122769526855], [11.237535253671025, 44.53939264294127], [11.237157918492448, 44.53940003828263], [11.237219956572186, 44.54101927887566], [11.237597302193269, 44.541011883119054], [11.237576618772358, 44.54047213645196], [11.238708644322458, 44.54044994212321], [11.238698297608291, 44.54018006897529], [11.239075637427705, 44.54017266844357], [11.239054940953949, 44.53963292224214], [11.2386776046153, 44.53964032263536], [11.238667258336465, 44.539370449443325], [11.238289923593058, 44.53937784852163], [11.238279579199654, 44.539107975245656], [11.23752491275828, 44.539122769526855]]]}}, {"type": "Feature", "properties": {"threshold": "ge_2", "source": "HistorySUHI", "period": "2013-2025", "hotspot_percentile": "top_10_pct", "label": ">= 2 estati"}, "geometry": {"type": "Polygon", "coordinates": [[[11.247532893136967, 44.54405761332496], [11.247910255720067, 44.544050183099884], [11.247899865196487, 44.54378031182346], [11.249409307108511, 44.54375057874314], [11.249346925252617, 44.54213135244486], [11.248969575436947, 44.54213878716621], [11.24892799741129, 44.54105930239456], [11.248550654411789, 44.54106673559189], [11.24851947764446, 44.54025712164989], [11.248142139720425, 44.54026455339289], [11.248069411213073, 44.53837545319271], [11.248446736955117, 44.53836802193653], [11.248436346011013, 44.538098150490015], [11.249568317142108, 44.5380758494567], [11.249557921123259, 44.53780597820417], [11.250312564334717, 44.53779110475998], [11.250302164981411, 44.53752123363191], [11.24992484518872, 44.53752867090717], [11.24990405039982, 44.53698892846766], [11.248772100587487, 44.537011232402755], [11.248782492688779, 44.5372811038386], [11.248027855271621, 44.53729596704015], [11.248038244038433, 44.53756583860037], [11.24766092337118, 44.53757326840236], [11.247650536344485, 44.53730339677261], [11.247273217271676, 44.537310825259546], [11.247283602558252, 44.53758069695881], [11.246528960495468, 44.53759555033505], [11.246539342447397, 44.5378654221586], [11.24616201945744, 44.537872847047865], [11.246182780317742, 44.53841259078978], [11.245805453701823, 44.538420014572445], [11.245846970208415, 44.539499502157554], [11.24622430378539, 44.539492078097005], [11.24625544791486, 44.54030169342285], [11.247387463435203, 44.540279413141874], [11.247408237358618, 44.54081915620183], [11.247785579054877, 44.540811726811114], [11.247816746253994, 44.541621341082056], [11.247439399336352, 44.54162877068135], [11.247449786953636, 44.54189864214508], [11.245563041478015, 44.54193577180311], [11.245552662563313, 44.5416658999919], [11.24517531477191, 44.54167332211683], [11.245144184122617, 44.540863706386546], [11.244389498546084, 44.54087854648255], [11.244368752469237, 44.54033880231103], [11.243991412943574, 44.54034622035163], [11.244001784168846, 44.54061609251418], [11.243624442757314, 44.540623509378506], [11.24367629236318, 44.54197287031753], [11.243298942103776, 44.54198028628316], [11.243340417444106, 44.543059775047105], [11.2437177746659, 44.54305235880387], [11.243780002483724, 44.54467159109193], [11.24415737000436, 44.544664173186376], [11.244188491099584, 44.545473788923495], [11.244943236149277, 44.5454589489582], [11.244932858823677, 44.54518907719941], [11.245310229389366, 44.545181655417366], [11.245299850468497, 44.544911783713324], [11.246054587681497, 44.54489693655053], [11.246044205424617, 44.54462706497071], [11.247176304929553, 44.544604785090996], [11.24716591759601, 44.54433491370496], [11.247543282065552, 44.544327484656186], [11.247532893136967, 44.54405761332496]]]}}, {"type": "Feature", "properties": {"threshold": "ge_2", "source": "HistorySUHI", "period": "2013-2025", "hotspot_percentile": "top_10_pct", "label": ">= 2 estati"}, "geometry": {"type": "Polygon", "coordinates": [[[11.241474350290115, 44.543636582563714], [11.24185171172019, 44.54362917241079], [11.241862074246868, 44.54389904481305], [11.242239437272321, 44.54389163334494], [11.24220834490623, 44.54308201630205], [11.241830987102853, 44.543089427562094], [11.241810263066856, 44.54254968265457], [11.240678199228636, 44.542571908543884], [11.240688555952095, 44.542841781213], [11.241065912450752, 44.54283437375969], [11.241086629814777, 44.543374118915146], [11.241463989649473, 44.54336671007738], [11.241474350290115, 44.543636582563714]]]}}, {"type": "Feature", "properties": {"threshold": "ge_2", "source": "HistorySUHI", "period": "2013-2025", "hotspot_percentile": "top_10_pct", "label": ">= 2 estati"}, "geometry": {"type": "Polygon", "coordinates": [[[11.239566837231422, 44.543133868960446], [11.239546134083104, 44.542594123221136], [11.239168778744194, 44.542601525621976], [11.239158429128425, 44.542331652660984], [11.238026367462687, 44.54235385218103], [11.238057401079702, 44.543163471643126], [11.237680041678985, 44.54317086919926], [11.237690384767474, 44.543440742393116], [11.238067745908886, 44.54343334476776], [11.238078090883164, 44.543703217877685], [11.238455453620201, 44.54369581893725], [11.238465800480316, 44.54396569196322], [11.238088436002538, 44.54397309097289], [11.238109126676584, 44.5445128371192], [11.238486494635916, 44.54450543797104], [11.23849684193141, 44.54477531095289], [11.23925158089629, 44.54476050878044], [11.239230879487243, 44.544220763079075], [11.239608245270338, 44.54421336026257], [11.239597893042816, 44.5439434874591], [11.239220529000479, 44.543950890206325], [11.23921017865889, 44.54368101731886], [11.23958754096049, 44.543673614640916], [11.239577189023361, 44.543403741808035], [11.23919982846247, 44.54341114441671], [11.239189478411214, 44.543141271499834], [11.239566837231422, 44.543133868960446]]]}}, {"type": "Feature", "properties": {"threshold": "ge_2", "source": "HistorySUHI", "period": "2013-2025", "hotspot_percentile": "top_10_pct", "label": ">= 2 estati"}, "geometry": {"type": "Polygon", "coordinates": [[[11.242280895795584, 44.544971122529475], [11.242658265638772, 44.54496370953803], [11.24266863237386, 44.545233581728006], [11.243046003812479, 44.54522616742131], [11.243025267006063, 44.5446864231654], [11.24227053094671, 44.544701250255414], [11.242280895795584, 44.544971122529475]]]}}, {"type": "Feature", "properties": {"threshold": "ge_2", "source": "HistorySUHI", "period": "2013-2025", "hotspot_percentile": "top_10_pct", "label": ">= 2 estati"}, "geometry": {"type": "Polygon", "coordinates": [[[11.243046003812479, 44.54522616742131], [11.243056372433827, 44.54549603952719], [11.243433745467875, 44.54548862390519], [11.243423375105671, 44.54521875186871], [11.243046003812479, 44.54522616742131]]]}}, {"type": "Feature", "properties": {"threshold": "ge_2", "source": "HistorySUHI", "period": "2013-2025", "hotspot_percentile": "top_10_pct", "label": ">= 2 estati"}, "geometry": {"type": "Polygon", "coordinates": [[[11.243433745467875, 44.54548862390519], [11.243444115975533, 44.545758495926954], [11.243821490605004, 44.545751078989646], [11.243811118356469, 44.54548120703729], [11.243433745467875, 44.54548862390519]]]}}, {"type": "Feature", "properties": {"threshold": "ge_2", "source": "HistorySUHI", "period": "2013-2025", "hotspot_percentile": "top_10_pct", "label": ">= 2 estati"}, "geometry": {"type": "Polygon", "coordinates": [[[11.241200585705583, 44.54634271621836], [11.241190225352618, 44.54607284380981], [11.240812847964541, 44.54608025209501], [11.240802489497808, 44.54581037960242], [11.240425113705363, 44.54581778657237], [11.240414757124814, 44.545547913995755], [11.240037382928008, 44.54555531965048], [11.24001667368441, 44.5450155743145], [11.238884560667886, 44.5450377833875], [11.238894909994501, 44.54530765627069], [11.238517536957785, 44.54531505687248], [11.238527884688676, 44.545584929810225], [11.238464211069243, 44.545586178298535], [11.238465110777978, 44.545587701249815], [11.238471041006445, 44.54559626340253], [11.238784427349836, 44.545975227983426], [11.239006210677697, 44.54624197136377], [11.2398429255613, 44.54719095233422], [11.239892034249785, 44.5472545818932], [11.23988860275472, 44.547262922544526], [11.239888629984682, 44.54726297602539], [11.239940602196306, 44.5473343005514], [11.239893067460622, 44.54744868185361], [11.240109869855637, 44.54744442786306], [11.240099514144525, 44.547174555305396], [11.240476898787092, 44.54716714923484], [11.24046654148021, 44.54689727673176], [11.240843924236485, 44.54688986948453], [11.240823206576563, 44.54635012457289], [11.241200585705583, 44.54634271621836]]]}}, {"type": "Feature", "properties": {"threshold": "ge_2", "source": "HistorySUHI", "period": "2013-2025", "hotspot_percentile": "top_10_pct", "label": ">= 2 estati"}, "geometry": {"type": "Polygon", "coordinates": [[[11.247249020343835, 44.54649388438106], [11.246871641801862, 44.54650131274009], [11.24686125518936, 44.54623144138758], [11.24610650115025, 44.54624629422882], [11.24611688428089, 44.54651616572033], [11.246494263114204, 44.546508739853174], [11.246515033294328, 44.54704848265303], [11.246892415463918, 44.54704105540093], [11.246902802513478, 44.54731092670927], [11.247280186278385, 44.5473034981417], [11.24726979748782, 44.54703362690287], [11.247647179366012, 44.54702619715885], [11.247657569897573, 44.547296068328144], [11.248034953371022, 44.54728863726862], [11.248045345789343, 44.547558508353646], [11.249177500558057, 44.54753620749059], [11.24914630807146, 44.54672659481741], [11.248768928517329, 44.54673402947568], [11.248748137737287, 44.54619428748077], [11.24837076151921, 44.54620172075399], [11.248360368088788, 44.54593184966489], [11.247605618697119, 44.545946712334455], [11.247595228894221, 44.54567684109155], [11.247217855720658, 44.545684270487925], [11.247249020343835, 44.54649388438106]]]}}, {"type": "Feature", "properties": {"threshold": "ge_2", "source": "HistorySUHI", "period": "2013-2025", "hotspot_percentile": "top_10_pct", "label": ">= 2 estati"}, "geometry": {"type": "Polygon", "coordinates": [[[11.252446495003952, 44.553953566943726], [11.252452953358663, 44.554120910091754], [11.252577280898533, 44.55395098613848], [11.252446495003952, 44.553953566943726]]]}}, {"type": "Feature", "properties": {"threshold": "ge_2", "source": "HistorySUHI", "period": "2013-2025", "hotspot_percentile": "top_10_pct", "label": ">= 2 estati"}, "geometry": {"type": "Polygon", "coordinates": [[[11.252079483082495, 44.554230883471504], [11.252089896707963, 44.5545007534775], [11.251712467677805, 44.55450819887764], [11.251722879707694, 44.55477806893859], [11.25134544878983, 44.55478551316213], [11.251335038501596, 44.554515643031515], [11.250957609179363, 44.554523085939124], [11.250978426418515, 44.55506282632492], [11.251355859224091, 44.555055383278], [11.251366269804384, 44.55532525337915], [11.251068466838703, 44.55533112613829], [11.251101922136627, 44.555386805325846], [11.251246963904295, 44.55561878463231], [11.251693425063346, 44.55508208074523], [11.251876572115883, 44.5548619035775], [11.252105620087045, 44.55458650839544], [11.25216113674027, 44.55451974878414], [11.252376781293504, 44.55422501782569], [11.252079483082495, 44.554230883471504]]]}}, {"type": "Feature", "properties": {"threshold": "ge_2", "source": "HistorySUHI", "period": "2013-2025", "hotspot_percentile": "top_10_pct", "label": ">= 2 estati"}, "geometry": {"type": "Polygon", "coordinates": [[[11.250908089967954, 44.55506421314035], [11.250983308258759, 44.55518939789676], [11.250978426418515, 44.55506282632492], [11.250908089967954, 44.55506421314035]]]}}, {"type": "Feature", "properties": {"threshold": "ge_2", "source": "HistorySUHI", "period": "2013-2025", "hotspot_percentile": "top_10_pct", "label": ">= 2 estati"}, "geometry": {"type": "Polygon", "coordinates": [[[11.250569773052192, 44.554260657315815], [11.250428853980683, 44.55426343529446], [11.250479787485835, 44.55435139526958], [11.25057968328625, 44.5545176504624], [11.250569773052192, 44.554260657315815]]]}}, {"type": "Feature", "properties": {"threshold": "ge_2", "source": "HistorySUHI", "period": "2013-2025", "hotspot_percentile": "top_10_pct", "label": ">= 2 estati"}, "geometry": {"type": "Polygon", "coordinates": [[[11.250171535782878, 44.55372835690855], [11.250548960172244, 44.553720916702375], [11.250528147876176, 44.55318117603004], [11.25090556863647, 44.5531737347169], [11.25089516096587, 44.55290386442827], [11.251272579838664, 44.55289642193858], [11.251262170572561, 44.55262655170486], [11.251639587557856, 44.55261910803862], [11.251618765980776, 44.552079367666316], [11.251996179337144, 44.55207192289323], [11.251985767026238, 44.55180205275465], [11.25160835541128, 44.55180949745808], [11.25159794498781, 44.55153962723511], [11.250088304033536, 44.551569393308704], [11.25007790072156, 44.55129952279245], [11.249323082851522, 44.551314398213144], [11.249302283630692, 44.55077465685805], [11.248924877959533, 44.55078209256003], [11.248904082804769, 44.55024235100686], [11.247394472592326, 44.55027208079711], [11.247373691950932, 44.54973233862863], [11.246996292515918, 44.54973976782189], [11.24697551593989, 44.54920002545546], [11.246598119841584, 44.549207453263634], [11.24658773351331, 44.548937581988824], [11.246210339010497, 44.54894500848143], [11.246199954569057, 44.548675137122416], [11.246577347330717, 44.5486677106993], [11.246566961293802, 44.54839783939505], [11.246944352168656, 44.54839041179542], [11.246933964536318, 44.54812054054596], [11.246556575402563, 44.54812796807609], [11.246535804057105, 44.547588225394], [11.245403646228318, 44.54761050009142], [11.245382885911663, 44.54707075693355], [11.245005503159561, 44.5470781792018], [11.244974368999403, 44.546268564146224], [11.243842235538521, 44.54629082285021], [11.243831862999022, 44.5460209509273], [11.243077110112816, 44.546035783694805], [11.243097848373546, 44.54657552780355], [11.242720468230392, 44.5465829424572], [11.242730835837936, 44.546852814558896], [11.242353453808382, 44.54686022803596], [11.242363819820339, 44.547130100192305], [11.241609051843058, 44.54714492354726], [11.24161941451834, 44.54741479582763], [11.24086464247759, 44.54742961433733], [11.2408853612999, 44.54796935913128], [11.240507971579403, 44.547976766655786], [11.240536364101766, 44.548716511821276], [11.240578642404513, 44.548781223619464], [11.240756525324407, 44.54905219082463], [11.240926800688214, 44.54904884854264], [11.240937512866065, 44.54932788726791], [11.241106609173027, 44.54958546991682], [11.2413249212765, 44.549581183973515], [11.241338652591898, 44.54993879715699], [11.24145713649634, 44.55011873919996], [11.241723049265806, 44.55011351782211], [11.241733413540073, 44.550383389940635], [11.242865627969943, 44.55036115054194], [11.24284488911905, 44.54982140670641], [11.24359969104662, 44.54980657448763], [11.243610063881885, 44.55007644627396], [11.243987466368708, 44.55006902822602], [11.243977091792175, 44.54979915650911], [11.245109293155638, 44.549776895097025], [11.245088533991769, 44.54923715203572], [11.245465930672664, 44.549229729211795], [11.245476311923012, 44.549499600680335], [11.245853710199503, 44.54949217654086], [11.245864093336696, 44.54976204792522], [11.245486693318973, 44.54976947213416], [11.245497074860552, 44.55003934357328], [11.244364868710012, 44.55006160893197], [11.244375245173353, 44.55033148056473], [11.243243032489033, 44.55035373491681], [11.243253403873975, 44.5506236067431], [11.242498591207703, 44.55063843688604], [11.24250895925543, 44.550908308836405], [11.241981591517963, 44.5509186659528], [11.242182618976608, 44.5512284939924], [11.242952582504731, 44.55241993090067], [11.243051194838962, 44.55258128999028], [11.243376363748668, 44.553147082312044], [11.243395336780502, 44.55318277354002], [11.244755064291441, 44.55518537162873], [11.24531691682771, 44.55517432247202], [11.245327299540378, 44.55544419368622], [11.245704736275242, 44.555436769264446], [11.245705120272468, 44.555446748371516], [11.248887758077169, 44.554477269077125], [11.249014480205325, 44.55443867247001], [11.249115604612824, 44.55440560345963], [11.250184178208203, 44.554056268007855], [11.250171535782878, 44.55372835690855]], [[11.249794111247565, 44.55373579586847], [11.249804514131366, 44.55400566632179], [11.249049661139807, 44.554020540642114], [11.249028862484462, 44.55348079944235], [11.24940628557002, 44.553473363044496], [11.249395884719604, 44.553203492492116], [11.249018463375595, 44.55321092882038], [11.248976868398778, 44.55213144618524], [11.249354282776832, 44.552124010135344], [11.249364683043694, 44.552393880746635], [11.249742099017316, 44.55238644338096], [11.249752501171539, 44.55265631390791], [11.250129918740722, 44.55264887522644], [11.250171535782878, 44.55372835690855], [11.249794111247565, 44.55373579586847]], [[11.249333482680747, 44.55158426886861], [11.248956071785525, 44.551591704779334], [11.248945673697678, 44.551321834054285], [11.249323082851522, 44.551314398213144], [11.249333482680747, 44.55158426886861]]]}}, {"type": "Feature", "properties": {"threshold": "ge_2", "source": "HistorySUHI", "period": "2013-2025", "hotspot_percentile": "top_10_pct", "label": ">= 2 estati"}, "geometry": {"type": "Polygon", "coordinates": [[[11.236150862758732, 44.50322947438903], [11.23614686476071, 44.50312493908092], [11.235719585056652, 44.50323532979143], [11.235721296174475, 44.50323788663021], [11.236150862758732, 44.50322947438903]]]}}, {"type": "Feature", "properties": {"threshold": "ge_2", "source": "HistorySUHI", "period": "2013-2025", "hotspot_percentile": "top_10_pct", "label": ">= 2 estati"}, "geometry": {"type": "Polygon", "coordinates": [[[11.237271841751447, 44.50293743352789], [11.237269132246713, 44.50286662315088], [11.236991543060036, 44.5029251654146], [11.236991443188408, 44.502925185376796], [11.236900726156101, 44.50294470476493], [11.237271841751447, 44.50293743352789]]]}}, {"type": "Feature", "properties": {"threshold": "ge_2", "source": "HistorySUHI", "period": "2013-2025", "hotspot_percentile": "top_10_pct", "label": ">= 2 estati"}, "geometry": {"type": "Polygon", "coordinates": [[[11.237648941626396, 44.50293004254752], [11.238403140941879, 44.50291525685454], [11.238393011919841, 44.50265067803687], [11.238291249677806, 44.5026639480069], [11.238262205728068, 44.50266859563383], [11.238031113358401, 44.50270581471455], [11.237670291982253, 44.50278188369494], [11.237643488346778, 44.50278755018037], [11.237648941626396, 44.50293004254752]]]}}, {"type": "Feature", "properties": {"threshold": "ge_2", "source": "HistorySUHI", "period": "2013-2025", "hotspot_percentile": "top_10_pct", "label": ">= 2 estati"}, "geometry": {"type": "Polygon", "coordinates": [[[11.238769906867123, 44.5026379872269], [11.23879057404247, 44.50317773704227], [11.239167675075135, 44.50317034101638], [11.239178010617195, 44.5034402158328], [11.238800907847454, 44.50344761192792], [11.23881124179731, 44.50371748679884], [11.237679927407612, 44.50373966782716], [11.237700585319109, 44.50427941794008], [11.237323476758608, 44.504286809266304], [11.237333804194387, 44.50455668436989], [11.236956693751914, 44.50456407452113], [11.236978757905264, 44.50514072062684], [11.237063910033458, 44.50527056792362], [11.237011477797148, 44.50528735889937], [11.236984700447163, 44.50529602881337], [11.237018650983595, 44.50618332524884], [11.237395771849695, 44.506175934682624], [11.237416428893193, 44.50671568466925], [11.238170677140417, 44.50670089952741], [11.238160345071512, 44.506431024679806], [11.238914589264567, 44.50641623469944], [11.238831910131662, 44.504257236496606], [11.239586125948987, 44.50424244264695], [11.239575788235076, 44.50397256794387], [11.23995289418921, 44.503965169222084], [11.239942554883108, 44.50369529457355], [11.24031965895517, 44.503687894676894], [11.240309318056926, 44.503418020082904], [11.240686420246922, 44.503410619011404], [11.240624367479755, 44.50179137155416], [11.241001459102735, 44.50178396965421], [11.24099466081471, 44.50160659031493], [11.240970808414188, 44.50161276704851], [11.240926804139564, 44.50162419089146], [11.240910911430724, 44.50162897714853], [11.240741351398327, 44.50168036125605], [11.240577631523362, 44.50175055392481], [11.240478232679756, 44.50180181193525], [11.24020315747229, 44.50198386798052], [11.240005677588039, 44.502103093209435], [11.240005592011894, 44.50210315790671], [11.239978243276118, 44.502117567521424], [11.239744431457234, 44.50224100718721], [11.239578373013215, 44.502318527391324], [11.239359333866958, 44.502416838317764], [11.239110716476759, 44.502526883177886], [11.23911036865371, 44.50252699803112], [11.239046606118258, 44.502547748252205], [11.23897637005717, 44.502570596968155], [11.238838238532535, 44.502596937820904], [11.238702729260261, 44.50261029036713], [11.238440850443995, 44.50264443981168], [11.238769906867123, 44.5026379872269]]]}}, {"type": "Feature", "properties": {"threshold": "ge_2", "source": "HistorySUHI", "period": "2013-2025", "hotspot_percentile": "top_10_pct", "label": ">= 2 estati"}, "geometry": {"type": "Polygon", "coordinates": [[[11.24835647762345, 44.49677795109041], [11.248366853245631, 44.497047824511206], [11.248743912294948, 44.49704039766876], [11.248733534936312, 44.496770524317476], [11.249110592103703, 44.49676309630074], [11.24912097119879, 44.497032969582506], [11.249498029957133, 44.497025540252466], [11.249508410934192, 44.497295413450004], [11.250262531487218, 44.497280550919434], [11.25027291608279, 44.49755042396315], [11.251404101029927, 44.49752812063007], [11.251424881076947, 44.49806786625588], [11.251801945907763, 44.4980604291847], [11.251791554074895, 44.497790556448756], [11.253299804995025, 44.49776079600423], [11.253279765575519, 44.49724071556324], [11.253050209858175, 44.49721580913725], [11.252011004100543, 44.497110746205614], [11.251600376953368, 44.49707284269105], [11.251243109876064, 44.49703305719311], [11.251108944809754, 44.49701818384988], [11.251046337037486, 44.497005275333166], [11.250952415456858, 44.496985980208606], [11.250850644759513, 44.49696602053116], [11.250584411354504, 44.496921125077186], [11.250443904354585, 44.496888523839054], [11.249959398463917, 44.49679347291092], [11.249216923949527, 44.496656068195776], [11.249140828010551, 44.49664269517222], [11.248772185712111, 44.49657814384547], [11.248605101912649, 44.496555651624206], [11.24854651484998, 44.49654783902747], [11.24842363849646, 44.49652751866801], [11.248085752084423, 44.496471830087984], [11.247625484259013, 44.49639263162503], [11.247620620462834, 44.496448696507294], [11.247626428498739, 44.49647643617802], [11.2476481706328, 44.49657349718218], [11.247666101114264, 44.49661850821626], [11.247745435653268, 44.49678998153095], [11.24835647762345, 44.49677795109041]]]}}, {"type": "Feature", "properties": {"threshold": "ge_2", "source": "HistorySUHI", "period": "2013-2025", "hotspot_percentile": "top_10_pct", "label": ">= 2 estati"}, "geometry": {"type": "Polygon", "coordinates": [[[11.257028758971773, 44.496606820637346], [11.257007928289815, 44.49606707695463], [11.257384978777948, 44.4960596217145], [11.257343312220879, 44.494980134451296], [11.257720355617847, 44.494972678246555], [11.257709937607402, 44.49470280646371], [11.257332895946659, 44.494710262598666], [11.257322479818452, 44.49444039073129], [11.256945439747899, 44.49444784555281], [11.25693502550188, 44.49417797360094], [11.256557987021518, 44.49418542710905], [11.256547574657642, 44.493915555072704], [11.255793500731384, 44.493930458218486], [11.255783091985736, 44.49366058602792], [11.25540605653987, 44.49366803566562], [11.255395649676244, 44.49339816339061], [11.25517763608139, 44.493402469179905], [11.255197020441608, 44.49343776583918], [11.255257476591927, 44.49356130248278], [11.255276379461332, 44.49359976624469], [11.255303867901993, 44.49364104024705], [11.255340612680817, 44.49369599537014], [11.255391199848491, 44.4938052777451], [11.255435969641495, 44.493906230595535], [11.255459055652043, 44.49394651122597], [11.255500290439082, 44.4940180864015], [11.255539189056611, 44.49407115337039], [11.255580396787659, 44.49413125974375], [11.255629782839993, 44.49420285386644], [11.255675051116029, 44.49427366508168], [11.2557054087825, 44.49432083300437], [11.255734278336403, 44.49437637572871], [11.255742424925355, 44.49439193328499], [11.255781018248259, 44.4944755520046], [11.255805128526868, 44.49452378862048], [11.255823984207154, 44.494561010860004], [11.255856385847753, 44.49460964178366], [11.25591452900656, 44.49469629511974], [11.255940196087712, 44.49473010579253], [11.255948386719178, 44.49473995481803], [11.255980118105748, 44.49477739972306], [11.25605043685025, 44.494849381216234], [11.256133944596275, 44.49492416289107], [11.256144499124156, 44.49493855650695], [11.256164685123457, 44.49496591256086], [11.256167266007225, 44.49498749478701], [11.256169002042022, 44.4950015225287], [11.256169009254677, 44.49500203553401], [11.256169199830843, 44.49500371525263], [11.25616925951261, 44.49502189031031], [11.256169550195803, 44.49504507524736], [11.256190949645125, 44.49511073135613], [11.256208374956344, 44.4951516188458], [11.256226583639485, 44.495186729189996], [11.256226586068783, 44.49518679216013], [11.256226667030479, 44.49518693460151], [11.256233028550831, 44.4952295711922], [11.256233194371315, 44.495294836718635], [11.256231626244945, 44.49533537037957], [11.25623175092855, 44.49534577491342], [11.256232134728906, 44.49536648229559], [11.256235441080195, 44.49537459130349], [11.256271913511718, 44.49546286108902], [11.256333341687268, 44.49562875311623], [11.256348981079253, 44.49568235153067], [11.2563699364502, 44.495753111844174], [11.256391622736562, 44.49580918225798], [11.256620464270028, 44.4958046590178], [11.25663087765568, 44.49607453095103], [11.25647902524146, 44.49607753245253], [11.256493033513935, 44.4961129340579], [11.25650488822165, 44.496142435295695], [11.256529130944626, 44.4962100427063], [11.256542873921397, 44.496248059077544], [11.256551078437454, 44.496262823198215], [11.256579059807118, 44.49631257657599], [11.25666527415186, 44.496591069007415], [11.256673466300704, 44.496613844562596], [11.257028758971773, 44.496606820637346]]]}}, {"type": "Feature", "properties": {"threshold": "ge_2", "source": "HistorySUHI", "period": "2013-2025", "hotspot_percentile": "top_10_pct", "label": ">= 2 estati"}, "geometry": {"type": "Polygon", "coordinates": [[[11.261365566734689, 44.49165959381059], [11.261386434408138, 44.492199336289026], [11.26176345883645, 44.49219186710287], [11.261784330566913, 44.49273160938253], [11.264423521771542, 44.492679289280716], [11.26440262573735, 44.4921395479803], [11.264779648994718, 44.492132068845756], [11.264769199461371, 44.49186219824343], [11.26514622083633, 44.49185471793533], [11.265125318737262, 44.491314976826445], [11.265879354104095, 44.491300012759744], [11.265868899802593, 44.49103014232321], [11.267376961834167, 44.491000199548004], [11.26735603978429, 44.49046045919114], [11.267733051454039, 44.490452970528764], [11.267722588913283, 44.4901831003983], [11.26809959870061, 44.49017561056257], [11.268093768548509, 44.490025250847104], [11.268088341947061, 44.49002574395214], [11.267531288696862, 44.49017410875229], [11.267073173896074, 44.49026796687907], [11.266771194119787, 44.490329932676644], [11.266567716933062, 44.49037281003732], [11.26592972457093, 44.49050752359798], [11.265870909157133, 44.490520016282325], [11.264759510290515, 44.490756377371106], [11.264071832933858, 44.49090575916801], [11.26402761636276, 44.490906501057246], [11.264027317187702, 44.49090657000878], [11.263959783252089, 44.49092161130197], [11.263710083219534, 44.49097751773258], [11.263603981618202, 44.491001155850256], [11.263011787659206, 44.49113312642855], [11.262969254214168, 44.491142594070325], [11.26275959947422, 44.49118945821045], [11.261882949016837, 44.491395894723205], [11.261831446964605, 44.49140078626849], [11.26178185670769, 44.491391694888236], [11.26177407614351, 44.49139441478231], [11.261705736836836, 44.491418581326215], [11.26140592016032, 44.49150914532834], [11.261327813744291, 44.49153280292297], [11.261079996965973, 44.49160502400901], [11.26085848194657, 44.49166963699694], [11.261365566734689, 44.49165959381059]]]}}, {"type": "Feature", "properties": {"threshold": "ge_2", "source": "HistorySUHI", "period": "2013-2025", "hotspot_percentile": "top_10_pct", "label": ">= 2 estati"}, "geometry": {"type": "Polygon", "coordinates": [[[11.26964952214183, 44.49122511781622], [11.270026538138685, 44.49121762148263], [11.270037011681225, 44.491487491133356], [11.270414029267119, 44.49147999348612], [11.27040355398873, 44.49121012390557], [11.270780569691944, 44.49120262508501], [11.270768415481113, 44.4908895407153], [11.270739708132114, 44.490897467668795], [11.270633548894812, 44.49093671497335], [11.270400848150867, 44.49097678645159], [11.270321761114355, 44.490989648585476], [11.270067129151737, 44.49102040572599], [11.269914250765176, 44.491040325532445], [11.269912779011326, 44.491040642879916], [11.26984737391823, 44.49105476307407], [11.269795175486857, 44.491070529194744], [11.269645283765389, 44.49111588799137], [11.26964952214183, 44.49122511781622]]]}}, {"type": "Feature", "properties": {"threshold": "ge_2", "source": "HistorySUHI", "period": "2013-2025", "hotspot_percentile": "top_10_pct", "label": ">= 2 estati"}, "geometry": {"type": "Polygon", "coordinates": [[[11.266434146629463, 44.495880322834736], [11.267188240143218, 44.49586534892496], [11.267198702291724, 44.496135218885804], [11.26795279869141, 44.49612023986105], [11.267963264459182, 44.49639010966698], [11.268717363744631, 44.496375125527166], [11.268727833131763, 44.4966449951781], [11.270236036886613, 44.496615011693294], [11.270246513365867, 44.49688488104889], [11.270623565673827, 44.496877381998196], [11.270613087458239, 44.496607512712785], [11.27099013788298, 44.49660001248856], [11.27095869890866, 44.49579040475435], [11.270581653692766, 44.49579790476802], [11.270560698583504, 44.49525816606437], [11.270183656693185, 44.49526566469401], [11.270162705643756, 44.49472592579098], [11.26978566707895, 44.49473342303662], [11.269796140794073, 44.49500329256568], [11.269419100346276, 44.49501078863781], [11.269408628367321, 44.49474091903862], [11.268654550503713, 44.494755907311664], [11.26866501901032, 44.49502577705113], [11.26527164573734, 44.49509316334985], [11.265250740122, 44.494553422594905], [11.262988505512777, 44.49459828998918], [11.262978063341832, 44.494328419169705], [11.262223987439807, 44.4943433648787], [11.262171796141605, 44.4929940098608], [11.261417737015258, 44.49300894989613], [11.26140730266662, 44.4927390787085], [11.261030274620067, 44.49274654679088], [11.261040707232674, 44.4930164180484], [11.260663677303846, 44.49302388495708], [11.260705402272343, 44.49410337011924], [11.261836512453153, 44.49408096482371], [11.261878260595534, 44.4951604489113], [11.260370085616284, 44.495190321269625], [11.260380516072651, 44.495460192534225], [11.26000347022599, 44.49546765758444], [11.260045186568375, 44.49654714277491], [11.259668133630248, 44.49655460686083], [11.259688989205854, 44.49709434950732], [11.260066045616764, 44.497086885281696], [11.260086905249976, 44.497626627729524], [11.260841024578896, 44.49761169526744], [11.260830591216289, 44.49734182419064], [11.261584706487286, 44.497326886893205], [11.261553396858627, 44.496517273993724], [11.260799292006, 44.4965322108718], [11.260788859228406, 44.496262339736035], [11.261920011078876, 44.496239932763004], [11.261909573238567, 44.49597006182219], [11.262286621826465, 44.495962590413654], [11.262276182396183, 44.49569271952801], [11.263030275660359, 44.49567777311965], [11.263040718563216, 44.495947643865414], [11.263794814714405, 44.49593269234233], [11.26380526123627, 44.49620256293342], [11.264559360274305, 44.496187606295514], [11.264548910279839, 44.4959177358444], [11.264925957842834, 44.49591025572988], [11.26491550625858, 44.49564038533401], [11.266423688100137, 44.495610452719], [11.266434146629463, 44.495880322834736]], [[11.261899135544574, 44.49570019086664], [11.261888697996898, 44.495430319896336], [11.26226574311224, 44.49542284862764], [11.262276182396183, 44.49569271952801], [11.261899135544574, 44.49570019086664]]]}}, {"type": "Feature", "properties": {"threshold": "ge_2", "source": "HistorySUHI", "period": "2013-2025", "hotspot_percentile": "top_10_pct", "label": ">= 2 estati"}, "geometry": {"type": "Polygon", "coordinates": [[[11.27213177343656, 44.49684737335813], [11.27215274419931, 44.497387111323], [11.272906854144301, 44.49737209925961], [11.272885876436122, 44.496832361575706], [11.273262927715368, 44.496824853818914], [11.273241947122711, 44.49628511621648], [11.272864899316072, 44.496292623832765], [11.272833434738692, 44.49548301710763], [11.271325262877117, 44.49551303429295], [11.27134622522511, 44.49605277268629], [11.271723271883433, 44.49604527011505], [11.271754721716292, 44.49685487738374], [11.27213177343656, 44.49684737335813]]]}}, {"type": "Feature", "properties": {"threshold": "ge_2", "source": "HistorySUHI", "period": "2013-2025", "hotspot_percentile": "top_10_pct", "label": ">= 2 estati"}, "geometry": {"type": "Polygon", "coordinates": [[[11.24952917332489, 44.49783515980089], [11.249539554738536, 44.498105032954264], [11.24991662029738, 44.498097602102256], [11.249906237147194, 44.49782772901844], [11.24952917332489, 44.49783515980089]]]}}, {"type": "Feature", "properties": {"threshold": "ge_2", "source": "HistorySUHI", "period": "2013-2025", "hotspot_percentile": "top_10_pct", "label": ">= 2 estati"}, "geometry": {"type": "Polygon", "coordinates": [[[11.269890410837396, 44.49743211766308], [11.269513354762989, 44.49743961436661], [11.26954477554453, 44.49824922267729], [11.269921836828248, 44.49824172576328], [11.269890410837396, 44.49743211766308]]]}}, {"type": "Feature", "properties": {"threshold": "ge_2", "source": "HistorySUHI", "period": "2013-2025", "hotspot_percentile": "top_10_pct", "label": ">= 2 estati"}, "geometry": {"type": "Polygon", "coordinates": [[[11.248785423184268, 44.49811989092673], [11.248408357188895, 44.498127318047196], [11.2484134586977, 44.49826000066958], [11.248444757122476, 44.498333040603825], [11.24851843755839, 44.4985040249987], [11.248610446065605, 44.49868844029771], [11.248758945352034, 44.498931402904994], [11.248820581380144, 44.49903413053057], [11.248785423184268, 44.49811989092673]]]}}, {"type": "Feature", "properties": {"threshold": "ge_2", "source": "HistorySUHI", "period": "2013-2025", "hotspot_percentile": "top_10_pct", "label": ">= 2 estati"}, "geometry": {"type": "Polygon", "coordinates": [[[11.25259765781332, 44.499125041550386], [11.252974729153362, 44.49911760046917], [11.252985126924592, 44.499387472922606], [11.254116345279972, 44.4993651420067], [11.254095539463508, 44.49882539750308], [11.253718470297436, 44.498832842246244], [11.253708069344544, 44.49856296990267], [11.253331001769256, 44.49857041333232], [11.253320602698734, 44.49830054090435], [11.252943536714234, 44.4983079830205], [11.252953934048186, 44.49857785551812], [11.25257686618136, 44.498585296460064], [11.25259765781332, 44.499125041550386]]]}}, {"type": "Feature", "properties": {"threshold": "ge_2", "source": "HistorySUHI", "period": "2013-2025", "hotspot_percentile": "top_10_pct", "label": ">= 2 estati"}, "geometry": {"type": "Polygon", "coordinates": [[[11.249570699852677, 44.49891465232601], [11.249193628938514, 44.49892208214276], [11.249204009197664, 44.49919195530677], [11.249581081848469, 44.49918452542048], [11.249570699852677, 44.49891465232601]]]}}, {"type": "Feature", "properties": {"threshold": "ge_2", "source": "HistorySUHI", "period": "2013-2025", "hotspot_percentile": "top_10_pct", "label": ">= 2 estati"}, "geometry": {"type": "Polygon", "coordinates": [[[11.260139056891742, 44.498975983591144], [11.259384919612714, 44.49899091177656], [11.259374492465072, 44.498721040494004], [11.258620358074506, 44.498735963564336], [11.258630781748986, 44.49900583498655], [11.25825371259792, 44.49901329472576], [11.25826413468192, 44.49928316620304], [11.257887063648143, 44.49929062476821], [11.25789748414161, 44.49956049630054], [11.257520411225116, 44.49956795369162], [11.257530830128005, 44.499837825279016], [11.257153755328789, 44.499845281496], [11.257164172641051, 44.50011515313844], [11.256787095959108, 44.50012260818127], [11.25681834356192, 44.50093222322951], [11.257572507200198, 44.500917311481274], [11.257582926833416, 44.50118718299499], [11.257205843350516, 44.50119463956087], [11.257216261392998, 44.50146451112963], [11.257593346612708, 44.501457054493976], [11.257603766538073, 44.501726925978225], [11.257980853348542, 44.50171946802882], [11.25799127515684, 44.501989339428526], [11.25836836355806, 44.50198188016534], [11.258357940012905, 44.501712008835426], [11.258735026531141, 44.50170454839807], [11.258714176405583, 44.50116480583366], [11.259468342056335, 44.501149881506365], [11.25945791373923, 44.50088001034172], [11.259834994608555, 44.500872546382006], [11.259824564700894, 44.50060267527247], [11.26020164368726, 44.50059521013868], [11.260139056891742, 44.498975983591144]]]}}, {"type": "Feature", "properties": {"threshold": "ge_2", "source": "HistorySUHI", "period": "2013-2025", "hotspot_percentile": "top_10_pct", "label": ">= 2 estati"}, "geometry": {"type": "Polygon", "coordinates": [[[11.255655865037285, 44.50014496584636], [11.254901710359656, 44.50015986473684], [11.254891303467573, 44.499889992675975], [11.254514227646611, 44.499897440185634], [11.254524632801987, 44.500167312316215], [11.25414755509845, 44.50017475865166], [11.254126748406959, 44.499635014236425], [11.253372599509174, 44.4996499028969], [11.253382999308625, 44.49991977525122], [11.253760075567113, 44.499912331473276], [11.25377047724907, 44.500182203743194], [11.2511309282218, 44.500234284554146], [11.251141317892365, 44.50050415729675], [11.250387156242704, 44.50051902647227], [11.250418315707499, 44.501328645029204], [11.25079540181556, 44.5013212108547], [11.2508057903319, 44.50159108360798], [11.251182878031178, 44.50158364811991], [11.25119326843003, 44.501853520788906], [11.25345580198714, 44.50180888131909], [11.253466202953007, 44.502078753555594], [11.253843293105879, 44.50207130922032], [11.253832890403126, 44.501801437053494], [11.255341242608488, 44.50177164755118], [11.255330833104162, 44.5015017756484], [11.255707919053886, 44.50149432523259], [11.255697507958667, 44.501224453384815], [11.256074592025618, 44.50121700179476], [11.256053766799466, 44.500677258194465], [11.255676686206082, 44.50068470964504], [11.255655865037285, 44.50014496584636]]]}}, {"type": "Feature", "properties": {"threshold": "ge_2", "source": "HistorySUHI", "period": "2013-2025", "hotspot_percentile": "top_10_pct", "label": ">= 2 estati"}, "geometry": {"type": "Polygon", "coordinates": [[[11.271157834744344, 44.50091791816106], [11.270780756535382, 44.50092541950841], [11.270770276116242, 44.500655550444364], [11.270393199497056, 44.50066305047762], [11.270403678179498, 44.50093291961186], [11.270026599676715, 44.5009404184714], [11.27006850892846, 44.50201989514146], [11.271199764837197, 44.50199739398883], [11.271157834744344, 44.50091791816106]]]}}, {"type": "Feature", "properties": {"threshold": "ge_2", "source": "HistorySUHI", "period": "2013-2025", "hotspot_percentile": "top_10_pct", "label": ">= 2 estati"}, "geometry": {"type": "Polygon", "coordinates": [[[11.258410059199992, 44.50306136533762], [11.258420483475817, 44.503331236593844], [11.258797580415523, 44.50332377573757], [11.258776728536093, 44.50278403335001], [11.258022541458386, 44.50279895353928], [11.25803296385112, 44.503068824880046], [11.258410059199992, 44.50306136533762]]]}}, {"type": "Feature", "properties": {"threshold": "ge_2", "source": "HistorySUHI", "period": "2013-2025", "hotspot_percentile": "top_10_pct", "label": ">= 2 estati"}, "geometry": {"type": "Polygon", "coordinates": [[[11.25198902381287, 44.50291813591345], [11.25199941841406, 44.5031880083696], [11.251622320584541, 44.50319544676329], [11.251611927720344, 44.50292557423754], [11.250857735098219, 44.50294044715358], [11.250847345853662, 44.5026705744739], [11.250093156122889, 44.50268544227462], [11.250103541893488, 44.50295531509342], [11.24934934810635, 44.50297017805709], [11.24935973054854, 44.50324005100027], [11.24898263169962, 44.50324748068556], [11.248993012550333, 44.50351735368355], [11.248615911818844, 44.503524782194276], [11.248626291078029, 44.50379465524708], [11.247872085704415, 44.503809508675324], [11.247882461634935, 44.5040793818524], [11.247128252205282, 44.50409423044325], [11.24713862480703, 44.50436410374458], [11.246761518136942, 44.5043715262433], [11.246771889146965, 44.504641399599365], [11.246394780594335, 44.504648820923435], [11.246405150012581, 44.50491869433423], [11.246782260302387, 44.5049112729407], [11.246792631603208, 44.505181146267326], [11.247923966811697, 44.505158874413496], [11.2479135902993, 44.504889001295304], [11.249044918986952, 44.50486671845266], [11.249055300710905, 44.50513659136233], [11.249432411719575, 44.50512916119031], [11.249442795326281, 44.50539903401571], [11.24981990792658, 44.505391602530004], [11.24983029341609, 44.50566147527114], [11.250961635554953, 44.50563917314039], [11.250940854298284, 44.505099428060824], [11.251317964578845, 44.505091991668095], [11.251307572431848, 44.50482211917583], [11.25168468082955, 44.50481468160857], [11.251643106750047, 44.503735191770616], [11.252020208053624, 44.5037277532377], [11.252009813160978, 44.50345788081101], [11.252386912581786, 44.503450441103624], [11.252366119759673, 44.50291069634532], [11.25198902381287, 44.50291813591345]]]}}, {"type": "Feature", "properties": {"threshold": "ge_2", "source": "HistorySUHI", "period": "2013-2025", "hotspot_percentile": "top_10_pct", "label": ">= 2 estati"}, "geometry": {"type": "Polygon", "coordinates": [[[11.259960164906092, 44.50411099854664], [11.25882885933092, 44.504133389208356], [11.258849712672047, 44.50467313144852], [11.258472607047116, 44.50468059265392], [11.258493457498695, 44.50522033497479], [11.258870566597889, 44.50521287362972], [11.25888099378008, 44.505482744698234], [11.26001232541195, 44.50546035298879], [11.26000189301827, 44.50519048212984], [11.260379001532586, 44.5051830158083], [11.26036856754803, 44.50491314500449], [11.260745674178935, 44.50490567750872], [11.260735238603552, 44.50463580676005], [11.260358133709753, 44.50464327418593], [11.260347700017752, 44.50437340335263], [11.259970596714762, 44.504380869464555], [11.259960164906092, 44.50411099854664]]]}}, {"type": "Feature", "properties": {"threshold": "ge_2", "source": "HistorySUHI", "period": "2013-2025", "hotspot_percentile": "top_10_pct", "label": ">= 2 estati"}, "geometry": {"type": "Polygon", "coordinates": [[[11.26491474726406, 44.505363192858695], [11.264537638769587, 44.50537067417958], [11.264558545688034, 44.50591041417475], [11.264935657656833, 44.50590293271384], [11.26491474726406, 44.505363192858695]]]}}, {"type": "Feature", "properties": {"threshold": "ge_2", "source": "HistorySUHI", "period": "2013-2025", "hotspot_percentile": "top_10_pct", "label": ">= 2 estati"}, "geometry": {"type": "Polygon", "coordinates": [[[11.256345373108031, 44.50823366323556], [11.255968243875872, 44.50824111663895], [11.25595782913106, 44.50797124515949], [11.256712083974481, 44.50795633724797], [11.256691247973333, 44.50741659452388], [11.25518275160157, 44.507446404811965], [11.255224396389455, 44.50852589131712], [11.256355789736311, 44.50850353463053], [11.256345373108031, 44.50823366323556]]]}}, {"type": "Feature", "properties": {"threshold": "ge_2", "source": "HistorySUHI", "period": "2013-2025", "hotspot_percentile": "top_10_pct", "label": ">= 2 estati"}, "geometry": {"type": "Polygon", "coordinates": [[[11.251557024176487, 44.51129905492617], [11.251546628677888, 44.511029182772596], [11.250792331523362, 44.51104405737606], [11.250875471788323, 44.51320303530604], [11.249743983256181, 44.51322533954807], [11.24975437123123, 44.51349521193178], [11.251263029267722, 44.51346547017511], [11.251252634340963, 44.51319559806973], [11.251629796747856, 44.513188159588914], [11.251619400228947, 44.51291828753842], [11.252373721129619, 44.51290340698261], [11.252394521264831, 44.513443150790366], [11.252771684972261, 44.51343570850645], [11.252782086996534, 44.51370558031858], [11.253159252296054, 44.51369813672052], [11.253169656204136, 44.51396800844826], [11.253923989841452, 44.51395311737927], [11.253934397371369, 44.51422298895293], [11.254688733900949, 44.51420809276648], [11.254678322895082, 44.513938221332225], [11.255432655364826, 44.51392332030713], [11.255401412795509, 44.513113706334316], [11.255024251847397, 44.51312115725993], [11.25495136979389, 44.51123205698629], [11.254197071788967, 44.51124695412816], [11.254207479597508, 44.51151682577944], [11.25194457165496, 44.51156148775748], [11.25193417427286, 44.511291615688236], [11.251557024176487, 44.51129905492617]]]}}, {"type": "Feature", "properties": {"threshold": "ge_2", "source": "HistorySUHI", "period": "2013-2025", "hotspot_percentile": "top_10_pct", "label": ">= 2 estati"}, "geometry": {"type": "Polygon", "coordinates": [[[11.267554502619916, 44.50531078877741], [11.267585904909426, 44.50612039706672], [11.267963017442087, 44.50611290558264], [11.26798395650995, 44.50665264422819], [11.267229724349, 44.506667626232634], [11.26721925821614, 44.50639775677701], [11.266842143652788, 44.5064052458429], [11.266894467098034, 44.50775459332385], [11.266517343701551, 44.507762081495954], [11.26652780709339, 44.50803195101797], [11.265773556385646, 44.50804692376967], [11.265784016449407, 44.50831679341705], [11.264652634075818, 44.50833924342296], [11.26466308907398, 44.5086091132657], [11.266548734317157, 44.508571690017746], [11.266559198149091, 44.50884155949551], [11.266936328495147, 44.50883407104309], [11.26694679421124, 44.50910394043601], [11.265815397520607, 44.50912640227069], [11.265804937016886, 44.50885653266756], [11.26542780623079, 44.508864017387204], [11.265438264997048, 44.50913388706037], [11.265061132326855, 44.509141370605775], [11.26510296190815, 44.51022084943112], [11.265480101528444, 44.51021336560557], [11.265490561027896, 44.510483235205], [11.265867702239134, 44.5104757500651], [11.26588862515322, 44.511015489079604], [11.266265769693021, 44.51100800255523], [11.266286696669141, 44.511547741370606], [11.26666384453757, 44.51154025346174], [11.266674309983387, 44.51181012277723], [11.26780575792129, 44.511787651374064], [11.267784816750286, 44.51124791314893], [11.268539107690863, 44.51123292627207], [11.268507686609649, 44.510423319244445], [11.268884826646842, 44.51041582414991], [11.268895301931323, 44.51068569310374], [11.269272443559235, 44.51067819669472], [11.2693038755068, 44.511487803257175], [11.268926728665985, 44.51149529987666], [11.26893720453795, 44.51176516877146], [11.268560055812577, 44.51177266421671], [11.26857053009371, 44.5120425331669], [11.26819337948377, 44.51205002743791], [11.268203852174024, 44.512319896443465], [11.267449547038192, 44.512334881392526], [11.267439077823418, 44.51206501224673], [11.266307624232082, 44.512087480126986], [11.266297160377256, 44.511817610756175], [11.265920010624422, 44.511825097490735], [11.265930472741516, 44.512094966931606], [11.265176169320357, 44.51210993680764], [11.265165710678723, 44.51184006722667], [11.264788560485908, 44.51184755022805], [11.264757190653862, 44.511037941186565], [11.264002900254567, 44.51105290303608], [11.264023806378617, 44.51159264269185], [11.264400955126911, 44.51158516224927], [11.264442776084742, 44.51266464110383], [11.264819931637447, 44.51265715913679], [11.264830388981192, 44.51292702874354], [11.26520754612509, 44.51291954546205], [11.265218005353287, 44.51318941498401], [11.265595164088369, 44.51318193038803], [11.265637009419207, 44.51426140804825], [11.265259843732563, 44.5142688929244], [11.265291224056904, 44.51507850122481], [11.265668394957476, 44.51507101613851], [11.26567885709694, 44.51534088547244], [11.265301684458345, 44.5153483706288], [11.265312145006451, 44.51561824001801], [11.26493497048314, 44.515625723999854], [11.264955888543188, 44.51616546287412], [11.264578710397052, 44.51617294575145], [11.264589167908923, 44.5164428152365], [11.264211987878031, 44.51645029693926], [11.264232899865329, 44.51699003600513], [11.2638557162115, 44.51699751660331], [11.263824353664928, 44.51618790777238], [11.263447175078989, 44.51619538691597], [11.263499438031948, 44.51754473524375], [11.263122250608532, 44.51755221349267], [11.26313270190055, 44.51782208318397], [11.262378323137598, 44.51783703608779], [11.262388771099587, 44.518106905904276], [11.262011579760069, 44.51811438055915], [11.262022026130243, 44.51838425043085], [11.261644832905931, 44.51839172391098], [11.26165527768424, 44.51866159383787], [11.261278082575137, 44.51866906614325], [11.26128852576153, 44.51893893612533], [11.260911328767628, 44.518946407255925], [11.26092177036206, 44.51921627729317], [11.260544571483354, 44.51922374724897], [11.260523691917669, 44.51868400701992], [11.259392104833674, 44.51870640899965], [11.25941297396902, 44.51924614964799], [11.259035774504921, 44.51925361462489], [11.258983611455646, 44.517904262544185], [11.258606420537058, 44.517911725927114], [11.258585559817845, 44.51737198485198], [11.258208372229564, 44.51737944685056], [11.25819794382757, 44.517109576221046], [11.257820757831311, 44.51711703690517], [11.257810331313756, 44.5168471661911], [11.257055962359123, 44.51686208368581], [11.25704553946416, 44.51659221281741], [11.256668356505818, 44.516599669628036], [11.256657935495173, 44.51632979867511], [11.255903572616528, 44.51634470842297], [11.255924407831156, 44.51688445059315], [11.255547222696327, 44.51689190373966], [11.255526390958094, 44.516352161429985], [11.255149209153618, 44.5163596131924], [11.255138795241729, 44.51608974194571], [11.253630073516577, 44.51611953627034], [11.253619666703287, 44.515849664730105], [11.252865308441415, 44.51586455428543], [11.252938134863632, 44.517753655733166], [11.252560943346273, 44.51776109913151], [11.252571345966064, 44.51803097077764], [11.25181695901713, 44.51804585397961], [11.251827358306072, 44.518315725750284], [11.251450162874514, 44.51832316555384], [11.251460560570889, 44.518593037379425], [11.251083363255152, 44.518600476007876], [11.251104155608441, 44.51914021975411], [11.250726954670087, 44.519147657277045], [11.250737349326931, 44.519417529197675], [11.249982943536065, 44.5194324006485], [11.249993334861681, 44.51970227269357], [11.24923892501101, 44.519717139304475], [11.249249313005299, 44.51998701147396], [11.24887210612294, 44.51999444298179], [11.248882492524341, 44.52026431520608], [11.2485052837578, 44.52027174553867], [11.248515668566265, 44.520541617817784], [11.248892879071382, 44.52053418741566], [11.248913652602386, 44.521073931790646], [11.249668080130096, 44.52105906697375], [11.24974081641861, 44.52294817084862], [11.24936359055659, 44.52295560436643], [11.249373980298964, 44.52322547635922], [11.248619524660253, 44.523240339799194], [11.248629911070637, 44.52351021191636], [11.248252681293964, 44.52351764183848], [11.248263066111125, 44.52378751401046], [11.2475086026432, 44.52380237025892], [11.247498221303783, 44.52353249794791], [11.247875451371671, 44.523525070515674], [11.247865068438974, 44.52325519825944], [11.248242296622422, 44.52324776965179], [11.248159224492094, 44.5210887916282], [11.247782010218538, 44.52109621967973], [11.247761247119207, 44.5205564748876], [11.247384036177314, 44.52056390155529], [11.247373656584584, 44.52029402906762], [11.24661923774136, 44.52030887852958], [11.246608861771291, 44.52003900588825], [11.246231653869991, 44.52004642868254], [11.246242028101495, 44.520316301393336], [11.245864818316164, 44.520323723012304], [11.245875190954548, 44.52059359577784], [11.24512076747039, 44.52060843542021], [11.24513113677698, 44.520878308309904], [11.24475392307817, 44.52088572633327], [11.244764290791515, 44.521155599277684], [11.244387075208678, 44.521163016125605], [11.244397441328728, 44.5214328891247], [11.244020223861861, 44.52144030479719], [11.244040953060606, 44.52198005089004], [11.244418174004899, 44.52197263507876], [11.244449274109373, 44.52278225389947], [11.244826500124615, 44.522774836635065], [11.2448472377321, 44.52331458230313], [11.244470008239194, 44.52332199970636], [11.244480375522164, 44.523591872587744], [11.243348680954682, 44.52361411753598], [11.243379768025562, 44.52442373671636], [11.243757004910165, 44.52441632277042], [11.243777733828605, 44.52495606867835], [11.24415497404584, 44.52494865334863], [11.244165340462088, 44.52521852621113], [11.244542582272974, 44.52521110956698], [11.244552950573627, 44.52548098234536], [11.246816408819077, 44.52543645591839], [11.246785273051135, 44.52462683878922], [11.247162510365799, 44.524619413568914], [11.247141750436958, 44.524079668881505], [11.248650684328345, 44.52404995610654], [11.248661071175668, 44.52431982817954], [11.249038306023367, 44.524312396803836], [11.249048694755283, 44.52458226879257], [11.249803167491498, 44.52456740216714], [11.249813559847011, 44.524837274002024], [11.250190797735495, 44.52482983875225], [11.250211586361692, 44.525369582238675], [11.250588827582403, 44.525362145604724], [11.250620016832041, 44.52617176051514], [11.250997263124114, 44.526164322427356], [11.250986864822709, 44.52589445087489], [11.251741353491248, 44.52587957110341], [11.251730951857565, 44.52560969967545], [11.252108194234015, 44.5256022579918], [11.252097791007175, 44.52533238661877], [11.25436123176744, 44.525287710789556], [11.254371645428323, 44.52555758174451], [11.25512612799179, 44.52554267970196], [11.255115710852913, 44.52527280888646], [11.255492950176547, 44.525265356067415], [11.255440857978629, 44.523916002117694], [11.256572548989107, 44.52389363723708], [11.256562125771264, 44.52362376661223], [11.258071038116883, 44.523593929621526], [11.25806060808996, 44.52332405926117], [11.258815059907732, 44.52330913343598], [11.258762894579558, 44.52195978211148], [11.259140111575377, 44.52195231768081], [11.259129677209966, 44.52168244744154], [11.259506892320822, 44.521674981835886], [11.259517328424884, 44.521944852005284], [11.260648978095285, 44.52192244750967], [11.260659419561692, 44.52219231745466], [11.261413855420608, 44.52217737476022], [11.261403410476875, 44.521907504955074], [11.263289488867398, 44.521870126783895], [11.263279035376971, 44.52160025731379], [11.264787888496612, 44.52157033264993], [11.264777428198386, 44.52130046344513], [11.26515463937308, 44.52129297923716], [11.265144177482963, 44.52102311008765], [11.265898595915113, 44.52100813807742], [11.265888130694616, 44.52073826905327], [11.266265337952058, 44.520730781251046], [11.266244404474294, 44.52019104329863], [11.26699881159489, 44.520176064240225], [11.26698834159924, 44.51990619538207], [11.267742744655695, 44.5198912114849], [11.267732271329999, 44.5196213427522], [11.268486670322195, 44.51960635401636], [11.268476193666555, 44.51933648540919], [11.269984982934382, 44.519306493281555], [11.269964016156973, 44.51876675658428], [11.270341209629807, 44.51875925558099], [11.270278302395779, 44.51714004555613], [11.269901119352442, 44.51714754613824], [11.269880154926767, 44.516607809204835], [11.269502975212761, 44.51661530840197], [11.269492494958499, 44.51634543984296], [11.26911531683567, 44.51635293772534], [11.269104838466447, 44.51608306908139], [11.268727661934797, 44.51609056564904], [11.268696232922775, 44.51528095941823], [11.268319061458389, 44.51528845453088], [11.268298112994124, 44.51474871682959], [11.268675280982526, 44.514741221857214], [11.268654329629799, 44.51420148423719], [11.269785822285995, 44.514178992274], [11.269796303102698, 44.5144488608809], [11.270173468765485, 44.514441361000685], [11.270183951467084, 44.51471122952264], [11.27056111872084, 44.51470372832773], [11.270571603307385, 44.51497359676473], [11.270948772152105, 44.514966094255115], [11.270959258623641, 44.51523596260714], [11.271336429059318, 44.515228458782786], [11.2713469174159, 44.51549832704983], [11.272101261322076, 44.515483315527064], [11.27209076948948, 44.51521344740051], [11.272467939483915, 44.51520593984258], [11.272457446060448, 44.51493607177151], [11.272834614169778, 44.51492856303933], [11.272824119155482, 44.51465869502377], [11.273201285379711, 44.51465118511736], [11.27319078877464, 44.514381317157316], [11.273945117305717, 44.51436629375163], [11.273934617372017, 44.514096425917415], [11.27506610385076, 44.51407388168626], [11.275024084734133, 44.512994411045625], [11.274646929673121, 44.51300192675246], [11.274636426999935, 44.51273205898505], [11.272750658175411, 44.512769618501466], [11.272740164338229, 44.512499750367795], [11.272363011869595, 44.51250725846758], [11.272279080369723, 44.510348312304735], [11.272656218937172, 44.51034080476703], [11.272614249767315, 44.50926133161238], [11.272237118149878, 44.50926883886904], [11.272216137922408, 44.50872910206263], [11.27183900963276, 44.50873660793456], [11.271828521477024, 44.508466739438965], [11.272205648029276, 44.50845923363728], [11.272195158283212, 44.508189365197154], [11.272572282951028, 44.508181858221505], [11.272561791614685, 44.50791198983689], [11.272938914398068, 44.50790448168728], [11.272917928692022, 44.50736474501428], [11.273672166868232, 44.50734972526357], [11.273630183323544, 44.50627025230266], [11.274007295242031, 44.506262740842224], [11.27397580391711, 44.5054531361774], [11.274352910477017, 44.505445623683755], [11.274342411925945, 44.505175755502925], [11.273965307103127, 44.50518326792627], [11.273944313916633, 44.504643531379706], [11.272813008987677, 44.50466606076356], [11.27282350029621, 44.50493592925506], [11.272069292800696, 44.50495094276448], [11.272079780782159, 44.505220811381726], [11.27170267507676, 44.505228316340556], [11.271692188832375, 44.50495844765309], [11.270937980454732, 44.504973453698035], [11.270927497831474, 44.50470358485537], [11.27130460035673, 44.504696082525136], [11.271273148157665, 44.50388647611922], [11.271650245324908, 44.503878972755594], [11.271629274453183, 44.50333923521828], [11.270875086919517, 44.503354240420656], [11.270885568808007, 44.50362410933712], [11.270508473083803, 44.503631610142484], [11.270497992932256, 44.50336174115585], [11.269366710089033, 44.50338423589728], [11.269377185029741, 44.503654105094455], [11.269754281194647, 44.50364660802116], [11.26976475801918, 44.503916477133416], [11.269010562068573, 44.503931470176276], [11.269000088717988, 44.50366160092371], [11.26824589565402, 44.50367658885015], [11.268256365530645, 44.50394645824297], [11.2678792670415, 44.50395395041025], [11.2678897353279, 44.504223819858446], [11.267512634954988, 44.50423131085178], [11.267544035483573, 44.50504091931811], [11.267166929752744, 44.50504840927768], [11.267177395151977, 44.50531827880706], [11.267554502619916, 44.50531078877741]], [[11.254738471383202, 44.52528026046051], [11.254728056129371, 44.525010389560556], [11.255105293860108, 44.52500293805625], [11.255115710852913, 44.52527280888646], [11.254738471383202, 44.52528026046051]], [[11.27014185577418, 44.50390897874592], [11.270152334482587, 44.50417884777324], [11.269775234990592, 44.50418634623091], [11.26976475801918, 44.503916477133416], [11.27014185577418, 44.50390897874592]], [[11.270529433827676, 44.50417134807153], [11.270539914420002, 44.504441217013905], [11.270162813337896, 44.5044487167858], [11.270152334482587, 44.50417884777324], [11.270529433827676, 44.50417134807153]], [[11.251983365139495, 44.5223638005433], [11.251228921973938, 44.5223786809944], [11.251218523974948, 44.52210880930537], [11.251972963663054, 44.522093928993506], [11.251983365139495, 44.5223638005433]], [[11.253744558093876, 44.51908812224071], [11.255253356303871, 44.51905832484885], [11.255295019253015, 44.5201378090989], [11.255672225394342, 44.520130356360134], [11.25568264323528, 44.520400227316074], [11.254551019157576, 44.52042258200725], [11.254540606532231, 44.52015271084211], [11.25378619322743, 44.52016760760621], [11.253744558093876, 44.51908812224071]], [[11.25260255470062, 44.51884058562767], [11.252225356083935, 44.518848028059935], [11.252214954764954, 44.51857815638835], [11.252592151643235, 44.518570714025735], [11.25260255470062, 44.51884058562767]], [[11.266737105739736, 44.51342933836036], [11.266359945706894, 44.513436826759765], [11.266349481118496, 44.51316695746272], [11.266726639413491, 44.5131594691334], [11.266737105739736, 44.51342933836036]]]}}, {"type": "Feature", "properties": {"threshold": "ge_2", "source": "HistorySUHI", "period": "2013-2025", "hotspot_percentile": "top_10_pct", "label": ">= 2 estati"}, "geometry": {"type": "Polygon", "coordinates": [[[11.258166659498894, 44.51629996424409], [11.257789478717221, 44.51630742471875], [11.257799904942393, 44.516577295462305], [11.258177087462236, 44.51656983491782], [11.258166659498894, 44.51629996424409]]]}}, {"type": "Feature", "properties": {"threshold": "ge_2", "source": "HistorySUHI", "period": "2013-2025", "hotspot_percentile": "top_10_pct", "label": ">= 2 estati"}, "geometry": {"type": "Polygon", "coordinates": [[[11.249501852562794, 44.51674111255058], [11.249124666686729, 44.516748544468555], [11.249135053078914, 44.517018416799964], [11.250266615484868, 44.51699611710343], [11.2502458324167, 44.516456372843244], [11.24949146457801, 44.51647124027398], [11.249501852562794, 44.51674111255058]]]}}, {"type": "Feature", "properties": {"threshold": "ge_2", "source": "HistorySUHI", "period": "2013-2025", "hotspot_percentile": "top_10_pct", "label": ">= 2 estati"}, "geometry": {"type": "Polygon", "coordinates": [[[11.261948904614867, 44.51649516101934], [11.261571723558262, 44.516502634009925], [11.261561279951492, 44.516232763965085], [11.260052561213591, 44.516262643201735], [11.260062997867752, 44.516532513526194], [11.260440179509946, 44.51652504551404], [11.260481934542844, 44.517604526384915], [11.259727557206379, 44.517619461723676], [11.259758864588113, 44.51842907264136], [11.260513252354398, 44.51841413688327], [11.260502812937506, 44.518144266731895], [11.26088000486277, 44.518136797055725], [11.260869563853953, 44.51786692695951], [11.261246753894522, 44.51785945610857], [11.26123631129383, 44.51758958606752], [11.261613499449703, 44.51758211404185], [11.261603055257186, 44.51731224405598], [11.261980241528375, 44.517304770855596], [11.261948904614867, 44.51649516101934]]]}}, {"type": "Feature", "properties": {"threshold": "ge_2", "source": "HistorySUHI", "period": "2013-2025", "hotspot_percentile": "top_10_pct", "label": ">= 2 estati"}, "geometry": {"type": "Polygon", "coordinates": [[[11.260890446017987, 44.51840666713719], [11.260900887319606, 44.51867653720393], [11.261278082575137, 44.51866906614325], [11.261267639535173, 44.51839919614644], [11.260890446017987, 44.51840666713719]]]}}, {"type": "Feature", "properties": {"threshold": "ge_2", "source": "HistorySUHI", "period": "2013-2025", "hotspot_percentile": "top_10_pct", "label": ">= 2 estati"}, "geometry": {"type": "Polygon", "coordinates": [[[11.248536438620052, 44.52108136233185], [11.248546823865375, 44.52135123456679], [11.248924039586354, 44.52134380395605], [11.248913652602386, 44.521073931790646], [11.248536438620052, 44.52108136233185]]]}}, {"type": "Feature", "properties": {"threshold": "ge_2", "source": "HistorySUHI", "period": "2013-2025", "hotspot_percentile": "top_10_pct", "label": ">= 2 estati"}, "geometry": {"type": "Polygon", "coordinates": [[[11.248965588978745, 44.52242329247045], [11.248588366302934, 44.522430723359356], [11.248598752276402, 44.52270059552068], [11.248975976690982, 44.522693164562256], [11.248965588978745, 44.52242329247045]]]}}, {"type": "Feature", "properties": {"threshold": "ge_2", "source": "HistorySUHI", "period": "2013-2025", "hotspot_percentile": "top_10_pct", "label": ">= 2 estati"}, "geometry": {"type": "Polygon", "coordinates": [[[11.273097037357582, 44.52167525863048], [11.272342614078307, 44.521690278363856], [11.272353109442154, 44.52196014613615], [11.271975895843168, 44.521967654205895], [11.27196540221791, 44.521697786363355], [11.27121097805572, 44.52171279862794], [11.271221468203791, 44.52198266661098], [11.27046703997604, 44.521997674036776], [11.270477526793961, 44.52226754214549], [11.269723094500774, 44.522282544732434], [11.269733577988438, 44.522552412966775], [11.26860192323025, 44.52257490772144], [11.268633358926897, 44.523384512967496], [11.270142252508313, 44.52335451662947], [11.270152738322748, 44.523624384734596], [11.271661636506607, 44.523594368197614], [11.271651143737193, 44.5233245003734], [11.272405588468947, 44.52330948477612], [11.27239509236924, 44.52303961707765], [11.273149533034864, 44.52302459664146], [11.273139033604968, 44.52275472906879], [11.273516251978274, 44.52274721705371], [11.273484749356017, 44.52193761445801], [11.273107536198603, 44.5219451262622], [11.273097037357582, 44.52167525863048]]]}}, {"type": "Feature", "properties": {"threshold": "ge_2", "source": "HistorySUHI", "period": "2013-2025", "hotspot_percentile": "top_10_pct", "label": ">= 2 estati"}, "geometry": {"type": "Polygon", "coordinates": [[[11.264829731156299, 44.52264980932167], [11.263698070672644, 44.52267225552699], [11.263718982450225, 44.52321199419448], [11.264096206235548, 44.52320451323089], [11.264106664083029, 44.5234743824725], [11.264483889460472, 44.523466900193995], [11.264494349193384, 44.52373676935084], [11.264871576162948, 44.523729285757405], [11.264850653366242, 44.52318954756903], [11.265227876711567, 44.523182062870774], [11.265217413794517, 44.52291219382451], [11.264840192187926, 44.52291967845272], [11.264829731156299, 44.52264980932167]]]}}, {"type": "Feature", "properties": {"threshold": "ge_2", "source": "HistorySUHI", "period": "2013-2025", "hotspot_percentile": "top_10_pct", "label": ">= 2 estati"}, "geometry": {"type": "Polygon", "coordinates": [[[11.263341758518287, 44.5232194739132], [11.26335221288823, 44.52348934329481], [11.26372943855894, 44.523481863506106], [11.263718982450225, 44.52321199419448], [11.263341758518287, 44.5232194739132]]]}}, {"type": "Feature", "properties": {"threshold": "ge_2", "source": "HistorySUHI", "period": "2013-2025", "hotspot_percentile": "top_10_pct", "label": ">= 2 estati"}, "geometry": {"type": "Polygon", "coordinates": [[[11.261832861324844, 44.52324938033913], [11.261864204008878, 44.52405898927938], [11.262241433743453, 44.52405151433038], [11.262210085843007, 44.52324190559998], [11.261832861324844, 44.52324938033913]]]}}, {"type": "Feature", "properties": {"threshold": "ge_2", "source": "HistorySUHI", "period": "2013-2025", "hotspot_percentile": "top_10_pct", "label": ">= 2 estati"}, "geometry": {"type": "Polygon", "coordinates": [[[11.258479562012575, 44.52439607804471], [11.258856794803672, 44.524388614230276], [11.258888097511884, 44.525198224671215], [11.259265335373431, 44.52519075940226], [11.259275771641104, 44.525460629449896], [11.259653011095276, 44.525453162866064], [11.259673887547663, 44.52599290277737], [11.260051130333467, 44.52598543480878], [11.260061570518257, 44.526255304672446], [11.261570547153363, 44.52622542006822], [11.261539206170108, 44.52541581127201], [11.261916444745697, 44.52540833721823], [11.261864204008878, 44.52405898927938], [11.261109744100247, 44.524073935442594], [11.261088855786335, 44.523534195884096], [11.259202720840506, 44.523571538806856], [11.25921315623016, 44.523841408942936], [11.258458697749717, 44.52385633753735], [11.258479562012575, 44.52439607804471]]]}}, {"type": "Feature", "properties": {"threshold": "ge_2", "source": "HistorySUHI", "period": "2013-2025", "hotspot_percentile": "top_10_pct", "label": ">= 2 estati"}, "geometry": {"type": "Polygon", "coordinates": [[[11.263938591526676, 44.528879246641466], [11.263184070477646, 44.528894207773924], [11.263194526187332, 44.529164076915826], [11.263949050714924, 44.52914911564337], [11.263938591526676, 44.528879246641466]]]}}, {"type": "Feature", "properties": {"threshold": "ge_2", "source": "HistorySUHI", "period": "2013-2025", "hotspot_percentile": "top_10_pct", "label": ">= 2 estati"}, "geometry": {"type": "Polygon", "coordinates": [[[11.255722199243039, 44.531202509070134], [11.25496764392267, 44.531217416532094], [11.254978062536292, 44.53148728709319], [11.254600782917404, 44.53149473902603], [11.254621617103831, 44.532034480243475], [11.254998900201862, 44.53202702817117], [11.25501973845188, 44.53256676919023], [11.25539702488303, 44.532559315733124], [11.255428288572977, 44.533368926941954], [11.256182871434874, 44.53335401587319], [11.256193296436598, 44.53362388610713], [11.256947882193135, 44.53360896991739], [11.256937453711975, 44.53333909982305], [11.257314744631168, 44.53333163992996], [11.257283454846167, 44.53252202976794], [11.256906169145969, 44.5325294894516], [11.256885313499831, 44.53198974913028], [11.256130748619174, 44.5320046644825], [11.256109900516211, 44.53146492382309], [11.25573262133572, 44.531472379491724], [11.255722199243039, 44.531202509070134]]]}}, {"type": "Feature", "properties": {"threshold": "ge_2", "source": "HistorySUHI", "period": "2013-2025", "hotspot_percentile": "top_10_pct", "label": ">= 2 estati"}, "geometry": {"type": "Polygon", "coordinates": [[[11.258697107467718, 44.53978612427104], [11.258676230000917, 44.53924638530429], [11.25829890124144, 44.539253850470175], [11.258278027840648, 44.53871411130475], [11.257900702415215, 44.53872157508534], [11.257879833080217, 44.53818183572125], [11.257502510988763, 44.53818929811659], [11.257492078280901, 44.537919428342605], [11.257114757783258, 44.537926889422586], [11.257104326961814, 44.53765701956403], [11.255972369811573, 44.537679395121316], [11.255982795412692, 44.537949265189255], [11.255605474330038, 44.537956721287046], [11.255615898337236, 44.53822659141004], [11.255238575368251, 44.53823404633205], [11.255321958767013, 44.540393007343575], [11.254944621729837, 44.54040046157807], [11.254965465560627, 44.54094020182313], [11.255720146450276, 44.5409252918294], [11.255730572065744, 44.5411951617903], [11.256485255851327, 44.54118024667431], [11.256495685093874, 44.54145011648088], [11.257250371775228, 44.541435196242524], [11.257239939051834, 44.54116532657558], [11.258749303696824, 44.54113547142995], [11.25872842476595, 44.54059573261061], [11.25910576208047, 44.54058826584977], [11.259095321094316, 44.54031839648787], [11.259472656522064, 44.54031092855126], [11.25946221394203, 44.54004105924449], [11.259084880254592, 44.54004852711122], [11.2590744395613, 44.53977865771982], [11.258697107467718, 44.53978612427104]]]}}, {"type": "Feature", "properties": {"threshold": "ge_2", "source": "HistorySUHI", "period": "2013-2025", "hotspot_percentile": "top_10_pct", "label": ">= 2 estati"}, "geometry": {"type": "Polygon", "coordinates": [[[11.254166856836406, 44.54959840007199], [11.254177278426221, 44.54986826991017], [11.254554676829247, 44.54986081697192], [11.254544253498235, 44.54959094720349], [11.254166856836406, 44.54959840007199]]]}}, {"type": "Feature", "properties": {"threshold": "ge_2", "source": "HistorySUHI", "period": "2013-2025", "hotspot_percentile": "top_10_pct", "label": ">= 2 estati"}, "geometry": {"type": "Polygon", "coordinates": [[[11.250057094535375, 44.55075978171577], [11.24967968915598, 44.55076721990996], [11.249690090434786, 44.55103709052528], [11.250067497555508, 44.55102965226148], [11.250057094535375, 44.55075978171577]]]}}, {"type": "Feature", "properties": {"threshold": "ge_2", "source": "HistorySUHI", "period": "2013-2025", "hotspot_percentile": "top_10_pct", "label": ">= 2 estati"}, "geometry": {"type": "Polygon", "coordinates": [[[11.297822501758759, 44.44960955450851], [11.29706901973999, 44.44962471832333], [11.297090185674776, 44.45016445137839], [11.298597162974879, 44.450134118214514], [11.298565393511485, 44.449324519461335], [11.297811915549882, 44.44933968810068], [11.297822501758759, 44.44960955450851]]]}}, {"type": "Feature", "properties": {"threshold": "ge_2", "source": "HistorySUHI", "period": "2013-2025", "hotspot_percentile": "top_10_pct", "label": ">= 2 estati"}, "geometry": {"type": "Polygon", "coordinates": [[[11.287284693112499, 44.488712514125375], [11.286907697779027, 44.48872006709267], [11.286897147456814, 44.488450200477864], [11.28560941016145, 44.488475989070764], [11.285398747486633, 44.488725503046304], [11.285399714966557, 44.488750266528456], [11.28537746380473, 44.488750711954765], [11.2850381413849, 44.489152613649196], [11.285075429333318, 44.49010714789757], [11.283944414194815, 44.49012978174833], [11.283954951518965, 44.4903996488395], [11.283577944441678, 44.49040719104019], [11.28358848017782, 44.490677058187174], [11.283211471217141, 44.490684599215015], [11.283222005365229, 44.490954466417776], [11.282844994521154, 44.49096200627275], [11.282855527081136, 44.4912318735313], [11.28587162358394, 44.4911715193104], [11.285861077137922, 44.49090165261666], [11.28623808680004, 44.49089410281417], [11.28622753876613, 44.490624236176295], [11.286604546544678, 44.49061668520103], [11.286593996922932, 44.490346818619045], [11.286971002817912, 44.49033926647104], [11.28696045160837, 44.49006939994495], [11.287337455619793, 44.49006184662422], [11.287284693112499, 44.488712514125375]]]}}, {"type": "Feature", "properties": {"threshold": "ge_2", "source": "HistorySUHI", "period": "2013-2025", "hotspot_percentile": "top_10_pct", "label": ">= 2 estati"}, "geometry": {"type": "Polygon", "coordinates": [[[11.27569226004077, 44.49137489585786], [11.276446290655167, 44.49135986201516], [11.276429456158064, 44.49092730851789], [11.276137081402661, 44.4908697515434], [11.275880335707742, 44.49081635351265], [11.275879917844659, 44.490816280819914], [11.275668696557426, 44.49076923985326], [11.27569226004077, 44.49137489585786]]]}}, {"type": "Feature", "properties": {"threshold": "ge_2", "source": "HistorySUHI", "period": "2013-2025", "hotspot_percentile": "top_10_pct", "label": ">= 2 estati"}, "geometry": {"type": "Polygon", "coordinates": [[[11.287442991728616, 44.492760510513], [11.287453546153149, 44.493030376820556], [11.288207591919388, 44.49301526489336], [11.288197034023051, 44.49274539872722], [11.288574054948292, 44.492737840969085], [11.288542376939677, 44.491928242594135], [11.288165361221985, 44.491935800140105], [11.288154803917603, 44.49166593391482], [11.2874007755099, 44.49168104513492], [11.287411329342671, 44.49195091150162], [11.287034313181096, 44.49195846531717], [11.28706597035947, 44.49276806454062], [11.287442991728616, 44.492760510513]]]}}, {"type": "Feature", "properties": {"threshold": "ge_2", "source": "HistorySUHI", "period": "2013-2025", "hotspot_percentile": "top_10_pct", "label": ">= 2 estati"}, "geometry": {"type": "Polygon", "coordinates": [[[11.280688154448153, 44.493705895442055], [11.280311125212242, 44.4937134272977], [11.280332169128451, 44.49425316249176], [11.279955136272973, 44.4942606932448], [11.279965656716243, 44.494530560890134], [11.280342691307794, 44.494523030066645], [11.280353213634639, 44.49479289762675], [11.281107285847417, 44.49477783210795], [11.281096760048383, 44.49450796468883], [11.281473794197371, 44.49450043013452], [11.281484321732496, 44.49477029748313], [11.281861357470001, 44.494762761614695], [11.281871886888812, 44.49503262887799], [11.283002998423974, 44.49501001359937], [11.282992463796836, 44.49474014654772], [11.282615428502195, 44.49474768614698], [11.28259436316307, 44.494207951858215], [11.281840299075167, 44.494223027043766], [11.281819241270703, 44.49368329241372], [11.281442212477408, 44.49369082800008], [11.281431685532551, 44.49342096059237], [11.280677630975289, 44.49343602789336], [11.280688154448153, 44.493705895442055]]]}}, {"type": "Feature", "properties": {"threshold": "ge_2", "source": "HistorySUHI", "period": "2013-2025", "hotspot_percentile": "top_10_pct", "label": ">= 2 estati"}, "geometry": {"type": "Polygon", "coordinates": [[[11.300304084761951, 44.49358238919251], [11.299173014509144, 44.49360517523386], [11.299183623340321, 44.493875039284944], [11.298806597889348, 44.49388263221608], [11.298817205133284, 44.4941524963234], [11.299194232320207, 44.4941449033212], [11.299204841448805, 44.49441476734266], [11.300335927325108, 44.494391980661575], [11.300304084761951, 44.49358238919251]]]}}, {"type": "Feature", "properties": {"threshold": "ge_2", "source": "HistorySUHI", "period": "2013-2025", "hotspot_percentile": "top_10_pct", "label": ">= 2 estati"}, "geometry": {"type": "Polygon", "coordinates": [[[11.294701661604625, 44.49504553184932], [11.295078695633851, 44.495037952313346], [11.295099876738508, 44.495577681814666], [11.295476914091449, 44.49557010089322], [11.29544513744893, 44.494760506831895], [11.295068105304203, 44.4947680875405], [11.295057515123005, 44.49449822275285], [11.294303453860278, 44.49451338029747], [11.294292867299534, 44.49424351535316], [11.293915838181567, 44.494251092189224], [11.293958178370783, 44.49533055216127], [11.29471225034665, 44.49531539667831], [11.294701661604625, 44.49504553184932]]]}}, {"type": "Feature", "properties": {"threshold": "ge_2", "source": "HistorySUHI", "period": "2013-2025", "hotspot_percentile": "top_10_pct", "label": ">= 2 estati"}, "geometry": {"type": "Polygon", "coordinates": [[[11.284134108630079, 44.49498738712816], [11.283757072042423, 44.49499493052885], [11.283809764754995, 44.496344264859694], [11.284563855144258, 44.496329176108695], [11.284553312833852, 44.4960593094133], [11.284930356070609, 44.49605176324291], [11.284898724817552, 44.495242163279855], [11.284144648613262, 44.495257253953305], [11.284134108630079, 44.49498738712816]]]}}, {"type": "Feature", "properties": {"threshold": "ge_2", "source": "HistorySUHI", "period": "2013-2025", "hotspot_percentile": "top_10_pct", "label": ">= 2 estati"}, "geometry": {"type": "Polygon", "coordinates": [[[11.285684442100685, 44.496036667171154], [11.284930356070609, 44.49605176324291], [11.284983077781815, 44.49740109621901], [11.284606025863743, 44.4974086427425], [11.284637655455166, 44.498218242562636], [11.285768826393133, 44.49819559862529], [11.285684442100685, 44.496036667171154]]]}}, {"type": "Feature", "properties": {"threshold": "ge_2", "source": "HistorySUHI", "period": "2013-2025", "hotspot_percentile": "top_10_pct", "label": ">= 2 estati"}, "geometry": {"type": "Polygon", "coordinates": [[[11.284239515110883, 44.497686054714386], [11.283862461160908, 44.49769359882104], [11.28387300088532, 44.49796346556897], [11.284250056571661, 44.49795592139171], [11.284239515110883, 44.497686054714386]]]}}, {"type": "Feature", "properties": {"threshold": "ge_2", "source": "HistorySUHI", "period": "2013-2025", "hotspot_percentile": "top_10_pct", "label": ">= 2 estati"}, "geometry": {"type": "Polygon", "coordinates": [[[11.293676400640765, 44.4977669127469], [11.29405345247711, 44.49775933623271], [11.294085213183745, 44.498568930656845], [11.294462270080725, 44.49856135268621], [11.29447285901615, 44.49883121739373], [11.295604034025548, 44.498808475806555], [11.295540471385557, 44.497189288616305], [11.294786375697033, 44.49720445006684], [11.29477578591594, 44.49693458534145], [11.294398739585239, 44.49694216413027], [11.294409327630085, 44.49721202892658], [11.294032279414715, 44.49721960654266], [11.294042865871711, 44.49748947139508], [11.293665815771664, 44.49749704783836], [11.293676400640765, 44.4977669127469]]]}}, {"type": "Feature", "properties": {"threshold": "ge_2", "source": "HistorySUHI", "period": "2013-2025", "hotspot_percentile": "top_10_pct", "label": ">= 2 estati"}, "geometry": {"type": "Polygon", "coordinates": [[[11.289320811712487, 44.50217558403121], [11.289697893112383, 44.50216802130935], [11.28971902983633, 44.50270775216709], [11.290850283567503, 44.502685056113286], [11.29078684391285, 44.50106586463691], [11.290409769904187, 44.50107343080727], [11.290399198883797, 44.50080356543862], [11.289267981178613, 44.50082625627415], [11.289278546989143, 44.50109612185514], [11.28890147238786, 44.50110368305004], [11.28892260097996, 44.50164341430917], [11.289299679054569, 44.50163585297276], [11.289320811712487, 44.50217558403121]]]}}, {"type": "Feature", "properties": {"threshold": "ge_2", "source": "HistorySUHI", "period": "2013-2025", "hotspot_percentile": "top_10_pct", "label": ">= 2 estati"}, "geometry": {"type": "Polygon", "coordinates": [[[11.27696112058401, 44.504583398284225], [11.276950610315433, 44.50431353055155], [11.277327708749052, 44.50430600838676], [11.27729617361654, 44.50349640531129], [11.27654198702365, 44.503511447974475], [11.276552495113274, 44.50378131582184], [11.27617539985892, 44.503788835357796], [11.276185906358908, 44.504058703260775], [11.275808809220306, 44.504066221623084], [11.275829819188179, 44.50460595752544], [11.27696112058401, 44.504583398284225]]]}}, {"type": "Feature", "properties": {"threshold": "ge_2", "source": "HistorySUHI", "period": "2013-2025", "hotspot_percentile": "top_10_pct", "label": ">= 2 estati"}, "geometry": {"type": "Polygon", "coordinates": [[[11.284524186427552, 44.50497244981399], [11.284513641123858, 44.50470258352098], [11.284890740079396, 44.50469503633447], [11.28488019318657, 44.504425170097306], [11.284503095968004, 44.50443271721319], [11.28449255095998, 44.504162850890616], [11.28411545533053, 44.50417039669186], [11.28410491220726, 44.50390053028389], [11.28372781816693, 44.50390807477052], [11.283738359553272, 44.5041779412491], [11.283361263628231, 44.504185484562306], [11.283371803425403, 44.504455351096695], [11.282994705615646, 44.50446289323648], [11.283005243823597, 44.50473275982666], [11.282628144129125, 44.50474030079298], [11.282638680747805, 44.50501016743896], [11.28226157916861, 44.5050177072318], [11.282272114197973, 44.505287573933565], [11.282649217514203, 44.50528003407017], [11.282712441214784, 44.50689923354702], [11.28233532747584, 44.50690677383379], [11.282345863539122, 44.507176640432114], [11.28272297901527, 44.507169100074776], [11.282733516963493, 44.507438966587735], [11.282356399750116, 44.507446507015636], [11.282377472615249, 44.50798624013838], [11.282000351779624, 44.507993779463234], [11.282010886696465, 44.50826364607299], [11.28351937610176, 44.50823348102621], [11.283508834235715, 44.50796361469874], [11.283885954480317, 44.507956070397164], [11.283843781545116, 44.5068766052219], [11.284220894692977, 44.506869059958596], [11.284168173164016, 44.50551972850999], [11.284545277478452, 44.505512182355666], [11.284534731879083, 44.50524231609222], [11.28415762930169, 44.50524986217593], [11.284147085587183, 44.504979995827085], [11.284524186427552, 44.50497244981399]]]}}, {"type": "Feature", "properties": {"threshold": "ge_2", "source": "HistorySUHI", "period": "2013-2025", "hotspot_percentile": "top_10_pct", "label": ">= 2 estati"}, "geometry": {"type": "Polygon", "coordinates": [[[11.280900577944292, 44.50882599039241], [11.28127770443494, 44.50881845458854], [11.281288236320124, 44.509088321295046], [11.282042492333193, 44.50907324581359], [11.282053027840844, 44.50934311236422], [11.28280728673789, 44.509328031764724], [11.282796747755441, 44.509058165355206], [11.28241962011818, 44.50906570620651], [11.282398546071265, 44.508525973202005], [11.281644297303046, 44.50854105088972], [11.281633763975837, 44.50827118422419], [11.281256641107532, 44.50827872113121], [11.28126717269741, 44.508548587867274], [11.280890047944123, 44.50855612360062], [11.280900577944292, 44.50882599039241]]]}}, {"type": "Feature", "properties": {"threshold": "ge_2", "source": "HistorySUHI", "period": "2013-2025", "hotspot_percentile": "top_10_pct", "label": ">= 2 estati"}, "geometry": {"type": "Polygon", "coordinates": [[[11.30088807791118, 44.50842487828212], [11.300510959130802, 44.50843247878374], [11.300521579619252, 44.508702341878184], [11.300898700136884, 44.50869474130545], [11.30088807791118, 44.50842487828212]]]}}, {"type": "Feature", "properties": {"threshold": "ge_2", "source": "HistorySUHI", "period": "2013-2025", "hotspot_percentile": "top_10_pct", "label": ">= 2 estati"}, "geometry": {"type": "Polygon", "coordinates": [[[11.274950556950179, 44.511105336856005], [11.274573414053027, 44.51111285207053], [11.274583915842737, 44.51138271992652], [11.276469637543727, 44.5113451310588], [11.2764486167355, 44.51080539603556], [11.274940053570107, 44.51083546905556], [11.274950556950179, 44.511105336856005]]]}}, {"type": "Feature", "properties": {"threshold": "ge_2", "source": "HistorySUHI", "period": "2013-2025", "hotspot_percentile": "top_10_pct", "label": ">= 2 estati"}, "geometry": {"type": "Polygon", "coordinates": [[[11.288161029744781, 44.5111113857422], [11.28815046540228, 44.51084152042539], [11.287773327673742, 44.51084907919089], [11.287762765216865, 44.51057921378856], [11.287385629077749, 44.510586771239055], [11.287364508083197, 44.51004704024859], [11.285855975946218, 44.51007725704216], [11.285929853367076, 44.511966317229515], [11.285552707800033, 44.51197386881192], [11.285573813490998, 44.512513600302306], [11.285196664300683, 44.51252115078168], [11.285228318733651, 44.51333074811835], [11.285982627392645, 44.513315645491225], [11.285972072291564, 44.51304577986846], [11.286726376883125, 44.5130306724051], [11.2867158184546, 44.51276080690893], [11.28784726901849, 44.512738136593136], [11.287836705524944, 44.512468271294324], [11.288591001685027, 44.51245315167009], [11.288580434864278, 44.51218328649799], [11.288957580984455, 44.51217572489009], [11.288915308232559, 44.5110962643368], [11.288161029744781, 44.5111113857422]]]}}, {"type": "Feature", "properties": {"threshold": "ge_2", "source": "HistorySUHI", "period": "2013-2025", "hotspot_percentile": "top_10_pct", "label": ">= 2 estati"}, "geometry": {"type": "Polygon", "coordinates": [[[11.295703787929813, 44.51095994771567], [11.295714387171056, 44.511229811600494], [11.296091525259119, 44.511222226563206], [11.296112727662502, 44.51176195414649], [11.296489869077016, 44.51175436772292], [11.296511075550105, 44.51229409510501], [11.29688822029113, 44.51228650729512], [11.296835196535588, 44.51093718908392], [11.295703787929813, 44.51095994771567]]]}}, {"type": "Feature", "properties": {"threshold": "ge_2", "source": "HistorySUHI", "period": "2013-2025", "hotspot_percentile": "top_10_pct", "label": ">= 2 estati"}, "geometry": {"type": "Polygon", "coordinates": [[[11.295735586099356, 44.51176953932575], [11.295756785622089, 44.51230926699179], [11.296133930660417, 44.51230168167057], [11.296112727662502, 44.51176195414649], [11.295735586099356, 44.51176953932575]]]}}, {"type": "Feature", "properties": {"threshold": "ge_2", "source": "HistorySUHI", "period": "2013-2025", "hotspot_percentile": "top_10_pct", "label": ">= 2 estati"}, "geometry": {"type": "Polygon", "coordinates": [[[11.296521679009642, 44.51256395877386], [11.296511075550105, 44.51229409510501], [11.296133930660417, 44.51230168167057], [11.296144532382328, 44.5125715454104], [11.296521679009642, 44.51256395877386]]]}}, {"type": "Feature", "properties": {"threshold": "ge_2", "source": "HistorySUHI", "period": "2013-2025", "hotspot_percentile": "top_10_pct", "label": ">= 2 estati"}, "geometry": {"type": "Polygon", "coordinates": [[[11.285616026648434, 44.51359306310565], [11.28486171421799, 44.51360816338528], [11.28487226440167, 44.51387802919046], [11.283740789433272, 44.51390067048863], [11.283719699640569, 44.51336093843971], [11.284096854635663, 44.51335339272599], [11.284075761958848, 44.51281366075917], [11.28369861043924, 44.51282120633167], [11.283666977746021, 44.51201160805875], [11.283289831291633, 44.51201915217507], [11.283258205141728, 44.51120955355732], [11.281749638697766, 44.51123971673219], [11.28173910389368, 44.510969850214444], [11.280984823260548, 44.51098492419486], [11.280974292079264, 44.510715057521274], [11.28059715327877, 44.510722592574496], [11.280586623982666, 44.51045272581561], [11.280209486772081, 44.510460259554044], [11.280198959361114, 44.51019039270987], [11.278690415993118, 44.510220514938695], [11.27871145706242, 44.51076024917602], [11.278334317376546, 44.5107677767634], [11.278344836394878, 44.51103764393036], [11.277967694823952, 44.51104517034385], [11.277978212252163, 44.51131503756647], [11.277601068796182, 44.511322562806065], [11.277611584634226, 44.51159243008433], [11.277234439293181, 44.51159995415], [11.277244953541011, 44.51186982148391], [11.277622100619709, 44.51186229734784], [11.277632616752628, 44.51213216459656], [11.278009765421562, 44.51212463914568], [11.278020283439623, 44.51239450630922], [11.278397433698784, 44.51238697954355], [11.278428993851023, 44.51319658073419], [11.279183304353289, 44.51318152304696], [11.279151733774606, 44.512371922279044], [11.279528883591217, 44.512364391780224], [11.279539408707613, 44.51263425864717], [11.27991656011437, 44.51262672683348], [11.279906033260264, 44.51235686003703], [11.28028318278172, 44.51234932704945], [11.280293711373533, 44.51261919377541], [11.280670862485078, 44.512611659472945], [11.28068139296224, 44.51288152611362], [11.280304240112963, 44.51288906048659], [11.280314769000013, 44.513158927183], [11.280691923587042, 44.51315139273952], [11.280702454359492, 44.51342125935064], [11.279193828174613, 44.51345138994005], [11.27921487625991, 44.51399112368191], [11.279592036503162, 44.513983592760255], [11.279602562505005, 44.51425345953853], [11.279225400523895, 44.51426099053068], [11.27924644949454, 44.514800724183914], [11.278869283890074, 44.51480825407252], [11.278879806858807, 44.515078120947436], [11.279256974201209, 44.51507059098835], [11.279267499055441, 44.51534045777802], [11.278890329975082, 44.51534798780756], [11.278921900209186, 44.516157588299365], [11.279299074503566, 44.51615005805841], [11.279309599948089, 44.51641992478899], [11.280063951570199, 44.51640486043248], [11.280074480638456, 44.51667472700732], [11.282337542389344, 44.51662950364542], [11.28232700289269, 44.51635963749378], [11.283458526559324, 44.51633700922307], [11.28344798199635, 44.51606714326843], [11.284956671196477, 44.516036955099764], [11.284946119829357, 44.51576708941284], [11.285323290021605, 44.51575953933001], [11.285302184255272, 44.51521980805313], [11.285679350823653, 44.51521225686713], [11.285616026648434, 44.51359306310565]]]}}, {"type": "Feature", "properties": {"threshold": "ge_2", "source": "HistorySUHI", "period": "2013-2025", "hotspot_percentile": "top_10_pct", "label": ">= 2 estati"}, "geometry": {"type": "Polygon", "coordinates": [[[11.29524625239923, 44.518531301070006], [11.296000622864998, 44.51851613089574], [11.295979416504823, 44.51797640391058], [11.295602234822566, 44.51798398947804], [11.295591633603594, 44.5177141258923], [11.295214453510814, 44.51772171014419], [11.295203854178578, 44.51745184647266], [11.295581032533264, 44.51744426229172], [11.29557043161157, 44.51717439867635], [11.29519325499495, 44.51718198278631], [11.29517205707353, 44.51664225536923], [11.294417710346634, 44.516657419571686], [11.294407115084832, 44.51638755569904], [11.29402994323654, 44.516395135862545], [11.294008756634533, 44.51585540793097], [11.29363158811365, 44.515862986708115], [11.293620996773369, 44.515593122649214], [11.292489495533635, 44.51561585130098], [11.292500081660103, 44.51588571557259], [11.292122912545365, 44.51589328937175], [11.292133497082292, 44.516163153699445], [11.292510667934996, 44.516155579829395], [11.29252125435832, 44.516425444071416], [11.292144081767622, 44.51643301801233], [11.29217583671408, 44.51724261086223], [11.292553014518898, 44.517235036708676], [11.292584776015438, 44.51804462921277], [11.291830409828693, 44.51805977670056], [11.29185157794925, 44.51859950524615], [11.291097204216186, 44.518614648039005], [11.291107785022634, 44.5188845124313], [11.290730596195337, 44.51889208203164], [11.290741175411899, 44.51916194647999], [11.293004316579268, 44.51911650978336], [11.293014906373745, 44.51938637379171], [11.293392097787017, 44.5193787965818], [11.293423873276279, 44.52018838830535], [11.293801069755943, 44.520180809638035], [11.29379047603935, 44.51991094581591], [11.294922059372041, 44.51988820255871], [11.294890263469044, 44.51907861164202], [11.294513074388199, 44.519086193759556], [11.29449188133897, 44.51854646626585], [11.2948690669434, 44.51853888429023], [11.294879665131921, 44.51880874797353], [11.295256852325945, 44.51880116468234], [11.29524625239923, 44.518531301070006]], [[11.294826675675276, 44.51745942940903], [11.294858468903477, 44.51826902059212], [11.29448128503722, 44.518276602496805], [11.294449497023388, 44.51746701110084], [11.294826675675276, 44.51745942940903]]]}}, {"type": "Feature", "properties": {"threshold": "ge_2", "source": "HistorySUHI", "period": "2013-2025", "hotspot_percentile": "top_10_pct", "label": ">= 2 estati"}, "geometry": {"type": "Polygon", "coordinates": [[[11.275978072252494, 44.5181068566639], [11.27484650844487, 44.51812941152771], [11.27486751982968, 44.51866914645713], [11.275621902801829, 44.518654110844466], [11.275611393559219, 44.518384243527855], [11.275988583085999, 44.5183767239249], [11.275978072252494, 44.5181068566639]]]}}, {"type": "Feature", "properties": {"threshold": "ge_2", "source": "HistorySUHI", "period": "2013-2025", "hotspot_percentile": "top_10_pct", "label": ">= 2 estati"}, "geometry": {"type": "Polygon", "coordinates": [[[11.28548160213577, 44.51980752202166], [11.2851044058711, 44.519815073164374], [11.2851149594576, 44.52008493862954], [11.285492157460627, 44.52007738741616], [11.28548160213577, 44.51980752202166]]]}}, {"type": "Feature", "properties": {"threshold": "ge_2", "source": "HistorySUHI", "period": "2013-2025", "hotspot_percentile": "top_10_pct", "label": ">= 2 estati"}, "geometry": {"type": "Polygon", "coordinates": [[[11.290815234081377, 44.52105099720421], [11.29043803119908, 44.52105856612654], [11.290480346748595, 44.522138023641105], [11.290857556584807, 44.52213045443544], [11.290815234081377, 44.52105099720421]]]}}, {"type": "Feature", "properties": {"threshold": "ge_2", "source": "HistorySUHI", "period": "2013-2025", "hotspot_percentile": "top_10_pct", "label": ">= 2 estati"}, "geometry": {"type": "Polygon", "coordinates": [[[11.278430601194074, 44.52291931416488], [11.278472697754493, 44.523998780366846], [11.278849922757589, 44.52399125057177], [11.278839396657384, 44.52372138411389], [11.279216619774141, 44.523713853144415], [11.27920609208282, 44.52344398674226], [11.279583313313243, 44.52343645459839], [11.27957278403085, 44.52316658825194], [11.279950003374944, 44.523159054933714], [11.279918411197702, 44.52234945601721], [11.278786768370283, 44.52237205160297], [11.278807819242349, 44.522911784651654], [11.278430601194074, 44.52291931416488]]]}}, {"type": "Feature", "properties": {"threshold": "ge_2", "source": "HistorySUHI", "period": "2013-2025", "hotspot_percentile": "top_10_pct", "label": ">= 2 estati"}, "geometry": {"type": "Polygon", "coordinates": [[[11.276932244489608, 44.523219286623764], [11.276942761601127, 44.52348915346337], [11.27618831692718, 44.523504199078175], [11.276198830708712, 44.523774066043806], [11.275821606411855, 44.52378158705428], [11.275863656057096, 44.5248610550507], [11.276618118413742, 44.52484601122175], [11.276607602303656, 44.52457614438558], [11.27698483152197, 44.524568620674124], [11.27697431382054, 44.52429875389359], [11.27735154115257, 44.52429122900763], [11.277341021859847, 44.52402136228276], [11.278095472603821, 44.52400630891702], [11.278074427505935, 44.523466575704695], [11.277319983716902, 44.52348162878869], [11.277309464866681, 44.52321176201948], [11.276932244489608, 44.523219286623764]]]}}, {"type": "Feature", "properties": {"threshold": "ge_2", "source": "HistorySUHI", "period": "2013-2025", "hotspot_percentile": "top_10_pct", "label": ">= 2 estati"}, "geometry": {"type": "Polygon", "coordinates": [[[11.280055320231074, 44.52585771702833], [11.279678083499032, 44.52586525105156], [11.279688614257974, 44.52613511725025], [11.280065852728946, 44.52612758315652], [11.280055320231074, 44.52585771702833]]]}}, {"type": "Feature", "properties": {"threshold": "ge_2", "source": "HistorySUHI", "period": "2013-2025", "hotspot_percentile": "top_10_pct", "label": ">= 2 estati"}, "geometry": {"type": "Polygon", "coordinates": [[[11.278923609591969, 44.52588031536315], [11.278546372416999, 44.52588784565149], [11.27855689795914, 44.526157712061625], [11.278934136873046, 44.52615018170282], [11.278923609591969, 44.52588031536315]]]}}, {"type": "Feature", "properties": {"threshold": "ge_2", "source": "HistorySUHI", "period": "2013-2025", "hotspot_percentile": "top_10_pct", "label": ">= 2 estati"}, "geometry": {"type": "Polygon", "coordinates": [[[11.27932190480699, 44.526412516353446], [11.279699145164587, 44.52640498343418], [11.279688614257974, 44.52613511725025], [11.278934136873046, 44.52615018170282], [11.278944664301745, 44.52642004802772], [11.278567423648878, 44.526427578457], [11.278577949486213, 44.5266974448376], [11.279332434122292, 44.52668238259309], [11.27932190480699, 44.526412516353446]]]}}, {"type": "Feature", "properties": {"threshold": "ge_2", "source": "HistorySUHI", "period": "2013-2025", "hotspot_percentile": "top_10_pct", "label": ">= 2 estati"}, "geometry": {"type": "Polygon", "coordinates": [[[11.28243471789788, 44.52878100868605], [11.283943736318687, 44.52875082715795], [11.283922633733638, 44.5282110965938], [11.284299884490732, 44.52820354824036], [11.284278779019344, 44.52766381775835], [11.28352428431354, 44.52767891293767], [11.283513735277907, 44.52740904753322], [11.283136489442155, 44.52741659318471], [11.283125942293477, 44.527146727694884], [11.282748698048856, 44.52715427203076], [11.282759243458504, 44.52742413759118], [11.282381997326974, 44.52743168075265], [11.282392541145441, 44.52770154636888], [11.282015293127, 44.52770908835589], [11.282036377729307, 44.5282488196852], [11.28241362922594, 44.52824127755703], [11.28243471789788, 44.52878100868605]], [[11.283534833497098, 44.52794877832731], [11.282780334721432, 44.52796386866772], [11.282769789016028, 44.52769400313684], [11.28352428431354, 44.52767891293767], [11.283534833497098, 44.52794877832731]]]}}, {"type": "Feature", "properties": {"threshold": "ge_2", "source": "HistorySUHI", "period": "2013-2025", "hotspot_percentile": "top_10_pct", "label": ">= 2 estati"}, "geometry": {"type": "Polygon", "coordinates": [[[11.280894085194761, 44.52800157273041], [11.280904622352491, 44.52827143859935], [11.279395613114847, 44.52830157972068], [11.279406143463751, 44.528571445856905], [11.279028889045962, 44.528578978095055], [11.279071004961425, 44.52965844277414], [11.280580049573834, 44.529628305222964], [11.280569513416507, 44.52935843935738], [11.280946772461055, 44.52935090192731], [11.280936234712263, 44.529081036117496], [11.281313491869822, 44.52907349751286], [11.28130295252961, 44.528803631758805], [11.281680207800191, 44.528796091979636], [11.281659126084838, 44.52825636056831], [11.281281874292556, 44.52826390020637], [11.281271335395711, 44.52799403440796], [11.280894085194761, 44.52800157273041]]]}}, {"type": "Feature", "properties": {"threshold": "ge_2", "source": "HistorySUHI", "period": "2013-2025", "hotspot_percentile": "top_10_pct", "label": ">= 2 estati"}, "geometry": {"type": "Polygon", "coordinates": [[[11.277291456289424, 44.54211745801361], [11.277280930736728, 44.54184759212278], [11.277658271289063, 44.5418400639039], [11.277647744143623, 44.541570198068754], [11.279157097914858, 44.54154007301852], [11.27914656395574, 44.541270207450495], [11.281410579738026, 44.54122498292918], [11.281421124139053, 44.541494848073974], [11.283307808592598, 44.541457126365295], [11.283297255490051, 44.5411872615735], [11.28367459019654, 44.54117971356552], [11.283685145039383, 44.54144957828669], [11.284062481338138, 44.541442028962436], [11.284051924755, 44.541172164311924], [11.284806593427737, 44.541157062067896], [11.28479603351212, 44.54088719754392], [11.285173365886086, 44.54087964462417], [11.285162804378334, 44.54060978015611], [11.2859174652014, 44.54059467072121], [11.285906900361347, 44.54032480637974], [11.287416213268441, 44.54029457284593], [11.287405641615846, 44.540024708772606], [11.287782967731848, 44.540017147346], [11.287772394487366, 44.53974728332862], [11.288527042794199, 44.539732156880305], [11.288537619518966, 44.54000202075612], [11.288914945190033, 44.53999445559286], [11.288904366725125, 44.539724591787845], [11.289659014141888, 44.539709457866316], [11.289680178180653, 44.540249185178304], [11.2889255238033, 44.54026431938308], [11.288936102564929, 44.54053418315852], [11.289313431567983, 44.540526616608105], [11.289324012218188, 44.54079648029792], [11.289701342813062, 44.54078891243112], [11.28971192535189, 44.541058776035335], [11.290466589576821, 44.54104363642331], [11.290456003557537, 44.540773772960755], [11.29083333370709, 44.540766201357215], [11.290822746096072, 44.540496337950735], [11.291200074356938, 44.54048876517247], [11.291189485154232, 44.54021890182206], [11.290812158633539, 44.540226474529454], [11.290790984153926, 44.53968674764249], [11.290413660965026, 44.53969431896264], [11.29040307568804, 44.53942445542612], [11.290780397136839, 44.53941688417684], [11.290769810268227, 44.53914702069638], [11.291901768503442, 44.539124299688055], [11.29186999312822, 44.538314709795756], [11.292501211727583, 44.53830203474397], [11.290748597435373, 44.53556764398], [11.293541749256741, 44.53504022129233], [11.293252076170207, 44.5350460410347], [11.293241479499125, 44.534776177813725], [11.293996060715756, 44.534761016553574], [11.294003602204944, 44.53495301095117], [11.29668454160928, 44.534446777005954], [11.2968380406526, 44.53441791436685], [11.29701332857811, 44.53438015070156], [11.2979205552998, 44.534189214171114], [11.29850966760925, 44.53405725997197], [11.298873446840059, 44.53396681826094], [11.298858334547798, 44.533582898174416], [11.299235616040166, 44.53357529977191], [11.299224992279635, 44.53330543761323], [11.299602271883513, 44.5332978380366], [11.29959164653248, 44.53302797593423], [11.300723479231559, 44.53300516994638], [11.300712848811171, 44.532735308042625], [11.301467399719659, 44.53272009796698], [11.301478033618942, 44.532989959728404], [11.302978140642908, 44.53295970585939], [11.302987045634348, 44.53295711583569], [11.30297649974698, 44.5326896628733], [11.303353774380826, 44.5326820509869], [11.3033431319336, 44.532412189566685], [11.303720404678796, 44.53240457650633], [11.303699116753329, 44.53186485376397], [11.30483092365704, 44.531842007539396], [11.304841572763197, 44.532111868704185], [11.305148702638146, 44.53210566703542], [11.305216553254478, 44.53204623014856], [11.305186891083373, 44.53129466740942], [11.305564156124671, 44.531287048408366], [11.305553503987962, 44.53101718734169], [11.305930767140612, 44.531009567166805], [11.305920113414034, 44.53073970615664], [11.306297374678044, 44.53073208480796], [11.306276064194662, 44.530192362885785], [11.305898806409063, 44.530199984091816], [11.305856194191792, 44.52912053978433], [11.305478943213338, 44.52912815946006], [11.305457641479121, 44.52858843707479], [11.30508039382944, 44.5285960553629], [11.305069744925387, 44.52832619407674], [11.304692498865409, 44.528333811048554], [11.304681851849688, 44.5280639496763], [11.303172873073066, 44.52809440482852], [11.303162233162594, 44.527824543156456], [11.30278498983437, 44.5278321537608], [11.302763713938933, 44.52729243022978], [11.302009233790836, 44.52730764741871], [11.30197733149984, 44.52649806158386], [11.3012228611887, 44.52651327336587], [11.301212230867645, 44.52624341124894], [11.300080529499606, 44.526266219371514], [11.300101779857528, 44.52680594401744], [11.299347304578326, 44.526821143492334], [11.2993685485765, 44.5273608683635], [11.298991307235601, 44.52736846637572], [11.299001927719138, 44.52763832886019], [11.297870197586063, 44.52766111564025], [11.297859582319454, 44.527391252942536], [11.297482340382999, 44.52739884597485], [11.297386825331289, 44.52497008038973], [11.297009598895764, 44.5249776715377], [11.29699898859504, 44.524707808549834], [11.296621763749478, 44.52471539838189], [11.296611155336251, 44.5244455353082], [11.296233932080657, 44.52445312382438], [11.29618090093898, 44.523103807878826], [11.295803686227911, 44.523111394795144], [11.295793082184307, 44.52284153149062], [11.295415869063126, 44.522849117091155], [11.295405266906766, 44.52257925370084], [11.294273631867027, 44.522602002820804], [11.294284228807705, 44.522871866424005], [11.293907015092019, 44.52287944704537], [11.293917610442698, 44.52314931070471], [11.293163179088463, 44.5231644683549], [11.293173771110473, 44.52343433214128], [11.292796553471943, 44.52344190917007], [11.29280714390383, 44.52371177301256], [11.292052704703996, 44.52372692347743], [11.292063291807034, 44.52399678744691], [11.291308848536035, 44.524011933074185], [11.29131943231012, 44.524281797170595], [11.290942208713291, 44.524289368187816], [11.29097395570974, 44.52509896060085], [11.290596726748252, 44.5251065305857], [11.290607307638371, 44.52537639476462], [11.287966688583312, 44.52542935029695], [11.28797725744991, 44.525699214956646], [11.286468322059246, 44.52572944815553], [11.286478884118525, 44.52599931308334], [11.286101648161651, 44.52600686834142], [11.286112208630128, 44.526276733325176], [11.285734970786256, 44.526284287409005], [11.285819445953171, 44.528443207312264], [11.286196697709222, 44.5284356526629], [11.286217821460001, 44.52897538234946], [11.286972331484325, 44.52896026903267], [11.2869934627843, 44.529499998377226], [11.287370721052609, 44.52949243970975], [11.287423560591815, 44.53084176245865], [11.287046293627157, 44.530849321479806], [11.287056860240247, 44.53111918605596], [11.286302322387726, 44.53113430050423], [11.286312885670254, 44.531404165207036], [11.285935614782408, 44.53141172063411], [11.285946176473669, 44.53168158539284], [11.285568903698316, 44.53168913964543], [11.285590024046291, 44.5322288692599], [11.285212747643968, 44.532236422408666], [11.285223306300617, 44.5325062872644], [11.28371419225295, 44.5325364876898], [11.283703640554238, 44.532266622551454], [11.283326363411819, 44.53227416947408], [11.283305263937212, 44.53173443901177], [11.282927990125762, 44.53174198454795], [11.28291744234979, 44.53147211922402], [11.28216289776201, 44.531487206419555], [11.282173442059133, 44.53175707188469], [11.281418893401032, 44.53177215424059], [11.281429434367116, 44.53204201983208], [11.281052158076868, 44.53204955921276], [11.28107323697352, 44.53258929049252], [11.280318676991667, 44.53260436580037], [11.280329213182627, 44.532874231559155], [11.27995193123052, 44.532881767415724], [11.279962465829675, 44.53315163323026], [11.279207898003161, 44.533166701348605], [11.279218429270871, 44.53343656728937], [11.27884114339648, 44.53344409955112], [11.278830613868365, 44.53317423353986], [11.278076045155808, 44.533189294186535], [11.278065519254502, 44.532919428019575], [11.27768823641637, 44.53292695640454], [11.277677712402225, 44.532657090152355], [11.27579130469607, 44.532694713045984], [11.275801820012415, 44.53296457965026], [11.275424536289135, 44.532972100563576], [11.275445563885013, 44.53351183386858], [11.274690989037724, 44.53352687224082], [11.274712010264755, 44.53406660576822], [11.274334719140686, 44.53407412322707], [11.27436624686758, 44.53488372361845], [11.273988950376962, 44.534891240043], [11.273978442727032, 44.5346213731903], [11.273223852783245, 44.534636402162654], [11.273118819180526, 44.53193773141718], [11.272741541383873, 44.53194524333233], [11.272710039393589, 44.53113564160988], [11.272332766668075, 44.53114315206891], [11.27228027499278, 44.52979381521817], [11.272657539021454, 44.52978630511054], [11.272647039388755, 44.52951643776638], [11.273024301530894, 44.5295089264839], [11.27300329922869, 44.528969191891875], [11.273380557745064, 44.52896167950486], [11.27337005507563, 44.528691812257], [11.275256336751744, 44.52865423199697], [11.275245825533661, 44.52838436508603], [11.277509348245514, 44.528339228108315], [11.277488305381913, 44.527799495086924], [11.27786555517271, 44.52779196804042], [11.27783398676664, 44.52698236860884], [11.27745674219304, 44.52698989544404], [11.277435700804782, 44.526450162274934], [11.277058459561665, 44.526457687724246], [11.277047940827796, 44.52618782104711], [11.276670701176153, 44.526195345181044], [11.276660184328732, 44.52592547841871], [11.275528469705913, 44.52594804313941], [11.275517958222753, 44.52567817615115], [11.274763484548377, 44.52569321293269], [11.274784500706305, 44.52623294717585], [11.273652778655967, 44.52625549343287], [11.273642275720228, 44.52598562610768], [11.274019514812016, 44.52597811200399], [11.273977497586177, 44.524898642836824], [11.27360026545002, 44.524906156659256], [11.273589763250643, 44.52463628926024], [11.272835302014254, 44.5246513130297], [11.272824803439795, 44.524381445475306], [11.272070345092207, 44.52439646412451], [11.272080840189004, 44.524666331819446], [11.271326377775083, 44.524681345629475], [11.271336869541324, 44.52495121345014], [11.270959636374807, 44.524958718557976], [11.27097012654928, 44.525228586434125], [11.270592891496776, 44.525236090367244], [11.270603380079432, 44.525505958298865], [11.269848906055383, 44.52552096257065], [11.269859391307229, 44.525790830627905], [11.2694821523357, 44.52579833096654], [11.269492635995604, 44.526068199079226], [11.269115395138096, 44.52607569824305], [11.269125877206012, 44.526345566411145], [11.268748634462513, 44.52635306440014], [11.268738154133601, 44.52608319616186], [11.267983671683751, 44.52609818826453], [11.267994148534656, 44.526368056643086], [11.26761690535034, 44.52637555089704], [11.267637856014804, 44.5269152877502], [11.267260609205506, 44.5269227808994], [11.267271083018993, 44.52719264937396], [11.266893834323737, 44.527200141348224], [11.266925251428047, 44.52800974689373], [11.26579348880901, 44.52803221597698], [11.265803956253256, 44.528302084672916], [11.265426700014114, 44.528309571947226], [11.265437165865928, 44.52857944069848], [11.265814423844288, 44.5285719533541], [11.265824891582108, 44.528841822020546], [11.26620215115292, 44.528834333360976], [11.266264971098497, 44.53045354462929], [11.265887701091733, 44.53046103370935], [11.265898169857145, 44.53073090227252], [11.26552089796416, 44.53073839017747], [11.265510430938164, 44.530468521544215], [11.265133160637811, 44.53047600813388], [11.265122695497986, 44.53020613941583], [11.26474542679027, 44.530213624690255], [11.26473496353657, 44.529943755887395], [11.264357696421497, 44.5299512398466], [11.264368157935824, 44.530221108719495], [11.263613619786836, 44.53023607304239], [11.26362407796907, 44.53050594204056], [11.263246806935175, 44.53051342240422], [11.263225894196149, 44.52997368425311], [11.262094090651125, 44.529996117452995], [11.262104541729167, 44.53026598674587], [11.261727271848288, 44.530273462058744], [11.261737721333477, 44.53054333140681], [11.26211499295377, 44.53053585602399], [11.262125444324935, 44.53080572528736], [11.261748170965205, 44.530813200740155], [11.261758620743473, 44.53108307005874], [11.261004070105479, 44.53109801736854], [11.26101451655131, 44.53136788681226], [11.260637239273066, 44.53137535866924], [11.260647684125873, 44.53164522816813], [11.259893125650946, 44.53166016828614], [11.259903567171134, 44.53193003791011], [11.259149004631396, 44.531944973186825], [11.259169881152712, 44.53248471267008], [11.258792596184078, 44.53249217858026], [11.258803032924682, 44.53276204836966], [11.261821322490578, 44.53270228566062], [11.261810871833012, 44.532432416430495], [11.262942722783862, 44.53240998507699], [11.262963634683262, 44.53294972310264], [11.262209060570815, 44.532964678863515], [11.262219513261156, 44.53323454799419], [11.261842224245385, 44.533242024076614], [11.2618317732947, 44.53297215487599], [11.261454485872028, 44.532979629643144], [11.261464935083051, 44.53324949891372], [11.261087645774177, 44.5332569725055], [11.261098093392054, 44.533526841831275], [11.260343510855408, 44.533541785418684], [11.260416623926133, 44.535430871265206], [11.260793927446224, 44.53542339960473], [11.260804374496422, 44.535693268882476], [11.261181679609887, 44.53568579590666], [11.261213026859368, 44.536495403441656], [11.261967647086239, 44.53648045333399], [11.261988552945233, 44.53702019133713], [11.262743179545671, 44.53700523596768], [11.262753636175107, 44.53727510480717], [11.264262894576083, 44.53724517884243], [11.264273358312321, 44.53751504738711], [11.264650674285793, 44.53750756271215], [11.264661139908837, 44.537777431172046], [11.26500098450511, 44.53777068864625], [11.265709144316856, 44.53685748140322], [11.265744765315088, 44.536811752720546], [11.26587623636824, 44.53667200757746], [11.265967629112813, 44.53657568484875], [11.266089878118633, 44.53639390060991], [11.266360327359568, 44.53599173577666], [11.267104101118614, 44.53502817553844], [11.266065690071384, 44.53504879727694], [11.266034277167977, 44.534239192251285], [11.266788865742575, 44.534224210883316], [11.266799340043034, 44.534494079099765], [11.267176635849758, 44.53448658647763], [11.267187112036881, 44.5347564546092], [11.267315816369404, 44.534753898051505], [11.267425661731574, 44.53461159318789], [11.267457801558402, 44.53456995723707], [11.267569992251286, 44.53442465138625], [11.268387857603637, 44.53336534113326], [11.26841183518148, 44.533334265033936], [11.268497694456679, 44.53322306096136], [11.269056507779228, 44.532499250630394], [11.269086739650078, 44.53254559796996], [11.2690918219086, 44.532553311155866], [11.26917758980799, 44.53244856319944], [11.269466804753472, 44.532872397144835], [11.269847871927547, 44.53346743283226], [11.270117709504085, 44.53388174755583], [11.270493759363658, 44.53447039893323], [11.270501413019453, 44.534482733228096], [11.270501440270737, 44.534482786701325], [11.270714396801615, 44.534826192951215], [11.270707129049052, 44.53487558140581], [11.27066155466095, 44.53492383228625], [11.270562689930985, 44.53495493097451], [11.270562392988918, 44.53495506291627], [11.270231529621624, 44.535105125805515], [11.270225502922964, 44.53514209305072], [11.27025830729711, 44.535205988863275], [11.27033493632111, 44.535308705277394], [11.27059323061047, 44.535655648270115], [11.27079304597024, 44.535932543870764], [11.271865508294338, 44.5373642025842], [11.272951588525308, 44.53734258475287], [11.272962092428958, 44.53761245166887], [11.273339406760478, 44.53760493827735], [11.273349912551463, 44.537874805108274], [11.274104544252506, 44.537859774448116], [11.27411505367092, 44.53812964112362], [11.273737736154038, 44.538137157146785], [11.273748243979774, 44.53840702387785], [11.272993605023798, 44.53842205232829], [11.273004109516712, 44.53869191918525], [11.272851906434482, 44.53869494902782], [11.27296367930237, 44.53884810000723], [11.273054520884884, 44.5389797087525], [11.273128293388218, 44.539086711294765], [11.273145014071769, 44.53916055921369], [11.27316880797296, 44.53917683011997], [11.27321714001744, 44.53920973520348], [11.273529333416953, 44.539089914975], [11.273571036772026, 44.53915041865501], [11.273677259531231, 44.539117100238556], [11.274464661773957, 44.540256124275814], [11.274737360193086, 44.54065073608598], [11.275617892877522, 44.54032828880277], [11.27561897547651, 44.54032990568241], [11.275722737527191, 44.5402847780849], [11.276454577752563, 44.54139555653959], [11.27689954564752, 44.54208485535105], [11.27689963965754, 44.54208500651893], [11.276925304208236, 44.54212476183744], [11.277291456289424, 44.54211745801361]], [[11.264451855332078, 44.53238005917162], [11.264462318166855, 44.53264992791177], [11.264085033510234, 44.53265741132608], [11.264074572415053, 44.5323875425159], [11.264451855332078, 44.53238005917162]], [[11.26519595455875, 44.53209522013245], [11.26520642072593, 44.53236508874725], [11.264829138102378, 44.53237257458208], [11.264818673674766, 44.53210270589723], [11.26519595455875, 44.53209522013245]], [[11.265573235295962, 44.5320877331224], [11.265562767536018, 44.53181786456292], [11.265940046386898, 44.53181037637767], [11.265929577034239, 44.531540507873515], [11.266306853998792, 44.531533018513116], [11.266296383053465, 44.53126315006429], [11.266673658131696, 44.531255659528746], [11.266694603648181, 44.53179539627144], [11.266317325090961, 44.53180288694719], [11.266327796329973, 44.53207275536652], [11.265573235295962, 44.5320877331224]], [[11.2892252821381, 44.528645034930676], [11.289235858000705, 44.52891489920056], [11.288858603951928, 44.52892246395192], [11.28884802982846, 44.52865259961124], [11.2892252821381, 44.528645034930676]], [[11.269545056500323, 44.5274175394213], [11.269555541042324, 44.527687407445434], [11.268801038311587, 44.52770240537018], [11.268780076331048, 44.52716266902644], [11.269157324291696, 44.52715517082694], [11.269136359420914, 44.526615434564505], [11.269890847944964, 44.52660043471111], [11.269880362252017, 44.52633056669814], [11.271766572293467, 44.52629304562801], [11.27181904570517, 44.52764238378964], [11.27106454473931, 44.52765739665515], [11.271054053240853, 44.527387528911866], [11.269545056500323, 44.5274175394213]], [[11.294778037655584, 44.52583278243571], [11.294799238729798, 44.526372509130184], [11.294422002559164, 44.52638009191876], [11.294432601580338, 44.52664995531475], [11.294055363522176, 44.52665753692934], [11.294065960953043, 44.526927400381496], [11.293688721007346, 44.52693498082206], [11.29369931684786, 44.52720484433033], [11.293322075014622, 44.52721242359686], [11.293311480913069, 44.526942560017645], [11.292557000278874, 44.52695771467393], [11.292535819477141, 44.52641798718748], [11.292158582415134, 44.52642556250637], [11.292147993975915, 44.52615569867005], [11.292525229299025, 44.52614812342205], [11.292493459655669, 44.52533853203702], [11.29437960796068, 44.525300638186785], [11.294400804962686, 44.525840365082374], [11.294778037655584, 44.52583278243571]]]}}, {"type": "Feature", "properties": {"threshold": "ge_2", "source": "HistorySUHI", "period": "2013-2025", "hotspot_percentile": "top_10_pct", "label": ">= 2 estati"}, "geometry": {"type": "Polygon", "coordinates": [[[11.264671605678657, 44.53804729961719], [11.264677077159547, 44.53818838325294], [11.264788277545495, 44.53804498483327], [11.264671605678657, 44.53804729961719]]]}}, {"type": "Feature", "properties": {"threshold": "ge_2", "source": "HistorySUHI", "period": "2013-2025", "hotspot_percentile": "top_10_pct", "label": ">= 2 estati"}, "geometry": {"type": "Polygon", "coordinates": [[[11.264315214724794, 44.538594521418375], [11.264317449019993, 44.538652141711445], [11.264354922482326, 44.538603817706765], [11.26436286441401, 44.538593576191474], [11.264315214724794, 44.538594521418375]]]}}, {"type": "Feature", "properties": {"threshold": "ge_2", "source": "HistorySUHI", "period": "2013-2025", "hotspot_percentile": "top_10_pct", "label": ">= 2 estati"}, "geometry": {"type": "Polygon", "coordinates": [[[11.263948354374046, 44.538871873668924], [11.263957809622458, 44.53911574733438], [11.264076014650989, 44.53896345538988], [11.264157504870012, 44.53886772542282], [11.263948354374046, 44.538871873668924]]]}}, {"type": "Feature", "properties": {"threshold": "ge_2", "source": "HistorySUHI", "period": "2013-2025", "hotspot_percentile": "top_10_pct", "label": ">= 2 estati"}, "geometry": {"type": "Polygon", "coordinates": [[[11.262868668778308, 44.54024366106822], [11.2628791271677, 44.54051352973074], [11.262501791318632, 44.54052100894804], [11.262512248114366, 44.5407908776658], [11.262134910378304, 44.54079835570744], [11.26214536558033, 44.54106822448043], [11.26176802595727, 44.54107570134639], [11.261799847356736, 44.54189718060944], [11.261901744339838, 44.54176067531494], [11.262707140316547, 44.54080578617531], [11.262828389003483, 44.54066202505002], [11.262890370136622, 44.540565558634505], [11.263100120261235, 44.540239072314755], [11.262868668778308, 44.54024366106822]]]}}, {"type": "Feature", "properties": {"threshold": "ge_2", "source": "HistorySUHI", "period": "2013-2025", "hotspot_percentile": "top_10_pct", "label": ">= 2 estati"}, "geometry": {"type": "Polygon", "coordinates": [[[11.261432494538662, 44.54216265247093], [11.261440840160756, 44.54237812108014], [11.261604220448223, 44.542159250279674], [11.261432494538662, 44.54216265247093]]]}}, {"type": "Feature", "properties": {"threshold": "ge_2", "source": "HistorySUHI", "period": "2013-2025", "hotspot_percentile": "top_10_pct", "label": ">= 2 estati"}, "geometry": {"type": "Polygon", "coordinates": [[[11.258905914347817, 44.54518351069561], [11.258923252593446, 44.545631612401124], [11.259306748845274, 44.54517557766876], [11.258905914347817, 44.54518351069561]]]}}, {"type": "Feature", "properties": {"threshold": "ge_2", "source": "HistorySUHI", "period": "2013-2025", "hotspot_percentile": "top_10_pct", "label": ">= 2 estati"}, "geometry": {"type": "Polygon", "coordinates": [[[11.25854942772546, 44.54573071585648], [11.258565000871927, 44.546133252152806], [11.258660822340195, 44.545998120588315], [11.258678692293104, 44.54597291104227], [11.25872164154094, 44.54590970074669], [11.258847262563187, 44.54572482274691], [11.25854942772546, 44.54573071585648]]]}}, {"type": "Feature", "properties": {"threshold": "ge_2", "source": "HistorySUHI", "period": "2013-2025", "hotspot_percentile": "top_10_pct", "label": ">= 2 estati"}, "geometry": {"type": "Polygon", "coordinates": [[[11.258203373564829, 44.54654778923921], [11.258206874570638, 44.54663829616461], [11.258272015970489, 44.546546431253944], [11.258203373564829, 44.54654778923921]]]}}, {"type": "Feature", "properties": {"threshold": "ge_2", "source": "HistorySUHI", "period": "2013-2025", "hotspot_percentile": "top_10_pct", "label": ">= 2 estati"}, "geometry": {"type": "Polygon", "coordinates": [[[11.257836434908597, 44.546825123102074], [11.257844496425808, 44.54703355884538], [11.2579663526182, 44.54692115015757], [11.25801458117663, 44.54687592178415], [11.258075509752036, 44.54682039413976], [11.257836434908597, 44.546825123102074]]]}}, {"type": "Feature", "properties": {"threshold": "ge_2", "source": "HistorySUHI", "period": "2013-2025", "hotspot_percentile": "top_10_pct", "label": ">= 2 estati"}, "geometry": {"type": "Polygon", "coordinates": [[[11.256714732980114, 44.54711737901477], [11.256704300665325, 44.54684750951768], [11.25481740733375, 44.546884795291746], [11.254827830943817, 44.54715466513777], [11.254450450097853, 44.54716211862455], [11.254440028228737, 44.546892248708765], [11.254062648977547, 44.54689970087985], [11.254031389469958, 44.5460900908349], [11.254408763498432, 44.54608263887304], [11.254398342214005, 44.54581276889832], [11.254775714355453, 44.54580531576031], [11.254765291476362, 44.545535445840606], [11.255142661730794, 44.54552799152645], [11.255121812929591, 44.544988251782364], [11.255876546036644, 44.54497333969555], [11.255855690857317, 44.54443360017163], [11.256233053710002, 44.54442614239903], [11.256222624599017, 44.54415627268475], [11.256599985564732, 44.54414881373613], [11.256568693887465, 44.5433392047143], [11.25732340493612, 44.543324283498535], [11.257344272870526, 44.54386402258188], [11.257721631656613, 44.54385655996567], [11.257742503657747, 44.544396298850394], [11.258119865778811, 44.54438883484868], [11.258130303739646, 44.54465870419908], [11.258507667455023, 44.5446512388817], [11.258497227753478, 44.54438136960115], [11.258874589581724, 44.544373903107804], [11.258864148285921, 44.54410403388239], [11.259241508227044, 44.54409656621311], [11.25923106533703, 44.54382669704285], [11.259985781298546, 44.5438117581067], [11.259964888995459, 44.54327202000153], [11.260719597408483, 44.54325707636191], [11.260688249609379, 44.542447469513114], [11.260310900697775, 44.54245494174602], [11.260300453465009, 44.542185072697016], [11.259545758683247, 44.542200013285836], [11.25953531507796, 44.54193014408226], [11.259157969207836, 44.54193761243819], [11.259147527489477, 44.541667743149986], [11.258015494221898, 44.541690140533944], [11.258025930718874, 44.54196001003175], [11.257271237660982, 44.541974935532224], [11.257281670823346, 44.542244805154965], [11.256904322334405, 44.542252266106445], [11.256935617477847, 44.54306187509569], [11.256558263620962, 44.54306933501088], [11.256537403526808, 44.54252959555983], [11.256160053004756, 44.54253705408966], [11.25614962491763, 44.54226718427222], [11.255772275989848, 44.54227464148652], [11.255782702336447, 44.542544511373734], [11.255405351521903, 44.54255196741207], [11.255384502455973, 44.54201222748336], [11.255007154976262, 44.54201968213642], [11.25499673240309, 44.54174981208019], [11.254242040486124, 44.541764717509665], [11.254252459578321, 44.54203458770539], [11.25274306702906, 44.542064383894584], [11.25275347930531, 44.542334254354394], [11.252376129062325, 44.54234170035705], [11.25238653974406, 44.54261157087181], [11.2527638917276, 44.54260412479949], [11.252774304295926, 44.542873995229826], [11.253151657873994, 44.542866547842046], [11.253162072328958, 44.54313641818797], [11.253539427501556, 44.54312896948472], [11.253581093744737, 44.5442084504423], [11.25395845573385, 44.54420100021438], [11.253948037213219, 44.54393113006681], [11.254702757271671, 44.54391622601301], [11.25472360142185, 44.544455966014475], [11.254346237984308, 44.54446341880378], [11.254356658537928, 44.54473328885214], [11.25322456212626, 44.54475563995419], [11.253234977603753, 44.54502551019701], [11.25248024245065, 44.54504040484186], [11.252490654592641, 44.54531027520933], [11.252113285056227, 44.54531772073265], [11.25214451713592, 44.546127331955695], [11.252899266507773, 44.546112439245086], [11.25290968097483, 44.54638230948395], [11.253664433244174, 44.546367411650316], [11.253768620769623, 44.54906611183441], [11.252259046005687, 44.549095905306004], [11.25226945859737, 44.5493657755222], [11.251892062800035, 44.54937322084468], [11.251923296227764, 44.55018283161391], [11.252678098123647, 44.5501679393048], [11.252698928104063, 44.55070767946524], [11.253076332315429, 44.55070023130215], [11.253086749266075, 44.55097010129059], [11.254218966247297, 44.55094774911556], [11.254187700162214, 44.55013813973362], [11.253810299871784, 44.55014559149552], [11.2537894600284, 44.54960585169444], [11.254166856836406, 44.54959840007199], [11.254146014095301, 44.54905866035143], [11.254523407274807, 44.54905120762241], [11.254533830313422, 44.549321077420316], [11.254911225087877, 44.549313623375525], [11.254942500304507, 44.550123232471556], [11.25551644679448, 44.55011189326055], [11.25568888461024, 44.54989054774221], [11.255645157820275, 44.54875897235587], [11.256583978748827, 44.54874041715225], [11.2566013843629, 44.5487057213284], [11.256746472995793, 44.54841647391946], [11.25756038798804, 44.54734766164245], [11.257692883538244, 44.54717341719324], [11.257776388773111, 44.547096386115115], [11.256714732980114, 44.54711737901477]], [[11.253412063074244, 44.549613302070824], [11.253401645112959, 44.54934343207845], [11.253779040325938, 44.54933598177178], [11.2537894600284, 44.54960585169444], [11.253412063074244, 44.549613302070824]]]}}, {"type": "Feature", "properties": {"threshold": "ge_2", "source": "HistorySUHI", "period": "2013-2025", "hotspot_percentile": "top_10_pct", "label": ">= 2 estati"}, "geometry": {"type": "Polygon", "coordinates": [[[11.288213170847403, 44.54135890418494], [11.287835836178601, 44.54136646721096], [11.287867559026223, 44.54217605895245], [11.288622238657386, 44.54216093123009], [11.2886010829827, 44.54162120370036], [11.288223746721933, 44.54162876804279], [11.288213170847403, 44.54135890418494]]]}}, {"type": "Feature", "properties": {"threshold": "ge_2", "source": "HistorySUHI", "period": "2013-2025", "hotspot_percentile": "top_10_pct", "label": ">= 2 estati"}, "geometry": {"type": "Polygon", "coordinates": [[[11.279932849237035, 44.542064733829186], [11.279555507830558, 44.542072269592516], [11.279566043973299, 44.54234213504569], [11.27994338712017, 44.54233459921182], [11.279932849237035, 44.542064733829186]]]}}, {"type": "Feature", "properties": {"threshold": "ge_2", "source": "HistorySUHI", "period": "2013-2025", "hotspot_percentile": "top_10_pct", "label": ">= 2 estati"}, "geometry": {"type": "Polygon", "coordinates": [[[11.284965009935604, 44.54520502815326], [11.284954447798196, 44.54493516385107], [11.284577089169604, 44.54494271658532], [11.284566528920939, 44.54467285219766], [11.284189171884844, 44.54468040361547], [11.2841997303929, 44.5449502680738], [11.283822371468107, 44.54495781831649], [11.283832928383617, 44.54522768283069], [11.282323484241484, 44.54525787162624], [11.282312934288539, 44.54498800682953], [11.281935574623668, 44.54499555084334], [11.281903930874421, 44.544185956152766], [11.281526576283413, 44.54419349870904], [11.281516030403424, 44.54392363371205], [11.28113867740506, 44.54393117495201], [11.281128133413509, 44.54366130986966], [11.280750782007797, 44.54366884979332], [11.280729697949324, 44.54312911944316], [11.279975001656357, 44.54314419527113], [11.279953925151101, 44.5426044645797], [11.27957658026381, 44.542612000484084], [11.279597653288157, 44.543151731316556], [11.27922030477218, 44.54315926611627], [11.279251910195486, 44.543968862465675], [11.279629263933021, 44.54396132745443], [11.279650338435188, 44.54450105813913], [11.280027695506094, 44.544493521741096], [11.28004877408068, 44.545033252225636], [11.280426134485014, 44.545025714440754], [11.280436675734697, 44.54529557959032], [11.280814037731846, 44.5452880404891], [11.280824580870057, 44.545557905553345], [11.282334034342396, 44.54552773640815], [11.282344584591282, 44.54579760117529], [11.282721949330194, 44.545790055703876], [11.282732501467772, 44.546059920385616], [11.283864600018555, 44.54603727628457], [11.283875856936692, 44.546325012555116], [11.283905709942182, 44.54631131088812], [11.285249855347375, 44.545571446575245], [11.28528610505997, 44.545534323685274], [11.285491922092174, 44.545323532255054], [11.285740946703301, 44.5451894927727], [11.284965009935604, 44.54520502815326]]]}}, {"type": "Feature", "properties": {"threshold": "ge_2", "source": "HistorySUHI", "period": "2013-2025", "hotspot_percentile": "top_10_pct", "label": ">= 2 estati"}, "geometry": {"type": "Polygon", "coordinates": [[[11.318335445084069, 44.42488762767102], [11.318712021611654, 44.42487997957528], [11.318680002482498, 44.424070388708294], [11.317550288017753, 44.42409332862992], [11.317560955722584, 44.42436319248177], [11.317937529089859, 44.42435554701014], [11.31796953828976, 44.425165138262045], [11.318346116696466, 44.42515749133525], [11.318335445084069, 44.42488762767102]]]}}, {"type": "Feature", "properties": {"threshold": "ge_2", "source": "HistorySUHI", "period": "2013-2025", "hotspot_percentile": "top_10_pct", "label": ">= 2 estati"}, "geometry": {"type": "Polygon", "coordinates": [[[11.31733372154703, 44.42814893008299], [11.318086916864319, 44.42813363837683], [11.318076245337469, 44.42786377480419], [11.318452841041992, 44.42785612716172], [11.318410149509914, 44.42677667300914], [11.31803356072481, 44.42678432036534], [11.318044231653769, 44.427054183997306], [11.317667640989375, 44.42706183018448], [11.317699649483469, 44.42787142120605], [11.317323053480017, 44.42787906636726], [11.31733372154703, 44.42814893008299]]]}}, {"type": "Feature", "properties": {"threshold": "ge_2", "source": "HistorySUHI", "period": "2013-2025", "hotspot_percentile": "top_10_pct", "label": ">= 2 estati"}, "geometry": {"type": "Polygon", "coordinates": [[[11.31733372154703, 44.42814893008299], [11.316957123664226, 44.42815657407511], [11.316967790150724, 44.42842643784754], [11.317344389763472, 44.4284187937839], [11.31733372154703, 44.42814893008299]]]}}, {"type": "Feature", "properties": {"threshold": "ge_2", "source": "HistorySUHI", "period": "2013-2025", "hotspot_percentile": "top_10_pct", "label": ">= 2 estati"}, "geometry": {"type": "Polygon", "coordinates": [[[11.326402441195103, 44.4382275233988], [11.326413154900997, 44.438497384886894], [11.327166478297393, 44.43848203050862], [11.327155761129895, 44.43821216916422], [11.326402441195103, 44.4382275233988]]]}}, {"type": "Feature", "properties": {"threshold": "ge_2", "source": "HistorySUHI", "period": "2013-2025", "hotspot_percentile": "top_10_pct", "label": ">= 2 estati"}, "geometry": {"type": "Polygon", "coordinates": [[[11.32867312328838, 44.438451306859285], [11.32829646226592, 44.438458989633205], [11.328307184776017, 44.43872885074714], [11.328683847529296, 44.438721167901306], [11.32867312328838, 44.438451306859285]]]}}, {"type": "Feature", "properties": {"threshold": "ge_2", "source": "HistorySUHI", "period": "2013-2025", "hotspot_percentile": "top_10_pct", "label": ">= 2 estati"}, "geometry": {"type": "Polygon", "coordinates": [[[11.306837160289701, 44.43916472142235], [11.30570714556703, 44.43918755028284], [11.305717764372273, 44.43945741567469], [11.306847784287914, 44.43943458660055], [11.306837160289701, 44.43916472142235]]]}}, {"type": "Feature", "properties": {"threshold": "ge_2", "source": "HistorySUHI", "period": "2013-2025", "hotspot_percentile": "top_10_pct", "label": ">= 2 estati"}, "geometry": {"type": "Polygon", "coordinates": [[[11.336087866762652, 44.44478172642098], [11.336464566320938, 44.44477401709473], [11.336475328795563, 44.445043876339525], [11.336852029934418, 44.44503616569982], [11.336819737768911, 44.44422658813729], [11.336066345728348, 44.444242007742474], [11.336087866762652, 44.44478172642098]]]}}, {"type": "Feature", "properties": {"threshold": "ge_2", "source": "HistorySUHI", "period": "2013-2025", "hotspot_percentile": "top_10_pct", "label": ">= 2 estati"}, "geometry": {"type": "Polygon", "coordinates": [[[11.338821721700812, 44.44715646383943], [11.338832495921867, 44.447426322517245], [11.339585927404327, 44.447410883800394], [11.339575149720185, 44.44714102526704], [11.339951863503394, 44.44713330411874], [11.339941084238726, 44.44686344564278], [11.339564372187034, 44.44687116671882], [11.339553594804874, 44.44660130815572], [11.338800173711535, 44.44661674643915], [11.338810947630703, 44.44688660514673], [11.338434235126114, 44.44689432249857], [11.3384450074647, 44.4471641812635], [11.338821721700812, 44.44715646383943]]]}}, {"type": "Feature", "properties": {"threshold": "ge_2", "source": "HistorySUHI", "period": "2013-2025", "hotspot_percentile": "top_10_pct", "label": ">= 2 estati"}, "geometry": {"type": "Polygon", "coordinates": [[[11.332051585432518, 44.44756504751188], [11.332030099477445, 44.4470253275449], [11.331653384260042, 44.447033022551366], [11.331664125430752, 44.4473028826143], [11.330910691081376, 44.44731826904694], [11.330932166947816, 44.44785798941622], [11.331685608223633, 44.447842602695594], [11.33167486675195, 44.44757274266237], [11.332051585432518, 44.44756504751188]]]}}, {"type": "Feature", "properties": {"threshold": "ge_2", "source": "HistorySUHI", "period": "2013-2025", "hotspot_percentile": "top_10_pct", "label": ">= 2 estati"}, "geometry": {"type": "Polygon", "coordinates": [[[11.34273995102472, 44.45085723133693], [11.342363214055613, 44.450864962187836], [11.34237400597703, 44.45113482000685], [11.342750744677996, 44.451127089083585], [11.342772332438225, 44.45166680453227], [11.343149074451759, 44.45165907222273], [11.34313827876412, 44.45138921457819], [11.34389175887359, 44.45137374637907], [11.343859362327049, 44.450564173790404], [11.343482627543514, 44.450571908293604], [11.343471830729062, 44.45030205066191], [11.343095097526067, 44.45030978385119], [11.343084302594661, 44.450039926132256], [11.342707570972212, 44.450047658007655], [11.34273995102472, 44.45085723133693]]]}}, {"type": "Feature", "properties": {"threshold": "ge_2", "source": "HistorySUHI", "period": "2013-2025", "hotspot_percentile": "top_10_pct", "label": ">= 2 estati"}, "geometry": {"type": "Polygon", "coordinates": [[[11.346040026194753, 44.48616974912632], [11.348301802756229, 44.48612324372492], [11.348269305954764, 44.48531367863658], [11.346761476340324, 44.48534468633927], [11.34675065131647, 44.48507483098987], [11.345996739068676, 44.485090327238], [11.346007560622684, 44.4853601827324], [11.345630602536344, 44.48536792906441], [11.345652242629452, 44.48590764015356], [11.34602920418572, 44.48589989367657], [11.346040026194753, 44.48616974912632]]]}}, {"type": "Feature", "properties": {"threshold": "ge_2", "source": "HistorySUHI", "period": "2013-2025", "hotspot_percentile": "top_10_pct", "label": ">= 2 estati"}, "geometry": {"type": "Polygon", "coordinates": [[[11.305173464786945, 44.4926739315283], [11.304796448661627, 44.49268154407079], [11.30480708308417, 44.49295140709907], [11.305938136220265, 44.49292856552748], [11.30591685710946, 44.4923888398836], [11.305162828777679, 44.49240406855646], [11.305173464786945, 44.4926739315283]]]}}, {"type": "Feature", "properties": {"threshold": "ge_2", "source": "HistorySUHI", "period": "2013-2025", "hotspot_percentile": "top_10_pct", "label": ">= 2 estati"}, "geometry": {"type": "Polygon", "coordinates": [[[11.310042685565644, 44.49176526914293], [11.310021369462882, 44.49122554494978], [11.308513346539764, 44.491256050891195], [11.308534648757139, 44.49179577565531], [11.308157639181704, 44.49180339917488], [11.308189588420293, 44.492612986423914], [11.307812573488357, 44.492620608914045], [11.307855167619788, 44.49370005865727], [11.307478145595272, 44.49370768018925], [11.307510087553403, 44.49451726755501], [11.308641168802339, 44.49449439858655], [11.308630516125904, 44.49422453636013], [11.30825349092815, 44.494232160521804], [11.308242840136947, 44.493962298209205], [11.309750933088306, 44.49393179438688], [11.309740275502866, 44.49366193234492], [11.310117296631411, 44.493654303351974], [11.31010663745951, 44.49338444136658], [11.310483656702793, 44.49337681120154], [11.310419694394344, 44.491757639406316], [11.310042685565644, 44.49176526914293]]]}}, {"type": "Feature", "properties": {"threshold": "ge_2", "source": "HistorySUHI", "period": "2013-2025", "hotspot_percentile": "top_10_pct", "label": ">= 2 estati"}, "geometry": {"type": "Polygon", "coordinates": [[[11.305948775999372, 44.493198428327176], [11.305959415927623, 44.49346829111207], [11.306713457549389, 44.49345305689519], [11.306702814149437, 44.49318319425287], [11.305948775999372, 44.493198428327176]]]}}, {"type": "Feature", "properties": {"threshold": "ge_2", "source": "HistorySUHI", "period": "2013-2025", "hotspot_percentile": "top_10_pct", "label": ">= 2 estati"}, "geometry": {"type": "Polygon", "coordinates": [[[11.306442861658782, 44.49615930094651], [11.305688785018955, 44.49617453410188], [11.3057100648338, 44.496714259473386], [11.306087106700566, 44.49670664337497], [11.306076464982425, 44.496436780767894], [11.306453504963873, 44.49642916349712], [11.306442861658782, 44.49615930094651]]]}}, {"type": "Feature", "properties": {"threshold": "ge_2", "source": "HistorySUHI", "period": "2013-2025", "hotspot_percentile": "top_10_pct", "label": ">= 2 estati"}, "geometry": {"type": "Polygon", "coordinates": [[[11.30419126283809, 44.49647484846742], [11.304568303565153, 44.49646723741477], [11.304600208333014, 44.49727682604661], [11.305354299756956, 44.497261599782945], [11.305364938450188, 44.497531462488105], [11.30611903275005, 44.497516231107284], [11.306097748567884, 44.496976505967226], [11.305343661212856, 44.49699173706297], [11.305322384572035, 44.496452011578576], [11.304945344143144, 44.496459625118476], [11.304934707782547, 44.49618976228282], [11.304557668940685, 44.49619737450786], [11.30454703446529, 44.49592751158613], [11.304169997210467, 44.495935122496334], [11.30419126283809, 44.49647484846742]]]}}, {"type": "Feature", "properties": {"threshold": "ge_2", "source": "HistorySUHI", "period": "2013-2025", "hotspot_percentile": "top_10_pct", "label": ">= 2 estati"}, "geometry": {"type": "Polygon", "coordinates": [[[11.310718231197312, 44.499313769884374], [11.310341173759742, 44.49932140162046], [11.310319849288973, 44.49878167825753], [11.309942795174633, 44.49878930860707], [11.309932134899757, 44.49851944683197], [11.308800976869165, 44.49854233020416], [11.30881163193509, 44.49881219219342], [11.307680467351263, 44.49883506458632], [11.3076911173575, 44.4991049267748], [11.307314060461255, 44.499112548489656], [11.307324708880406, 44.499382410734626], [11.306570591167365, 44.49939765057575], [11.30659188150781, 44.49993737530649], [11.306214818954594, 44.499944993503995], [11.306257394480266, 44.501024443072815], [11.306634463979467, 44.501016824590124], [11.306645109970473, 44.501286686873975], [11.308153393420845, 44.501256200219736], [11.308142740483637, 44.50098633822118], [11.309273946293821, 44.50096346038444], [11.309252630448379, 44.50042373677103], [11.309629695279986, 44.500416108480614], [11.309608376559257, 44.49987638495067], [11.309985437768539, 44.499868755559255], [11.309974776895897, 44.499598893843455], [11.310728895393277, 44.49958363147218], [11.310718231197312, 44.499313769884374]]]}}, {"type": "Feature", "properties": {"threshold": "ge_2", "source": "HistorySUHI", "period": "2013-2025", "hotspot_percentile": "top_10_pct", "label": ">= 2 estati"}, "geometry": {"type": "Polygon", "coordinates": [[[11.313279518452472, 44.50682406019675], [11.313268839797107, 44.50655419943814], [11.313645943078129, 44.50654655706521], [11.313635262835476, 44.50627669636327], [11.316274969449928, 44.50622316542067], [11.316253585096492, 44.50568344497421], [11.316630681968137, 44.505675792863826], [11.316598601351524, 44.50486621229768], [11.316221509690516, 44.504873864193236], [11.316125291566074, 44.502445121049156], [11.31574821538581, 44.50245277105642], [11.315726838702126, 44.50191305005135], [11.314972692838536, 44.50192834604803], [11.314962008194582, 44.501658485380105], [11.314207865205011, 44.501673776258336], [11.314197184183941, 44.5014039154325], [11.31306597378632, 44.5014268422066], [11.31305529812458, 44.501156981151375], [11.312678229429233, 44.50116462085027], [11.31266755565366, 44.500894759708714], [11.312290488545198, 44.500902398092336], [11.312269144915895, 44.50036267562177], [11.312646208551396, 44.500355037381105], [11.312635535224699, 44.500085176195064], [11.31225847332564, 44.500092814364244], [11.312247801884984, 44.499822953091886], [11.312624862047624, 44.49981531499418], [11.312614189020165, 44.499545453778474], [11.314876536434868, 44.49949959950268], [11.314865853138853, 44.49922973870125], [11.315242908780931, 44.49922209204044], [11.315232223898345, 44.49895223129573], [11.315986331260477, 44.49893693438612], [11.31592220427538, 44.49731777046525], [11.31365994289663, 44.49736364369381], [11.313670619935827, 44.49763350481367], [11.31291652813959, 44.49764878608373], [11.31292720185602, 44.49791864733177], [11.31217310598885, 44.497933923770184], [11.312194446925545, 44.49847364650766], [11.312571498406452, 44.49846600876734], [11.31260351614232, 44.499275592547946], [11.311472345623958, 44.49929850268099], [11.311461678104774, 44.49902864122123], [11.311084622702563, 44.499036275373335], [11.311116620499604, 44.499845859922466], [11.310739559738737, 44.499853493045165], [11.310782218615559, 44.500932939188814], [11.311536353879488, 44.50091767112817], [11.311557691161076, 44.50145739382528], [11.311934762041787, 44.50144975778635], [11.31195610339478, 44.50198948028121], [11.312333177599065, 44.501981842855514], [11.312365195960398, 44.50279142627218], [11.312742275224986, 44.502783787388175], [11.312763625020708, 44.503323509448855], [11.31314070760904, 44.50331586917798], [11.313151384468107, 44.50358573011456], [11.313528468643495, 44.50357808852828], [11.313560505329106, 44.50438767103451], [11.313937594565123, 44.50438002798975], [11.313958956577745, 44.50491974944337], [11.313581863868055, 44.50492739263117], [11.313592543362102, 44.50519725340726], [11.313215448765822, 44.505204895422615], [11.313226126672683, 44.50547475625539], [11.312471933557266, 44.50549003669715], [11.312482608139966, 44.50575989765809], [11.311728410952096, 44.50577517326682], [11.311739082210531, 44.506045034355864], [11.311361981655223, 44.50605267036568], [11.311372651326272, 44.506322531511366], [11.310995548884398, 44.5063301663486], [11.311006216968018, 44.506600027550896], [11.31062911263957, 44.50660766121553], [11.31063977913571, 44.50687752247445], [11.309885566556147, 44.50689278621441], [11.309874903534093, 44.50662292481266], [11.309497798757112, 44.50663055474514], [11.309465815798852, 44.50582097023674], [11.309842915364838, 44.50581334051846], [11.309821590666065, 44.50527361758152], [11.310198686608704, 44.50526598676205], [11.310124042713518, 44.50337695651565], [11.310501126348894, 44.50336932495211], [11.310490461796512, 44.50309946350046], [11.31011337989786, 44.50310709499257], [11.310070730129992, 44.50202764875202], [11.309693655028532, 44.50203527871463], [11.309682994696848, 44.50176541704602], [11.30817469974328, 44.501795924172406], [11.308185353128511, 44.5020657861265], [11.307054125135274, 44.50208865362491], [11.307032828933814, 44.501548929273895], [11.305901610016823, 44.50157178514976], [11.30589096734974, 44.50130192273813], [11.305513895815572, 44.501309538804456], [11.305535177825735, 44.50184926375543], [11.305158102669196, 44.50185687872044], [11.305168742161399, 44.50212674124497], [11.30479166511907, 44.50213435503738], [11.304823579280537, 44.50294394273579], [11.304446496879008, 44.50295155549804], [11.304457133494358, 44.50322141810579], [11.302948795450392, 44.50325185700059], [11.30293816578203, 44.502981994107984], [11.302561082635188, 44.5029896006507], [11.302571710566802, 44.503259463614484], [11.301817540352666, 44.503274673110504], [11.301806915894563, 44.50300481000438], [11.301429832300828, 44.50301241281536], [11.301461700911613, 44.5038220023027], [11.301838789715699, 44.50381439927828], [11.301849414620637, 44.50408426233996], [11.303357775294568, 44.50405383751809], [11.303368407295862, 44.50432370028024], [11.304122590212321, 44.50430848026312], [11.304111954737342, 44.5040386176434], [11.306751578089228, 44.50398530889749], [11.306762225722029, 44.50425517101834], [11.307139315912245, 44.5042475504361], [11.307149965431163, 44.504517412470804], [11.3067728735041, 44.50452503312436], [11.306783521435442, 44.50479489521556], [11.305275145287204, 44.50482536567521], [11.305285786420217, 44.50509522803673], [11.304908690273246, 44.50510284261294], [11.304951249349251, 44.50618229219592], [11.303819939169829, 44.506205129315376], [11.303809304388114, 44.50593526672816], [11.303055100330358, 44.505950485111796], [11.303044469171716, 44.505680622367336], [11.30266736865626, 44.50568822962192], [11.302656739383629, 44.50541836679145], [11.302279640456131, 44.505425972730826], [11.302269013069461, 44.505156109814365], [11.300006426798328, 44.5052017188993], [11.299974576796588, 44.50439212878063], [11.299597483774408, 44.504399725727446], [11.299586869141699, 44.504129862253855], [11.299209777707581, 44.504137457885626], [11.299199164960525, 44.503867594326145], [11.298822075114478, 44.50387518864286], [11.298811464253026, 44.503605324997494], [11.298434375995054, 44.50361291799919], [11.298444985119676, 44.50388278171561], [11.298067894976146, 44.503890373544415], [11.298078502512643, 44.50416023731706], [11.296947225979334, 44.50418300555272], [11.296926021476136, 44.50364327756648], [11.297680199032952, 44.50362810027074], [11.297669593530673, 44.50335823639744], [11.298046680349264, 44.50335064595467], [11.298036073258876, 44.50308078213759], [11.298790242976375, 44.50306559766235], [11.298769022294708, 44.502525870267974], [11.298391940983809, 44.502533462985454], [11.2983707243705, 44.50199373538975], [11.297616568249365, 44.502008916808855], [11.297605963639107, 44.50173905284673], [11.297228887092198, 44.501746641619434], [11.29721828436724, 44.50147677757148], [11.296087059044735, 44.50149953621337], [11.296065864460381, 44.500959807647114], [11.295688792528955, 44.50096739123141], [11.295678197196194, 44.50069752685509], [11.294169914931754, 44.50072784847005], [11.294180503318175, 44.500997713130126], [11.293803430644331, 44.501005290495186], [11.293856366119682, 44.502354613928084], [11.293479284614094, 44.502362190403794], [11.293500456369673, 44.502901919815166], [11.293123371242174, 44.50290949518875], [11.293165709586892, 44.50398895411752], [11.292788617363694, 44.50399652853069], [11.292830951134937, 44.50507598750625], [11.293208050305843, 44.50506841280954], [11.29321863585657, 44.50533827744554], [11.293972837227127, 44.505323124178226], [11.293983426400278, 44.50559298865763], [11.294360528599894, 44.50558541008701], [11.294349937689741, 44.50531554567851], [11.29472703800388, 44.505307965934776], [11.294716445505223, 44.505038101582414], [11.296601936163087, 44.50500018455803], [11.296612537346595, 44.50527004855554], [11.296989636769373, 44.505262461347606], [11.29700023983849, 44.505532325259324], [11.296623138678726, 44.50553991253826], [11.296633740159479, 44.50580977650617], [11.29738794580438, 44.50579460056224], [11.297398550907827, 44.506064464373324], [11.300038278139624, 44.50601130888468], [11.30004889555108, 44.506281172183535], [11.300803105466406, 44.50626597356237], [11.30081372650083, 44.50653583670416], [11.301945045468182, 44.50651302922852], [11.301934419222594, 44.50624316630015], [11.303065731638043, 44.50622034784145], [11.303086994700545, 44.5067600732563], [11.303464102015079, 44.50675246447288], [11.303496002938049, 44.50756205227044], [11.303873115314845, 44.5075544420293], [11.303894386816571, 44.508094167011166], [11.303517270965429, 44.50810177739474], [11.303527905202749, 44.508371639934666], [11.304282140230336, 44.50835641778094], [11.304271502518601, 44.50808655538346], [11.304648618071498, 44.50807894251163], [11.304680536865797, 44.508888529445876], [11.310337330420897, 44.508774183863665], [11.31032666461515, 44.50850432263712], [11.310703781252938, 44.50849668971655], [11.310671779521371, 44.507687106162216], [11.311048890798121, 44.507679472211834], [11.311038222116247, 44.50740961106884], [11.3117924407468, 44.507394339578696], [11.311781768740325, 44.50712447856379], [11.312535983298256, 44.507109202240294], [11.312525307967286, 44.506839341353505], [11.313279518452472, 44.50682406019675]], [[11.304627339621096, 44.50753921781471], [11.304250227542536, 44.50754683054406], [11.304239590278199, 44.50727696810213], [11.30461670061963, 44.50726935544403], [11.304627339621096, 44.50753921781471]]]}}, {"type": "Feature", "properties": {"threshold": "ge_2", "source": "HistorySUHI", "period": "2013-2025", "hotspot_percentile": "top_10_pct", "label": ">= 2 estati"}, "geometry": {"type": "Polygon", "coordinates": [[[11.301243949063556, 44.50787755058756], [11.301254572728629, 44.50814741356937], [11.301631689473922, 44.50813981065061], [11.301621064071652, 44.50786994773995], [11.301243949063556, 44.50787755058756]]]}}, {"type": "Feature", "properties": {"threshold": "ge_2", "source": "HistorySUHI", "period": "2013-2025", "hotspot_percentile": "top_10_pct", "label": ">= 2 estati"}, "geometry": {"type": "Polygon", "coordinates": [[[11.345055077479394, 44.51805909964503], [11.344677908376298, 44.51806684728652], [11.344688736288004, 44.51833670147215], [11.344311565295186, 44.51834444794167], [11.344333218098162, 44.518884156413264], [11.344710392566872, 44.51887640979878], [11.344721220934035, 44.519146263939746], [11.344344044727345, 44.51915401062675], [11.344354871508328, 44.51942386482531], [11.345109227245889, 44.51940837006184], [11.34512005765473, 44.51967822410053], [11.344742878123835, 44.51968597217703], [11.344753706946479, 44.519955826273346], [11.345885250297725, 44.51993257809275], [11.345874416260935, 44.51966272421398], [11.346251595336197, 44.51965497240392], [11.346229924242309, 44.5191152647468], [11.345852748643061, 44.51912301641179], [11.34584191506197, 44.518853162488355], [11.345464741048799, 44.51886091283631], [11.34545390935755, 44.51859105882546], [11.34507673693046, 44.51859880785643], [11.345055077479394, 44.51805909964503]]]}}, {"type": "Feature", "properties": {"threshold": "ge_2", "source": "HistorySUHI", "period": "2013-2025", "hotspot_percentile": "top_10_pct", "label": ">= 2 estati"}, "geometry": {"type": "Polygon", "coordinates": [[[11.342167519369962, 44.52135930126371], [11.34254471039193, 44.52135156146434], [11.342555529696362, 44.52162141590615], [11.3433099147616, 44.521605932428734], [11.343255802374768, 44.52025666079533], [11.342501434691158, 44.52027214354832], [11.342490616145193, 44.520002289032114], [11.342113433813937, 44.52001002846934], [11.342124250621808, 44.52027988305798], [11.341747066400796, 44.52028762132308], [11.341779512519972, 44.52109718521695], [11.34215670195542, 44.5210894467346], [11.342167519369962, 44.52135930126371]]]}}, {"type": "Feature", "properties": {"threshold": "ge_2", "source": "HistorySUHI", "period": "2013-2025", "hotspot_percentile": "top_10_pct", "label": ">= 2 estati"}, "geometry": {"type": "Polygon", "coordinates": [[[11.333061012421346, 44.52019540159678], [11.331175080333594, 44.52023393076719], [11.33118584673563, 44.52050378745107], [11.330808658126944, 44.52051148962348], [11.330819422941744, 44.52078134636458], [11.330442232443925, 44.52078904736448], [11.33045299567144, 44.52105890416277], [11.330830187907482, 44.521051203090806], [11.330840953024158, 44.52132105980219], [11.331218146847503, 44.52131335741354], [11.331228913853389, 44.521583214037975], [11.331606109264033, 44.5215755103326], [11.331616878159178, 44.521845366870075], [11.331994075157116, 44.52183766184796], [11.332004845941567, 44.522107518298476], [11.332382044526796, 44.522099811959606], [11.332392817200605, 44.522369668323144], [11.332770017373115, 44.52236196066748], [11.332780791936328, 44.522631816944006], [11.33391239676237, 44.52260868629258], [11.333944737004064, 44.52341825438361], [11.334321943525659, 44.523410541460585], [11.33425725397247, 44.52179140557775], [11.333502861638424, 44.521806829313064], [11.33349208405187, 44.52153697313622], [11.333114889396436, 44.521544683064775], [11.333104113699246, 44.52127482680091], [11.332726920630975, 44.52128253541268], [11.332716146823106, 44.52101267906181], [11.333093338153144, 44.52100497052218], [11.333061012421346, 44.52019540159678]]]}}, {"type": "Feature", "properties": {"threshold": "ge_2", "source": "HistorySUHI", "period": "2013-2025", "hotspot_percentile": "top_10_pct", "label": ">= 2 estati"}, "geometry": {"type": "Polygon", "coordinates": [[[11.322952034645262, 44.52229209702989], [11.322994952406752, 44.523371529592424], [11.323372161563535, 44.52336385283845], [11.32335069890499, 44.522824136730556], [11.323727904434394, 44.52281645887553], [11.323706438900915, 44.52227674285193], [11.322952034645262, 44.52229209702989]]]}}, {"type": "Feature", "properties": {"threshold": "ge_2", "source": "HistorySUHI", "period": "2013-2025", "hotspot_percentile": "top_10_pct", "label": ">= 2 estati"}, "geometry": {"type": "Polygon", "coordinates": [[[11.31128004264948, 44.5230691708742], [11.311290718272065, 44.523339031228595], [11.311667930342916, 44.523331393133645], [11.311657252981806, 44.52306153285074], [11.31128004264948, 44.5230691708742]]]}}, {"type": "Feature", "properties": {"threshold": "ge_2", "source": "HistorySUHI", "period": "2013-2025", "hotspot_percentile": "top_10_pct", "label": ">= 2 estati"}, "geometry": {"type": "Polygon", "coordinates": [[[11.337727593181109, 44.523610924419806], [11.33810479992821, 44.52360319897743], [11.33812639939369, 44.52414290934487], [11.338503609466267, 44.52413518251317], [11.33851441116464, 44.524405037602264], [11.339646045688974, 44.52438184942181], [11.339592012635153, 44.52303257491249], [11.338837607154739, 44.52304803422087], [11.338805199570704, 44.52223846890274], [11.338428001818293, 44.52224619647298], [11.3384172013315, 44.52197634126486], [11.337285612380619, 44.52199951629074], [11.337339590253842, 44.52334879326687], [11.337716795413927, 44.52334106914149], [11.337727593181109, 44.523610924419806]]]}}, {"type": "Feature", "properties": {"threshold": "ge_2", "source": "HistorySUHI", "period": "2013-2025", "hotspot_percentile": "top_10_pct", "label": ">= 2 estati"}, "geometry": {"type": "Polygon", "coordinates": [[[11.32678853175364, 44.523834420793925], [11.327165742881549, 44.523826731448715], [11.327176492122751, 44.52409658873165], [11.327553704838452, 44.52408889806973], [11.327564455968917, 44.52435875526584], [11.327941670272404, 44.52435106328718], [11.327952423292176, 44.52462092039644], [11.32870685492391, 44.5246055325608], [11.328717611571617, 44.524875389511216], [11.329849263103672, 44.52485229820585], [11.329860025118002, 44.52512215492532], [11.330237243732173, 44.5251144552619], [11.330215716377259, 44.524574741952215], [11.329838501240244, 44.52458244147151], [11.329816977966088, 44.524042727958275], [11.329062554193529, 44.52405812297444], [11.329041038476895, 44.52351840911363], [11.328663829841314, 44.52352610461055], [11.328653073947713, 44.523256247585834], [11.326767037200357, 44.52329470603958], [11.32678853175364, 44.523834420793925]]]}}, {"type": "Feature", "properties": {"threshold": "ge_2", "source": "HistorySUHI", "period": "2013-2025", "hotspot_percentile": "top_10_pct", "label": ">= 2 estati"}, "geometry": {"type": "Polygon", "coordinates": [[[11.325333389984321, 44.52521445379171], [11.324956169410283, 44.525222137272664], [11.324977648686856, 44.52576185253827], [11.325354872738217, 44.52575416891352], [11.325397840053446, 44.526833598978875], [11.326906762572118, 44.5268028508806], [11.326853019030311, 44.52545356470042], [11.326475797320233, 44.52546125323256], [11.326465050802659, 44.52519139588], [11.326087830680532, 44.52519908309538], [11.326055597247697, 44.52438951073279], [11.325678382190699, 44.524397196487584], [11.325689124779082, 44.52466705402856], [11.325311907832878, 44.5246747386105], [11.325333389984321, 44.52521445379171]]]}}, {"type": "Feature", "properties": {"threshold": "ge_2", "source": "HistorySUHI", "period": "2013-2025", "hotspot_percentile": "top_10_pct", "label": ">= 2 estati"}, "geometry": {"type": "Polygon", "coordinates": [[[11.343537228217704, 44.527272869225264], [11.343558880609395, 44.52781257714923], [11.343936112899888, 44.527804831876786], [11.343946941062239, 44.52807468574397], [11.344701408665276, 44.528059191319464], [11.344690577025352, 44.52778933759729], [11.345067808860271, 44.527781588590216], [11.34505697563347, 44.52751173492566], [11.345434205577726, 44.52750398474625], [11.345423370764097, 44.52723413113933], [11.345046142558571, 44.52724188124621], [11.345035309635575, 44.526972027551885], [11.343903629323828, 44.52699527018594], [11.343914457030687, 44.52726512409778], [11.343537228217704, 44.527272869225264]]]}}, {"type": "Feature", "properties": {"threshold": "ge_2", "source": "HistorySUHI", "period": "2013-2025", "hotspot_percentile": "top_10_pct", "label": ">= 2 estati"}, "geometry": {"type": "Polygon", "coordinates": [[[11.314230518657975, 44.53084160830782], [11.314187751600318, 44.52976217046504], [11.313810498696666, 44.52976981774588], [11.313789119545548, 44.52923009859236], [11.31341186997016, 44.529237744485066], [11.313390494896687, 44.528698025129096], [11.313013248649499, 44.528705669633716], [11.31300256307656, 44.528435809861946], [11.312625318418533, 44.52844345305003], [11.312603951200094, 44.52790373331895], [11.312226709870188, 44.52791137511903], [11.312162622243424, 44.52629221514078], [11.31253985314011, 44.52628457376975], [11.312529170654408, 44.526014713792975], [11.312151941496506, 44.52602235509249], [11.312119900154334, 44.525212774858645], [11.311742676062881, 44.5252204146988], [11.311721319394255, 44.524680694325774], [11.310589656653686, 44.5247036059483], [11.31060032969712, 44.524973466356634], [11.310223106745577, 44.52498110114593], [11.310244449804, 44.52552082206102], [11.310621676232968, 44.52551318712882], [11.31065369715923, 44.5263227681759], [11.31027646551394, 44.52633040332244], [11.310287137716545, 44.52660026371326], [11.309532670499397, 44.52661553041449], [11.309607355763058, 44.528504553735125], [11.309230109757582, 44.528512185718284], [11.309272783386426, 44.52959162757527], [11.30911756397695, 44.529594767332036], [11.309251175068601, 44.52986214090226], [11.309283452167643, 44.52986148800246], [11.309286253220073, 44.52993233695021], [11.309305181182987, 44.529970214322205], [11.309402875024736, 44.53044850551465], [11.30941761322616, 44.530483857411404], [11.309444990490734, 44.5305746793319], [11.309494698476398, 44.530654147386876], [11.309497941138703, 44.53066737730602], [11.309692719327302, 44.530663436640516], [11.309703390446183, 44.53093329693695], [11.311212435579796, 44.53090275398208], [11.311223113805266, 44.5311726139779], [11.311600376453613, 44.53116497505495], [11.31161105656808, 44.53143483496444], [11.311988320805913, 44.5314271947249], [11.31204173232146, 44.5327764936924], [11.311664459387002, 44.532784134289436], [11.31167514040012, 44.53305399410994], [11.312052415073975, 44.533046353441414], [11.312073781028436, 44.53358607289493], [11.312828336884426, 44.53357078753622], [11.312806963972239, 44.53303106836878], [11.313184238196596, 44.53302342396468], [11.313173550225901, 44.53275356443024], [11.313928094746176, 44.532738272029604], [11.313917403446634, 44.532468412623444], [11.314294673742534, 44.53246076462694], [11.314241210797217, 44.53111146773143], [11.314618472246751, 44.53110381884767], [11.3146077783683, 44.530833959495645], [11.314230518657975, 44.53084160830782]]]}}, {"type": "Feature", "properties": {"threshold": "ge_2", "source": "HistorySUHI", "period": "2013-2025", "hotspot_percentile": "top_10_pct", "label": ">= 2 estati"}, "geometry": {"type": "Polygon", "coordinates": [[[11.337975983618668, 44.52981759171544], [11.337598736729813, 44.52982531757576], [11.337566338650758, 44.52901575250572], [11.337189096827336, 44.52902347690419], [11.337178299509421, 44.52875362177882], [11.336801059273505, 44.52876134486008], [11.336768673444759, 44.52795177917788], [11.336391438274056, 44.52795950079742], [11.336380645039368, 44.52768964546803], [11.336003411456137, 44.52769736577042], [11.33593866565855, 44.52607823304821], [11.335561442356413, 44.526085951672336], [11.335539865111626, 44.52554624050148], [11.334408204729497, 44.52556938847168], [11.334418988060358, 44.52583924428115], [11.334041765891909, 44.52584695785379], [11.334052547635315, 44.52611681372057], [11.331789201018669, 44.52616306944803], [11.331864604427539, 44.52805206312923], [11.333373551461996, 44.52802122893721], [11.333384330937214, 44.528291084829384], [11.332629854244463, 44.528306504559524], [11.332651406692765, 44.52884621658785], [11.332274164641909, 44.52885392472978], [11.332284939353784, 44.52912378079378], [11.332662183143581, 44.5291160725797], [11.332683736498558, 44.52965578451883], [11.333060983615193, 44.52964807491551], [11.333082541052692, 44.53018778665088], [11.333459791496228, 44.53018007565825], [11.33349213400334, 44.530989642933314], [11.333869389512941, 44.53098193047917], [11.333880172390131, 44.53125178613562], [11.334257429487655, 44.53124407236427], [11.334268214255204, 44.531513927933645], [11.334645472940641, 44.53150621284505], [11.334656259598596, 44.53177606832738], [11.336919818968928, 44.53172975121612], [11.336909021875996, 44.53145989616722], [11.337663536976805, 44.531444447314165], [11.337652736557024, 44.53117459239496], [11.338029992141136, 44.53116686617316], [11.338019190133704, 44.53089701131137], [11.33764193628869, 44.530904737460865], [11.33760953639237, 44.53009517256935], [11.337986785020227, 44.53008744663674], [11.337975983618668, 44.52981759171544]]]}}, {"type": "Feature", "properties": {"threshold": "ge_2", "source": "HistorySUHI", "period": "2013-2025", "hotspot_percentile": "top_10_pct", "label": ">= 2 estati"}, "geometry": {"type": "Polygon", "coordinates": [[[11.30336034040766, 44.532848542760064], [11.303530014763334, 44.53279919284153], [11.304479835551973, 44.53251317363428], [11.304474949721364, 44.532389346650056], [11.304833120867412, 44.53238211548961], [11.304851598491979, 44.532365929159404], [11.304841572763197, 44.532111868704185], [11.304087031497982, 44.532127100908276], [11.304097677274726, 44.53239696220079], [11.303720404678796, 44.53240457650633], [11.303731048865426, 44.532674437855285], [11.303353774380826, 44.5326820509869], [11.30336034040766, 44.532848542760064]]]}}, {"type": "Feature", "properties": {"threshold": "ge_2", "source": "HistorySUHI", "period": "2013-2025", "hotspot_percentile": "top_10_pct", "label": ">= 2 estati"}, "geometry": {"type": "Polygon", "coordinates": [[[11.335605028323664, 44.53661802780956], [11.335982319603536, 44.53661030761328], [11.335971525003679, 44.536340452615335], [11.33559423546341, 44.53634817273937], [11.335583442754507, 44.536078317654294], [11.335960730555199, 44.53607059760251], [11.33594993625809, 44.5358007425748], [11.336327222167858, 44.53579302135001], [11.336316426282599, 44.5355231663797], [11.336693710301445, 44.53551544398192], [11.336682912828078, 44.535245589069], [11.340078446525544, 44.535176032104815], [11.340067633548431, 44.5349061778279], [11.339313075044277, 44.53492164350279], [11.339280647459153, 44.5341120801486], [11.337016999618932, 44.53415844598689], [11.336995402858987, 44.53361873614195], [11.336240859324672, 44.533634181170996], [11.336230064650493, 44.53336432608168], [11.335852794395592, 44.53337204665623], [11.335895967043097, 44.53445146721322], [11.335518689679363, 44.534459186831576], [11.33549710653169, 44.53391947643836], [11.335119832495415, 44.53392719466707], [11.335109042887938, 44.533657339375935], [11.33473177043972, 44.533665056287276], [11.33471019515733, 44.53312534551595], [11.333955656764408, 44.533140775314386], [11.333966440851327, 44.53341063085187], [11.333211898374856, 44.53342605581414], [11.333190337309492, 44.5328863444356], [11.332435801185577, 44.532901764128695], [11.332425024358217, 44.53263190827283], [11.332047757808843, 44.53263961617955], [11.332058532896918, 44.532909472107534], [11.32904038115006, 44.53297109111363], [11.329051142474672, 44.533240947603375], [11.328673871087648, 44.53324864444805], [11.32868463082381, 44.533518500994944], [11.328307357546544, 44.53352619666649], [11.328318115694211, 44.53379605327056], [11.32869539071086, 44.533788357527], [11.3287061507488, 44.53405821404419], [11.329083427353964, 44.534050516983434], [11.329115713591507, 44.534860086229735], [11.32949299526411, 44.534852387707666], [11.329536052651928, 44.53593181287318], [11.329913341131716, 44.535924112817696], [11.329924107595657, 44.53619396899985], [11.330301397664053, 44.53618626762702], [11.33033370318072, 44.536995835868154], [11.330710998317024, 44.536988133033816], [11.330721768864299, 44.53725798901239], [11.331099065589243, 44.53725028486063], [11.33110983802727, 44.537520140752235], [11.33299632808398, 44.53748160095315], [11.332985546947448, 44.53721174542219], [11.333362842765615, 44.53720403379856], [11.333352060040605, 44.5369341783249], [11.332974765962105, 44.53694188987636], [11.332963985127952, 44.53667203431566], [11.334850445309876, 44.536633464466284], [11.334861234842226, 44.53690331966606], [11.335615821335276, 44.53688788286489], [11.335605028323664, 44.53661802780956]], [[11.333621517638715, 44.534227910695364], [11.33363230059114, 44.53449776624556], [11.334009578711308, 44.53449005285314], [11.334052718991098, 44.53556947461648], [11.333675433913003, 44.535577188297616], [11.333653866949634, 44.53503747730133], [11.333276585199332, 44.535045189592886], [11.33328736686591, 44.53531504517064], [11.332155515489433, 44.53533817479045], [11.332144739041357, 44.53506831899626], [11.33252202124517, 44.535060610440354], [11.332500465323447, 44.53452089895164], [11.332877743897185, 44.53451318929481], [11.332866964423607, 44.53424333360029], [11.333621517638715, 44.534227910695364]]]}}, {"type": "Feature", "properties": {"threshold": "ge_2", "source": "HistorySUHI", "period": "2013-2025", "hotspot_percentile": "top_10_pct", "label": ">= 2 estati"}, "geometry": {"type": "Polygon", "coordinates": [[[11.337135792626441, 44.53712684907047], [11.336758498321519, 44.53713457314713], [11.336769296854868, 44.537404427955934], [11.337146592899458, 44.537396703806984], [11.337135792626441, 44.53712684907047]]]}}, {"type": "Feature", "properties": {"threshold": "ge_2", "source": "HistorySUHI", "period": "2013-2025", "hotspot_percentile": "top_10_pct", "label": ">= 2 estati"}, "geometry": {"type": "Polygon", "coordinates": [[[11.343549772617104, 44.53699534923785], [11.343172480890287, 44.537003094484376], [11.343194137256837, 44.53754280162643], [11.343571432462927, 44.537535056234944], [11.343549772617104, 44.53699534923785]]]}}, {"type": "Feature", "properties": {"threshold": "ge_2", "source": "HistorySUHI", "period": "2013-2025", "hotspot_percentile": "top_10_pct", "label": ">= 2 estati"}, "geometry": {"type": "Polygon", "coordinates": [[[11.34789527655109, 44.54176741580292], [11.347517955179761, 44.54177517605438], [11.34743116080463, 44.539616355418296], [11.348563082703912, 44.53959307267053], [11.34857393668779, 44.53986292508429], [11.350083170715026, 44.53983186369474], [11.35007230977184, 44.53956201157162], [11.350449616158102, 44.539554243183474], [11.350438753627431, 44.539284391118166], [11.350816058121563, 44.539276621557356], [11.350826922392029, 44.539546473549954], [11.351204228473593, 44.53953870267108], [11.351171630899968, 44.53872914686671], [11.351548931609855, 44.538721374960645], [11.35153806431702, 44.53845152306877], [11.351915363134795, 44.53844374999013], [11.351904494254672, 44.538173898156096], [11.351527197176587, 44.53818167116201], [11.35149459666965, 44.537372115352284], [11.351117304658098, 44.537379886894726], [11.351095575227918, 44.53684018280163], [11.35071828654317, 44.53684795295337], [11.350685698759158, 44.53603839648385], [11.350308415140653, 44.536046165172266], [11.350297554590115, 44.535776312913256], [11.349920272558789, 44.53578408028376], [11.3498985553935, 44.535244375575715], [11.349143997831833, 44.535259906290435], [11.349122288233222, 44.534720201232126], [11.348745012702848, 44.53472796457642], [11.348723307191811, 44.53418825931324], [11.347968762631943, 44.53420378197583], [11.347936215942568, 44.53339422353357], [11.347558948652315, 44.53340198277933], [11.3475264085498, 44.5325924239852], [11.347149146325131, 44.53260018176806], [11.347138301667677, 44.532330328734304], [11.34676104103012, 44.53233808519952], [11.346739355649717, 44.53179837894216], [11.346362098338414, 44.53180613401717], [11.346351257615389, 44.53153628079358], [11.344842233806721, 44.531567288353], [11.344853067573263, 44.53183714186675], [11.344098551279066, 44.531852638321254], [11.344087720990782, 44.531582784662504], [11.343710464354995, 44.53159053094971], [11.343742950458003, 44.532400092098776], [11.344120212311255, 44.532392345594104], [11.344174367549625, 44.53374161351571], [11.344551637947259, 44.533733865403455], [11.34457330458449, 44.534273572322874], [11.344950578308874, 44.53426582282047], [11.345015592303305, 44.53588494278626], [11.344638308142333, 44.53589269272378], [11.344649142600398, 44.536162546071836], [11.345026428500885, 44.53615479606179], [11.345048101351937, 44.53669450256816], [11.345425390579562, 44.536686751167814], [11.345436228972623, 44.53695660432614], [11.345813519787841, 44.53694885160799], [11.345835200509189, 44.53748855773487], [11.346212494651626, 44.53748080362633], [11.346223336979987, 44.537750656594866], [11.346977928287995, 44.53773514449678], [11.346988774247757, 44.538004997305286], [11.347743368426709, 44.53798948008081], [11.347765067761365, 44.538529185362705], [11.347387767268541, 44.53853694474281], [11.347420312192403, 44.539346502771764], [11.347043006328143, 44.53935426112434], [11.347053853200553, 44.539624113843466], [11.346299237536075, 44.53963962695767], [11.346288394143306, 44.53936977409337], [11.345533781350206, 44.53938528208095], [11.345522941589106, 44.539115429056636], [11.345145636704324, 44.53912318110982], [11.345156474725618, 44.53939303420667], [11.344779167949035, 44.539400785087025], [11.344822514594686, 44.54048019761564], [11.345199828330744, 44.54047244644516], [11.345210667112028, 44.54074229946756], [11.34558798243601, 44.540734546979124], [11.345609663934523, 44.54127425283415], [11.345986982586396, 44.54126649895516], [11.346030354368006, 44.5423459101963], [11.345653028755994, 44.54235366436552], [11.34566387034147, 44.542623517211155], [11.343777231300697, 44.54266226973736], [11.343766398415736, 44.54239241652912], [11.343389071891815, 44.54240016322532], [11.343345748831387, 44.541320749953506], [11.342968429115777, 44.54132849511428], [11.342946771976866, 44.54078878824411], [11.342569455589357, 44.54079653201451], [11.342558628987636, 44.540526678484625], [11.34218131418824, 44.54053442093712], [11.342170489478276, 44.54026456731991], [11.341793176266997, 44.54027230845454], [11.341803999237033, 44.5405421621442], [11.341426684134042, 44.54054990210584], [11.34139422089899, 44.539740340774934], [11.342148840513767, 44.539724860040806], [11.342105544406333, 44.53864544530402], [11.341350938710102, 44.53866092545869], [11.341361759029704, 44.538930779310085], [11.340229844127991, 44.53895399041916], [11.3402406593799, 44.53922384447286], [11.33986335236947, 44.53923157909087], [11.339874166033212, 44.53950143320206], [11.339496857131287, 44.53950916664705], [11.339529293812758, 44.54031872910847], [11.339906607934362, 44.54031099544638], [11.339917422204728, 44.540580849498056], [11.339540106343183, 44.54058858323251], [11.339550919025244, 44.54085843734169], [11.338796283367325, 44.540873901218994], [11.338807092721037, 44.54114375545797], [11.33842977292468, 44.54115148560079], [11.338451388606824, 44.541691194178824], [11.338074065178821, 44.54169892322081], [11.338106484618564, 44.54250848619323], [11.338861141763577, 44.54249302642976], [11.338871952026894, 44.54276288057949], [11.339626612045757, 44.542747415689206], [11.339637425941016, 44.54301726967932], [11.340014757463132, 44.54300953529351], [11.34003638918903, 44.54354924308438], [11.340413724039852, 44.54354150730824], [11.340392088833566, 44.543001799662164], [11.340769420052286, 44.54299406278526], [11.340780239319752, 44.54326391654334], [11.3437988975264, 44.543201976109195], [11.343809730867145, 44.54347182927278], [11.344187064199723, 44.54346408104105], [11.344197899432608, 44.54373393411725], [11.345707238203879, 44.543702928444716], [11.345685553968568, 44.543163222857714], [11.346440215481234, 44.543147712838376], [11.346429370111373, 44.54287786016767], [11.346806698899426, 44.54287010336228], [11.346795851941552, 44.542600250749274], [11.34755050558104, 44.542584733547166], [11.347539655295114, 44.542314881064456], [11.347916980146534, 44.54230712066775], [11.34789527655109, 44.54176741580292]]]}}, {"type": "Feature", "properties": {"threshold": "ge_2", "source": "HistorySUHI", "period": "2013-2025", "hotspot_percentile": "top_10_pct", "label": ">= 2 estati"}, "geometry": {"type": "Polygon", "coordinates": [[[11.327120864226734, 44.54165266719798], [11.3274981902997, 44.541644974347776], [11.327476675843537, 44.54110526155465], [11.327099353250743, 44.541112954260875], [11.3270778428781, 44.54057324126433], [11.326700523614555, 44.54058093258112], [11.326689770394488, 44.54031107598858], [11.32631245272014, 44.540318765987934], [11.326301701390861, 44.540048909308574], [11.325169752683198, 44.54007197161803], [11.325159006724588, 44.53980211470802], [11.324404376979187, 44.53981748320989], [11.324415119457857, 44.54008734026372], [11.323660485629892, 44.54010270392757], [11.32367122477922, 44.54037256111033], [11.322539267687755, 44.54039559748072], [11.322528533758447, 44.5401257400824], [11.320264625951781, 44.54017177876447], [11.320318244901738, 44.54152106776168], [11.32107289883982, 44.54150572579839], [11.321083626561293, 44.54177558340974], [11.321838283377854, 44.54176023632071], [11.321881209689899, 44.54283966604312], [11.322258544833225, 44.542831990343004], [11.322269278527767, 44.54310184766465], [11.32264661526081, 44.543094170647116], [11.32265735084617, 44.54336402788207], [11.324166703233567, 44.543333307068515], [11.324155960687117, 44.54306345012103], [11.325287968175003, 44.54304039664779], [11.325277220558496, 44.54277053990118], [11.325654554346125, 44.54276285299086], [11.325643805140139, 44.54249299630133], [11.32677580037778, 44.542469928312826], [11.326765046102006, 44.54220007182429], [11.327142375806092, 44.54219238007566], [11.327120864226734, 44.54165266719798]]]}}, {"type": "Feature", "properties": {"threshold": "ge_2", "source": "HistorySUHI", "period": "2013-2025", "hotspot_percentile": "top_10_pct", "label": ">= 2 estati"}, "geometry": {"type": "Polygon", "coordinates": [[[11.350924707682756, 44.54197514081296], [11.350892111214485, 44.54116558519273], [11.350514794541283, 44.54117335526249], [11.350503931096556, 44.54090350328656], [11.350126616010947, 44.54091127203819], [11.35013747771573, 44.54118112408679], [11.349760160737851, 44.54118889166568], [11.349781881124445, 44.54172859586359], [11.350159201582287, 44.54172082813934], [11.350170063744063, 44.54199068014326], [11.350924707682756, 44.54197514081296]]]}}, {"type": "Feature", "properties": {"threshold": "ge_2", "source": "HistorySUHI", "period": "2013-2025", "hotspot_percentile": "top_10_pct", "label": ">= 2 estati"}, "geometry": {"type": "Polygon", "coordinates": [[[11.332802303252082, 44.54207685438182], [11.332791521285024, 44.54180699903146], [11.333168846832525, 44.541799287426464], [11.333158063276592, 44.5415294321334], [11.332780739469179, 44.541537143666226], [11.332769957804539, 44.54126728828613], [11.332392635585983, 44.541274998501294], [11.332381855812589, 44.5410051430342], [11.331627214402044, 44.541020559583814], [11.331616438259864, 44.540750703957556], [11.33086179972485, 44.540766115381054], [11.330851027213797, 44.54049625959574], [11.330473709459666, 44.54050396336718], [11.330462938839664, 44.54023410749489], [11.328953673272812, 44.54026490983783], [11.328942909763708, 44.53999505366245], [11.328565594734522, 44.54000275106252], [11.328630167613305, 44.54162188832407], [11.32900749308266, 44.541614190491806], [11.329039786780115, 44.542423758705866], [11.329417117318911, 44.54241605941195], [11.329427883926854, 44.542685915381526], [11.329805216054837, 44.54267821477], [11.329837522005354, 44.54348778237339], [11.330214859202998, 44.54348008030009], [11.33023640073907, 44.54401979181721], [11.33061374126623, 44.54401208835416], [11.330602968682369, 44.54374223267512], [11.330980307318148, 44.54373452803855], [11.330969533145097, 44.54346467241674], [11.331346869889503, 44.543456966606676], [11.331336094127309, 44.5431871110421], [11.331713428980345, 44.54317940405858], [11.331681097379931, 44.54236983749204], [11.332058426861245, 44.542362129479336], [11.33204764822325, 44.54209227399954], [11.332802303252082, 44.54207685438182]]]}}, {"type": "Feature", "properties": {"threshold": "ge_2", "source": "HistorySUHI", "period": "2013-2025", "hotspot_percentile": "top_10_pct", "label": ">= 2 estati"}, "geometry": {"type": "Polygon", "coordinates": [[[11.340801878309902, 44.54380362401487], [11.340812698032586, 44.5440734777283], [11.34119003606043, 44.54406573931621], [11.341179214597494, 44.54379588567519], [11.340801878309902, 44.54380362401487]]]}}, {"type": "Feature", "properties": {"threshold": "ge_2", "source": "HistorySUHI", "period": "2013-2025", "hotspot_percentile": "top_10_pct", "label": ">= 2 estati"}, "geometry": {"type": "Polygon", "coordinates": [[[11.342332876068765, 44.54431237001527], [11.342322049233251, 44.544042516606446], [11.34119003606043, 44.54406573931621], [11.341200857675135, 44.544335592942346], [11.342332876068765, 44.54431237001527]]]}}, {"type": "Feature", "properties": {"threshold": "ge_2", "source": "HistorySUHI", "period": "2013-2025", "hotspot_percentile": "top_10_pct", "label": ">= 2 estati"}, "geometry": {"type": "Polygon", "coordinates": [[[11.324241905277402, 44.545222305285016], [11.3246192551802, 44.54521462146432], [11.324630000672482, 44.54548447822107], [11.32576205469792, 44.54546141906914], [11.32575130398427, 44.54519156252817], [11.326883351431336, 44.545168492380924], [11.3268618400139, 44.54462877968617], [11.326484494496514, 44.54463647083698], [11.326473740754437, 44.54436661439534], [11.326096396826605, 44.54437430422853], [11.326085644975699, 44.54410444770009], [11.324198931776898, 44.544142877821855], [11.324241905277402, 44.545222305285016]]]}}, {"type": "Feature", "properties": {"threshold": "ge_2", "source": "HistorySUHI", "period": "2013-2025", "hotspot_percentile": "top_10_pct", "label": ">= 2 estati"}, "geometry": {"type": "Polygon", "coordinates": [[[11.328759329672891, 44.544860161242205], [11.32874856533765, 44.54459030524743], [11.327993875660882, 44.54460569875985], [11.328004636515354, 44.54487555489868], [11.327249942754127, 44.54489094357254], [11.327325248594535, 44.54677993713624], [11.329966759400866, 44.546726051449205], [11.329977530165662, 44.546995907108915], [11.330732249660848, 44.54698049984256], [11.330721475414917, 44.54671064432703], [11.33109883319529, 44.54670293889735], [11.331088057359928, 44.546433083439055], [11.33146541324863, 44.546425376835764], [11.331379198082859, 44.544266533211186], [11.330624514001176, 44.544281944018344], [11.33063528688721, 44.54455179966766], [11.33025794287938, 44.544559503274876], [11.330268714176132, 44.544829358981424], [11.328759329672891, 44.544860161242205]]]}}, {"type": "Feature", "properties": {"threshold": "ge_2", "source": "HistorySUHI", "period": "2013-2025", "hotspot_percentile": "top_10_pct", "label": ">= 2 estati"}, "geometry": {"type": "Polygon", "coordinates": [[[11.343907237771214, 44.54590050707509], [11.343928907643583, 44.546440213089596], [11.34430626011976, 44.54643246406028], [11.344317097024362, 44.5467023169727], [11.345449158762278, 44.54667906219308], [11.345438316636272, 44.546409209498265], [11.345815668504356, 44.54640145548623], [11.34580482478997, 44.54613160284909], [11.345427474662326, 44.546139356788565], [11.345416632840438, 44.54586950406397], [11.345039284301155, 44.54587725668524], [11.345028444371712, 44.54560740387321], [11.34427375031787, 44.545622905233714], [11.344284586766518, 44.545892758190796], [11.343907237771214, 44.54590050707509]]]}}, {"type": "Feature", "properties": {"threshold": "ge_2", "source": "HistorySUHI", "period": "2013-2025", "hotspot_percentile": "top_10_pct", "label": ">= 2 estati"}, "geometry": {"type": "Polygon", "coordinates": [[[11.342107104031776, 44.54809805941156], [11.34172974020089, 44.548105801401434], [11.341740565833074, 44.54837565473188], [11.342117931404594, 44.548367912669555], [11.342107104031776, 44.54809805941156]]]}}, {"type": "Feature", "properties": {"threshold": "ge_2", "source": "HistorySUHI", "period": "2013-2025", "hotspot_percentile": "top_10_pct", "label": ">= 2 estati"}, "geometry": {"type": "Polygon", "coordinates": [[[11.3314977464298, 44.547234942949686], [11.331120385319416, 44.54724264976932], [11.331125074974565, 44.54736008536778], [11.331225095703738, 44.5473654764009], [11.33140078699674, 44.547371448935685], [11.331491780528479, 44.54736452205502], [11.331502809613966, 44.54736171262567], [11.3314977464298, 44.547234942949686]]]}}, {"type": "Feature", "properties": {"threshold": "ge_2", "source": "HistorySUHI", "period": "2013-2025", "hotspot_percentile": "top_10_pct", "label": ">= 2 estati"}, "geometry": {"type": "Polygon", "coordinates": [[[11.348735258769194, 44.449923799019366], [11.348746079677088, 44.45019365565155], [11.3494995413884, 44.45017815078576], [11.349488717017017, 44.44990829429866], [11.348735258769194, 44.449923799019366]]]}}, {"type": "Feature", "properties": {"threshold": "ge_2", "source": "HistorySUHI", "period": "2013-2025", "hotspot_percentile": "top_10_pct", "label": ">= 2 estati"}, "geometry": {"type": "Polygon", "coordinates": [[[11.37454470229683, 44.4634339585694], [11.37453375754983, 44.46316410758493], [11.374156950068153, 44.46317194500028], [11.374146007207294, 44.46290209392752], [11.373769201305073, 44.46290993002755], [11.373758260330307, 44.46264007886652], [11.37338145600755, 44.462647913651246], [11.373370516918829, 44.46237806240196], [11.372993714175538, 44.462385895871385], [11.372982776972814, 44.46211604453386], [11.372605975808995, 44.46212387668802], [11.37259504049222, 44.46185402526227], [11.372218240907877, 44.46186185610118], [11.372207307477002, 44.461592004587224], [11.371453711314112, 44.461607662392666], [11.371464641279623, 44.46187751405314], [11.37108784123576, 44.461885341166195], [11.371120626853, 44.4626948962778], [11.371497432095067, 44.462687068945016], [11.37150836267319, 44.462956920545786], [11.37188516949488, 44.462949091897734], [11.371896101958967, 44.46321894341031], [11.372272910360273, 44.463211113447], [11.37229477921369, 44.46375081628081], [11.372671590927453, 44.46374298492891], [11.3726934638595, 44.46428268755641], [11.373070278885788, 44.4642748548159], [11.373092155896677, 44.46481455723707], [11.373468974235545, 44.464806723107856], [11.373479914703864, 44.465076574222735], [11.373856734622397, 44.46506873877813], [11.373867676977003, 44.465338589804745], [11.374244498475191, 44.46533075304471], [11.37425544271613, 44.46560060398306], [11.374632265793972, 44.4655927659076], [11.374643211921294, 44.46586261675766], [11.37502003657878, 44.46585477736672], [11.37500908871843, 44.465584926590026], [11.375385911489486, 44.465577086030336], [11.375374962049545, 44.46530723531207], [11.375751782934177, 44.46529939358366], [11.375740831914685, 44.46502954292384], [11.375364012763026, 44.46503738457886], [11.375309268631725, 44.46368813068878], [11.37493245799115, 44.46369597073488], [11.374921511357957, 44.463426119838694], [11.37454470229683, 44.4634339585694]]]}}, {"type": "Feature", "properties": {"threshold": "ge_2", "source": "HistorySUHI", "period": "2013-2025", "hotspot_percentile": "top_10_pct", "label": ">= 2 estati"}, "geometry": {"type": "Polygon", "coordinates": [[[11.348232632155204, 44.465598719464815], [11.34860946229138, 44.465590967243145], [11.348620288530274, 44.46586082315683], [11.348997120247903, 44.46585306962043], [11.34900794837168, 44.46612292544666], [11.349384781670755, 44.466115170595515], [11.34941727215217, 44.466924737767144], [11.34979411049916, 44.466916981456045], [11.349761614818075, 44.46610741450216], [11.350138447813613, 44.46609965716661], [11.350095115431207, 44.46502023464333], [11.349718289368209, 44.4650279916885], [11.349696627553906, 44.46448828019231], [11.348942981904896, 44.46450379026593], [11.348953809270053, 44.46477364616661], [11.348200159548055, 44.4647891514168], [11.348232632155204, 44.465598719464815]]]}}, {"type": "Feature", "properties": {"threshold": "ge_2", "source": "HistorySUHI", "period": "2013-2025", "hotspot_percentile": "top_10_pct", "label": ">= 2 estati"}, "geometry": {"type": "Polygon", "coordinates": [[[11.350225119865216, 44.46825850149834], [11.350601966575178, 44.46825074233972], [11.350580294184676, 44.46771103149137], [11.350203450941416, 44.46771879050476], [11.350192616707247, 44.46744893498563], [11.349815775045485, 44.46745669268416], [11.349804942696426, 44.46718683707754], [11.349428102616166, 44.46719459346122], [11.349460594918764, 44.46800416045416], [11.350214285327406, 44.46798864600899], [11.350225119865216, 44.46825850149834]]]}}, {"type": "Feature", "properties": {"threshold": "ge_2", "source": "HistorySUHI", "period": "2013-2025", "hotspot_percentile": "top_10_pct", "label": ">= 2 estati"}, "geometry": {"type": "Polygon", "coordinates": [[[11.372300710842348, 44.47320343887854], [11.370793219181794, 44.473234757153556], [11.37082601369763, 44.47404431082348], [11.372333526163223, 44.47401299166923], [11.372344464910093, 44.47428284256959], [11.37272134437712, 44.47427500960154], [11.3727322850111, 44.474544860413666], [11.373109166058626, 44.47453702612981], [11.37312010857977, 44.4748068768537], [11.37500452018592, 44.47476768643023], [11.374938815346, 44.4731485840633], [11.374561943734214, 44.47315642419279], [11.37455099519834, 44.47288657367265], [11.37379725498188, 44.47290225005762], [11.373786310066757, 44.472632399375854], [11.373409441462115, 44.47264023563137], [11.373420384643572, 44.47291008638648], [11.372289772708625, 44.47293358791846], [11.372300710842348, 44.47320343887854]]]}}, {"type": "Feature", "properties": {"threshold": "ge_2", "source": "HistorySUHI", "period": "2013-2025", "hotspot_percentile": "top_10_pct", "label": ">= 2 estati"}, "geometry": {"type": "Polygon", "coordinates": [[[11.381111468354558, 44.47653101218843], [11.381089508491938, 44.475991314019495], [11.381466396563358, 44.47598345195958], [11.381455415128947, 44.47571360292626], [11.38107852879143, 44.4757214649126], [11.381056569852017, 44.47518176665398], [11.37992592031961, 44.47520534471655], [11.37995884335456, 44.47601489274399], [11.378828176833018, 44.4760384602856], [11.378817207535997, 44.475768610737525], [11.378063432554159, 44.475784316072236], [11.378052466878659, 44.47551446636225], [11.377675580891122, 44.475522317092334], [11.37768654483272, 44.47579216687578], [11.377309656957632, 44.4758000164368], [11.377320619318946, 44.476069866278756], [11.3769437295563, 44.47607771467067], [11.37700949654632, 44.47769681384938], [11.377386396713074, 44.47768896501679], [11.377375433429965, 44.47741911526448], [11.378129229834373, 44.477403414018376], [11.3781182632368, 44.47713356439804], [11.378495159474436, 44.47712571198455], [11.378484191296526, 44.47685586242276], [11.378861085646435, 44.47684800884017], [11.378839146283763, 44.476308309818734], [11.379969818007131, 44.476284742056585], [11.379980792813502, 44.47655459135424], [11.381111468354558, 44.47653101218843]]]}}, {"type": "Feature", "properties": {"threshold": "ge_2", "source": "HistorySUHI", "period": "2013-2025", "hotspot_percentile": "top_10_pct", "label": ">= 2 estati"}, "geometry": {"type": "Polygon", "coordinates": [[[11.373715908518772, 44.48019605112879], [11.373704961195878, 44.47992620077696], [11.374081876618012, 44.47991836254125], [11.374070927714241, 44.47964851224781], [11.373694014026404, 44.47965635041017], [11.373683067010347, 44.47938650002845], [11.372552330229254, 44.4794100068392], [11.372574214009049, 44.47994970802767], [11.372951129891371, 44.47994187352016], [11.372962073745617, 44.48021172401867], [11.373715908518772, 44.48019605112879]]]}}, {"type": "Feature", "properties": {"threshold": "ge_2", "source": "HistorySUHI", "period": "2013-2025", "hotspot_percentile": "top_10_pct", "label": ">= 2 estati"}, "geometry": {"type": "Polygon", "coordinates": [[[11.38234101632955, 44.47893606087297], [11.381964109491443, 44.478943926227544], [11.38193115536863, 44.47813437979683], [11.380800449538059, 44.478157967742355], [11.380811428889354, 44.478427816788276], [11.380057620764678, 44.47844353601923], [11.380068596801532, 44.47871338519729], [11.378560971769897, 44.478744809041466], [11.378550002669689, 44.478474959569354], [11.377042382115137, 44.478506363237024], [11.377064306595804, 44.47904606275408], [11.376687397604659, 44.47905391071123], [11.376731241472532, 44.480133309859816], [11.377861988796177, 44.48010976137887], [11.377872955350146, 44.4803796109083], [11.378626789599465, 44.48036390556042], [11.378648730105887, 44.48090360428049], [11.379025650468641, 44.48089574959544], [11.379036622686854, 44.48116559885957], [11.379413544630218, 44.481157742858244], [11.379424518736611, 44.48142759203391], [11.37980144226058, 44.48141973471629], [11.3798124182552, 44.48168958380349], [11.380189343359772, 44.48168172516956], [11.380167388055536, 44.481142027127305], [11.38092123086547, 44.48112630642532], [11.380888288656863, 44.48031675969117], [11.381265204627969, 44.48030889769674], [11.381243240456437, 44.47976919994637], [11.381997064999773, 44.47975347252371], [11.381975094506938, 44.47921377500788], [11.382352003079234, 44.47920590957971], [11.38234101632955, 44.47893606087297]]]}}, {"type": "Feature", "properties": {"threshold": "ge_2", "source": "HistorySUHI", "period": "2013-2025", "hotspot_percentile": "top_10_pct", "label": ">= 2 estati"}, "geometry": {"type": "Polygon", "coordinates": [[[11.376474889622344, 44.483109504101726], [11.376851824783087, 44.48310165628576], [11.376840861895769, 44.48283180668538], [11.376463928469596, 44.482839654427906], [11.376442006624952, 44.48229995503546], [11.376065076514232, 44.48230780138829], [11.376032200102786, 44.481498251967274], [11.37565527504191, 44.48150609685705], [11.375633361671024, 44.48096639702152], [11.375256439925428, 44.48097424052171], [11.375245485204697, 44.480704390508144], [11.374868565039959, 44.48071223269217], [11.374857612207117, 44.480442382590276], [11.37410377488589, 44.48045806308333], [11.374136623438588, 44.481267613784404], [11.373759699344609, 44.48127545238685], [11.37380349262538, 44.48235485340594], [11.373426561440041, 44.482362691058974], [11.373437508409296, 44.482632541349744], [11.373060575335995, 44.48264037783327], [11.373071520724103, 44.48291022818245], [11.373448455531973, 44.48290239162558], [11.373459402808074, 44.483172241886486], [11.373082466265611, 44.48318007851668], [11.373104357808842, 44.48371977914035], [11.372727417643713, 44.48372761467432], [11.372749306331214, 44.484267315384905], [11.372372362543336, 44.4842751498226], [11.372383305382451, 44.48454500022881], [11.373137196274254, 44.48452932996384], [11.373159089351605, 44.48506903043817], [11.372405191520786, 44.48508470099642], [11.37241613482001, 44.48535455135781], [11.373170036120412, 44.48533888065292], [11.37318098304264, 44.485608730852746], [11.375065742282324, 44.48556953197187], [11.375054786686066, 44.48529968213886], [11.375431736338658, 44.48529183870718], [11.375420779161171, 44.48502198893264], [11.375797726925423, 44.48501414433141], [11.375775809561677, 44.4844744448843], [11.376152753702874, 44.48446659918696], [11.376119873605129, 44.48365705012451], [11.376496812388707, 44.48364920340454], [11.376474889622344, 44.483109504101726]]]}}, {"type": "Feature", "properties": {"threshold": "ge_2", "source": "HistorySUHI", "period": "2013-2025", "hotspot_percentile": "top_10_pct", "label": ">= 2 estati"}, "geometry": {"type": "Polygon", "coordinates": [[[11.370542313663849, 44.485663557080976], [11.370919266892212, 44.485655728491594], [11.370930203558803, 44.485925579116284], [11.371684113025362, 44.48590991806203], [11.371651293076477, 44.48510036658284], [11.37052044426014, 44.48512385564028], [11.370542313663849, 44.485663557080976]]]}}, {"type": "Feature", "properties": {"threshold": "ge_2", "source": "HistorySUHI", "period": "2013-2025", "hotspot_percentile": "top_10_pct", "label": ">= 2 estati"}, "geometry": {"type": "Polygon", "coordinates": [[[11.348312635327032, 44.48639309872459], [11.348323468049662, 44.486662953709356], [11.348700433748697, 44.486655198313244], [11.348689599291037, 44.48638534340104], [11.348312635327032, 44.48639309872459]]]}}, {"type": "Feature", "properties": {"threshold": "ge_2", "source": "HistorySUHI", "period": "2013-2025", "hotspot_percentile": "top_10_pct", "label": ">= 2 estati"}, "geometry": {"type": "Polygon", "coordinates": [[[11.360527856016834, 44.48992224764877], [11.360516965790422, 44.48965239518601], [11.359386019927948, 44.48967577587574], [11.359396904948555, 44.489945628557294], [11.359019920953958, 44.489953419707064], [11.359030804391834, 44.49022327244661], [11.358653818509396, 44.4902310624261], [11.358664700364494, 44.49050091522365], [11.359418675447472, 44.490485333875675], [11.359429560925786, 44.49075518651251], [11.362822456862023, 44.49068500825061], [11.362811555765706, 44.49041515627049], [11.363565527489676, 44.490399547571755], [11.363532814705843, 44.489589991980104], [11.363155834126072, 44.48959779673195], [11.363144931905683, 44.4893279447652], [11.361637014999676, 44.48935915104886], [11.361647910279157, 44.48962900330764], [11.36127092893559, 44.48963680184361], [11.361281822632526, 44.48990665416046], [11.360527856016834, 44.48992224764877]]]}}, {"type": "Feature", "properties": {"threshold": "ge_2", "source": "HistorySUHI", "period": "2013-2025", "hotspot_percentile": "top_10_pct", "label": ">= 2 estati"}, "geometry": {"type": "Polygon", "coordinates": [[[11.383146588020471, 44.4894522798878], [11.382769613685033, 44.48946014935651], [11.382780606441596, 44.48972999748012], [11.38240363021695, 44.48973786577932], [11.382414621392428, 44.49000771396161], [11.382037643278569, 44.49001558109131], [11.382048632872912, 44.49028542933227], [11.383179571957863, 44.490261823992874], [11.383146588020471, 44.4894522798878]]]}}, {"type": "Feature", "properties": {"threshold": "ge_2", "source": "HistorySUHI", "period": "2013-2025", "hotspot_percentile": "top_10_pct", "label": ">= 2 estati"}, "geometry": {"type": "Polygon", "coordinates": [[[11.364341314830344, 44.490923637261155], [11.364718303627974, 44.490915828414416], [11.3647292137067, 44.49118567999945], [11.365860184388046, 44.491162245780586], [11.36584926910326, 44.49089239441486], [11.366226257289073, 44.49088458059522], [11.36619350714675, 44.490075026627856], [11.365062557748084, 44.49009846369911], [11.365051646545757, 44.489828612127496], [11.363920700976466, 44.48985203779083], [11.363942513122415, 44.490391741357584], [11.364319498602288, 44.4903839339002], [11.364341314830344, 44.490923637261155]]]}}, {"type": "Feature", "properties": {"threshold": "ge_2", "source": "HistorySUHI", "period": "2013-2025", "hotspot_percentile": "top_10_pct", "label": ">= 2 estati"}, "geometry": {"type": "Polygon", "coordinates": [[[11.38250255634238, 44.492166498881666], [11.382125564346339, 44.49217436660033], [11.382114573673721, 44.49190451846403], [11.38173758325899, 44.49191238486585], [11.381726594475756, 44.49164253664099], [11.38134960564234, 44.49165040172598], [11.381338618748442, 44.49138055341259], [11.380584644090284, 44.49139627970577], [11.380562677705589, 44.49085658273978], [11.380185693616152, 44.490864443874436], [11.380174712389962, 44.490594595295455], [11.379797729881863, 44.49060245511339], [11.3798087093728, 44.490872303765926], [11.379054740424447, 44.49088801981933], [11.37912059977778, 44.49250711230303], [11.37874360466076, 44.49251496890605], [11.378754580022708, 44.492784817674554], [11.378000585856324, 44.49280052729784], [11.378011557901191, 44.493070376198396], [11.37574956129909, 44.49311747567041], [11.375782447117151, 44.49392702360466], [11.376159452141659, 44.49391917658059], [11.376170416123887, 44.49418902578871], [11.377301435481948, 44.494165477036184], [11.37729046629302, 44.49389562804844], [11.378798483008891, 44.49386421259907], [11.378809459140049, 44.49413406129283], [11.38144849461758, 44.49407903587391], [11.381437506337623, 44.49380918769506], [11.382945516280488, 44.493777717539984], [11.382956511502561, 44.49404756542436], [11.383333515338576, 44.49403969470369], [11.38334451245031, 44.49430954249944], [11.385229537995476, 44.494270169877986], [11.38518551576332, 44.49319078007893], [11.384808517904707, 44.49319865679503], [11.384797514467747, 44.49292880923416], [11.384420518190343, 44.49293668463328], [11.384409516643027, 44.49266683698378], [11.38365552709647, 44.49268258390488], [11.383644529174141, 44.49241273609305], [11.382513548904429, 44.49243634692938], [11.38250255634238, 44.492166498881666]]]}}, {"type": "Feature", "properties": {"threshold": "ge_2", "source": "HistorySUHI", "period": "2013-2025", "hotspot_percentile": "top_10_pct", "label": ">= 2 estati"}, "geometry": {"type": "Polygon", "coordinates": [[[11.37049342285648, 44.49376690106841], [11.37051529859992, 44.49430660170003], [11.370138289537557, 44.494314430147305], [11.37018203592156, 44.49539383152441], [11.37055905192661, 44.4953860027841], [11.370569990641592, 44.495655853017794], [11.370947008229043, 44.4956480229608], [11.370957948833107, 44.49591787310629], [11.372089005882493, 44.49589437525497], [11.372078060071184, 44.49562452532937], [11.372832093865522, 44.49560885402469], [11.372744505128027, 44.4934500552554], [11.372367502192636, 44.493457890942835], [11.372356556026538, 44.49318804095614], [11.371979554673244, 44.49319587532693], [11.371990499103816, 44.49346572538695], [11.37085948891702, 44.493489221259374], [11.370870428294333, 44.4937590715243], [11.37049342285648, 44.49376690106841]]]}}, {"type": "Feature", "properties": {"threshold": "ge_2", "source": "HistorySUHI", "period": "2013-2025", "hotspot_percentile": "top_10_pct", "label": ">= 2 estati"}, "geometry": {"type": "Polygon", "coordinates": [[[11.367521070396425, 44.49490889620749], [11.367542919595133, 44.495448597891155], [11.36829695359728, 44.49543295657485], [11.36827509745572, 44.494893255183925], [11.367521070396425, 44.49490889620749]]]}}, {"type": "Feature", "properties": {"threshold": "ge_2", "source": "HistorySUHI", "period": "2013-2025", "hotspot_percentile": "top_10_pct", "label": ">= 2 estati"}, "geometry": {"type": "Polygon", "coordinates": [[[11.36002432629636, 44.49614444204732], [11.359647302536406, 44.49615223611763], [11.359669080054923, 44.49669194075009], [11.359292052670604, 44.49669973372279], [11.359324714885345, 44.4975092907784], [11.360078779916917, 44.49749370315192], [11.360067888887487, 44.49722385096083], [11.360821949836508, 44.497208258506184], [11.360800161291989, 44.49666855437106], [11.361177188065632, 44.49666075642441], [11.361155396660221, 44.49612105237559], [11.361532419809425, 44.496113253331416], [11.36152152259999, 44.49584340135762], [11.360013436030213, 44.49587458978166], [11.36002432629636, 44.49614444204732]]]}}, {"type": "Feature", "properties": {"threshold": "ge_2", "source": "HistorySUHI", "period": "2013-2025", "hotspot_percentile": "top_10_pct", "label": ">= 2 estati"}, "geometry": {"type": "Polygon", "coordinates": [[[11.365400880888549, 44.498463855018294], [11.365777917979388, 44.498456041638136], [11.365788835812934, 44.49872589265914], [11.366165874486764, 44.49871807796229], [11.366144035500675, 44.49817837605161], [11.365389964944052, 44.49819400390925], [11.365400880888549, 44.498463855018294]]]}}, {"type": "Feature", "properties": {"threshold": "ge_2", "source": "HistorySUHI", "period": "2013-2025", "hotspot_percentile": "top_10_pct", "label": ">= 2 estati"}, "geometry": {"type": "Polygon", "coordinates": [[[11.360155021397675, 44.49938266807204], [11.359777976805878, 44.49939046301762], [11.35978886732055, 44.499660315162366], [11.360165913648494, 44.499652520143826], [11.360155021397675, 44.49938266807204]]]}}, {"type": "Feature", "properties": {"threshold": "ge_2", "source": "HistorySUHI", "period": "2013-2025", "hotspot_percentile": "top_10_pct", "label": ">= 2 estati"}, "geometry": {"type": "Polygon", "coordinates": [[[11.37674483193653, 44.4990384593167], [11.37676676936752, 44.49957815700328], [11.376389728044638, 44.4995860068131], [11.376422630135991, 44.50039555345128], [11.376045583451061, 44.500403402237865], [11.376100414663796, 44.50175264670321], [11.37647747002974, 44.50174479754938], [11.376488438469739, 44.50201464632418], [11.376865495418205, 44.50200679585323], [11.376854525241933, 44.50173694715189], [11.377985689955754, 44.50171338849744], [11.377952764723616, 44.50090384296514], [11.378329814111913, 44.50089598781353], [11.378252981801962, 44.49900704822961], [11.377875944566316, 44.49901490286669], [11.377864970873446, 44.49874505422142], [11.377110899412706, 44.49876075961801], [11.377121869633575, 44.49903060841024], [11.37674483193653, 44.4990384593167]]]}}, {"type": "Feature", "properties": {"threshold": "ge_2", "source": "HistorySUHI", "period": "2013-2025", "hotspot_percentile": "top_10_pct", "label": ">= 2 estati"}, "geometry": {"type": "Polygon", "coordinates": [[[11.37041174468316, 44.50106068483485], [11.370422684882348, 44.501330534828256], [11.371176793122494, 44.50131487288023], [11.371154905932563, 44.500775173171625], [11.371531956350088, 44.50076734047871], [11.371488176866427, 44.49968794117549], [11.370357045987522, 44.499711434643885], [11.370367985419954, 44.49998128471194], [11.369613893928344, 44.49999694095278], [11.369646702728684, 44.50080649150688], [11.370023753759671, 44.50079866378852], [11.37003469206928, 44.50106851387011], [11.37041174468316, 44.50106068483485]]]}}, {"type": "Feature", "properties": {"threshold": "ge_2", "source": "HistorySUHI", "period": "2013-2025", "hotspot_percentile": "top_10_pct", "label": ">= 2 estati"}, "geometry": {"type": "Polygon", "coordinates": [[[11.367395319480186, 44.50112328229461], [11.367772373166881, 44.501115461964936], [11.367761445274647, 44.50084561144402], [11.36813849707192, 44.50083778994388], [11.368127567596659, 44.50056793948123], [11.367373467321357, 44.50058358109148], [11.367362541471682, 44.50031373046755], [11.366985492840474, 44.50032154933405], [11.367007341220576, 44.50086125071336], [11.367384393324192, 44.50085343170052], [11.367395319480186, 44.50112328229461]]]}}, {"type": "Feature", "properties": {"threshold": "ge_2", "source": "HistorySUHI", "period": "2013-2025", "hotspot_percentile": "top_10_pct", "label": ">= 2 estati"}, "geometry": {"type": "Polygon", "coordinates": [[[11.380969155520372, 44.50084096693095], [11.38059210720965, 44.50084883078789], [11.380614081517278, 44.50138852679478], [11.380991133300368, 44.50138066279068], [11.381013111696534, 44.50192035859061], [11.381767221745479, 44.50190462655707], [11.38177821464716, 44.50217447428739], [11.38328643984074, 44.50214299500192], [11.383275439994032, 44.50187314756615], [11.383652494170748, 44.50186527470931], [11.383630491467478, 44.50132557994028], [11.383253440763188, 44.50133345264979], [11.383231442149095, 44.50079375767361], [11.381723251679682, 44.50082523548626], [11.381712259548452, 44.5005553876812], [11.38095816686143, 44.500571118978684], [11.380969155520372, 44.50084096693095]]]}}, {"type": "Feature", "properties": {"threshold": "ge_2", "source": "HistorySUHI", "period": "2013-2025", "hotspot_percentile": "top_10_pct", "label": ">= 2 estati"}, "geometry": {"type": "Polygon", "coordinates": [[[11.379171757793479, 44.503039059802205], [11.378794694822782, 44.50304691802931], [11.378783715349565, 44.50277706975525], [11.37765253072318, 44.50280063675374], [11.377685453977113, 44.5036101821927], [11.37806252088227, 44.50360232754974], [11.378073497344365, 44.50387217592599], [11.379204702345822, 44.50384860431411], [11.379171757793479, 44.503039059802205]]]}}, {"type": "Feature", "properties": {"threshold": "ge_2", "source": "HistorySUHI", "period": "2013-2025", "hotspot_percentile": "top_10_pct", "label": ">= 2 estati"}, "geometry": {"type": "Polygon", "coordinates": [[[11.399355219088939, 44.50747798864558], [11.400109390692453, 44.507462133960594], [11.400142630125385, 44.50827166547629], [11.40051972090426, 44.50826373604543], [11.400530802762628, 44.50853357977984], [11.40090789512289, 44.508525649030894], [11.400918978873378, 44.50879549267609], [11.401296072815022, 44.50878756060903], [11.401318244255735, 44.509327247706025], [11.401695341515564, 44.50931931424659], [11.401706429205866, 44.50958915769836], [11.402083528047092, 44.50958122292076], [11.402094617629682, 44.50985106628331], [11.401717517051605, 44.509859001135155], [11.401817314658354, 44.51228759139177], [11.401440198292041, 44.51229552566783], [11.401451285955199, 44.51256536902899], [11.401074167696347, 44.51257330213525], [11.401085253777817, 44.51284314555562], [11.40070813362642, 44.512851077492044], [11.400730302781295, 44.513390764436316], [11.400353179000167, 44.51339869527708], [11.400364262073502, 44.51366853880096], [11.399610010570726, 44.51368439689857], [11.399621090324976, 44.51395424055584], [11.398866834726402, 44.51397009382535], [11.398833606352918, 44.513160562363545], [11.398456483532343, 44.51316848690964], [11.398467557764365, 44.513438330819376], [11.397713308183086, 44.51345417632755], [11.39772437909592, 44.51372402037058], [11.397347252335233, 44.513731941332615], [11.397336183159624, 44.51346209721547], [11.39695905798098, 44.51347001685928], [11.396981193012905, 44.51400970522681], [11.39735832166603, 44.51400178543479], [11.39736939115201, 44.51427162952198], [11.397746521387221, 44.5142637084117], [11.39775759276569, 44.51453355240979], [11.397003328665484, 44.51454939353444], [11.397014396724526, 44.51481923766577], [11.39663726270433, 44.51482715643595], [11.396648329181192, 44.51509700062642], [11.395894057200673, 44.51511283458243], [11.395905120357924, 44.51538267890607], [11.395527982397617, 44.51539059409187], [11.395539043972562, 44.5156604384746], [11.395161904119767, 44.51566835249025], [11.395172964112358, 44.51593819693205], [11.394795822367067, 44.51594610977753], [11.394806880777258, 44.516215954278415], [11.393675449398865, 44.51623968557156], [11.393697556259342, 44.51677937497252], [11.392566113061187, 44.51680309551142], [11.392577161511237, 44.517072940411396], [11.391822861796163, 44.51708874803056], [11.391833906925957, 44.51735859306349], [11.391079603116303, 44.5173743958534], [11.391090644925733, 44.517644241019234], [11.389959182837424, 44.5176679360936], [11.389948146240839, 44.51739809070604], [11.38957099363952, 44.51740598650164], [11.389582028498486, 44.517675831963096], [11.389204874004834, 44.51768372658827], [11.389215907280864, 44.517953572108624], [11.388084437658927, 44.51797724873982], [11.388073409595854, 44.51770740299791], [11.3876962544836, 44.51771529264582], [11.387674202296537, 44.517175600969466], [11.38805135393355, 44.51716771146921], [11.38802929888968, 44.516628019880656], [11.388406446896942, 44.51662012928378], [11.388395417869383, 44.51635028354089], [11.38952685575072, 44.516326604506204], [11.389460653558418, 44.51470753106405], [11.389083518177282, 44.51471542487666], [11.389072486757325, 44.514445579176716], [11.388695352958887, 44.51445347167128], [11.38867329405758, 44.513913780078795], [11.38791903294614, 44.51392956104005], [11.387908007202006, 44.513659715073686], [11.387530878151699, 44.51366760361426], [11.38751985429941, 44.51339775755911], [11.387142726831826, 44.51340564478175], [11.387131704871331, 44.51313579863783], [11.386000326753289, 44.513159452619526], [11.386011343502028, 44.51342929898478], [11.38638847143311, 44.51342141549458], [11.386421527817951, 44.514230954279256], [11.38679866080646, 44.51422306932356], [11.38682070264349, 44.514762761624326], [11.386443566180256, 44.51477064672759], [11.38643254692186, 44.514500800510895], [11.385678277006708, 44.514516566837294], [11.385689292790348, 44.51478641320151], [11.38493501878268, 44.514802174698644], [11.384946031245946, 44.51507202119539], [11.384191753145892, 44.515087777863144], [11.384202762288675, 44.515357624492374], [11.383825621269677, 44.51536550103363], [11.383814613864333, 44.5150956543307], [11.382683195093836, 44.51511927626804], [11.382705199634094, 44.51565897010103], [11.382328056260475, 44.515666841739026], [11.382350057942721, 44.51620653565953], [11.382727204791367, 44.51619866387421], [11.382760213684216, 44.51700820442183], [11.382383061622852, 44.51701607642811], [11.382394063158044, 44.51728592332107], [11.382016909204813, 44.517293794156714], [11.382060909937307, 44.518373181873606], [11.382438070841276, 44.51836531074335], [11.382471078223368, 44.51917485115304], [11.382848244186382, 44.51916697855743], [11.38285924869342, 44.51943682525708], [11.381727745128149, 44.519460439531684], [11.381738744575946, 44.51973028643736], [11.380984404618944, 44.51974602321228], [11.381006397025654, 44.52028571727328], [11.380629223340106, 44.520293583941324], [11.380618228797568, 44.5200237368447], [11.380241056695771, 44.520031602194685], [11.38023006404526, 44.519761755009505], [11.379852893527223, 44.51976961904147], [11.379841902768694, 44.51949977176775], [11.378710395503685, 44.51952335617635], [11.37869941011277, 44.51925350866699], [11.3783222424542, 44.51926136757413], [11.378333226107271, 44.51953121515704], [11.377578886852476, 44.51954692938514], [11.3775679066751, 44.51927708165519], [11.377945074641637, 44.519269225236876], [11.377923111273098, 44.518729529879174], [11.377545946782192, 44.51873738615046], [11.37753496706665, 44.51846753837567], [11.37791212981978, 44.518459682177905], [11.377901148520426, 44.51818983446168], [11.377523987505045, 44.518197690585936], [11.377502028843647, 44.51765799496164], [11.377124871149771, 44.517665849694524], [11.377102916579435, 44.51712615386343], [11.376348607680681, 44.51714185930222], [11.376337634101642, 44.51687201121731], [11.375960481159117, 44.51687986199675], [11.375949509471546, 44.51661001382342], [11.375572358112814, 44.51661786328509], [11.375550418674305, 44.5160781667467], [11.375173270636946, 44.51608601481718], [11.375162302885933, 44.51581616645214], [11.374785156432356, 44.51582401320491], [11.374774190572639, 44.5155541647515], [11.37439704570285, 44.51556201018658], [11.374386081734379, 44.5152921616448], [11.374008938448384, 44.51530000576223], [11.373976052677618, 44.51449045982709], [11.373598914450323, 44.51449830248007], [11.373587954571512, 44.51422845373177], [11.373965091061395, 44.514220611152155], [11.373943168289982, 44.5136809137575], [11.37469743385919, 44.51366522515928], [11.374686469229319, 44.51339537658634], [11.375063600046019, 44.51338753049438], [11.375074566413224, 44.5136573789939], [11.376205963152753, 44.51363383303268], [11.376184020148193, 44.51309413645937], [11.376561148612474, 44.51308628546421], [11.376550175603642, 44.51281643722861], [11.376173048876632, 44.512824288150306], [11.376162077758885, 44.51255443982629], [11.376539202748644, 44.512546588978054], [11.37645142544642, 44.510387802435744], [11.374942980153266, 44.51041919601364], [11.374953944829436, 44.5106890446775], [11.374576831384735, 44.51069689003529], [11.37458779447753, 44.51096673875763], [11.373833563652882, 44.51098242588784], [11.373844523425138, 44.51125227474203], [11.373090288511653, 44.51126795704271], [11.373079332213647, 44.51099810804177], [11.371947983902864, 44.511021621942135], [11.371937032969774, 44.51075177270622], [11.371182803469141, 44.510767442272794], [11.371171856163752, 44.510497592875325], [11.370794742920303, 44.510505425719224], [11.370750962181559, 44.50942602768681], [11.371128068476878, 44.5094181951361], [11.371117121938822, 44.50914834566396], [11.371494226343712, 44.509140511942554], [11.371483278222167, 44.508870662528786], [11.371860380736635, 44.50886282763669], [11.371849431031656, 44.50859297828131], [11.372603632126227, 44.50857730491185], [11.37259267910097, 44.50830745568819], [11.37334687610757, 44.508291777489575], [11.373335919762145, 44.508021928397696], [11.373713016298208, 44.508014087505835], [11.373691100594499, 44.507474389424], [11.374068193503309, 44.50746654743497], [11.374046274940516, 44.50692684944015], [11.374423364222158, 44.506919006353975], [11.374401442800462, 44.5063793084462], [11.373647271030416, 44.50639499308109], [11.373603443923978, 44.50531559649918], [11.373226364755133, 44.50532343665735], [11.373215410099098, 44.50505358740116], [11.373592487531354, 44.50504574731635], [11.373559619275015, 44.50423619967825], [11.371674256626495, 44.50427538656405], [11.371663309530698, 44.50400553695478], [11.371286238277019, 44.50401337052729], [11.371275293071157, 44.50374352082977], [11.370898223400527, 44.50375135308521], [11.370865393912823, 44.502941803683214], [11.368225938389713, 44.50299659310769], [11.368215007688717, 44.502726742764466], [11.367837943737282, 44.502734564776965], [11.367848872701874, 44.50300441519339], [11.367471806860829, 44.50301223603534], [11.367482734242193, 44.503282086510026], [11.366728598627715, 44.50329772460904], [11.36673952268934, 44.50356757521514], [11.36711659230962, 44.50355975671435], [11.367127518260867, 44.50382960723235], [11.367504589464472, 44.503821787414616], [11.367526445299502, 44.5043614882595], [11.367903519822955, 44.50435366705161], [11.367914449706813, 44.50462351737848], [11.368291525813598, 44.504615694853584], [11.368302457587253, 44.50488554509232], [11.368679535277368, 44.504877721250416], [11.368690468940867, 44.505147571401004], [11.369067548214305, 44.50513974624206], [11.369100355334389, 44.50594929638459], [11.368723270851019, 44.50595712176322], [11.36873420512763, 44.50622697185409], [11.367602945547837, 44.5062504407464], [11.36758108756801, 44.505710740110494], [11.367204004208338, 44.50571856044048], [11.367193077184886, 44.50544871002696], [11.36681599540869, 44.50545652903992], [11.366805070275053, 44.505186678538294], [11.366427990082334, 44.50519449623423], [11.36641706683846, 44.504924645644536], [11.366039988229227, 44.504932462023504], [11.366029066875068, 44.504662611345736], [11.365651989849326, 44.50467042640775], [11.365608312909771, 44.50359102325491], [11.36598538298939, 44.50358320848542], [11.365963541965092, 44.503043506965724], [11.36558647535839, 44.50305132158895], [11.365564638419242, 44.502511619863306], [11.364810511692339, 44.502527245086085], [11.36482142661258, 44.50279709610259], [11.364067295800844, 44.50281271649663], [11.364078207401233, 44.503082567644384], [11.363324072504787, 44.50309818320957], [11.363345889218564, 44.50363788575258], [11.362968818068007, 44.503645691815635], [11.363012446384406, 44.504725097014806], [11.363389524481159, 44.50471729065955], [11.363422252533848, 44.50552684418313], [11.363799335687567, 44.505519036364866], [11.363821158627422, 44.506058738493195], [11.364198245101559, 44.50605092928492], [11.36420915853766, 44.50632078025361], [11.36458624659553, 44.50631296972836], [11.364597161921372, 44.50658282060906], [11.364974251562971, 44.50657500876683], [11.364985168778603, 44.50684485955951], [11.36724771383398, 44.50679796194532], [11.367258641623366, 44.50706781228421], [11.367635733666672, 44.50705999158832], [11.367668523164479, 44.5078695422959], [11.3672914259107, 44.507877363211335], [11.36730235431288, 44.508147213490524], [11.365039757152507, 44.50819411329902], [11.365050675286456, 44.50846396400216], [11.364296471534429, 44.508479587466105], [11.36430738634756, 44.50874943830052], [11.363930282505068, 44.5087572482396], [11.363941195734245, 44.50902709913216], [11.363186984116368, 44.50904271542444], [11.363197894024546, 44.50931256644824], [11.362820786249175, 44.50932037280141], [11.362831694573275, 44.50959022388333], [11.361323254994662, 44.50962143714781], [11.361334156523466, 44.50989128850691], [11.359825707551314, 44.509922482158586], [11.359793024267898, 44.50911292716087], [11.359038809287615, 44.50912851608473], [11.359017028143601, 44.50858881238661], [11.359394132236112, 44.50858101869256], [11.35937234822891, 44.50804131508066], [11.359749448694844, 44.508033520288485], [11.359705875565261, 44.5069541131775], [11.358574594551829, 44.506977492946895], [11.35856370686163, 44.506707640913085], [11.358186614622001, 44.50671543160878], [11.358175728821223, 44.50644557948715], [11.357044456397173, 44.50646894389203], [11.357055336987566, 44.5067387962323], [11.355169871213157, 44.506777712392875], [11.355126384502121, 44.50569830148571], [11.355503471014831, 44.5056905210327], [11.355481725100335, 44.5051508156353], [11.35472755886932, 44.50516637500622], [11.354716689614035, 44.50489652213956], [11.354339608006628, 44.504904299886434], [11.354328740640357, 44.504634446932094], [11.35395166061725, 44.50464222336234], [11.35392992981496, 44.5041025172634], [11.354307006364847, 44.504094740978694], [11.354296139455599, 44.50382488797964], [11.354673214116573, 44.50381711052389], [11.354662345623113, 44.50354725758271], [11.355416491014871, 44.50353169908538], [11.355405619200729, 44.50326184627488], [11.356159760509836, 44.503246282948], [11.356148885375116, 44.50297643026824], [11.357280090985878, 44.5029530761681], [11.357269210794229, 44.50268322369199], [11.362925192197913, 44.50256628637779], [11.362903380180176, 44.50202658356935], [11.362526319295307, 44.50203438795042], [11.362515415252105, 44.501764536450786], [11.362138355950727, 44.50177233951513], [11.362127453796699, 44.50150248792757], [11.361750396078822, 44.5015102896752], [11.36173949581392, 44.50124043799972], [11.361362439679546, 44.501248238430655], [11.361351541303723, 44.50097838666726], [11.359843322183881, 44.50100957566235], [11.359832430905877, 44.50073972359217], [11.35945537748044, 44.50074751765884], [11.359422709771108, 44.49993796114003], [11.359799757987885, 44.499930167292185], [11.35978886732055, 44.499660315162366], [11.359411820839945, 44.49966810893728], [11.359400932061419, 44.4993982567196], [11.35826979691234, 44.49942163036391], [11.358258913494835, 44.49915177791261], [11.356373693876163, 44.49919070874988], [11.356384568612977, 44.49946056156549], [11.356007522495688, 44.49946834407496], [11.356018395648771, 44.49973819694849], [11.355641347642894, 44.49974597828717], [11.355663090933897, 44.50028568413514], [11.356417193738068, 44.500270119922895], [11.356460696039136, 44.50134953085741], [11.355706579344714, 44.501365095652254], [11.355717451828433, 44.50163494849427], [11.355340391516252, 44.50164272909896], [11.355351262416013, 44.50191258199888], [11.3519576971244, 44.50198255212842], [11.351935986731936, 44.501442845004156], [11.351558926633345, 44.50145061309894], [11.351548073401712, 44.501180759441766], [11.351171014887326, 44.50118852622015], [11.351073358274661, 44.49875984198108], [11.351450401162989, 44.49875207585679], [11.351439549452637, 44.49848222205065], [11.353324752931554, 44.49844337313879], [11.35331389269294, 44.49817351968127], [11.35444500774547, 44.49815019562943], [11.354434142450966, 44.49788034237528], [11.354811178761196, 44.49787256527698], [11.354735113812438, 44.49598359259008], [11.354358089653777, 44.49599136917897], [11.354336361653752, 44.495451662417324], [11.354713382340757, 44.49544388597398], [11.354702516833372, 44.495174032643575], [11.355833572773102, 44.49515069607123], [11.35582270221073, 44.494880842944305], [11.35695375157183, 44.494857495399536], [11.356942875954635, 44.4945876424762], [11.357696904628403, 44.49457207137498], [11.357686025692251, 44.49430221858243], [11.358063038064715, 44.49429443123958], [11.358041277178552, 44.4937547257555], [11.356910250017696, 44.49377808361669], [11.356921125177571, 44.49404793658477], [11.356544114083396, 44.4940557201246], [11.356533240659177, 44.49378586708368], [11.356156231148248, 44.49379364930729], [11.356112745917828, 44.49271423670331], [11.355735743196915, 44.492722017392296], [11.355681398764768, 44.49137275093788], [11.356058392808226, 44.49136497061293], [11.35601491306308, 44.49028555747233], [11.355637925961146, 44.49029333750605], [11.355648793933554, 44.49056319088638], [11.354894815802032, 44.49057874736972], [11.354905680456023, 44.4908486008807], [11.354528689426449, 44.49085637733029], [11.354539552497323, 44.491126230899134], [11.35303157991504, 44.49115732455592], [11.3530207237858, 44.4908874706961], [11.35264373199517, 44.49089524092941], [11.352632877753482, 44.490625386981975], [11.352255887546107, 44.49063315589933], [11.352245035191922, 44.4903633018643], [11.351868046567805, 44.49037106946571], [11.351857196101077, 44.49010121534309], [11.351480209060226, 44.490108981628595], [11.351458512053641, 44.48956927319331], [11.351835495623867, 44.48956150705315], [11.351824645613378, 44.48929165288584], [11.354463514198578, 44.48923725560422], [11.354452652193471, 44.48896740193104], [11.353698693971886, 44.48898295008194], [11.353655261355247, 44.48790353465826], [11.353278288956867, 44.487911306578034], [11.35325657703187, 44.487371598631334], [11.352879607951548, 44.48737936916254], [11.35286875395235, 44.487109515094126], [11.352491786454976, 44.48711728430951], [11.352502638719097, 44.48738713845063], [11.35212566933454, 44.48739490649564], [11.352158221834166, 44.48820446904768], [11.351781247092145, 44.48821223606761], [11.35179209649435, 44.488482090294504], [11.351415119865084, 44.488489856143964], [11.351425967684154, 44.48875971042866], [11.351048989167639, 44.48876747510761], [11.351059835403522, 44.489037329450056], [11.34955191287655, 44.4890683760247], [11.349530234438603, 44.48852866674385], [11.349153256897447, 44.488536425134335], [11.349120745585443, 44.487726860883576], [11.348366800458509, 44.48774237349954], [11.348355967128542, 44.487472518574336], [11.347225053504795, 44.487495777957115], [11.347268366913692, 44.48857519843926], [11.34651440985759, 44.488590699059024], [11.346546886096338, 44.48940026469947], [11.345792918021735, 44.489415760781554], [11.345803740267488, 44.48968561611028], [11.34542675426733, 44.489693362359], [11.345372653231744, 44.488344085204105], [11.344995675756277, 44.48835182984722], [11.344984857739325, 44.48808197429911], [11.3430999767641, 44.488120678504906], [11.343089167574686, 44.48785082257972], [11.342335217594284, 44.48786629541511], [11.342324412026704, 44.48759643933024], [11.341947438544484, 44.487604173810816], [11.341882618729878, 44.48598503655489], [11.341505655506763, 44.48599276935813], [11.341494854469284, 44.485722913024354], [11.341117892829791, 44.48573064451217], [11.341107093678676, 44.485460788091174], [11.339599252547307, 44.485491701322445], [11.339610044758468, 44.48576155803273], [11.339233082362421, 44.485769283305196], [11.339265454698355, 44.48657885356367], [11.340019389749438, 44.486563401341876], [11.34005177385727, 44.487372971032656], [11.339674801202023, 44.48738069798203], [11.339750357269335, 44.489269693912696], [11.337865430990922, 44.48930831254211], [11.337854645489731, 44.489038455663824], [11.337477661515754, 44.48904617558779], [11.337466877901035, 44.48877631862238], [11.33708989551121, 44.48878403723089], [11.337079113782913, 44.48851418017838], [11.336702132977248, 44.48852189747146], [11.336691353135324, 44.48825204033186], [11.335937394541256, 44.48826747104401], [11.335948170912662, 44.48853732832801], [11.33557118965379, 44.48854504189149], [11.335625065099865, 44.48989432844936], [11.335248075013277, 44.4899020411305], [11.335258848820171, 44.49017189846964], [11.334127872448205, 44.49019502926995], [11.334138641199788, 44.490464886810685], [11.333007658263025, 44.490488006637854], [11.332996894717786, 44.490218148880764], [11.332619901839214, 44.490225852931125], [11.332630663648999, 44.49049571076031], [11.331876673968441, 44.49051111527536], [11.331887432458107, 44.490780973233825], [11.33113343870339, 44.49079637291981], [11.331165704663977, 44.4916059471384], [11.331542706823335, 44.49159824770092], [11.331564221688705, 44.49213796362823], [11.332695237675535, 44.49211485742327], [11.332684474960644, 44.491844999683266], [11.3330614782523, 44.49183729520031], [11.333050713952693, 44.49156743751755], [11.333427715357896, 44.491559731863354], [11.333406183740241, 44.49102001659745], [11.333783181523474, 44.49101230984415], [11.333837020377239, 44.492361597536814], [11.333460013916158, 44.49236930465072], [11.333470780404063, 44.49263916221676], [11.333847788600787, 44.49263145503074], [11.3338693255007, 44.49317116997401], [11.331230240655682, 44.49322509517431], [11.331240997181991, 44.49349495312829], [11.330863982722255, 44.49350265182671], [11.33087473766358, 44.49377250983787], [11.330497721317332, 44.493780207364914], [11.330508474673627, 44.49405006543324], [11.330131456440862, 44.49405776178885], [11.330163712206645, 44.494867336120734], [11.329786688615659, 44.494875031448935], [11.329797439103126, 44.49514488960186], [11.32942041362556, 44.495152583758575], [11.329431162527808, 44.49542244196864], [11.329808189741287, 44.49541474773992], [11.329829691469705, 44.49595446397147], [11.330206722004384, 44.4959467683552], [11.330217474830626, 44.496216626376686], [11.330971538919744, 44.496201231269495], [11.330993051968482, 44.49674094697971], [11.33061601652727, 44.49674864529915], [11.330626771541759, 44.49701850320401], [11.330249734213734, 44.49702620035192], [11.330271241222816, 44.497565916261124], [11.329894200271868, 44.49757361230948], [11.329904952266391, 44.4978434703138], [11.329150866440106, 44.49785885882371], [11.32916161511303, 44.49812871695717], [11.328784570237707, 44.498136409418684], [11.328816811951905, 44.498945983945916], [11.329193862035856, 44.498938291268445], [11.329204611311491, 44.499208149342486], [11.330335765867927, 44.49918506363203], [11.33032501138353, 44.49891520577403], [11.331079110194919, 44.4988998092261], [11.331111384518003, 44.49970938232328], [11.330734329978887, 44.499717081435215], [11.33074508665188, 44.4999869391766], [11.329990973648673, 44.50000233381344], [11.330001726999761, 44.50027219168403], [11.329624668535685, 44.50027988720889], [11.32963542030114, 44.50054974513664], [11.330389540551296, 44.500534352699134], [11.330400295940269, 44.500804210467976], [11.331531480393851, 44.50078111226757], [11.331542241142841, 44.501050969805384], [11.333050491914637, 44.5010201545041], [11.333082795904168, 44.501829726163265], [11.332705728228222, 44.501837432070545], [11.332716494790132, 44.502107289332656], [11.331962355512468, 44.502122697560054], [11.331973118752254, 44.50239255495148], [11.331596047150555, 44.50240025727155], [11.331606808804668, 44.5026701147202], [11.331229735315548, 44.50267781586852], [11.331218975397995, 44.50240795834783], [11.330464831440395, 44.502423356768915], [11.330454075146754, 44.502153499089246], [11.330077004678303, 44.502161196362046], [11.330087759235402, 44.502431054113735], [11.329710686879647, 44.50243875021474], [11.32975369966927, 44.50351818136103], [11.329376620216344, 44.50352587650626], [11.329408876181336, 44.50433544992599], [11.330540129718063, 44.504312360110504], [11.330550887218072, 44.50458221767127], [11.330927973165469, 44.50457451850626], [11.33097101162079, 44.50565394831257], [11.33059391872621, 44.50566164776577], [11.330604676980283, 44.50593150525225], [11.329850487264979, 44.50594690057086], [11.329839732484624, 44.50567704294031], [11.32908554563996, 44.505692433139046], [11.329042541920643, 44.504613001892196], [11.32866545521945, 44.50462069483765], [11.32865470640315, 44.50435083691681], [11.326015107434241, 44.50440465220166], [11.325982898360312, 44.50359507683918], [11.325605817401234, 44.5036027595457], [11.325573614891795, 44.50279318383386], [11.325196538992179, 44.502800865080836], [11.325164343046731, 44.50199128901969], [11.32554141373662, 44.50198360798834], [11.325477015488792, 44.50036445589631], [11.325854075609431, 44.50035677405249], [11.325843341358341, 44.50008691539038], [11.326220399592131, 44.50007923237472], [11.326177457147208, 44.498999797865366], [11.326554508285248, 44.49899211389361], [11.326522297822992, 44.49818253807134], [11.326145251893637, 44.498190221827386], [11.326123782476989, 44.49765050439447], [11.325746739869492, 44.49765818676308], [11.325736007123014, 44.49738832795244], [11.324981924928972, 44.49740368881504], [11.324971195805167, 44.49713382984581], [11.323840076594534, 44.49715686159708], [11.32385080050998, 44.49742672078183], [11.32309671681232, 44.49744206920828], [11.323118158149546, 44.49798178782052], [11.322741112602955, 44.49798946031192], [11.322751831760787, 44.498259319667554], [11.323128879043582, 44.49825164710437], [11.323161042627408, 44.499061224866836], [11.32278399013586, 44.49906889764542], [11.32281614986335, 44.499878475489666], [11.322439092012557, 44.49988614723994], [11.322449810485894, 44.500156006563465], [11.32207275074847, 44.50016367714179], [11.32208346763566, 44.50043353652224], [11.32132934423734, 44.500448874091205], [11.321318630822962, 44.50017901456724], [11.320564510296728, 44.50019434701771], [11.320553800505307, 44.49992448733541], [11.320176741753366, 44.49993215162331], [11.32016603384844, 44.499662291854435], [11.319788976682764, 44.49966995482688], [11.319799682851324, 44.499939814667464], [11.319422623799198, 44.49994747646789], [11.319433328381443, 44.500217336365324], [11.319056267442864, 44.500224996993694], [11.31908837688063, 44.50103457681202], [11.31946544302855, 44.50102691596857], [11.31947614821105, 44.501296775806644], [11.320607350963774, 44.50127378559848], [11.320618061505886, 44.50154364520655], [11.322126336686761, 44.50151297389556], [11.322190644770739, 44.50313212951014], [11.321813565781305, 44.50313979963424], [11.321867151299754, 44.504489095930325], [11.321490063476475, 44.5044967651694], [11.32152221138002, 44.505306342984206], [11.32114511819605, 44.50531401119462], [11.321155832727483, 44.505583870508296], [11.320778737656434, 44.505591537546486], [11.320789450601179, 44.50586139691706], [11.320412353643047, 44.50586906278301], [11.320433776509221, 44.50640878162311], [11.320056675927049, 44.50641644638853], [11.320078095919916, 44.50695616531269], [11.31970099171362, 44.506963828977526], [11.319743826552891, 44.508043266934614], [11.318989603793417, 44.50805859110577], [11.31900030940431, 44.50832845070134], [11.3186231960623, 44.50833611099247], [11.318644604260008, 44.508875830282456], [11.318267487293596, 44.50888348947283], [11.318278189880346, 44.50915334916722], [11.317523952022988, 44.5091686639589], [11.317534651285314, 44.50943852378179], [11.317157530394386, 44.509446179383055], [11.31717892589449, 44.50998589912759], [11.31680180137903, 44.509993553627965], [11.316812497616738, 44.51026341354961], [11.316435371214006, 44.51027106687743], [11.31644606586433, 44.510540926855846], [11.316068937574318, 44.510548579011086], [11.316079630637216, 44.51081843904628], [11.31532537013273, 44.51083373976732], [11.315336059870749, 44.51110359993086], [11.31420466277787, 44.51112654189547], [11.314215347453477, 44.51139640225887], [11.313461078500998, 44.51141169082384], [11.31347175985149, 44.51168155131548], [11.311586076162744, 44.51171975131102], [11.311575403499585, 44.511449890461904], [11.310066860804978, 44.51148042777578], [11.310077526518226, 44.511750288910655], [11.309700388733198, 44.511757920199884], [11.309711052858471, 44.51202778139136], [11.309333913186423, 44.51203541150771], [11.309344575723673, 44.51230527275577], [11.308590292456055, 44.5123205293984], [11.30860095166767, 44.51259039077439], [11.308223808072116, 44.51259801730063], [11.308234465695584, 44.51286787873317], [11.307857320213017, 44.51287550408645], [11.30786797624829, 44.513145365575525], [11.307490828878702, 44.513152989755824], [11.30750148332573, 44.513422851301435], [11.306747184663148, 44.51343809607166], [11.306725882869017, 44.512898372680326], [11.306348736789, 44.5129059930563], [11.306338087853527, 44.51263613126708], [11.305960943361816, 44.51264375032741], [11.305950296313227, 44.51237388845208], [11.305573153409826, 44.51238150619682], [11.30556250824807, 44.51211164423536], [11.30443108385517, 44.51213448978988], [11.304441723804226, 44.51240435196512], [11.30331029285605, 44.512427186534595], [11.303320927741488, 44.51269704890869], [11.302189490238579, 44.51271987249287], [11.302200120060233, 44.512989735065744], [11.301822972190198, 44.51299734050964], [11.301844228805273, 44.51353706575329], [11.301467077310878, 44.51354467009517], [11.301477704104228, 44.51381453276594], [11.300723397193066, 44.51382973785886], [11.300712773875146, 44.5135598750458], [11.300335621933854, 44.51356747565456], [11.30032500050257, 44.51329761275556], [11.299947850150057, 44.51330521204882], [11.299937230605359, 44.51303534906389], [11.299560081841628, 44.51304294704169], [11.29953884667417, 44.512503220885215], [11.299161701236859, 44.512510817476475], [11.299151085614023, 44.51224095430493], [11.298773941765479, 44.51224854958078], [11.298752714441445, 44.511708823051116], [11.299506995039424, 44.511693631539444], [11.29949637812555, 44.51142376839457], [11.300250654653066, 44.51140857204791], [11.300240034413035, 44.511138709030426], [11.300617170715961, 44.51113110906179], [11.300606548887348, 44.510861246100625], [11.300983683303883, 44.51085364495886], [11.300919945035057, 44.509234467307664], [11.300542821042846, 44.50924206802266], [11.300521579619252, 44.508702341878184], [11.299767338137324, 44.508717539291155], [11.299756721123389, 44.50844767605447], [11.299379601896401, 44.508455272823625], [11.299368986768547, 44.50818540950106], [11.298991869129978, 44.50819300495497], [11.29900248252059, 44.508462868348616], [11.298248243322607, 44.5084780556661], [11.298237633406478, 44.50820819213033], [11.296729160174724, 44.50823855155126], [11.296739763141849, 44.508508415371125], [11.296362642724974, 44.50851600218697], [11.296373244103469, 44.50878586606304], [11.295241876749314, 44.508808619258495], [11.295252473064508, 44.509078483332694], [11.29449822394428, 44.50909364605064], [11.29453000335703, 44.50990323861012], [11.29528426290145, 44.5098880754665], [11.295294859810896, 44.5101579394815], [11.296049122235868, 44.510142771219], [11.296059722768748, 44.51041263507725], [11.296436855495749, 44.510405049008654], [11.296447457914702, 44.51067491278112], [11.29682459223051, 44.51066732539727], [11.296835196535588, 44.51093718908392], [11.298343739261739, 44.51090682682179], [11.298396797768131, 44.512256143612305], [11.29688822029113, 44.51228650729512], [11.296898825488288, 44.512556370892966], [11.296521679009642, 44.51256395877386], [11.296553490280248, 44.51337354969156], [11.296930641971908, 44.513365961597636], [11.296941247763836, 44.51363582513625], [11.298072707159676, 44.51361305317513], [11.298083318313518, 44.513882916485834], [11.298460472885687, 44.5138753232723], [11.29847108592606, 44.514145186497146], [11.298848242087184, 44.51413759196815], [11.298858857014139, 44.514407455107126], [11.299236014764213, 44.51439985926263], [11.299246631577796, 44.51466972231571], [11.30000095010696, 44.51465452675129], [11.30001157054504, 44.514924389647355], [11.300388731324096, 44.51491678992739], [11.300399353648924, 44.515186652737526], [11.301153678235893, 44.515171449422034], [11.301164304185383, 44.51544131207509], [11.301541467993266, 44.515433708479506], [11.30155209582962, 44.5157035710466], [11.302306426474095, 44.51568835997975], [11.302317057935268, 44.51595822238968], [11.302694224771827, 44.51595061491837], [11.302704858119988, 44.51622047724229], [11.30308202654538, 44.51621286845531], [11.303103297164885, 44.51675259291632], [11.304234811974009, 44.5167297586611], [11.304170970622563, 44.5151105863824], [11.304548131499859, 44.51510297290249], [11.304537490058934, 44.514833110875436], [11.306423283517887, 44.51479502516582], [11.30644458392712, 44.5153347484923], [11.307198907216875, 44.515319505212254], [11.307188253461954, 44.51504964369908], [11.307942572678579, 44.515034395584], [11.307931915597443, 44.51476453419868], [11.308309073243851, 44.51475690834588], [11.308298414574368, 44.51448704701711], [11.308675570333573, 44.514479419991275], [11.30866491007579, 44.51420955871906], [11.309796371243333, 44.51418667038937], [11.309807036714313, 44.5144565314474], [11.310938501749233, 44.51443363170402], [11.310917160530526, 44.51389391000172], [11.311294311767565, 44.51388627440806], [11.311283639644948, 44.51361641360612], [11.314300830251332, 44.513555284632034], [11.314290144377258, 44.513285424387306], [11.316553020614583, 44.513239525824], [11.316595806713512, 44.514318964995795], [11.316972959178917, 44.51431131059361], [11.316983657816284, 44.51458117027782], [11.318869426581351, 44.5145428792431], [11.318890841683434, 44.51508259785037], [11.320022311567556, 44.51505960786683], [11.320033024557068, 44.51532946693306], [11.3204101826225, 44.5153218010447], [11.32043161252772, 44.51586151898916], [11.320808773918502, 44.5158538517129], [11.320819490834285, 44.51612371059112], [11.321196653812637, 44.51611604199867], [11.321260968890314, 44.517735194525606], [11.32163814214582, 44.51772752425807], [11.321659585183413, 44.51826724150473], [11.322036761764597, 44.518259569849114], [11.3220582088796, 44.51879928689279], [11.322435388786529, 44.51879161384906], [11.322446114307649, 44.51906147227683], [11.322823295802275, 44.51905379791673], [11.322834023211884, 44.519323656257825], [11.323588389226092, 44.51930830366031], [11.323566927604924, 44.51876858725058], [11.32394410691018, 44.518760909228675], [11.323933374587229, 44.518491051073404], [11.324310552003961, 44.518483371878816], [11.324299818093465, 44.518213513780545], [11.324676993621674, 44.518205833413305], [11.324666258123681, 44.517935975372055], [11.325797778591111, 44.51791292701896], [11.325765557358762, 44.51710335345312], [11.325388389233998, 44.517111037266275], [11.32537765086228, 44.51684117930938], [11.325000484324846, 44.516848861806174], [11.324979011508793, 44.51630914570404], [11.32422468493379, 44.51632450667677], [11.324235417790854, 44.516594364879], [11.32310392158625, 44.51661739722038], [11.32309319394275, 44.51634753880261], [11.32233886586331, 44.516362887330985], [11.322285247279744, 44.515013594301266], [11.321908091703435, 44.51502126633982], [11.32188664879786, 44.51448154888041], [11.32150949654665, 44.514489219531015], [11.32149877705701, 44.514219360707266], [11.321875927570549, 44.514211690128434], [11.321854485566865, 44.51367197257995], [11.322608779192446, 44.51365662797644], [11.322598054940876, 44.51338676932352], [11.322975199790552, 44.5133790952271], [11.322985925779713, 44.5136489538082], [11.32374021850308, 44.51363360173878], [11.32375094811785, 44.51390346016139], [11.324128095991508, 44.51389578218834], [11.324138827494345, 44.51416564052425], [11.324515976955176, 44.514157961235014], [11.324526710346127, 44.51442781948419], [11.324903861394128, 44.51442013887875], [11.324914596673242, 44.51468999704121], [11.325668901793032, 44.5146746319535], [11.325658163038574, 44.51440477393483], [11.326789614375983, 44.51438171718635], [11.326800358343442, 44.514651574989266], [11.327177510225676, 44.51464388684582], [11.327188256081456, 44.51491374456192], [11.327565409550713, 44.514906055102166], [11.32757615729486, 44.51517591273146], [11.3283304672567, 44.5151605299349], [11.328341218626994, 44.515430387405374], [11.328718375119543, 44.51542269406855], [11.328729128378324, 44.51569255145218], [11.329860602164523, 44.515669463759366], [11.32984984369251, 44.51539960659178], [11.330226999581857, 44.51539190827744], [11.330216239522969, 44.51512205116704], [11.330593393523746, 44.51511435168036], [11.330582631878027, 44.51484449462715], [11.330959783990233, 44.51483679396818], [11.330927494745449, 44.51402722293556], [11.33055034784615, 44.51403492337835], [11.330518065172127, 44.513225351995764], [11.328255211885143, 44.51327152722548], [11.328244461720676, 44.51300166963612], [11.327867320716052, 44.513009361080755], [11.327845824314256, 44.51246964571354], [11.328222961843888, 44.51246195441284], [11.328212212131564, 44.51219209677892], [11.328589347773029, 44.51218440430596], [11.32857859647398, 44.511914546729166], [11.328955730227282, 44.511906853083964], [11.328944977341559, 44.5116369955643], [11.329322109206702, 44.51162930074688], [11.329311354734353, 44.51135944328437], [11.329688484711342, 44.511351747294746], [11.329666972744286, 44.51081203246918], [11.3304212252965, 44.51079663704548], [11.330410466064565, 44.51052677975447], [11.330787590377128, 44.510519080248415], [11.330776829558761, 44.51024922301459], [11.331153951983188, 44.510241522336415], [11.33113242732457, 44.50970180796832], [11.331509546123655, 44.509694106190146], [11.331498782283475, 44.50942424905587], [11.331875899194461, 44.509416546105655], [11.331854368492499, 44.50887683193669], [11.332231481778257, 44.50886912788654], [11.332242248790916, 44.50913898490637], [11.332996478383842, 44.5091235729296], [11.33300724902177, 44.509393429790336], [11.334515713344075, 44.50936259061904], [11.334494158322094, 44.508822877459885], [11.335248382628235, 44.508807450698335], [11.335237601869691, 44.508537594240835], [11.335991822097089, 44.508522162647374], [11.336002606329814, 44.508792018960484], [11.336379717953834, 44.508784301225425], [11.336433650071141, 44.51013358220681], [11.333793804728032, 44.51018758275308], [11.333836904500174, 44.51126700929185], [11.334591160680686, 44.51125158620773], [11.334623497520186, 44.5120611555227], [11.335000630595879, 44.512053441897805], [11.335011411582032, 44.512323298234215], [11.334634276768927, 44.51233101193127], [11.334709735741757, 44.514220006375034], [11.335464029541946, 44.51420457672599], [11.335485597559188, 44.5147442890016], [11.335862747707736, 44.51473657216618], [11.335873533680802, 44.51500642820946], [11.335496381794604, 44.51501414511709], [11.335507166181218, 44.515284001217715], [11.335884319805093, 44.51527628423787], [11.33591667908533, 44.51608585223389], [11.336670996305699, 44.51607041410774], [11.336681786510447, 44.5163402699322], [11.337436106601212, 44.516324826683984], [11.337425312920937, 44.516054971004024], [11.337802471001572, 44.5160472475856], [11.337791675734893, 44.515777391963056], [11.33816883192644, 44.51576966737254], [11.338158035073405, 44.51549981180739], [11.338535189375868, 44.51549208604478], [11.338524390936525, 44.51522223053707], [11.339278695611878, 44.51520677542341], [11.339267893848625, 44.51493692004545], [11.340399344512813, 44.514913728259415], [11.340388537688131, 44.51464387308359], [11.340765685868911, 44.514636140071964], [11.340744069198925, 44.514096429820405], [11.34149835815554, 44.51408096035372], [11.341487546572763, 44.513811105350385], [11.341864689086178, 44.513803368823], [11.341843062900352, 44.51326365891647], [11.34146592386194, 44.51327139529907], [11.341444301757408, 44.512731685188214], [11.341067166042333, 44.512739420181795], [11.341002313790417, 44.51112028905784], [11.340625188347959, 44.511128022372965], [11.340614381906944, 44.510858167061194], [11.340237258050259, 44.5108658990598], [11.340226453497996, 44.51059604366079], [11.339095086230957, 44.51061923197469], [11.339084287041873, 44.5103493763438], [11.338707166053931, 44.510357103221175], [11.338663977760262, 44.509277680259665], [11.339041091799489, 44.50926995367152], [11.33903029336737, 44.50900009796626], [11.341292964000084, 44.50895371274565], [11.341303772854856, 44.50922356801686], [11.342057998661296, 44.509208096179314], [11.34204718633233, 44.508938241052896], [11.342801408058254, 44.50892276438387], [11.34279059240673, 44.5086529093874], [11.343167701305195, 44.508645169259225], [11.343156884068257, 44.50837531432032], [11.34391109793614, 44.508359830476714], [11.343900277376822, 44.5080899756678], [11.344654487163904, 44.508074486992996], [11.344643663282314, 44.50780463231414], [11.345020766211276, 44.50779688618319], [11.34504241760018, 44.50833659538104], [11.345419523851353, 44.50832884786108], [11.34544117932141, 44.508868556854374], [11.345818288894861, 44.50886080794536], [11.345839948446281, 44.50940051673407], [11.346594174086007, 44.50938501489378], [11.346583340760201, 44.50911516065193], [11.347337562318247, 44.509099653980435], [11.347326725670188, 44.508829799868806], [11.347703834484282, 44.508822044739546], [11.34769299625111, 44.508552190685585], [11.349201423039679, 44.50852115801851], [11.349212268220962, 44.50879101178206], [11.349966484177145, 44.50877548783907], [11.349955635521825, 44.50850563422079], [11.350332741534778, 44.50849787045589], [11.350267642375016, 44.50687874886927], [11.350644737814287, 44.50687098429631], [11.350633886749838, 44.50660113071906], [11.352519352979712, 44.50656228955848], [11.352530212728341, 44.50683214277227], [11.352907307254522, 44.50682437073561], [11.352918168892245, 44.50709422386176], [11.353295265003009, 44.507086450508424], [11.353316992209042, 44.50762615657054], [11.353694091641279, 44.507618381827726], [11.353715822930369, 44.50815808768473], [11.35409292568414, 44.50815031155241], [11.354103793294142, 44.508420164385775], [11.356366417038274, 44.508373481031086], [11.356388173559266, 44.508913185779434], [11.35676528045698, 44.5089054007206], [11.356819683113706, 44.51025466196629], [11.356065451795066, 44.51027023156839], [11.356054574432884, 44.51000037920338], [11.355677460281935, 44.510008162065475], [11.355666584809343, 44.50973830961271], [11.354535246653095, 44.50976165051612], [11.354513506587708, 44.509221945129056], [11.353382177482382, 44.50924527439922], [11.35339304222769, 44.50951512731852], [11.352638818588389, 44.50953067409054], [11.352649680011828, 44.509800527140406], [11.353026793644721, 44.5097927543037], [11.353037656957547, 44.51006260726593], [11.352283426065252, 44.51007815184076], [11.352294286056086, 44.510348004933554], [11.351917168644402, 44.51035577542755], [11.351928027050317, 44.51062562857816], [11.351173788295936, 44.51064116597924], [11.351162933364378, 44.51037131268323], [11.350031579303064, 44.51039460923597], [11.35004242902307, 44.510664462749986], [11.3496653089612, 44.510672225852005], [11.349687005383092, 44.51121193298063], [11.349309881694682, 44.511219694983794], [11.349353269414356, 44.51229910935286], [11.349730400051973, 44.51229134705915], [11.349806346578443, 44.514180321123064], [11.350183489225982, 44.5141725570766], [11.350194341075742, 44.51444241038205], [11.350571485308663, 44.51443464501866], [11.35058233904812, 44.51470449823656], [11.351336630532526, 44.514688963631556], [11.351347487899297, 44.51495881668919], [11.353610369123821, 44.514912182574896], [11.353621237068326, 44.51518203518124], [11.355129828454587, 44.515150920594685], [11.355118953559796, 44.51488106827951], [11.355496099287683, 44.51487328659493], [11.355485222807815, 44.51460343433766], [11.355862366645676, 44.514595651481635], [11.355829732908512, 44.51378609483887], [11.3562068713814, 44.51377831095709], [11.356195992036586, 44.51350845878588], [11.358081673425446, 44.51346952107782], [11.358103449642039, 44.51400922467661], [11.358480588936839, 44.51400143325654], [11.35852415015191, 44.51508083998357], [11.358147003907074, 44.5150886316953], [11.358168781955559, 44.515628335115174], [11.357791632082893, 44.51563612572843], [11.357813407266782, 44.516175829234456], [11.357436253766204, 44.51618361874918], [11.35744713984945, 44.51645347055272], [11.357069984458573, 44.51646125889598], [11.357080868956745, 44.5167311107575], [11.356703711675562, 44.51673889792929], [11.356714594588617, 44.51700874984876], [11.35558311661649, 44.51703210411646], [11.35559399446886, 44.51730195623957], [11.355216833102004, 44.51730973857954], [11.355238585788696, 44.517849442926696], [11.354861420793751, 44.517857224167905], [11.354872295628002, 44.518127076391934], [11.352986459677503, 44.51816596429558], [11.35297559353247, 44.51789611170765], [11.352221261561349, 44.517911658012586], [11.352232124230676, 44.51818151074599], [11.351854956278798, 44.51818928210455], [11.351865817362548, 44.51845913489579], [11.351488647520506, 44.51846690508262], [11.35147778817464, 44.51819705221866], [11.35072345150959, 44.518212588713574], [11.350690884812536, 44.51740302959619], [11.350313721465218, 44.51741079575896], [11.350302867941727, 44.51714094261736], [11.349925706180032, 44.51714870746305], [11.349904003065074, 44.51660900098986], [11.34952684462676, 44.51661676444585], [11.349472598190173, 44.51526749763891], [11.349095448288145, 44.51527525948737], [11.349084601194756, 44.51500540600865], [11.348707452878255, 44.51501316654016], [11.348696607674528, 44.514743312973934], [11.348319460943562, 44.51475107218852], [11.348308617629451, 44.51448121853479], [11.347554327186602, 44.51449673308586], [11.34756516702558, 44.5147665868848], [11.34718801983861, 44.514774342366465], [11.34719885809197, 44.51504419622305], [11.3456902608744, 44.5150752059969], [11.345679429571451, 44.514805351850136], [11.34530228162496, 44.514813101110285], [11.345313111190304, 44.51508295532956], [11.34493596135437, 44.51509070341791], [11.344990102770215, 44.51643997465355], [11.345744419667074, 44.516424476507424], [11.345755251881211, 44.51669433056486], [11.348395368399213, 44.51664004734758], [11.34841705761204, 44.51717975440184], [11.348794219982171, 44.51717199453375], [11.348837607183802, 44.51825140817307], [11.348460437862297, 44.51825916833163], [11.348525512799512, 44.519878288779495], [11.348148332898143, 44.519886048129244], [11.348159177515203, 44.52015590155769], [11.34778199572373, 44.52016365973553], [11.347792838754765, 44.5204335132217], [11.346661287254017, 44.5204567805057], [11.346650449437234, 44.5201869268018], [11.346273267037793, 44.52019468000149], [11.346284103116485, 44.520464533777925], [11.345529734385643, 44.52048003658873], [11.345540567140034, 44.520749890495374], [11.344786194325406, 44.520765388472974], [11.34479702375539, 44.52103524250973], [11.3440426468571, 44.52105073565405], [11.344053472962571, 44.52132058982091], [11.344430663225804, 44.521312843798555], [11.344452319368566, 44.52185255194264], [11.344829512956403, 44.5218448045307], [11.34484034299377, 44.52211465850792], [11.344463147667685, 44.52212240599236], [11.344495633476017, 44.52293196805217], [11.346758834443486, 44.52288546317063], [11.346769673779969, 44.52315531672561], [11.344883664661783, 44.523194074267884], [11.344926988759594, 44.52427348978964], [11.346058615547104, 44.524250238127976], [11.346069452166619, 44.524520091753615], [11.345315030983263, 44.52453559425119], [11.34533669772415, 44.52507530174792], [11.346845553391027, 44.52504429119351], [11.346780513268433, 44.5234251702657], [11.34715771637457, 44.52341741495066], [11.347168557753399, 44.523687268403286], [11.347545762445902, 44.52367951177099], [11.347556605715146, 44.52394936513615], [11.347179399284244, 44.52395712184102], [11.347190240967103, 44.52422697526386], [11.34869907273206, 44.524195940685736], [11.348677375611086, 44.52365623440598], [11.34830017137477, 44.523663994772335], [11.34827847833895, 44.52312428828777], [11.347901277427267, 44.52313204726422], [11.347890432875802, 44.52286219392698], [11.348267632049165, 44.522854435023135], [11.348256785911456, 44.522584581743615], [11.348633983194444, 44.52257682166774], [11.348612287898737, 44.52203711520925], [11.34898948155311, 44.522029354033975], [11.34897863239518, 44.52175950085501], [11.351241780696794, 44.52171290810261], [11.351230921261863, 44.52144305534475], [11.352362488142923, 44.52141974238469], [11.352373352792382, 44.52168959492438], [11.352750543186271, 44.521681821375786], [11.352804877409868, 44.52303108348706], [11.353182076342598, 44.52302330833011], [11.353203814575282, 44.52356301292478], [11.353581016832262, 44.523555236377646], [11.353613630539465, 44.524364792939586], [11.35399083785916, 44.524357014929436], [11.35401258456968, 44.52489671908396], [11.354389795213796, 44.52488893968352], [11.354400670536226, 44.52515879166563], [11.354777882766326, 44.52515101094765], [11.35476700570542, 44.524881159038344], [11.358161893264064, 44.5248110772196], [11.358151000709748, 44.52454122595119], [11.357396585797625, 44.52455680825586], [11.35735303101456, 44.523477402449856], [11.357730231593504, 44.52346961221147], [11.357719341541113, 44.52319976079559], [11.360736926767274, 44.523137394664744], [11.360715119308432, 44.52259769295543], [11.361469507133611, 44.52258208926843], [11.361458600157095, 44.522312238537424], [11.361835792102099, 44.52230443490004], [11.361759435381545, 44.52041547987641], [11.362136615006861, 44.52040767550568], [11.362125705777672, 44.520137824801374], [11.362502883512022, 44.520130019259156], [11.362491972697807, 44.51986016861298], [11.362869148541202, 44.51985236189933], [11.362836411802617, 44.51904281009045], [11.363213582279228, 44.5190350023515], [11.363191755076075, 44.5184953012171], [11.363568921923942, 44.51848749237986], [11.363525262402602, 44.517408090224286], [11.363148102505901, 44.517415898769244], [11.363137189745867, 44.51714604811999], [11.36351434790484, 44.5171382396481], [11.363503433560101, 44.516868389056974], [11.363880589828346, 44.51686057941382], [11.363869673898952, 44.51659072888085], [11.364246828276475, 44.516582918066426], [11.364235910762469, 44.516313067591646], [11.36649882338649, 44.51626617701285], [11.366487895599837, 44.51599632696193], [11.367242195107204, 44.51598068696081], [11.367198471592268, 44.51490128719327], [11.367575614165904, 44.51489346561902], [11.36756468193281, 44.51462361571301], [11.368318963145288, 44.514607968978176], [11.368308027590553, 44.51433811920365], [11.36868516622938, 44.5143302940431], [11.368696103521565, 44.514600143744396], [11.369073243744502, 44.51459231726638], [11.369084182927503, 44.51486216687952], [11.369461324734544, 44.51485433908401], [11.369472265808406, 44.51512418860898], [11.36984940919955, 44.51511635949596], [11.369860352164318, 44.51538620893271], [11.370237497139556, 44.51537837850218], [11.370259387004465, 44.515918077184345], [11.370636535301347, 44.51591024536297], [11.370669376462427, 44.51671979305437], [11.371800836070552, 44.516696289464676], [11.37181178864416, 44.516966138445355], [11.372566097757128, 44.516950463017274], [11.372577053959633, 44.51722031183631], [11.372954210023384, 44.517212472182415], [11.373009002028798, 44.518561715686786], [11.372631837276357, 44.518569555707494], [11.37264279440056, 44.5188394044369], [11.373397127227411, 44.51882372300436], [11.37340808798091, 44.51909357157209], [11.373785255901666, 44.519085728915826], [11.373807181345423, 44.51962542585972], [11.374184352588207, 44.51961758181224], [11.374173388051602, 44.519347733421164], [11.374550557402781, 44.51933988820264], [11.374561523677261, 44.5196097365203], [11.374938694612561, 44.519601889983925], [11.37494966277869, 44.51987173821323], [11.375704007663709, 44.51985604126029], [11.375758868180782, 44.52120528144825], [11.376513229830067, 44.521189578782845], [11.376524205871064, 44.521459426628674], [11.376147023385323, 44.5214672786571], [11.376179947217457, 44.52227682232534], [11.375802759363602, 44.522284673329644], [11.375835679366176, 44.52309421708379], [11.376212872434495, 44.52308636585909], [11.376190922135923, 44.522546670184866], [11.376568111574027, 44.52253881786254], [11.376579088384524, 44.52280866563362], [11.376956279406874, 44.52280081199324], [11.376978236965966, 44.523340507343654], [11.37735543131075, 44.52333265231168], [11.37736641205942, 44.523602499890956], [11.37774360798846, 44.52359464354089], [11.377754590629335, 44.5238644910317], [11.378508985501902, 44.52384877445069], [11.378497999384551, 44.52357892710694], [11.378875194851553, 44.52357106702307], [11.378853219602563, 44.52303137243783], [11.379984794649951, 44.52300778516007], [11.379962809588326, 44.52246809095647], [11.380339997486285, 44.522460226188585], [11.380329003448558, 44.52219037913796], [11.380706189454273, 44.52218251319915], [11.38075017348262, 44.523261901017534], [11.381881751432205, 44.52323829485033], [11.381870749979354, 44.52296844813905], [11.383756701452487, 44.52292908000392], [11.383745691463227, 44.52265923364607], [11.384122879556712, 44.52265135635909], [11.384111867983721, 44.522381510059994], [11.384489054184712, 44.522373631602186], [11.384478041028041, 44.522103785361864], [11.384855225336546, 44.522095905733245], [11.384833196010373, 44.52155621335518], [11.385210376688377, 44.521548332629536], [11.385177328643438, 44.520738794171486], [11.385554503953085, 44.52073091242261], [11.385543486509087, 44.520461066313764], [11.38667500629735, 44.52043741382173], [11.386663983794154, 44.52016756791925], [11.38741832607122, 44.52015179351663], [11.387451404471888, 44.52096133073636], [11.38707422819692, 44.520969218781325], [11.387096277761076, 44.52150891033396], [11.388227816549955, 44.52148524202275], [11.3882498771605, 44.522024933072586], [11.388627059923541, 44.52201704099885], [11.388649124628824, 44.52255673184112], [11.389780682418063, 44.52253304770965], [11.38974756994981, 44.52172351208866], [11.390124750355971, 44.521715615110814], [11.390091634066593, 44.52090607957679], [11.389714458874314, 44.52091397633295], [11.389703422158638, 44.520644131051114], [11.38932624854953, 44.520652026488946], [11.389315213726485, 44.520382181118265], [11.388938041700554, 44.520390075237785], [11.388915975994314, 44.51985038430378], [11.390047481180819, 44.519826698655216], [11.390036443346274, 44.5195568533874], [11.390413609694482, 44.5195489557563], [11.390424649266839, 44.51981880095021], [11.390801817198078, 44.5198109020008], [11.390790775887911, 44.5195410568808], [11.39116794192654, 44.519533156760914], [11.39114585629507, 44.518993466623854], [11.3922773430553, 44.51896975924153], [11.392266295258615, 44.51869991437239], [11.39339777541163, 44.51867619601275], [11.393386722556748, 44.518406351350585], [11.393763880560165, 44.51839844281601], [11.393774935152738, 44.51866828740417], [11.394152094738857, 44.51866037755125], [11.394163151224134, 44.518930222050436], [11.393785989900303, 44.51893813197737], [11.393797044802858, 44.5192079765356], [11.393419881586295, 44.519215885292176], [11.393430934906084, 44.519485729909434], [11.393053769796783, 44.519493637495636], [11.393097977674374, 44.520573016110895], [11.392343633088299, 44.52058882814199], [11.392354681969305, 44.520858672906336], [11.391977507705993, 44.5208665771292], [11.391999602456881, 44.52140626676089], [11.39162242456281, 44.521414169887215], [11.391655562636862, 44.522223704444315], [11.392032745744922, 44.52221580109614], [11.392043793817402, 44.522485645844604], [11.393175347426187, 44.522461928111106], [11.393186400867764, 44.52273177262266], [11.392809214748384, 44.522739679852336], [11.392853423112033, 44.52381905804482], [11.393230616183898, 44.52381115051917], [11.39326377929839, 44.524620683784335], [11.393640977429879, 44.524612774792104], [11.393652033849623, 44.524882619109874], [11.394406433124004, 44.524866797243554], [11.394417493175322, 44.52513664139828], [11.394794694318183, 44.52512872852416], [11.394805756262869, 44.525398572589886], [11.395937363975614, 44.52537482627758], [11.39592629681606, 44.52510498243407], [11.396680697705483, 44.525089145484245], [11.396636416713216, 44.52400977055315], [11.395882029729563, 44.52402560691023], [11.395870963345853, 44.52375576299182], [11.395116579217879, 44.52377159422245], [11.395105516465613, 44.523501750140944], [11.395859897117308, 44.52348591905844], [11.395837765125684, 44.52294623114671], [11.395460578353608, 44.522954147162096], [11.395349945083824, 44.520255705964125], [11.39572711447632, 44.52024779068945], [11.395716050264625, 44.51997794656133], [11.396470385108575, 44.51996211242691], [11.396459317576412, 44.519692268431996], [11.397213648324088, 44.51967642946822], [11.397191506774254, 44.519136741729845], [11.397568668439778, 44.51912882052963], [11.397557596159968, 44.518858976712096], [11.397180436232158, 44.5188668978382], [11.397169365845272, 44.518597053931565], [11.39603789034376, 44.51862080962148], [11.396026825325091, 44.51835096547759], [11.39564966825196, 44.51835888147815], [11.395638605126077, 44.518089037245204], [11.395261449635491, 44.51809695192736], [11.395250388402342, 44.51782710760537], [11.395627542155298, 44.517819192997266], [11.39560541667905, 44.517279504456454], [11.396736866581678, 44.517255753610804], [11.39672579886355, 44.51698590954019], [11.397857242157013, 44.51696214771839], [11.397835096761211, 44.51642245997691], [11.399720815103544, 44.51638283279699], [11.399731896411247, 44.51665267630441], [11.400109041351215, 44.516644747061534], [11.400120124551778, 44.51691459047978], [11.401628709707547, 44.51688286076895], [11.40159543972237, 44.51607333135999], [11.401972580410273, 44.516065396044425], [11.401950397722738, 44.51552570984534], [11.402704671682423, 44.51550983577866], [11.402693577097175, 44.51523999280517], [11.403447846959976, 44.51522411391033], [11.403436749055603, 44.514954271070444], [11.404945279964634, 44.514922498648055], [11.404934175266648, 44.51465265609046], [11.405311305867466, 44.51464470994885], [11.405266881683376, 44.513565339866], [11.404889758031493, 44.51357328571021], [11.404812033863198, 44.511684386967474], [11.405189145355388, 44.511676441643715], [11.405178040788403, 44.51140659898056], [11.405932259831731, 44.511390704749715], [11.405921151946472, 44.51112086222029], [11.406675366892973, 44.511104963162225], [11.406664255689545, 44.51083512076657], [11.407418466539093, 44.510819216881394], [11.407407352017605, 44.51054937461954], [11.40778445547176, 44.51054142088544], [11.407773339369195, 44.51027157868303], [11.40815044093063, 44.5102636237794], [11.40813932324704, 44.50999378163643], [11.408893522428599, 44.50997786824624], [11.408882401427201, 44.50970802623718], [11.409636596511493, 44.509692108020225], [11.409625472192396, 44.50942226614511], [11.410379663179295, 44.509406343101496], [11.410390790971986, 44.5096761848276], [11.411522081492677, 44.509652290709326], [11.411533214651808, 44.50992213219684], [11.411910312916739, 44.509914164928375], [11.411899178020796, 44.509644323515424], [11.412653370608727, 44.509628385395885], [11.412642232395322, 44.50935854411705], [11.413019326718306, 44.50935057326601], [11.412985907804744, 44.50854104956321], [11.412608818691943, 44.5085490201905], [11.41259768110309, 44.50827917885164], [11.412220593570837, 44.50828714816049], [11.412187186950945, 44.507477623830134], [11.412941351439528, 44.50746168441604], [11.412930212738598, 44.507191843091725], [11.413684373129433, 44.50717589885159], [11.413673231111542, 44.506906057661475], [11.41442738740451, 44.5068901085954], [11.414438532895499, 44.50715994963627], [11.414815612544182, 44.50715197316293], [11.414826759927982, 44.50742181411416], [11.415580922229653, 44.507405857286784], [11.415592073242902, 44.5076756980737], [11.416346238392471, 44.50765973612175], [11.416357393035256, 44.50792957674428], [11.417488644796592, 44.507905624263685], [11.417477484944003, 44.50763578386528], [11.418985811489089, 44.50760383011005], [11.418974644846669, 44.50733398999563], [11.419351724355094, 44.5073259985221], [11.419374061269618, 44.50786567858636], [11.419751144094622, 44.50785768571947], [11.41976231452334, 44.508127525654274], [11.419385229961726, 44.508135518595964], [11.4193963988104, 44.50840535859054], [11.418642225744223, 44.508421340892006], [11.418653391276152, 44.50869118102112], [11.417899214110555, 44.50870715849674], [11.41791037632563, 44.508976998760346], [11.417533285771412, 44.50898498570713], [11.417544446406245, 44.509254826030435], [11.416790261355029, 44.509270796341845], [11.416801418672827, 44.509540636799585], [11.41567013471274, 44.50956458316169], [11.41568128697662, 44.50983442382848], [11.415304190273766, 44.50984240353607], [11.41531534095718, 44.51011224426252], [11.414561143608926, 44.51012820009529], [11.414572290974991, 44.510398040956034], [11.415326491796916, 44.510382084973976], [11.415348793945354, 44.51092176635182], [11.41648010442695, 44.51089782260119], [11.416491260946362, 44.51116766304354], [11.417622575231038, 44.51114370787321], [11.41764489916065, 44.511683388264565], [11.418399114849118, 44.51166741163223], [11.418410280522563, 44.51193725165588], [11.419164499058821, 44.511921269898096], [11.41918683782327, 44.51246094960125], [11.419563950330513, 44.512452956706795], [11.419552779133, 44.51218311693753], [11.419929889746633, 44.51217512287388], [11.419963409020076, 44.51298464191221], [11.421471870752216, 44.51295265231967], [11.421505412280455, 44.51376217032482], [11.42225965262867, 44.51374616761519], [11.422214917007967, 44.51266681084391], [11.421837803860504, 44.51267481252125], [11.421826622084298, 44.51240497321599], [11.421072398793134, 44.51242097268893], [11.421061220647653, 44.51215113321895], [11.420307000203637, 44.51216712756623], [11.42029582568879, 44.51189728793155], [11.419918716968755, 44.51190528316439], [11.419907544347504, 44.511635443439864], [11.419530437207788, 44.51164343735392], [11.41950809590899, 44.511103757710224], [11.419885199574885, 44.511095763945775], [11.419874027423507, 44.510825924176196], [11.42062823081167, 44.510809933065104], [11.420617055343218, 44.51054009343013], [11.421371254631028, 44.51052409749297], [11.42136007584561, 44.510254257992656], [11.421737173517645, 44.51024625823306], [11.421692452996044, 44.509166900381004], [11.422069543564348, 44.50915889967696], [11.422058362089079, 44.508889060251256], [11.423566715847834, 44.508857045296104], [11.423555527582678, 44.50858720615493], [11.424309700047795, 44.508571191364176], [11.42429850846623, 44.50830135235783], [11.426561011675776, 44.50825327858358], [11.426527406614202, 44.507443762823904], [11.42728156267539, 44.50742772873214], [11.427292767678615, 44.50769756718369], [11.428046926584562, 44.50768152796676], [11.428024509789129, 44.50714185134878], [11.42764743388773, 44.50714987142905], [11.427636227462168, 44.50688003302244], [11.427259153140154, 44.50688805178392], [11.427236744233186, 44.50634837477557], [11.427990885774362, 44.50633233630904], [11.427979678083664, 44.50606249793239], [11.428356746882198, 44.50605447690861], [11.42833872167729, 44.50562055701994], [11.428314696965254, 44.50567877746798], [11.42829513425728, 44.505726304024385], [11.428237047316516, 44.50580461961644], [11.427868110796817, 44.505864835163244], [11.42776926005061, 44.50588096360492], [11.427466887071866, 44.5060218474603], [11.427466847123943, 44.50602179429447], [11.427271913324914, 44.505544473679144], [11.427195608130896, 44.50535764672995], [11.427203132050696, 44.505538859150285], [11.42569486792045, 44.505570920258634], [11.42568367111909, 44.5053010813868], [11.425306606430423, 44.50530909347969], [11.425295411522336, 44.50503925451785], [11.424918348413064, 44.50504726529209], [11.42488476983919, 44.50423774809152], [11.425261827739636, 44.504229737542154], [11.425239439335769, 44.503690059483205], [11.42561649360687, 44.503682047840144], [11.425582906969463, 44.5028725308639], [11.42520585790682, 44.502880542282064], [11.42513869928531, 44.50126150747397], [11.425545675412785, 44.501252859075834], [11.425416812760174, 44.50103144468274], [11.425416786131851, 44.501031409238266], [11.425416759130401, 44.50103136479916], [11.425126524602907, 44.5006092251973], [11.42511328561009, 44.50061362963852], [11.42404317269811, 44.50096949034009], [11.423995003145068, 44.50098212000938], [11.42399639505833, 44.501015693505984], [11.42385554721083, 44.50101868423345], [11.423621691312514, 44.50107999936867], [11.423630543131088, 44.50129353891243], [11.423253503700492, 44.50130154366326], [11.423264687731887, 44.50157138321015], [11.422887646408522, 44.501579386792365], [11.422898828860667, 44.501849226399116], [11.42252178564453, 44.50185722881269], [11.422532966517375, 44.5021270684793], [11.422910011469561, 44.502119065990854], [11.422932377157608, 44.50265874512924], [11.422555328733251, 44.50266674776745], [11.422577691576063, 44.5032064269955], [11.4222006395227, 44.503214428539884], [11.422211819443039, 44.50348426820625], [11.421834765496785, 44.503492268581894], [11.421801231414364, 44.50268274931314], [11.42142418251988, 44.502690748220616], [11.421413006541885, 44.50242090835948], [11.421035959226849, 44.50242890594854], [11.421024785141597, 44.50215906599753], [11.41989364746505, 44.50218305107885], [11.419860141773436, 44.501373530462416], [11.420237182614077, 44.50136553690326], [11.420226012627314, 44.50109569674254], [11.419848973522667, 44.501103690226884], [11.419793134616988, 44.499754488823974], [11.419416104035415, 44.499762480690876], [11.419349112928947, 44.49814343806303], [11.420103153106076, 44.4981274539832], [11.420114321370695, 44.49839729430916], [11.420491886345786, 44.49838928693519], [11.419691189053689, 44.49729099361594], [11.41970380050754, 44.497595765798266], [11.41894976696018, 44.49761174709223], [11.418938604372153, 44.49734190649688], [11.41629949417873, 44.49739780133656], [11.416310644617061, 44.49766764245494], [11.41555660825487, 44.497683601368195], [11.415567755378078, 44.49795344262091], [11.41519073522689, 44.497961420287105], [11.415224172326743, 44.498770944179086], [11.41560119768521, 44.49876296628892], [11.415623493337911, 44.499302648659224], [11.416000522011757, 44.4992946693763], [11.416011671808354, 44.49956451046426], [11.415634641398652, 44.49957248982184], [11.415656937988933, 44.500112172102064], [11.414902869757185, 44.50012812738544], [11.414891724855725, 44.49985828610354], [11.414514692241418, 44.49986626180536], [11.414536978728714, 44.50040594450343], [11.413782906087832, 44.500421892475096], [11.413771766237964, 44.50015205098435], [11.413394731419226, 44.500160023030325], [11.413383593461425, 44.49989018144997], [11.41187545956918, 44.4999220569007], [11.411886590583281, 44.500191898779335], [11.411132519229048, 44.500207829192846], [11.411143646927261, 44.500477671205545], [11.411520684418338, 44.500469706546006], [11.411531814008516, 44.50073954846916], [11.411154774781455, 44.50074751320324], [11.411165902791636, 44.50101735518592], [11.41078886167258, 44.501025318750976], [11.410844495382912, 44.50237452881195], [11.41046744542747, 44.50238249150602], [11.410456320109597, 44.502112649449316], [11.410079271734341, 44.50212061082529], [11.41005702503864, 44.5015809265179], [11.408548843867464, 44.50161275899014], [11.408615544157954, 44.50323181351956], [11.408238488058572, 44.50323976897535], [11.408282951090486, 44.50431913865941], [11.408660014134998, 44.50431118290585], [11.408671132018874, 44.50458102521493], [11.409048196643882, 44.50457306814322], [11.409070436351945, 44.50511275256745], [11.409447504293826, 44.50510479410311], [11.409469748098259, 44.50564447831839], [11.409846819357078, 44.505636518461365], [11.409857943229616, 44.50590636047202], [11.409480870234338, 44.505914320403534], [11.409503114974239, 44.5064540045288], [11.409126038350054, 44.5064619633655], [11.409137159217348, 44.5067318054801], [11.408760080700734, 44.50673976314748], [11.408748961569977, 44.50646992095843], [11.40799480754224, 44.506485832412935], [11.407983692040382, 44.50621599005997], [11.40760661652929, 44.506223943847125], [11.407528824534008, 44.504335046435465], [11.407151761022094, 44.504342998457965], [11.407140650239363, 44.50407315583618], [11.406763588308028, 44.504081106540596], [11.406752479417351, 44.50381126382941], [11.406375419066602, 44.50381921321575], [11.40636431206793, 44.50354937041519], [11.404479016660668, 44.50358909832005], [11.404456820492967, 44.50304941193044], [11.404833876413141, 44.50304146898545], [11.404800578119739, 44.502231939511574], [11.405177628675725, 44.50222399554595], [11.40515542711911, 44.50168430930374], [11.404778380035397, 44.50169225312069], [11.40475618257337, 44.50115256666984], [11.404002094883603, 44.50116845027573], [11.404013190064667, 44.501438293657294], [11.403259098280625, 44.50145417243752], [11.403270190144998, 44.50172401595267], [11.40289314228363, 44.50173195355169], [11.402904232567346, 44.50200179712613], [11.402150132905982, 44.50201766874192], [11.402161219872825, 44.50228751244989], [11.401030064006731, 44.50231131076924], [11.401007900645423, 44.50177162289295], [11.400630851851677, 44.50177955303041], [11.400608692583948, 44.50123986494575], [11.400231647107129, 44.501247793691235], [11.40020949193277, 44.50070810539825], [11.400586533937446, 44.50070017680115], [11.400575454847148, 44.50043033270637], [11.40095249496049, 44.50042240293993], [11.400941414289484, 44.50015255890438], [11.401318452511497, 44.5001446279686], [11.401307370259829, 44.499874783992276], [11.40281551465029, 44.499843048110925], [11.402804425610162, 44.49957320441658], [11.403558493400968, 44.4995573291634], [11.403547401044442, 44.4992874856026], [11.404301464741483, 44.49927160552406], [11.40429036906866, 44.49900176209687], [11.40542145824003, 44.49897793287593], [11.405432559120499, 44.49924777608013], [11.40656365209908, 44.499223935444924], [11.40657475834285, 44.499493778411036], [11.40582069304097, 44.49950967356006], [11.405842899051816, 44.50004935974478], [11.406219935252453, 44.5000414126433], [11.4062310402273, 44.50031125563879], [11.406608078008247, 44.50030330721942], [11.40661918487475, 44.500573150125554], [11.40775030249133, 44.500549297183106], [11.407739190416864, 44.500279454500166], [11.408870301423638, 44.500255590589305], [11.408881418706047, 44.50052543304894], [11.409258457132644, 44.500517475850494], [11.409247338114266, 44.50024763346533], [11.409624374649033, 44.500239675097845], [11.409591013321256, 44.49943014807576], [11.409968044492379, 44.49942218868821], [11.409956922625664, 44.49915234639197], [11.41033395190502, 44.49914438583545], [11.410322828458355, 44.4988745435987], [11.412962016895909, 44.49881878540801], [11.412950881454487, 44.49854894367803], [11.413704930417774, 44.49853300172463], [11.41369379166089, 44.498263160128815], [11.414070814172575, 44.49825518736158], [11.414037393631524, 44.49744566270789], [11.4144144107799, 44.497437688921096], [11.414380986437227, 44.49662816435616], [11.414003974495788, 44.49663613791911], [11.41399283509616, 44.496366296292834], [11.412861803541928, 44.496390209297886], [11.412872937734749, 44.49666005114793], [11.411741899569117, 44.496683953186654], [11.411730770583127, 44.49641411111294], [11.411353759284848, 44.49642207589797], [11.411342632190442, 44.49615223373474], [11.41096562247179, 44.496160197201895], [11.410943372221979, 44.49562051268136], [11.410189359259135, 44.495636435587706], [11.410178237839183, 44.49536659315594], [11.40980123285945, 44.495374552669674], [11.409778993958177, 44.49483486761217], [11.40940199229358, 44.49484282573366], [11.409390874812184, 44.494572983107936], [11.409767874741322, 44.49456502506091], [11.409745636775158, 44.49402533991341], [11.410122633077604, 44.494017380772064], [11.41011151259291, 44.49374753825029], [11.409734518025845, 44.49375549731713], [11.409723399432373, 44.493485654705886], [11.40934640644483, 44.49349361245505], [11.409335289742536, 44.49322376975432], [11.40895829833452, 44.49323172618582], [11.408947183523356, 44.49296188339564], [11.407816213570635, 44.49298574500759], [11.407827323175834, 44.49325558802105], [11.407450331144807, 44.493263539479706], [11.407439223274936, 44.49299369639184], [11.406685242216497, 44.493009595430756], [11.406696346615705, 44.49327943866739], [11.40707333895809, 44.493271489695154], [11.407084445248298, 44.49354133284243], [11.406330456937171, 44.49355722969244], [11.406319354117677, 44.49328738639642], [11.405565368654791, 44.493303278124806], [11.405554269461597, 44.49303343466509], [11.406308251453805, 44.4930175430854], [11.406286046592903, 44.49247785641838], [11.405909059145197, 44.4924858026811], [11.405897958683429, 44.49221595925076], [11.40514398679182, 44.49223184789798], [11.405132889956125, 44.49196200430396], [11.405509874244462, 44.49195406067625], [11.405498775829077, 44.491684217141554], [11.405121793275962, 44.491692160694924], [11.405099600382224, 44.491152473431896], [11.404722621143954, 44.49116041559346], [11.404700432342592, 44.49062072812184], [11.405831359179986, 44.49059689835373], [11.405820259807248, 44.4903270548184], [11.406951180039252, 44.49030321408548], [11.406940075616875, 44.490033370758255], [11.407317046981236, 44.49002542143549], [11.407305940979457, 44.48975557816766], [11.407682910453122, 44.48974762767621], [11.407660695446532, 44.48920794124435], [11.407283729442867, 44.489215891587], [11.40727262390805, 44.48894604827419], [11.406895659483698, 44.48895399729941], [11.406873452350869, 44.48841431048], [11.406119529975049, 44.48843020450391], [11.406108430111859, 44.48816036092299], [11.405354510583559, 44.48817624982618], [11.405332318263346, 44.48763656232201], [11.404955361735645, 44.48764450476045], [11.404944267543646, 44.48737466091155], [11.403813402232208, 44.48739848054616], [11.40382449121969, 44.48766832461796], [11.402693619304978, 44.48769213328864], [11.402704703243264, 44.48796197756824], [11.401950784386939, 44.487977843948904], [11.401939703918405, 44.48770799952083], [11.401562745992162, 44.48771593077245], [11.401573824725814, 44.48798577527475], [11.400819904937764, 44.48800163419742], [11.400853131660773, 44.48881116805958], [11.40123009683723, 44.48880323899716], [11.401241174457015, 44.489073083513716], [11.400864207545574, 44.48908101265034], [11.400897436131409, 44.48989054633269], [11.400520463859628, 44.489898474448815], [11.400531538630307, 44.49016831905381], [11.400908512637173, 44.49016039086349], [11.400930666114444, 44.490700079880156], [11.401307643436295, 44.49069215029834], [11.401318722142964, 44.49096199470999], [11.402072679791111, 44.49094613166857], [11.402083762123405, 44.49121597591678], [11.403968662200935, 44.49117629618721], [11.404013027787954, 44.49225567154502], [11.403636041142374, 44.492263610274335], [11.403658221398063, 44.492803298011864], [11.403281231126453, 44.49281123564656], [11.40329231975213, 44.49308107956711], [11.40178435017039, 44.493112817970854], [11.401795432010037, 44.49338266217341], [11.401418437490861, 44.49339059374051], [11.401451678735521, 44.494200126480926], [11.40107467885478, 44.494208057027414], [11.401085757844815, 44.49447790131847], [11.400708756073316, 44.494485830695886], [11.400719833483146, 44.49475567504615], [11.400342829820882, 44.49476360325448], [11.400376057775349, 44.49557313643791], [11.399622039571808, 44.495588989569725], [11.399633112395929, 44.495858834082576], [11.398879090100369, 44.49587468238935], [11.398834813619635, 44.49479530365483], [11.398457809181396, 44.49480322564666], [11.398446742184596, 44.49453338085144], [11.398069739326752, 44.49454130152587], [11.398058674220561, 44.494271456641556], [11.397681672943113, 44.49427937599857], [11.397670609727484, 44.49400953102517], [11.396916610178351, 44.49402536586118], [11.396894491154034, 44.49348567557309], [11.39651749461781, 44.49349359097805], [11.396506437073572, 44.493223745737474], [11.395752447007, 44.49323957266951], [11.395785609692082, 44.49404910879063], [11.393900605783069, 44.494088655474144], [11.393889560077094, 44.49381880974535], [11.393135560900506, 44.49383461956783], [11.393124518820251, 44.49356477367613], [11.390485528976388, 44.493620068374106], [11.39049655890841, 44.49388991478325], [11.390119558005223, 44.49389780912661], [11.39013058635635, 44.49416765559464], [11.389753583563085, 44.494175548768574], [11.389775637258008, 44.494715241807484], [11.390152643522343, 44.49470734848582], [11.390163672337218, 44.49497719490896], [11.39054068018254, 44.494969300270114], [11.390551710887594, 44.495239146604405], [11.391305729585554, 44.495223353448935], [11.391316763916453, 44.49549319962047], [11.391693774769061, 44.49548530110381], [11.391715847366156, 44.49602499325417], [11.391338833042257, 44.49603289191867], [11.391349867837164, 44.4963027380453], [11.389464785219626, 44.49634221308648], [11.389475811490632, 44.496612059567546], [11.389098792767646, 44.49661995091944], [11.389120842301805, 44.49715964398437], [11.388743819952765, 44.497167534240525], [11.38875484321585, 44.497437380824366], [11.389131867300689, 44.49742949049437], [11.38917596884164, 44.4985088763848], [11.389552999715368, 44.49850098451598], [11.38956402722289, 44.49877083087731], [11.389941059677955, 44.49876293769113], [11.389952089075994, 44.49903278396365], [11.392214290974517, 44.49898539828979], [11.392225330942882, 44.499255244103914], [11.393356435011185, 44.49923153425784], [11.393334344813626, 44.49869184305834], [11.393711375721596, 44.49868393743724], [11.393678236378799, 44.497874400747634], [11.39405526192434, 44.497866494105025], [11.394044214050604, 44.497596648585855], [11.394421237705473, 44.4975887407738], [11.394410188250808, 44.49731889531366], [11.394033166331724, 44.49732680305172], [11.394011071358525, 44.49678711193852], [11.394765108098822, 44.496771295514996], [11.394776158979468, 44.49704114093108], [11.39590721813531, 44.49701740674821], [11.395918274378117, 44.497287251927226], [11.396672316512012, 44.49727142277349], [11.396716556919493, 44.49835080274727], [11.39633952898682, 44.49835871824212], [11.396350587740404, 44.49862856327219], [11.395973557916848, 44.49863647759763], [11.395984615089551, 44.49890632268677], [11.395230551505701, 44.498922147755316], [11.395241605361552, 44.49919199297758], [11.394487537686071, 44.4992078132202], [11.394498588224963, 44.499477658575515], [11.393744516457982, 44.49949347399212], [11.393766611056492, 44.50003316495383], [11.394143650489411, 44.50002525771931], [11.394154699756982, 44.50029510310372], [11.394531740771049, 44.500287194551646], [11.394520689767448, 44.50001734924124], [11.39489772889058, 44.50000943951964], [11.394886676305886, 44.499739594268284], [11.396394824304897, 44.49970794324268], [11.396383764931246, 44.49943809827253], [11.397891903506034, 44.49940642764697], [11.397914036296145, 44.49994611697957], [11.397536998413127, 44.49995403664944], [11.39757019355364, 44.500763570758345], [11.397193150307427, 44.500771489406965], [11.397215277704447, 44.501311178886205], [11.39683823083096, 44.50131909643944], [11.39684929302597, 44.50158894123068], [11.396472244261286, 44.501596857614416], [11.396483304875202, 44.50186670246474], [11.395729203408404, 44.50188253164953], [11.39576237576317, 44.502692066555035], [11.395008263259086, 44.502707891209575], [11.39501931754815, 44.50297773629621], [11.393888142421105, 44.503001464172655], [11.393899191656239, 44.50327130946634], [11.392390949040006, 44.50330292951945], [11.39240199148471, 44.50357277509405], [11.390139612499068, 44.50362016830656], [11.390150644680366, 44.503890014309675], [11.389773579238305, 44.50389790889935], [11.389784609837854, 44.50416775496137], [11.388276339577972, 44.50419932117819], [11.38826531592405, 44.50392947482079], [11.38864238198447, 44.503921585206015], [11.388609306740785, 44.503112046265485], [11.388986367437571, 44.5031041556285], [11.388964314575249, 44.50256446307434], [11.389341371644873, 44.50255657134136], [11.389330343709302, 44.502286725115674], [11.38970739888808, 44.5022788322129], [11.38966328174684, 44.50119944745594], [11.388909185124277, 44.501215231427054], [11.38889815969775, 44.500945385052695], [11.387389971542785, 44.50097693777636], [11.387400990024735, 44.50124678444596], [11.387023940863653, 44.501254669591674], [11.387045974818543, 44.50179436303359], [11.38666892203065, 44.501802247083226], [11.38667993750352, 44.50207209385551], [11.387056992027638, 44.50206420973209], [11.387068009391172, 44.50233405641564], [11.385559783423288, 44.50236558574245], [11.385570793996143, 44.502635432706086], [11.385193735381968, 44.502643312002355], [11.38520474437286, 44.502913159024764], [11.384827683868048, 44.50292103715108], [11.384860706557598, 44.5037305783497], [11.38372950849016, 44.503754205929795], [11.383718505981847, 44.50348435865744], [11.382964376638467, 44.50350010401152], [11.382975375673988, 44.5037699514312], [11.38259830903461, 44.503777822316316], [11.382664296066816, 44.50539690696233], [11.383795526779076, 44.5053732892498], [11.38380653036709, 44.50564313641748], [11.384937764900778, 44.50561950728966], [11.384959782959154, 44.506159201137876], [11.387599349114053, 44.50610402194045], [11.387610370531084, 44.506373868325795], [11.388364534372696, 44.50635809149877], [11.388375559417497, 44.5066279377215], [11.388752642843114, 44.506620047368415], [11.388763669779124, 44.506889893502354], [11.389140754786812, 44.50688200183157], [11.389151783614079, 44.5071518478767], [11.389905956638959, 44.507136060655874], [11.389916989094225, 44.50740590653831], [11.390671164973854, 44.50739011419427], [11.390660129045207, 44.50712026845962], [11.39179138649422, 44.507096570836325], [11.391780345510302, 44.50682672530844], [11.392157429280461, 44.50681882368692], [11.392168472001034, 44.50708866914084], [11.392922642550223, 44.50707286201835], [11.392933688898951, 44.50734270730938], [11.394819121244916, 44.50730316736584], [11.394808066212864, 44.50703332244479], [11.39593931855096, 44.50700958377456], [11.395928258463988, 44.50673973906068], [11.398944910648831, 44.50667638180419], [11.398967058763876, 44.50721607003126], [11.3993441430619, 44.5072081446287], [11.399355219088939, 44.50747798864558]], [[11.416033971870414, 44.50010419259513], [11.416067423135718, 44.500913715678855], [11.415690384046385, 44.50092169540978], [11.415656937988933, 44.500112172102064], [11.416033971870414, 44.50010419259513]], [[11.405576468003558, 44.49357312156953], [11.40519947330338, 44.49358106564324], [11.405210571072326, 44.493850909147305], [11.404833574481206, 44.4938588520521], [11.404822478447652, 44.49358900847371], [11.404445483436403, 44.49359695006095], [11.404434389293746, 44.49332710639324], [11.404057395862372, 44.49333504666295], [11.404046303610565, 44.49306520290595], [11.404800286847118, 44.49304932127193], [11.404811382569624, 44.493319164880326], [11.405565368654791, 44.493303278124806], [11.405576468003558, 44.49357312156953]], [[11.392146386714685, 44.50654897821801], [11.391769304681157, 44.506556879765604], [11.39174722348719, 44.50601718863502], [11.392124302047531, 44.506009287235294], [11.392113259946145, 44.50573944172149], [11.392867413129316, 44.50572363533855], [11.392900550317323, 44.50653317139135], [11.392523468593415, 44.50654107542659], [11.392534512895816, 44.506810920821536], [11.392157429280461, 44.50681882368692], [11.392146386714685, 44.50654897821801]], [[11.39429584113948, 44.522168354872505], [11.3939186589612, 44.52217626568768], [11.393907602353558, 44.52190642129419], [11.393530421758259, 44.521914330790864], [11.393519367043622, 44.52164448630838], [11.393896545900937, 44.52163657688572], [11.393874433460748, 44.52109688802385], [11.394251608687156, 44.52108897750476], [11.394262666567675, 44.52135882186915], [11.394639843376977, 44.52135091003158], [11.394661963079066, 44.521890598567374], [11.394284782793834, 44.52189851055302], [11.39429584113948, 44.522168354872505]], [[11.354226683674497, 44.52084115816325], [11.353472314382278, 44.52085671353583], [11.353439706619223, 44.52004715639267], [11.354571244686326, 44.52002382212205], [11.354592993470934, 44.52056352646235], [11.35421581079157, 44.52057130594265], [11.354226683674497, 44.52084115816325]], [[11.394873234494307, 44.51783502096919], [11.394496080431217, 44.51784293308868], [11.394485022828366, 44.517573088603626], [11.394862175153845, 44.51756517655816], [11.394873234494307, 44.51783502096919]], [[11.357983688006515, 44.51104085414513], [11.357606567669682, 44.511048643519146], [11.35759568290125, 44.51077879149028], [11.3579728015009, 44.510771002189166], [11.357951028947529, 44.51023129823252], [11.35832814392027, 44.510223507833096], [11.358317256135402, 44.50995365590529], [11.358694369218398, 44.50994586433472], [11.35870525874037, 44.510215716189606], [11.359836602284586, 44.51019233379466], [11.359847497170596, 44.51046218541583], [11.360224613117012, 44.51045438872307], [11.360246406821565, 44.51099409177474], [11.36062352608952, 44.510986293691964], [11.36063442490814, 44.51125614512245], [11.360257303902996, 44.5112639432782], [11.360268201137199, 44.51153379476674], [11.359891078242063, 44.51154159175133], [11.3599019738918, 44.51181144329793], [11.360656223003772, 44.51179584793868], [11.36066712228079, 44.512065699324424], [11.361044248344843, 44.51205789970561], [11.361055149511948, 44.51232775100344], [11.361432277160455, 44.512319950067464], [11.361475890306584, 44.51339935481768], [11.36072162095799, 44.51341495602941], [11.360710720916927, 44.51314510471825], [11.360333587750777, 44.51315290338482], [11.360311791601784, 44.51261320057179], [11.35993466175754, 44.51262099784824], [11.359912869694291, 44.512081294829606], [11.358781489668937, 44.51210467875624], [11.358770599078257, 44.51183482700575], [11.358393473835015, 44.511842619086714], [11.358382585134267, 44.51157276724839], [11.35800546147562, 44.51158055801232], [11.357983688006515, 44.51104085414513]], [[11.336907873204282, 44.51255456704589], [11.336530737409742, 44.51256228703634], [11.33650916138693, 44.51202257495609], [11.336886293706646, 44.51201485511013], [11.336907873204282, 44.51255456704589]], [[11.357272980831016, 44.51213583990687], [11.356895853240012, 44.51214362708412], [11.356874089584014, 44.51160392283928], [11.357251213700472, 44.511596135807764], [11.357272980831016, 44.51213583990687]], [[11.31992590142062, 44.51263087560275], [11.318794478452766, 44.51265386365013], [11.318773066052715, 44.5121141447757], [11.319904478595534, 44.51209115715856], [11.31992590142062, 44.51263087560275]], [[11.411798970981318, 44.50721575012344], [11.411421890083382, 44.507223716646415], [11.411410758484845, 44.50695387500885], [11.411787837646214, 44.506945908560425], [11.411798970981318, 44.50721575012344]], [[11.415058914782076, 44.50390590375584], [11.415435973281335, 44.50389792569081], [11.415447122262666, 44.504167766672886], [11.416955361641687, 44.504135841677545], [11.416966517724463, 44.504405682345876], [11.417343578914606, 44.504397697913184], [11.417365895021954, 44.504937379055356], [11.416988830359172, 44.50494536363748], [11.41699998691111, 44.50521520426076], [11.416622920355579, 44.50522318767389], [11.41663407532753, 44.50549302835687], [11.415879938274609, 44.505508991601374], [11.415891089930108, 44.50577883241871], [11.414759877969116, 44.505802768181596], [11.414771024571612, 44.506072609207884], [11.41401687901008, 44.506088560313735], [11.414005735880483, 44.50581871913818], [11.413628664601848, 44.50582669275088], [11.41360638228409, 44.505287010205514], [11.413229314322113, 44.50529498242527], [11.413207036101795, 44.50475529967068], [11.41358410059103, 44.50474732760013], [11.413572959978756, 44.50447748627491], [11.413950022575493, 44.50446951303528], [11.413938880383078, 44.50419967176966], [11.415070062027135, 44.50417574481257], [11.415058914782076, 44.50390590375584]], [[11.37177278739471, 44.506704032375445], [11.371395698774899, 44.50671186668102], [11.371384752034585, 44.50644201713284], [11.371761838917676, 44.506434182900584], [11.37177278739471, 44.506704032375445]], [[11.340753764021052, 44.50491361478684], [11.340376678529768, 44.50492134643769], [11.340365875572623, 44.5046514907837], [11.34074295932719, 44.504643759205194], [11.340753764021052, 44.50491361478684]], [[11.346635470349593, 44.501011775935176], [11.346646300856651, 44.50128163055118], [11.347023361194818, 44.501273878697376], [11.347034193590082, 44.501543733225944], [11.34816537890252, 44.50152046998449], [11.348176216658835, 44.50179032428049], [11.348553279862228, 44.50178256730663], [11.348607479605079, 44.503131838200225], [11.348230407719347, 44.50313959553704], [11.348241246387257, 44.50340944974368], [11.347864172613043, 44.503417205909265], [11.347875009696326, 44.50368706017359], [11.347497934033624, 44.50369481516795], [11.347508769532233, 44.50396466948995], [11.347131691981039, 44.50397242331304], [11.347142525894927, 44.504242277692704], [11.34638836686369, 44.50425778175246], [11.346399197456154, 44.504527636262324], [11.344890870625315, 44.50455862974562], [11.34488004697948, 44.50428877494571], [11.344125886126893, 44.5043042640792], [11.34411506610607, 44.50403440911947], [11.343737987188886, 44.504042151747974], [11.343759623908902, 44.50458186179745], [11.343005458672952, 44.50459734361265], [11.343016273787056, 44.50486719875994], [11.342639189204949, 44.50487493787415], [11.342628375827545, 44.504605082654436], [11.342251292830552, 44.50461282045235], [11.34221885881782, 44.503803254486684], [11.34259593660485, 44.50379551690602], [11.34258512383378, 44.50352566162677], [11.342962199732627, 44.50351792287466], [11.342951385376557, 44.503248067652954], [11.343705533246268, 44.50323258656212], [11.343662263445832, 44.502153166105934], [11.344039330207186, 44.50214542398461], [11.344017692743925, 44.5016057138121], [11.344394755880748, 44.501597970591924], [11.344383935640204, 44.501328115555815], [11.345138057985992, 44.50131262552918], [11.345127234424385, 44.501042770623116], [11.346635470349593, 44.501011775935176]], [[11.342208047783357, 44.50353339913504], [11.342197236900448, 44.50326354376852], [11.342574311214289, 44.50325580633264], [11.34258512383378, 44.50352566162677], [11.342208047783357, 44.50353339913504]], [[11.341820162435056, 44.503271279960565], [11.341809353440256, 44.503001424506756], [11.34218642616909, 44.50299368838711], [11.342197236900448, 44.50326354376852], [11.341820162435056, 44.503271279960565]], [[11.41540252727503, 44.50308840265452], [11.414648420537603, 44.50310435709305], [11.414614986354682, 44.502294833473776], [11.414992034593059, 44.50228685710024], [11.414980888441754, 44.50201701593842], [11.4164890728882, 44.501985098307124], [11.416533686209041, 44.50306446166962], [11.416156633387352, 44.50307244324152], [11.416167785372233, 44.50334228411929], [11.41541367578752, 44.503358243681625], [11.41540252727503, 44.50308840265452]], [[11.336885821800696, 44.50256216804273], [11.336896607917568, 44.50283202446635], [11.336519534806188, 44.50283974310032], [11.336530319337694, 44.503109599581286], [11.335776169188266, 44.5031250332622], [11.335786950397756, 44.50339488987271], [11.335409873359724, 44.50340260491962], [11.335420652983723, 44.50367246158747], [11.334289415753146, 44.503695599481624], [11.33430019031829, 44.50396545635114], [11.333923109202647, 44.503973166566965], [11.33393388218215, 44.50424302349376], [11.3335567991788, 44.504250732537834], [11.333578342117423, 44.504790446491114], [11.33282416871083, 44.50480586113612], [11.332791864949701, 44.50399628975116], [11.333168946518331, 44.503988583266974], [11.333158177163183, 44.503718726181035], [11.333535256844174, 44.503711018525095], [11.333513715113526, 44.5031713044529], [11.333890791170262, 44.503163595697366], [11.33386924657041, 44.50262388170997], [11.33424631900298, 44.50261617185491], [11.334192451463485, 44.50126688698697], [11.33381538771338, 44.5012745964813], [11.33380461639497, 44.50100473939098], [11.334181678408656, 44.50099702996879], [11.334149360150262, 44.500187458824996], [11.334903473306358, 44.50017203668236], [11.334881921610588, 44.499632322800814], [11.335258974489456, 44.49962461000829], [11.335248197131884, 44.49935475311737], [11.335625248123412, 44.499347039153356], [11.335614469180676, 44.499077182319766], [11.335991518284867, 44.49906946718428], [11.335980737757016, 44.49879961040802], [11.336357784973876, 44.498791894101075], [11.336347002860956, 44.49852203738216], [11.336724048190492, 44.498514319903805], [11.336713264492554, 44.49824446324223], [11.33709030793477, 44.49823674459247], [11.337068737520136, 44.49769703136919], [11.33631465742903, 44.49771246713618], [11.336303875920656, 44.49744261035777], [11.33705795253959, 44.497427174735215], [11.337047167710226, 44.49715731808639], [11.33817827629657, 44.49713415554245], [11.338199856522879, 44.49767386839172], [11.338576895887984, 44.49766614491206], [11.338663236733021, 44.499824995135945], [11.339417342788233, 44.49980954328911], [11.339428139547254, 44.50007939935557], [11.339805194084136, 44.50007167149431], [11.339815992730815, 44.500341527473566], [11.340193048852628, 44.50033379829629], [11.340203849387015, 44.50060365418835], [11.340580907093754, 44.500595923695045], [11.340591709515897, 44.50086577949988], [11.340968768807556, 44.5008580476905], [11.3409795731175, 44.50112790340809], [11.341356633994078, 44.50112017028264], [11.341367440191874, 44.50139002591299], [11.340990377578901, 44.501397759110816], [11.341011986956085, 44.50193747047162], [11.34025785433004, 44.50195293342543], [11.340268655772885, 44.5022227892282], [11.33989158749625, 44.50223051891179], [11.339880787789884, 44.50196066303668], [11.339503721098334, 44.50196839140417], [11.339492923279812, 44.501698535441854], [11.338361727506433, 44.501721712864786], [11.338372520115577, 44.50199156904398], [11.33761838537056, 44.50200701458499], [11.33762917465802, 44.502276870893866], [11.337252105322134, 44.50228459187095], [11.337262893024324, 44.5025544482372], [11.336885821800696, 44.50256216804273]], [[11.340645723898099, 44.502215058300834], [11.340656527228859, 44.5024849140164], [11.340279457367146, 44.502492645016105], [11.340268655772885, 44.5022227892282], [11.340645723898099, 44.502215058300834]], [[11.337338411174152, 44.50444344238449], [11.336961327794198, 44.50445116269572], [11.336950540770056, 44.50418130636135], [11.33732762241332, 44.504173586122356], [11.33731683380373, 44.50390372984534], [11.338070993163177, 44.503888285780256], [11.338092577480298, 44.50442799803035], [11.338469660406444, 44.504420273987456], [11.33848045452865, 44.50469013001791], [11.337349200086228, 44.504713298631756], [11.337338411174152, 44.50444344238449]], [[11.352421622092526, 44.504133609963965], [11.350159155942865, 44.50418021169986], [11.350126612978716, 44.50337065025856], [11.350503685840916, 44.50336288663012], [11.350492836753803, 44.50309303285922], [11.351246978548868, 44.50307750201627], [11.351236126140842, 44.50280764837581], [11.3523673324829, 44.50278434300107], [11.352399905792044, 44.503593903223496], [11.352776979477891, 44.50358613205954], [11.352787839288586, 44.503855985364495], [11.352410763866178, 44.503863756601184], [11.352421622092526, 44.504133609963965]], [[11.340721350393862, 44.50410404799727], [11.340344270112654, 44.50411177943107], [11.340333467609828, 44.50384192373244], [11.34071054615439, 44.50383419237099], [11.340721350393862, 44.50410404799727]], [[11.340667330711065, 44.50275476971707], [11.341421473453165, 44.50273930384154], [11.341443087818137, 44.50327901490879], [11.34106601304972, 44.503286748613206], [11.341076818722868, 44.50355660419688], [11.340322665258434, 44.50357206801893], [11.34031186305847, 44.50330221229054], [11.340688938129821, 44.50329448107379], [11.340667330711065, 44.50275476971707]], [[11.419505434275365, 44.501921203353575], [11.419128389649575, 44.501929194575226], [11.419117224557798, 44.50165935422018], [11.41949426744754, 44.501651363073314], [11.419505434275365, 44.501921203353575]], [[11.40794953911083, 44.4962238601793], [11.407195516712655, 44.49623976349027], [11.407173301174296, 44.49570007748068], [11.406796293212828, 44.49570802712239], [11.406774081768315, 44.49516834090402], [11.406020072320572, 44.49518423616], [11.405986766734145, 44.494374706273774], [11.40711776505295, 44.49435086219424], [11.407151086258706, 44.4951603914111], [11.407528090593411, 44.49515244067487], [11.40756141840698, 44.49596196953355], [11.407938427792612, 44.495954017330796], [11.40794953911083, 44.4962238601793]], [[11.403381034352945, 44.4952398303919], [11.403758040243416, 44.4952318920887], [11.403769132003532, 44.49550173580006], [11.404146139474083, 44.49549379617923], [11.404157233125241, 44.49576363980132], [11.403780223919119, 44.49577157949643], [11.40379131599018, 44.49604142317781], [11.403037293640342, 44.4960572989866], [11.403026205040481, 44.49578745515666], [11.401895175556906, 44.49581125932202], [11.401873009236878, 44.495271571171685], [11.401496002569436, 44.49527950325833], [11.401484921377982, 44.49500965908647], [11.401861926309884, 44.49500172707403], [11.401850843538233, 44.49473188296139], [11.402981852195255, 44.49470807968702], [11.402992940173435, 44.49497792357691], [11.40336994448382, 44.49496998659128], [11.403381034352945, 44.4952398303919]], [[11.333632295833713, 44.49668702392372], [11.33212415738733, 44.49671784455996], [11.332091872416406, 44.495908271620905], [11.332845931525457, 44.49589286422247], [11.332856696503516, 44.49616272173949], [11.333610758480905, 44.49614730922272], [11.333632295833713, 44.49668702392372]], [[11.335065005165522, 44.49476718369705], [11.334687983535732, 44.49477489519052], [11.334677210632943, 44.49450503795981], [11.335054230526904, 44.494497326538514], [11.335043456039315, 44.49422746936509], [11.335797491902527, 44.494212042936475], [11.335819047971986, 44.49475175697971], [11.336196069148611, 44.49474404175582], [11.336228409593517, 44.49555361249256], [11.335097329987573, 44.495576755083476], [11.335065005165522, 44.49476718369705]], [[11.34473768723482, 44.491327984091036], [11.343983693348127, 44.491343468755275], [11.343972878869543, 44.49107361315354], [11.344726869285294, 44.4910581286342], [11.34473768723482, 44.491327984091036]], [[11.341247494449908, 44.48896892040358], [11.342378441379154, 44.48894571960574], [11.342389247704023, 44.48921557561619], [11.342012263810412, 44.48922331053107], [11.342023068551427, 44.48949316659902], [11.341646082771055, 44.48950090034305], [11.341635279765358, 44.48923104420271], [11.341258295568892, 44.489238776631154], [11.341247494449908, 44.48896892040358]]]}}, {"type": "Feature", "properties": {"threshold": "ge_2", "source": "HistorySUHI", "period": "2013-2025", "hotspot_percentile": "top_10_pct", "label": ">= 2 estati"}, "geometry": {"type": "Polygon", "coordinates": [[[11.420401987341153, 44.49623057789956], [11.420024979636787, 44.49623857128097], [11.41995797991044, 44.494619528378976], [11.419580982462387, 44.49462752006837], [11.419558653943115, 44.49408783883133], [11.419181659809336, 44.494095829127936], [11.41915933538664, 44.49355614768128], [11.418782344567072, 44.49356413658515], [11.418771184325694, 44.49329429576454], [11.417640216134444, 44.49331825479285], [11.41767368170992, 44.49412777788222], [11.418050676469372, 44.49411979255848], [11.418084148658266, 44.49492931528855], [11.41846114846753, 44.494921328497384], [11.418505787184122, 44.49600069162831], [11.418882793778897, 44.495992703294895], [11.418916279665483, 44.496802225261135], [11.4192932913105, 44.49679423546013], [11.419304455321218, 44.49706407601075], [11.419522405872243, 44.497059456361626], [11.419456010401195, 44.49696834546168], [11.419437763649931, 44.4969435160056], [11.419398015722242, 44.49688876758823], [11.419397242546445, 44.49688771266962], [11.419393841821392, 44.49688304039249], [11.419392735117325, 44.496881524409226], [11.41924774436723, 44.49668261568121], [11.42041055173046, 44.49643749325783], [11.420401987341153, 44.49623057789956]]]}}, {"type": "Feature", "properties": {"threshold": "ge_2", "source": "HistorySUHI", "period": "2013-2025", "hotspot_percentile": "top_10_pct", "label": ">= 2 estati"}, "geometry": {"type": "Polygon", "coordinates": [[[11.360782666176956, 44.5055814640828], [11.360793563676888, 44.505851315738596], [11.36117064963735, 44.505843516554414], [11.361159750400718, 44.505573664971585], [11.360782666176956, 44.5055814640828]]]}}, {"type": "Feature", "properties": {"threshold": "ge_2", "source": "HistorySUHI", "period": "2013-2025", "hotspot_percentile": "top_10_pct", "label": ">= 2 estati"}, "geometry": {"type": "Polygon", "coordinates": [[[11.377161748314753, 44.50929270514059], [11.37717272279784, 44.50956255342351], [11.377926933484211, 44.5095468446352], [11.377915955527227, 44.50927699649928], [11.377161748314753, 44.50929270514059]]]}}, {"type": "Feature", "properties": {"threshold": "ge_2", "source": "HistorySUHI", "period": "2013-2025", "hotspot_percentile": "top_10_pct", "label": ">= 2 estati"}, "geometry": {"type": "Polygon", "coordinates": [[[11.378315018444415, 44.50980883642251], [11.378304038596559, 44.509538988375056], [11.377926933484211, 44.5095468446352], [11.377937911595097, 44.509816692756175], [11.378315018444415, 44.50980883642251]]]}}, {"type": "Feature", "properties": {"threshold": "ge_2", "source": "HistorySUHI", "period": "2013-2025", "hotspot_percentile": "top_10_pct", "label": ">= 2 estati"}, "geometry": {"type": "Polygon", "coordinates": [[[11.382518180707033, 44.5110715706139], [11.382141066867192, 44.511079440999765], [11.382174061757183, 44.511888982620725], [11.382551180808356, 44.511881112013896], [11.382518180707033, 44.5110715706139]]]}}, {"type": "Feature", "properties": {"threshold": "ge_2", "source": "HistorySUHI", "period": "2013-2025", "hotspot_percentile": "top_10_pct", "label": ">= 2 estati"}, "geometry": {"type": "Polygon", "coordinates": [[[11.377271500069297, 44.51199118729721], [11.377648621123072, 44.51198333286361], [11.377670576794822, 44.5125230289686], [11.378424825389455, 44.51250731607501], [11.378413844002198, 44.512237468177005], [11.378790966331385, 44.51222960993757], [11.378758017881834, 44.511420066374505], [11.378380900764133, 44.51142792439336], [11.378358939375147, 44.51088822846286], [11.377604711626354, 44.51090394047428], [11.37761568876969, 44.511173788594014], [11.377238572927354, 44.51118164280715], [11.377271500069297, 44.51199118729721]]]}}, {"type": "Feature", "properties": {"threshold": "ge_2", "source": "HistorySUHI", "period": "2013-2025", "hotspot_percentile": "top_10_pct", "label": ">= 2 estati"}, "geometry": {"type": "Polygon", "coordinates": [[[11.376916327584567, 44.5125387368857], [11.376539202748644, 44.512546588978054], [11.376550175603642, 44.51281643722861], [11.376927302176814, 44.51280858506277], [11.376916327584567, 44.5125387368857]]]}}, {"type": "Feature", "properties": {"threshold": "ge_2", "source": "HistorySUHI", "period": "2013-2025", "hotspot_percentile": "top_10_pct", "label": ">= 2 estati"}, "geometry": {"type": "Polygon", "coordinates": [[[11.377315405079502, 44.513070579741424], [11.376561148612474, 44.51308628546421], [11.376572121775144, 44.513356133684866], [11.377326381716761, 44.51334042781511], [11.377315405079502, 44.513070579741424]]]}}, {"type": "Feature", "properties": {"threshold": "ge_2", "source": "HistorySUHI", "period": "2013-2025", "hotspot_percentile": "top_10_pct", "label": ">= 2 estati"}, "geometry": {"type": "Polygon", "coordinates": [[[11.367258604860035, 44.5257030973787], [11.368013029199147, 44.52568744961855], [11.36800209083321, 44.52541760030968], [11.368379301034263, 44.525409774635754], [11.368346481641453, 44.52460022683922], [11.368723686473906, 44.5245924001403], [11.368712745244732, 44.52432255091817], [11.369089948185422, 44.52431472304783], [11.36906806271067, 44.52377502470529], [11.369445262021307, 44.523767195736816], [11.369434317775802, 44.52349734661641], [11.370188712460143, 44.52348168509212], [11.370177764891597, 44.523211836103336], [11.370554960265288, 44.52320400354756], [11.37054401111202, 44.52293415461712], [11.370921204593975, 44.52292632089004], [11.370899303271631, 44.52238662313099], [11.371276493123691, 44.52237878830595], [11.371254588939244, 44.52183909063379], [11.371631775161491, 44.52183125471085], [11.371620821561518, 44.52156140592568], [11.37124363707736, 44.52156924177531], [11.371232685369025, 44.52129939290189], [11.370855502469382, 44.52130722743367], [11.370844552652644, 44.521037378471995], [11.370467371337517, 44.52104521168595], [11.37044547564063, 44.52050551357122], [11.369691119501951, 44.520521175972476], [11.369680175359704, 44.52025132674616], [11.369302998798164, 44.52025915600679], [11.369292056547318, 44.51998930669226], [11.369669231370901, 44.51998147750489], [11.369636400325131, 44.51917192969152], [11.370390739084534, 44.51915626802307], [11.370368845536488, 44.518616569699276], [11.369991679709198, 44.518624401009156], [11.3699807349032, 44.518354551751585], [11.369226406263904, 44.51837021049159], [11.369248289078074, 44.51890990928486], [11.368871121052662, 44.51891773693476], [11.368882060951996, 44.51918758638226], [11.367373380365299, 44.51921888483045], [11.367384313466447, 44.5194887345559], [11.367007141198595, 44.519496556130036], [11.367029004384898, 44.52003625568253], [11.367783355719048, 44.520020610996994], [11.367838033747281, 44.521369858885], [11.367460849466768, 44.521377682216034], [11.367471783794311, 44.521647531822055], [11.367094597622396, 44.52165535398175], [11.367105530365132, 44.52192520364603], [11.36635115408522, 44.52194084437813], [11.366373013077936, 44.522480543954636], [11.365995821231783, 44.52248836260018], [11.36601767736106, 44.52302806226333], [11.366394872683635, 44.52302024347146], [11.366405802716361, 44.523290093207486], [11.36602860565554, 44.523297912072515], [11.366039534103248, 44.52356776186677], [11.365662335150923, 44.52357557956033], [11.365651408441488, 44.523305729692915], [11.365274211074233, 44.5233135460687], [11.365263286256258, 44.52304369611321], [11.363754502208705, 44.523074948877635], [11.363765420073648, 44.523344799125574], [11.363011023654757, 44.523360418186236], [11.363032852890687, 44.52390011892967], [11.36265565097506, 44.52390792673916], [11.362666564084241, 44.52417777716156], [11.361912156317278, 44.524193389192696], [11.361901246684791, 44.52392353862421], [11.361146841782652, 44.52393914553061], [11.361114124232811, 44.52312959329754], [11.360736926767274, 44.523137394664744], [11.360747830726023, 44.52340724549702], [11.360370631369316, 44.52341504569257], [11.360381533742645, 44.523684896582935], [11.360758734837663, 44.52367709631439], [11.360769639102195, 44.523946947116826], [11.359638030143548, 44.52397034440746], [11.359648929345889, 44.524240195413945], [11.359271724315633, 44.52424799209444], [11.359282621932406, 44.52451784315896], [11.358905415010957, 44.52452563866773], [11.358916311042115, 44.524795489790286], [11.359293519701982, 44.52478769420856], [11.359304417624363, 44.52505754524326], [11.359681627869865, 44.525049748343875], [11.359659828701053, 44.524510046405496], [11.360037035316875, 44.52450224840734], [11.360047936563278, 44.524772099311015], [11.360802352813161, 44.52475649943466], [11.360856878722847, 44.526105752999406], [11.359725228041487, 44.526129152041655], [11.359757929775036, 44.526938704658384], [11.360135152037445, 44.52693090600347], [11.360146054659621, 44.5272007567729], [11.36090050220305, 44.5271851555827], [11.360911408455406, 44.52745500619123], [11.361288633736393, 44.52744720365591], [11.36129954188035, 44.527717054176506], [11.361676768747055, 44.527709250323355], [11.36168767878266, 44.52797910075601], [11.36395104720158, 44.5279322510574], [11.363929206419272, 44.52739255105396], [11.364306430475958, 44.527384738560166], [11.364295508575863, 44.52711488860916], [11.363918286257801, 44.527122701029846], [11.363885526692107, 44.526313150868], [11.36350830943667, 44.526320961824624], [11.363497391626197, 44.52605111166773], [11.363874607143101, 44.5260433007842], [11.363841849414733, 44.525233750443284], [11.364219059563084, 44.52522593853432], [11.364208138888069, 44.52495608846395], [11.364585347144864, 44.52494827538339], [11.364563502777413, 44.524408575344076], [11.364940707404278, 44.52440076116506], [11.364929783711915, 44.524130911196146], [11.36530698644726, 44.52412309584559], [11.365317911877977, 44.524392945741376], [11.366072320365774, 44.52437731115998], [11.366083249426424, 44.52464716089455], [11.366460455178846, 44.52463934166368], [11.366482317236688, 44.52517904094167], [11.366859526312645, 44.52517122031978], [11.366870459309911, 44.525441069863206], [11.36724766997101, 44.5254332479234], [11.367258604860035, 44.5257030973787]], [[11.364552580823405, 44.524138725302045], [11.364541659022535, 44.52386887524507], [11.364918860172715, 44.5238610612123], [11.364929783711915, 44.524130911196146], [11.364552580823405, 44.524138725302045]], [[11.366050462704187, 44.5238376116461], [11.366061391458363, 44.52410746141052], [11.365684189029418, 44.52411527925039], [11.365673262013566, 44.523845429412816], [11.366050462704187, 44.5238376116461]]]}}, {"type": "Feature", "properties": {"threshold": "ge_2", "source": "HistorySUHI", "period": "2013-2025", "hotspot_percentile": "top_10_pct", "label": ">= 2 estati"}, "geometry": {"type": "Polygon", "coordinates": [[[11.385631630386461, 44.52261983476569], [11.385653667900666, 44.52315952672908], [11.384899285842167, 44.52317529030987], [11.384910301354685, 44.523445136416626], [11.385287494199336, 44.52343725517476], [11.385298511604494, 44.523707101192805], [11.38643009442605, 44.52368344977847], [11.386386004874486, 44.522604066501756], [11.385631630386461, 44.52261983476569]]]}}, {"type": "Feature", "properties": {"threshold": "ge_2", "source": "HistorySUHI", "period": "2013-2025", "hotspot_percentile": "top_10_pct", "label": ">= 2 estati"}, "geometry": {"type": "Polygon", "coordinates": [[[11.35100575360615, 44.52522876211424], [11.351016613434478, 44.52549861473621], [11.351393828774643, 44.525490845148184], [11.351382967207794, 44.52522099259892], [11.35100575360615, 44.52522876211424]]]}}, {"type": "Feature", "properties": {"threshold": "ge_2", "source": "HistorySUHI", "period": "2013-2025", "hotspot_percentile": "top_10_pct", "label": ">= 2 estati"}, "geometry": {"type": "Polygon", "coordinates": [[[11.355909518541434, 44.52512766132534], [11.355532306768955, 44.52513544577751], [11.35554318745936, 44.52540529752625], [11.355920400970334, 44.52539751300124], [11.355909518541434, 44.52512766132534]]]}}, {"type": "Feature", "properties": {"threshold": "ge_2", "source": "HistorySUHI", "period": "2013-2025", "hotspot_percentile": "top_10_pct", "label": ">= 2 estati"}, "geometry": {"type": "Polygon", "coordinates": [[[11.360436047902349, 44.52503415081097], [11.360058837962535, 44.525041950199785], [11.360069739514648, 44.52531180107362], [11.360446951192921, 44.52530400161183], [11.360436047902349, 44.52503415081097]]]}}, {"type": "Feature", "properties": {"threshold": "ge_2", "source": "HistorySUHI", "period": "2013-2025", "hotspot_percentile": "top_10_pct", "label": ">= 2 estati"}, "geometry": {"type": "Polygon", "coordinates": [[[11.360069739514648, 44.52531180107362], [11.359692527683515, 44.525319599290675], [11.359714327769325, 44.52585930113958], [11.360091543077452, 44.525851502776554], [11.360069739514648, 44.52531180107362]]]}}, {"type": "Feature", "properties": {"threshold": "ge_2", "source": "HistorySUHI", "period": "2013-2025", "hotspot_percentile": "top_10_pct", "label": ">= 2 estati"}, "geometry": {"type": "Polygon", "coordinates": [[[11.37409226807093, 44.52664148069254], [11.374081301274991, 44.526371632616474], [11.374458515972579, 44.52636378673375], [11.374447547591927, 44.52609393871616], [11.374070334632822, 44.52610178452547], [11.374048401809791, 44.52556208829867], [11.37367119217382, 44.52556993271646], [11.373660227731362, 44.52530008450724], [11.37290581147506, 44.52531576946193], [11.372960617840098, 44.52666501109251], [11.37409226807093, 44.52664148069254]]]}}, {"type": "Feature", "properties": {"threshold": "ge_2", "source": "HistorySUHI", "period": "2013-2025", "hotspot_percentile": "top_10_pct", "label": ">= 2 estati"}, "geometry": {"type": "Polygon", "coordinates": [[[11.350693690674873, 44.526855646329324], [11.35068283182379, 44.52658579370916], [11.351060054270565, 44.5265780250751], [11.351038333547962, 44.52603831993545], [11.351415552365241, 44.52603055020201], [11.351404690493792, 44.52576069768254], [11.350273038800854, 44.52578400293046], [11.350283895456588, 44.526053855667996], [11.34952945675629, 44.52606938642141], [11.349518603577714, 44.52579953353854], [11.34914138573786, 44.52580729697542], [11.349152237177853, 44.52607714993094], [11.348775017447261, 44.52608491219569], [11.348861820535578, 44.528243735884786], [11.349993520999465, 44.52822044361257], [11.34998266486458, 44.52795059092152], [11.35035989630935, 44.52794282441371], [11.350370754183006, 44.52821267703208], [11.351502452820014, 44.528189369821355], [11.351491589730058, 44.527919517421076], [11.35111435874211, 44.52792728766349], [11.351103497543216, 44.527657435175605], [11.350349038587941, 44.527672971780454], [11.350316466337189, 44.52686341379126], [11.350693690674873, 44.526855646329324]]]}}, {"type": "Feature", "properties": {"threshold": "ge_2", "source": "HistorySUHI", "period": "2013-2025", "hotspot_percentile": "top_10_pct", "label": ">= 2 estati"}, "geometry": {"type": "Polygon", "coordinates": [[[11.384266044056398, 44.52615935688611], [11.383888833365404, 44.5261672351314], [11.38389984536171, 44.526437081294816], [11.384277057791143, 44.52642920297579], [11.384266044056398, 44.52615935688611]]]}}, {"type": "Feature", "properties": {"threshold": "ge_2", "source": "HistorySUHI", "period": "2013-2025", "hotspot_percentile": "top_10_pct", "label": ">= 2 estati"}, "geometry": {"type": "Polygon", "coordinates": [[[11.374879612531132, 44.527435331233455], [11.374502391033172, 44.527443178654636], [11.374513360182828, 44.52771302659752], [11.37489058341939, 44.5277051791029], [11.374879612531132, 44.527435331233455]]]}}, {"type": "Feature", "properties": {"threshold": "ge_2", "source": "HistorySUHI", "period": "2013-2025", "hotspot_percentile": "top_10_pct", "label": ">= 2 estati"}, "geometry": {"type": "Polygon", "coordinates": [[[11.373747947575858, 44.52745886976268], [11.373370725616551, 44.527466713449535], [11.373392653637952, 44.5280064097608], [11.374524329486293, 44.527982874525456], [11.374513360182828, 44.52771302659752], [11.3737589132483, 44.52772871785238], [11.373747947575858, 44.52745886976268]]]}}, {"type": "Feature", "properties": {"threshold": "ge_2", "source": "HistorySUHI", "period": "2013-2025", "hotspot_percentile": "top_10_pct", "label": ">= 2 estati"}, "geometry": {"type": "Polygon", "coordinates": [[[11.379516182949766, 44.530039534287766], [11.37949419682689, 44.529499840567226], [11.380248663483721, 44.529484110938654], [11.380237667176024, 44.52921426420315], [11.380614898534429, 44.5292063975952], [11.38060390064221, 44.52893655091836], [11.380981130107696, 44.5289286831392], [11.38095913130855, 44.528388989887894], [11.382090808347503, 44.528365379523336], [11.382101812885919, 44.52863522593553], [11.382479039995642, 44.528627353250734], [11.382490046427037, 44.52889719957432], [11.383244503660809, 44.528881450322956], [11.383233493752078, 44.528611604146754], [11.38436517322883, 44.52858797115474], [11.384354158258565, 44.52831812518474], [11.384731382703313, 44.52831024510487], [11.384698333503454, 44.527500707326276], [11.384321114274456, 44.52750858718493], [11.384299085723928, 44.526968895110286], [11.383921869817542, 44.52697677357674], [11.383932882277072, 44.52724661969527], [11.382801228415984, 44.52727024784735], [11.382812235814301, 44.52754009417202], [11.382057795658064, 44.52755584019702], [11.382068799733577, 44.52782568665408], [11.381691577685425, 44.52783355787309], [11.381702580176636, 44.52810340438885], [11.379439234217164, 44.52815060600426], [11.379417250252205, 44.527610912074415], [11.379040028863244, 44.52761877450641], [11.379029038850524, 44.52734892744548], [11.376765717712987, 44.52739607545592], [11.376776697294222, 44.527665922958015], [11.376399474827068, 44.527673776676565], [11.376388496984422, 44.52740392910096], [11.37525683387526, 44.527427482567504], [11.375267806502121, 44.52769733036349], [11.37489058341939, 44.5277051791029], [11.37492349700718, 44.528514722621566], [11.375300725305857, 44.528506873661826], [11.375322671944335, 44.529046569119345], [11.37494544016824, 44.52905441822598], [11.374967383944684, 44.52959411377061], [11.374212912975928, 44.52960980854307], [11.37424581936155, 44.53041935218856], [11.373491337344612, 44.53043504242199], [11.373513268748516, 44.53097473840459], [11.37389051331166, 44.53096689376352], [11.37391244880851, 44.531506589539546], [11.375798686706178, 44.531467346925844], [11.375787710186136, 44.5311974994125], [11.378051180150193, 44.53115036763382], [11.378040193350639, 44.53088052054657], [11.378417436066679, 44.53087266096641], [11.378406447682313, 44.530602813937755], [11.3787836885054, 44.53059495318624], [11.37877269853627, 44.5303251062162], [11.37914993746641, 44.53031724429336], [11.379138945912565, 44.53004739738192], [11.379516182949766, 44.530039534287766]], [[11.376099089243871, 44.5295705622754], [11.375721854298034, 44.52957841401867], [11.37571087885535, 44.529308566400736], [11.37608811206242, 44.52930071473095], [11.376099089243871, 44.5295705622754]]]}}, {"type": "Feature", "properties": {"threshold": "ge_2", "source": "HistorySUHI", "period": "2013-2025", "hotspot_percentile": "top_10_pct", "label": ">= 2 estati"}, "geometry": {"type": "Polygon", "coordinates": [[[11.37128266509923, 44.53183132528982], [11.371293621059095, 44.532101173654105], [11.373179881728777, 44.53206197388024], [11.373157952572695, 44.53152227787035], [11.372780704224155, 44.531530120168334], [11.372758779160955, 44.530990423951934], [11.372381534136583, 44.53099826485819], [11.372370573574472, 44.530728416654206], [11.371616086542499, 44.53074409458523], [11.37160512961186, 44.530474246219605], [11.370850645443108, 44.530489919024255], [11.37090541424332, 44.5318391614363], [11.37128266509923, 44.53183132528982]]]}}, {"type": "Feature", "properties": {"threshold": "ge_2", "source": "HistorySUHI", "period": "2013-2025", "hotspot_percentile": "top_10_pct", "label": ">= 2 estati"}, "geometry": {"type": "Polygon", "coordinates": [[[11.365744123190732, 44.5349170800356], [11.365366850902337, 44.534924898312], [11.365377780723405, 44.53519474768394], [11.365755054751125, 44.53518692933438], [11.365744123190732, 44.5349170800356]]]}}, {"type": "Feature", "properties": {"threshold": "ge_2", "source": "HistorySUHI", "period": "2013-2025", "hotspot_percentile": "top_10_pct", "label": ">= 2 estati"}, "geometry": {"type": "Polygon", "coordinates": [[[11.384673655113183, 44.53614365224182], [11.38505092998814, 44.536135770023286], [11.385039908952923, 44.53586592454588], [11.385417181934022, 44.53585804115599], [11.385406159314067, 44.5355881957374], [11.38578343040131, 44.53558031117617], [11.385761382146608, 44.535040620441656], [11.384252310784333, 44.535072150625844], [11.384285362527113, 44.53588168759032], [11.38466263581728, 44.53587380669065], [11.384673655113183, 44.53614365224182]]]}}, {"type": "Feature", "properties": {"threshold": "ge_2", "source": "HistorySUHI", "period": "2013-2025", "hotspot_percentile": "top_10_pct", "label": ">= 2 estati"}, "geometry": {"type": "Polygon", "coordinates": [[[11.370654805212329, 44.544267849411966], [11.370632890054962, 44.543728153572665], [11.371010217758112, 44.54372031669014], [11.370977340954447, 44.54291077303918], [11.371354663283773, 44.54290293513119], [11.371343702916601, 44.54263308729102], [11.371721023352222, 44.542625248210925], [11.371699099599095, 44.54208555263246], [11.372076416401079, 44.54207771245365], [11.37206545301519, 44.541807864715366], [11.37244276792351, 44.54180002336453], [11.372431802951484, 44.541530175684684], [11.372054489783054, 44.541538016962164], [11.372043526704664, 44.541268169194005], [11.373175460529023, 44.54124464184557], [11.373197397278798, 44.54178433692663], [11.37357471172572, 44.541776491839585], [11.373585682071246, 44.54204633928429], [11.373962998104224, 44.542038492878426], [11.374006887984706, 44.54311788221415], [11.374384210823656, 44.54311003426913], [11.374395185418505, 44.54337988149227], [11.374772509843565, 44.54337203222834], [11.374783486332367, 44.543641879363086], [11.375160812343532, 44.54363402878025], [11.375171790726341, 44.54390387582661], [11.375549118323606, 44.543896023924795], [11.375560098600467, 44.54416587088273], [11.375937427783827, 44.54415801766195], [11.375948409954791, 44.54442786453146], [11.376703071339646, 44.54441215420642], [11.376692085688472, 44.54414230748393], [11.378956055704055, 44.54409514705806], [11.378945059766526, 44.5438253007619], [11.379699711724834, 44.543809570803255], [11.37968871246144, 44.54353972463934], [11.380443360322658, 44.54352398984604], [11.380421355298662, 44.54298429776784], [11.380798675517845, 44.54297642865026], [11.380787671497343, 44.542706582662376], [11.38154230799282, 44.54269084083825], [11.381531300646788, 44.54242099498269], [11.382285933044951, 44.542405248324236], [11.382252901493812, 44.541595711109906], [11.38149827953488, 44.54161145732632], [11.381476266232069, 44.541071765480645], [11.38109895850068, 44.54107963657349], [11.381065944923368, 44.540270098471844], [11.380688642256919, 44.54027796809843], [11.3806776397795, 44.54000812196102], [11.378791132831862, 44.540047451046135], [11.378824114630916, 44.54085699051762], [11.377692192954322, 44.54088057368699], [11.37768120408645, 44.540610726990764], [11.376926592344372, 44.540626442729874], [11.376915607110117, 44.54035659587166], [11.37616099823134, 44.54037230648239], [11.376150016630614, 44.54010245946221], [11.375772713699948, 44.5401103128261], [11.37575075443991, 44.539570618593935], [11.376128053891167, 44.53956276537703], [11.376106091767706, 44.53902307123205], [11.376860683249596, 44.53900736135633], [11.376882652331666, 44.5395470552073], [11.37725995132086, 44.539539198254516], [11.377270937832646, 44.53980904508405], [11.378780139207194, 44.539777604525746], [11.378769145736696, 44.53950775799041], [11.379523742019707, 44.539492030386626], [11.379512745224082, 44.53922218398349], [11.379890041394635, 44.53921431838728], [11.37986804478681, 44.538674625683385], [11.380622629706773, 44.53865889104961], [11.38061162815508, 44.538389044822466], [11.379479755762477, 44.53841264468441], [11.379446767688721, 44.537603105250795], [11.379069481801311, 44.53761096916022], [11.379058487824597, 44.53734112257886], [11.378681203522495, 44.537348985169494], [11.378670211439406, 44.53707913849961], [11.37829292872261, 44.53708699977149], [11.378270948497699, 44.53654730623976], [11.377893669105626, 44.536555166119356], [11.377871692975914, 44.53601547238073], [11.377494416908505, 44.536023330868105], [11.377461459087506, 44.53521378992746], [11.377084188083987, 44.53522164694911], [11.377062220452101, 44.53468195276692], [11.37668495277307, 44.53468980839645], [11.376673970927385, 44.53441996120942], [11.376296704833583, 44.53442781552039], [11.376263765438019, 44.533618273649125], [11.375509243223606, 44.53363397809495], [11.375498267211277, 44.53336413062769], [11.375121007612321, 44.53337198090958], [11.37511003349302, 44.53310213335392], [11.374355517311697, 44.53311783003572], [11.374410372055486, 44.53446706839901], [11.374033105038219, 44.5344749152395], [11.374055044534158, 44.53501461062707], [11.37443231502993, 44.53500676363973], [11.37448717515855, 44.53635600148009], [11.374864454197144, 44.536348152880436], [11.37488640280449, 44.536887847765094], [11.37526368516803, 44.53687999777336], [11.375274661442003, 44.53714984511983], [11.37565194539107, 44.53714199380945], [11.375695858984285, 44.538221382752], [11.374941277016113, 44.53823708471526], [11.374930301865978, 44.537967237355105], [11.37455301239057, 44.53797508639543], [11.374531066031055, 44.537435391483406], [11.374153779880803, 44.53744323913163], [11.37414280867135, 44.53717339157977], [11.373010954516033, 44.537196926832934], [11.372978057465737, 44.536387383427055], [11.372600777658045, 44.53639522580087], [11.372556924034537, 44.53531583409034], [11.372179651030555, 44.535323674925515], [11.372168689748325, 44.53505382688717], [11.371791418329936, 44.535061666403855], [11.371780458940696, 44.53479181827721], [11.371403189107905, 44.53479965647545], [11.371392231611607, 44.53452980826052], [11.37101496336442, 44.53453764514031], [11.370993052311237, 44.53399794851898], [11.370615787388875, 44.53400578400703], [11.370626741099436, 44.53427563239849], [11.36987220731549, 44.53429129978598], [11.369839357079776, 44.533481754127024], [11.369462095175056, 44.53348958573328], [11.369451147142733, 44.533219737077154], [11.369073886823642, 44.53322756736508], [11.36906294068397, 44.53295771862074], [11.36944019926393, 44.53294988840607], [11.36940735654862, 44.53214034230327], [11.369030103185898, 44.53214817229813], [11.368997267069197, 44.53133862584114], [11.36862001877002, 44.531346454371224], [11.368609075443706, 44.53107660544911], [11.367100087668568, 44.53110790682693], [11.367111024039012, 44.53137775604196], [11.36673377497281, 44.53138557834722], [11.366744709757612, 44.531655427620514], [11.366367458799077, 44.531663248754], [11.36632372753571, 44.530583851278536], [11.366700971538386, 44.53057603043779], [11.366668169483876, 44.52976648239401], [11.367422646595985, 44.529750837416906], [11.367411709406799, 44.52948098818554], [11.367788945993993, 44.529473163902864], [11.367767068598132, 44.52893346554173], [11.367012602225527, 44.528949112569364], [11.367023537369215, 44.529218961903815], [11.366646302214123, 44.52922678362353], [11.366657235772344, 44.52949663301623], [11.366279998725133, 44.52950445356424], [11.366290930697836, 44.529774303015195], [11.365536452665905, 44.52978994052288], [11.365558310115704, 44.53032963967269], [11.36442658148528, 44.53035308703626], [11.364437505223309, 44.53062293680819], [11.362928524616038, 44.530654182822964], [11.362950358639957, 44.53119388290683], [11.362573109627444, 44.531201691444295], [11.36259494078568, 44.531741391614595], [11.36221768814207, 44.531749199053216], [11.362228602211735, 44.53201904918905], [11.361851347676026, 44.532026855455705], [11.361884085585979, 44.53283640599284], [11.361506825679927, 44.53284421123361], [11.361495914629382, 44.53257436099645], [11.361118656309463, 44.53258216491913], [11.361064112047023, 44.531232913144414], [11.360686862269448, 44.531240715457], [11.360675955614854, 44.53097086498429], [11.36029870742333, 44.530978665978914], [11.360276898050868, 44.530438964842745], [11.35989965318435, 44.53044676444642], [11.359888750466407, 44.53017691378299], [11.359511507185932, 44.53018471206873], [11.35952240816495, 44.53045456280515], [11.359145162992693, 44.53046235991892], [11.359156062385619, 44.530732210713374], [11.35764707321264, 44.53076338701071], [11.35763618077555, 44.53049353592451], [11.357258934839361, 44.53050132681353], [11.357226263661264, 44.52969177324678], [11.357603504380704, 44.52968398257648], [11.357570829360425, 44.528874429094245], [11.357193593857518, 44.52888221954584], [11.357182704228334, 44.52861236828238], [11.356428236242053, 44.52862794530515], [11.356450008697871, 44.52916764810871], [11.355318295140755, 44.52919100474342], [11.355307414053014, 44.52892115313053], [11.354930177634285, 44.5289289361128], [11.354897540502863, 44.52811938096622], [11.352634150086097, 44.52816605140677], [11.352645018544727, 44.52843590357392], [11.351513316062295, 44.52845922220671], [11.351545906703114, 44.52926877927341], [11.351168667021106, 44.529276549879384], [11.351157805060694, 44.529006697466], [11.350780566965238, 44.52901446675435], [11.350802287560619, 44.529554171711624], [11.351179529133828, 44.529546402277866], [11.351201253816214, 44.530086107030115], [11.350824008765155, 44.53009387660927], [11.350900037778443, 44.53198284328181], [11.351277295002744, 44.5319750731937], [11.351299022427028, 44.532514777677754], [11.351676282977273, 44.53250700619917], [11.351698014489306, 44.53304671047819], [11.352075278365557, 44.533038937609064], [11.35209701396555, 44.533578641683015], [11.352474281167872, 44.53357086742332], [11.352496020856032, 44.53411057129215], [11.353250561760488, 44.53409501874639], [11.353261435311842, 44.53436487051292], [11.353638707274675, 44.534357092299565], [11.353671334061715, 44.535166647291376], [11.353294056880804, 44.535174425723085], [11.3533049310421, 44.535444277429995], [11.35292765196929, 44.535452054689316], [11.352938524543644, 44.5357219064541], [11.352561243578927, 44.535729682540996], [11.35259385699836, 44.53653923796425], [11.352971143181536, 44.536531461659045], [11.352982016365788, 44.53680131336423], [11.35373659175374, 44.536785756872575], [11.353747468569582, 44.537055608417276], [11.354124757774327, 44.53704782823078], [11.354146515342787, 44.537587531129866], [11.354523807874148, 44.53757974955249], [11.354545569532123, 44.53811945224632], [11.35492286539016, 44.53811166927803], [11.354955514240636, 44.53892122298848], [11.35571011593697, 44.538905652878924], [11.355699229354768, 44.53863580180272], [11.356453826961, 44.53862022685762], [11.3564429370521, 44.538350375912245], [11.35682023388647, 44.538342586644625], [11.356798451047526, 44.537802884854926], [11.356043864184642, 44.53781846185334], [11.356022088915015, 44.537278759712464], [11.355644798733733, 44.537286546198054], [11.355612142193008, 44.53647699265634], [11.355234857077692, 44.53648477767811], [11.35520220712921, 44.53567522378369], [11.355956766770394, 44.535659652932054], [11.355967653412819, 44.53592950409939], [11.357099496947853, 44.53590613826444], [11.357110388961328, 44.53617598919822], [11.35748767157368, 44.53616819802327], [11.357563932121828, 44.538057153631904], [11.35794122675826, 44.538049360701315], [11.357963020340655, 44.53858906202372], [11.358340318303592, 44.538581267701986], [11.358373015042458, 44.539390819354956], [11.3587503180717, 44.53938302356907], [11.35876121903011, 44.53965287401729], [11.359138523646243, 44.539645076913104], [11.359149426497313, 44.53991492727345], [11.359526732700328, 44.53990712885095], [11.359548542340816, 44.540446829380926], [11.35992585187054, 44.5404390295671], [11.359958572697892, 44.541248580031244], [11.362599771659063, 44.54119394493019], [11.36258885238441, 44.540924095301634], [11.363343475801434, 44.540908474210276], [11.363321630752148, 44.540368775200754], [11.362944322599896, 44.54037658622294], [11.36293340204482, 44.540106736622704], [11.36255609547923, 44.54011454632645], [11.362545176817084, 44.53984469663821], [11.36103595598289, 44.53987592270739], [11.361025044432932, 44.53960607271203], [11.360647740581538, 44.53961387604293], [11.36062592142015, 44.53907417586144], [11.361003221792071, 44.53906637267657], [11.360992310701166, 44.53879652263645], [11.360615012068944, 44.5388043257483], [11.360571376193974, 44.537724925146634], [11.360948667867643, 44.53771712232685], [11.360937757541773, 44.537447272212155], [11.361692336950929, 44.53743166298289], [11.361703250755948, 44.53770151295152], [11.362457833032048, 44.53768589859517], [11.362468750469302, 44.537955748402766], [11.362846043117305, 44.53794793928364], [11.362856962447273, 44.538217789003255], [11.36323425668176, 44.538209978565774], [11.36322333561218, 44.53794012891925], [11.363977920142455, 44.537924504454686], [11.363956071504461, 44.537384805409275], [11.364333360060678, 44.53737699145535], [11.364311508556428, 44.5368372924965], [11.364688793480395, 44.5368294774436], [11.364677866218612, 44.536559628014906], [11.365809714852569, 44.53653617560439], [11.365831579966287, 44.537075874007925], [11.366586151913674, 44.53706023254887], [11.366597088179534, 44.53733008158188], [11.366974375662709, 44.537322258911324], [11.367018129218112, 44.53840165460127], [11.366640834776645, 44.53840947756463], [11.366651771809355, 44.538679326522995], [11.366274475474876, 44.53868714831426], [11.366296346521088, 44.53922684633261], [11.365919046553907, 44.53923466702496], [11.365929980567335, 44.53950451608492], [11.365552678707106, 44.53951233560514], [11.365585476448137, 44.54032188291498], [11.365208169215299, 44.54032970140935], [11.36523003166293, 44.54086939968759], [11.364852720797137, 44.54087721708291], [11.364896440572426, 44.54195661375291], [11.36565107606992, 44.54194097713165], [11.365662009876878, 44.54221082611553], [11.366416648240941, 44.54219518436618], [11.36640571095407, 44.54192533552868], [11.366783028166079, 44.54191751285905], [11.366750212006052, 44.54110796647656], [11.36712752384495, 44.54110014278115], [11.367160345224681, 44.541909688943996], [11.367914978881558, 44.541894037377624], [11.367925923128224, 44.542163885922264], [11.369057877682183, 44.5421403990123], [11.369112627318025, 44.5434896404126], [11.369489953895632, 44.543481808585334], [11.369511858305131, 44.54402150489435], [11.370266517959891, 44.54400583721014], [11.37027747387529, 44.54427568519565], [11.370654805212329, 44.544267849411966]], [[11.367116583691894, 44.540830294030336], [11.367493893637514, 44.54082246916275], [11.367504835530418, 44.541092317840345], [11.36712752384495, 44.54110014278115], [11.367116583691894, 44.540830294030336]], [[11.367083764153254, 44.54002074768834], [11.36710564369226, 44.540560445264596], [11.366728335333043, 44.540568268813594], [11.36670645927362, 44.54002857109093], [11.367083764153254, 44.54002074768834]], [[11.371988713618832, 44.5399189301292], [11.372010638391952, 44.54045862579993], [11.371633332029097, 44.54046646553856], [11.37162237130544, 44.54019661763731], [11.37124506652865, 44.540204456057246], [11.371234107698452, 44.5399346080677], [11.371988713618832, 44.5399189301292]], [[11.369582533663696, 44.53645791996524], [11.369593483538466, 44.5367277684422], [11.369970766314887, 44.53671993595646], [11.369992670004054, 44.53725963271897], [11.370747242054039, 44.53724396371873], [11.370758197608017, 44.53751381193096], [11.371135485142082, 44.53750597548969], [11.37119027391446, 44.538855215960155], [11.370435681296877, 44.538870888330734], [11.370446636033051, 44.53914073652667], [11.370069337754154, 44.53914857091735], [11.370058384757641, 44.53887872264809], [11.369681088064803, 44.538886555720175], [11.36965918601182, 44.53834685899028], [11.369281892644663, 44.53835469067051], [11.369249045935657, 44.53754514524381], [11.368871757633661, 44.53755297545896], [11.368838917524984, 44.53674342967806], [11.36921620060849, 44.53673559968272], [11.369205252473165, 44.53646575113249], [11.369582533663696, 44.53645791996524]], [[11.36089411776827, 44.5363678716042], [11.360516834792248, 44.53637567405891], [11.360505926970806, 44.53610582379661], [11.360883208207373, 44.53609802141491], [11.36089411776827, 44.5363678716042]], [[11.358996800495163, 44.5361370208715], [11.358953198569429, 44.53505761850548], [11.360085022782707, 44.535034223442786], [11.360095928252953, 44.53530407383775], [11.36047320442425, 44.535296272920235], [11.360505926970806, 44.53610582379661], [11.358996800495163, 44.5361370208715]], [[11.366012070760684, 44.53221076743702], [11.366033934447302, 44.53275046617185], [11.366411192515406, 44.53274264599064], [11.366422126327784, 44.533012495262476], [11.366799385981688, 44.533004673763045], [11.366810321686536, 44.533274522946776], [11.368696626351058, 44.533235396407974], [11.368707570905071, 44.53350524521065], [11.367953046021189, 44.533520899707796], [11.367974928632858, 44.534060597561314], [11.367597662482366, 44.53406842308877], [11.36760860227911, 44.53433827206636], [11.367231334235973, 44.534346096421935], [11.367242272446862, 44.53461594545781], [11.366487732421925, 44.53463159058008], [11.366498667307619, 44.53490143974742], [11.366121395325834, 44.53490926051407], [11.366132328625548, 44.53517910973968], [11.365755054751125, 44.53518692933438], [11.365765986464812, 44.535456778618226], [11.363125052877436, 44.5355114814291], [11.363114133339247, 44.535241631633376], [11.362736858239142, 44.535249441266934], [11.362693188574838, 44.534170041642476], [11.363447724707482, 44.53415442171486], [11.363436804195647, 44.5338845719176], [11.36532313315072, 44.53384550067499], [11.365290346446228, 44.533035952290504], [11.365667606560029, 44.533028134526205], [11.365634816017469, 44.53221858622686], [11.366012070760684, 44.53221076743702]]]}}, {"type": "Feature", "properties": {"threshold": "ge_2", "source": "HistorySUHI", "period": "2013-2025", "hotspot_percentile": "top_10_pct", "label": ">= 2 estati"}, "geometry": {"type": "Polygon", "coordinates": [[[11.386959361971703, 44.53663603042578], [11.386948331930617, 44.53636618534727], [11.386193780093382, 44.53638196113804], [11.38618275368562, 44.53611211589694], [11.38505092998814, 44.536135770023286], [11.385061951177905, 44.53640561548573], [11.383930120871458, 44.53642925862717], [11.383996219946072, 44.53804833241513], [11.385128081562177, 44.53802468794622], [11.385117059445063, 44.537754842573534], [11.385494344601847, 44.537746958667256], [11.385483320899837, 44.53747711335339], [11.385860604162579, 44.537469228275704], [11.385849578875728, 44.537199383020656], [11.386981422517911, 44.53717572053794], [11.386992453023037, 44.537445565571566], [11.387747018156627, 44.53742978420959], [11.387713916668933, 44.53662024950682], [11.386959361971703, 44.53663603042578]]]}}, {"type": "Feature", "properties": {"threshold": "ge_2", "source": "HistorySUHI", "period": "2013-2025", "hotspot_percentile": "top_10_pct", "label": ">= 2 estati"}, "geometry": {"type": "Polygon", "coordinates": [[[11.353079881885987, 44.53922997804015], [11.353090756595163, 44.53949982959628], [11.354222671638219, 44.53947649080711], [11.354211791709725, 44.53920663946937], [11.353079881885987, 44.53922997804015]]]}}, {"type": "Feature", "properties": {"threshold": "ge_2", "source": "HistorySUHI", "period": "2013-2025", "hotspot_percentile": "top_10_pct", "label": ">= 2 estati"}, "geometry": {"type": "Polygon", "coordinates": [[[11.386670316372667, 44.53880267969756], [11.385915732916056, 44.538818454326496], [11.385926759130614, 44.53908829949177], [11.38668134606637, 44.53907252471522], [11.386670316372667, 44.53880267969756]]]}}, {"type": "Feature", "properties": {"threshold": "ge_2", "source": "HistorySUHI", "period": "2013-2025", "hotspot_percentile": "top_10_pct", "label": ">= 2 estati"}, "geometry": {"type": "Polygon", "coordinates": [[[11.35806109902609, 44.54101771723643], [11.357683785252197, 44.54102551096919], [11.357694681908157, 44.54129536154676], [11.357317366241533, 44.54130315410704], [11.357328261310366, 44.541573004742595], [11.356950943751004, 44.54158079613036], [11.356961837232666, 44.541850646823924], [11.358093794672236, 44.54182726870555], [11.35806109902609, 44.54101771723643]]]}}, {"type": "Feature", "properties": {"threshold": "ge_2", "source": "HistorySUHI", "period": "2013-2025", "hotspot_percentile": "top_10_pct", "label": ">= 2 estati"}, "geometry": {"type": "Polygon", "coordinates": [[[11.357382738946514, 44.542922257696745], [11.356628086274831, 44.54293783995588], [11.356638978780293, 44.54320769064779], [11.357393634932157, 44.543192108242835], [11.357382738946514, 44.542922257696745]]]}}, {"type": "Feature", "properties": {"threshold": "ge_2", "source": "HistorySUHI", "period": "2013-2025", "hotspot_percentile": "top_10_pct", "label": ">= 2 estati"}, "geometry": {"type": "Polygon", "coordinates": [[[11.361921559000432, 44.54309850919114], [11.361932476020066, 44.543368358846465], [11.362309803771248, 44.54336055075672], [11.362331641750067, 44.54390024987648], [11.364218295609643, 44.54386119001431], [11.364207367843056, 44.543591340827405], [11.364584696415186, 44.54358352519154], [11.364562837861616, 44.5430438269192], [11.364185512769645, 44.543051642408784], [11.364152731308884, 44.54224209466893], [11.363775411283722, 44.54224990869366], [11.363786336544068, 44.54251975802832], [11.362277047951487, 44.542551001965165], [11.362298885011535, 44.54309070117446], [11.361921559000432, 44.54309850919114]]]}}, {"type": "Feature", "properties": {"threshold": "ge_2", "source": "HistorySUHI", "period": "2013-2025", "hotspot_percentile": "top_10_pct", "label": ">= 2 estati"}, "geometry": {"type": "Polygon", "coordinates": [[[11.381930635249365, 44.54295281382497], [11.381941644644108, 44.543222659576934], [11.381564323147995, 44.543230532504474], [11.381586338920666, 44.54377022411087], [11.381209013790162, 44.54377809594028], [11.38122002016802, 44.54404794179471], [11.382729326723831, 44.5440164467096], [11.382718313385809, 44.54374660114987], [11.382340988718514, 44.54375447671567], [11.382329977274956, 44.54348463106729], [11.383084622975066, 44.543468878837636], [11.383073608205958, 44.54319903332172], [11.382696287173115, 44.54320690998556], [11.382674261578208, 44.54266721876141], [11.382296943870822, 44.54267509403244], [11.382307954851113, 44.542944939725686], [11.381930635249365, 44.54295281382497]]]}}, {"type": "Feature", "properties": {"threshold": "ge_2", "source": "HistorySUHI", "period": "2013-2025", "hotspot_percentile": "top_10_pct", "label": ">= 2 estati"}, "geometry": {"type": "Polygon", "coordinates": [[[11.38122002016802, 44.54404794179471], [11.38084269314311, 44.5440558124523], [11.380853697935255, 44.54432565836543], [11.381231026700236, 44.54431778763419], [11.38122002016802, 44.54404794179471]]]}}, {"type": "Feature", "properties": {"threshold": "ge_2", "source": "HistorySUHI", "period": "2013-2025", "hotspot_percentile": "top_10_pct", "label": ">= 2 estati"}, "geometry": {"type": "Polygon", "coordinates": [[[11.372951695218044, 44.545030350880474], [11.372197023794076, 44.54504603658879], [11.372186058716768, 44.54477618901485], [11.371431390158046, 44.544791869594256], [11.371442351754983, 44.54506171731493], [11.370687679100959, 44.5450773930589], [11.370720554372742, 44.54588693657139], [11.37109789599733, 44.54587909910218], [11.371108856468927, 44.54614894683648], [11.371863542737499, 44.54613326801459], [11.37188547110314, 44.54667296314493], [11.373772201486345, 44.54663374355838], [11.373761228525016, 44.54636389636767], [11.374138572399753, 44.546356048786954], [11.374127597852024, 44.54608620165474], [11.373750255717578, 44.546094049162015], [11.373728310564369, 44.54555435470588], [11.373350971756551, 44.545562200820726], [11.373340001150996, 44.54529235349683], [11.372962663929544, 44.545300198292715], [11.372951695218044, 44.545030350880474]]]}}, {"type": "Feature", "properties": {"threshold": "ge_2", "source": "HistorySUHI", "period": "2013-2025", "hotspot_percentile": "top_10_pct", "label": ">= 2 estati"}, "geometry": {"type": "Polygon", "coordinates": [[[11.361664309331157, 44.54607466215394], [11.36090961825893, 44.546090273566676], [11.360920531741803, 44.546360123277026], [11.361675226294743, 44.546344511718196], [11.361664309331157, 44.54607466215394]]]}}, {"type": "Feature", "properties": {"threshold": "ge_2", "source": "HistorySUHI", "period": "2013-2025", "hotspot_percentile": "top_10_pct", "label": ">= 2 estati"}, "geometry": {"type": "Polygon", "coordinates": [[[11.366558846929458, 44.545703217895316], [11.36654790764835, 44.5454333692519], [11.366170567661635, 44.5454411916276], [11.366181505202473, 44.54571104034424], [11.36542682128834, 44.54572668150527], [11.365470559062992, 44.54680607680803], [11.365093209914527, 44.54681389581282], [11.365115076241167, 44.547353593520974], [11.365492428870457, 44.547345774369845], [11.365481493890044, 44.5470759255964], [11.365858844625548, 44.54706810527278], [11.365869781346383, 44.547337953973056], [11.366624485838049, 44.5473223094425], [11.366635426193161, 44.547592157981455], [11.368522193438924, 44.54755302448989], [11.368511244381638, 44.547283176317116], [11.368133892979943, 44.54729100543351], [11.36811199880683, 44.546751308896674], [11.36773465073239, 44.546759136620906], [11.367723705616488, 44.54648928825684], [11.367346359128902, 44.54649711466222], [11.367324472838252, 44.54595741774284], [11.366947129677843, 44.54596524275614], [11.36693618850302, 44.545695394200834], [11.366558846929458, 44.545703217895316]]]}}, {"type": "Feature", "properties": {"threshold": "ge_2", "source": "HistorySUHI", "period": "2013-2025", "hotspot_percentile": "top_10_pct", "label": ">= 2 estati"}, "geometry": {"type": "Polygon", "coordinates": [[[11.363561959997245, 44.546305461022634], [11.363583811787578, 44.546845159375565], [11.36396116154923, 44.546837345353346], [11.363939306278148, 44.54629764714666], [11.363561959997245, 44.546305461022634]]]}}, {"type": "Feature", "properties": {"threshold": "ge_2", "source": "HistorySUHI", "period": "2013-2025", "hotspot_percentile": "top_10_pct", "label": ">= 2 estati"}, "geometry": {"type": "Polygon", "coordinates": [[[11.386612898189517, 44.546636069212354], [11.38699024029793, 44.546628179134494], [11.386979206272317, 44.546358334535824], [11.388148147755205, 44.54633387706221], [11.388523645814981, 44.54623187184703], [11.389263096728913, 44.546036895576286], [11.389979678770029, 44.545849533336614], [11.389975828214427, 44.545755481603315], [11.38959849256531, 44.54576338142397], [11.38958744682275, 44.54549353729751], [11.389964780731708, 44.54548563755079], [11.389942686231064, 44.544945949400834], [11.389188025218731, 44.544961747353106], [11.389165938298097, 44.544422058847616], [11.388788611039756, 44.54442995580773], [11.388766528218678, 44.54389026709457], [11.388389204285552, 44.54389816266144], [11.388378164847278, 44.54362831820853], [11.387623519996586, 44.543644105458185], [11.38761248419308, 44.54337426084258], [11.387235163275546, 44.5433821525254], [11.387246197339072, 44.54365199721485], [11.38649155155984, 44.54366777699186], [11.386502582298096, 44.543937621813996], [11.385747932420053, 44.54395339675682], [11.385758959832934, 44.5442232417116], [11.385381632921883, 44.54423112738861], [11.385392658749351, 44.54450097240223], [11.384638000983253, 44.54451674016738], [11.384649023485167, 44.54478658531357], [11.384271692630135, 44.544794467401665], [11.38428271354651, 44.54506431260666], [11.383905380796792, 44.545072193523], [11.383949459047205, 44.546151574488334], [11.383572119182197, 44.5461594544541], [11.383594155754166, 44.546699144994484], [11.383971499099696, 44.54669126488126], [11.38398251935777, 44.54696111005528], [11.383227829031584, 44.546976869183624], [11.383216812254105, 44.54670702386212], [11.382839468599542, 44.546714901484194], [11.382817438988631, 44.546175210648926], [11.382440098660123, 44.546183086877996], [11.382407060622949, 44.545373550291835], [11.382029725360619, 44.545381425054266], [11.382007704255027, 44.544841733774675], [11.381253040227751, 44.54485747926828], [11.38124203338681, 44.54458763345872], [11.380864702881734, 44.544595504263604], [11.380853697935255, 44.54432565836543], [11.380476369015938, 44.54433352785118], [11.380498375583011, 44.54487321977985], [11.380121043029154, 44.54488108816736], [11.380110041408587, 44.54461124213688], [11.379732710440567, 44.54461910920526], [11.37978771138547, 44.54596833957624], [11.380165051054377, 44.545960472139775], [11.380154048816625, 44.5456906261691], [11.380908724211064, 44.54567488770676], [11.380919729929262, 44.54594473353016], [11.381297069135188, 44.54593686235702], [11.38133009243671, 44.54674639951654], [11.38208478082699, 44.54673065299155], [11.382106804094548, 44.54727034406178], [11.381729456495966, 44.547278218094434], [11.381718446525303, 44.54700837249312], [11.381341100512646, 44.547016245206486], [11.381363117127682, 44.54755593654148], [11.38174046662104, 44.54754806368077], [11.381751476900533, 44.54781790925219], [11.382128827979859, 44.547810035072175], [11.382132688965418, 44.5479046457714], [11.382671230702671, 44.547765370350845], [11.383849136248395, 44.54745887277614], [11.384538297638485, 44.547283558564615], [11.385121354115013, 44.54713070393095], [11.385765921340624, 44.54696194064616], [11.386485997372382, 44.54677358106562], [11.386617109796893, 44.54673908030865], [11.386612898189517, 44.546636069212354]]]}}, {"type": "Feature", "properties": {"threshold": "ge_2", "source": "HistorySUHI", "period": "2013-2025", "hotspot_percentile": "top_10_pct", "label": ">= 2 estati"}, "geometry": {"type": "Polygon", "coordinates": [[[11.356435923495114, 44.54753309019096], [11.356813279645047, 44.547525299690435], [11.356802384695085, 44.547255449237106], [11.357179738951732, 44.5472476575638], [11.357147049797334, 44.54643810633306], [11.35639235157385, 44.54645368799657], [11.356414137228933, 44.54699338912358], [11.356036784407173, 44.547001178232634], [11.35604767572341, 44.547271028846666], [11.356425030285635, 44.547263239664716], [11.356435923495114, 44.54753309019096]]]}}, {"type": "Feature", "properties": {"threshold": "ge_2", "source": "HistorySUHI", "period": "2013-2025", "hotspot_percentile": "top_10_pct", "label": ">= 2 estati"}, "geometry": {"type": "Polygon", "coordinates": [[[11.378754655884224, 44.548420550125186], [11.378377299935117, 44.54842841324156], [11.378366305010795, 44.54815856703744], [11.377611596130913, 44.54817428938605], [11.377600604841668, 44.54790444301988], [11.377223251910923, 44.547912302252136], [11.377212262516242, 44.547642455797465], [11.37683491117179, 44.54765031371054], [11.376812936325557, 44.54711062060932], [11.37605824013592, 44.54712633240449], [11.376113161003033, 44.54847556578057], [11.376490517877002, 44.54846771013827], [11.376512490783256, 44.54900740323707], [11.377267211030942, 44.548991687921315], [11.377289031304358, 44.549527443180715], [11.378235107736876, 44.549262137438696], [11.378235132527818, 44.54926212791968], [11.378279992336909, 44.54924955303553], [11.378296448406864, 44.549244960989824], [11.379106681163893, 44.54901002711807], [11.379317174991925, 44.548948976764045], [11.379154008952325, 44.54895237783217], [11.379143010238584, 44.548682531805134], [11.37876565270323, 44.548690396240765], [11.378754655884224, 44.548420550125186]]]}}, {"type": "Feature", "properties": {"threshold": "ge_2", "source": "HistorySUHI", "period": "2013-2025", "hotspot_percentile": "top_10_pct", "label": ">= 2 estati"}, "geometry": {"type": "Polygon", "coordinates": [[[11.358830913859329, 44.550724528403116], [11.358841819499913, 44.55099437829789], [11.35846444148588, 44.55100217597536], [11.35847534553861, 44.551272025928185], [11.358852725293456, 44.55126422817775], [11.358863631239963, 44.55153407804269], [11.360750536423428, 44.551495070237735], [11.360739621772773, 44.551225220737805], [11.361117000609484, 44.55121741551228], [11.361106084371114, 44.55094756607047], [11.361483461313922, 44.550939759672154], [11.361472543487885, 44.55066991028846], [11.360717792930709, 44.55068552169319], [11.360706878739295, 44.55041567214849], [11.35957475697777, 44.550439079692886], [11.359585665946922, 44.55070892945661], [11.358830913859329, 44.550724528403116]]]}}, {"type": "Feature", "properties": {"threshold": "ge_2", "source": "HistorySUHI", "period": "2013-2025", "hotspot_percentile": "top_10_pct", "label": ">= 2 estati"}, "geometry": {"type": "Polygon", "coordinates": [[[11.356243745538842, 44.55212833734964], [11.356232851472667, 44.55185848700399], [11.355855467166034, 44.55186627617922], [11.355844574993535, 44.55159642574577], [11.355467192275013, 44.55160421360225], [11.355456301996144, 44.55133436308101], [11.355078920865738, 44.551342149618755], [11.355068032480448, 44.55107229900975], [11.35431327324319, 44.551087868201954], [11.35428061944835, 44.550278315848445], [11.35314849511471, 44.550301659637505], [11.353126737125875, 44.549761957557095], [11.352371993770124, 44.54977751356289], [11.352350243354392, 44.54923781113171], [11.351972874929105, 44.549245587120375], [11.351983748320018, 44.54951543841618], [11.350851636907157, 44.54953875912571], [11.350862505228424, 44.54980861062483], [11.350485132711853, 44.5498163817758], [11.350539467900786, 44.551165639411494], [11.350162086527817, 44.551173409680196], [11.350172952281993, 44.55144326123534], [11.34979556901575, 44.55145103033088], [11.34982609205322, 44.55220916649762], [11.350036792118365, 44.552214321584586], [11.350366045329089, 44.552203032444936], [11.35062519269056, 44.55217068875596], [11.350702987417971, 44.55214883110882], [11.351516964051894, 44.55202962639874], [11.351520481148464, 44.552029112822936], [11.351639251707356, 44.55200246731962], [11.35168653929662, 44.551991833434606], [11.351799243703736, 44.551957435543095], [11.351937388343822, 44.551890446442535], [11.352398254234641, 44.551611441802656], [11.352398280118633, 44.55161145927426], [11.352607787653128, 44.55202684748442], [11.352607801320397, 44.55202687421027], [11.352849594698174, 44.55252600404551], [11.35300692049637, 44.55285077648726], [11.353144231729363, 44.55313375753868], [11.353144245397159, 44.553133784264425], [11.353172405210962, 44.55318831710283], [11.353172419241464, 44.553188352823625], [11.353233933035579, 44.553309140691766], [11.353233960008655, 44.55330918514825], [11.353255183041073, 44.55334186784655], [11.353261989352026, 44.55335235949044], [11.353268741356539, 44.553362753225905], [11.353282594935795, 44.55338409164432], [11.354194764469455, 44.55288196544886], [11.354197607126377, 44.55288096155957], [11.354405027068383, 44.55280785043769], [11.35453031910089, 44.55276340449905], [11.354535855249216, 44.55276144479301], [11.354543103806042, 44.552758864602374], [11.354702912630271, 44.552702120273835], [11.354706114154524, 44.55270158610194], [11.354876909101204, 44.552670623146355], [11.355139055936295, 44.552602485376426], [11.355144773369037, 44.55260096302336], [11.355101216412693, 44.55249125688679], [11.355100349001258, 44.55248910517879], [11.355595576181273, 44.55236017070299], [11.356532784980443, 44.55212237061885], [11.356243745538842, 44.55212833734964]], [[11.353935893395546, 44.55109565092927], [11.353558513395262, 44.551103432410734], [11.353547632125965, 44.5508335814955], [11.353170253713886, 44.55084136165831], [11.353159374338004, 44.55057151065535], [11.353914127527942, 44.55055594922951], [11.353935893395546, 44.55109565092927]]]}}, {"type": "Feature", "properties": {"threshold": "ge_2", "source": "HistorySUHI", "period": "2013-2025", "hotspot_percentile": "top_10_pct", "label": ">= 2 estati"}, "geometry": {"type": "Polygon", "coordinates": [[[11.362358359233738, 44.55389248376639], [11.362347436241064, 44.55362263469296], [11.36159264799684, 44.553638252688444], [11.361625406988134, 44.5544478003024], [11.362002806410018, 44.55443999170842], [11.361991884852008, 44.554170142591765], [11.362746679754027, 44.55415452181205], [11.362735754867089, 44.55388467282665], [11.362358359233738, 44.55389248376639]]]}}, {"type": "Feature", "properties": {"threshold": "ge_2", "source": "HistorySUHI", "period": "2013-2025", "hotspot_percentile": "top_10_pct", "label": ">= 2 estati"}, "geometry": {"type": "Polygon", "coordinates": [[[11.363145930690955, 44.55468640733312], [11.363124076975195, 44.55414670955325], [11.362746679754027, 44.55415452181205], [11.362768529987607, 44.55469421973813], [11.363145930690955, 44.55468640733312]]]}}, {"type": "Feature", "properties": {"threshold": "ge_2", "source": "HistorySUHI", "period": "2013-2025", "hotspot_percentile": "top_10_pct", "label": ">= 2 estati"}, "geometry": {"type": "Polygon", "coordinates": [[[11.364857980073058, 44.550329748558795], [11.36486891341257, 44.55059959729946], [11.364491539589554, 44.55060741483703], [11.364458745253142, 44.54979786835081], [11.364081376498909, 44.54980568442315], [11.364070447100724, 44.54953583549143], [11.363693079933856, 44.549543650244885], [11.363747719754187, 44.55089289511991], [11.364125095624576, 44.55088508000082], [11.364157886578468, 44.551694626527365], [11.364535267517953, 44.55168680994303], [11.364546199883376, 44.55195665868223], [11.364923582410375, 44.55194884077888], [11.364945451082992, 44.55248853806618], [11.365372741474092, 44.55247968405998], [11.366003523780785, 44.55238484334756], [11.366331959514188, 44.55233481427377], [11.366824656335584, 44.55225899887499], [11.36682143570842, 44.552179580859445], [11.367198819055751, 44.552171755407734], [11.367187874350961, 44.5519019071958], [11.366810492744484, 44.55190973257429], [11.36677766477355, 44.55110018762924], [11.366400288236017, 44.55110801154225], [11.366389347626749, 44.55083816312416], [11.366011972676526, 44.55084598571815], [11.366001033961442, 44.550576137211934], [11.365623660598539, 44.55058395848691], [11.365612723777588, 44.55031410989258], [11.364857980073058, 44.550329748558795]], [[11.364890780551633, 44.551139294736], [11.364901714351193, 44.5514091434319], [11.36452433530586, 44.55141696118891], [11.364513403247098, 44.55114711241988], [11.364890780551633, 44.551139294736]]]}}, {"type": "Feature", "properties": {"threshold": "ge_2", "source": "HistorySUHI", "period": "2013-2025", "hotspot_percentile": "top_10_pct", "label": ">= 2 estati"}, "geometry": {"type": "Polygon", "coordinates": [[[11.365399394310595, 44.554369658293815], [11.365407199967509, 44.55436949653228], [11.365398663903768, 44.554351636716426], [11.365399394310595, 44.554369658293815]]]}}, {"type": "Feature", "properties": {"threshold": "ge_2", "source": "HistorySUHI", "period": "2013-2025", "hotspot_percentile": "top_10_pct", "label": ">= 2 estati"}, "geometry": {"type": "Polygon", "coordinates": [[[11.371371953908834, 44.552625287978515], [11.371380344392772, 44.552831788241875], [11.371995329622983, 44.55264823911737], [11.372007754402429, 44.552645100130654], [11.372069788993285, 44.55262813767947], [11.372117180238416, 44.552616106784434], [11.372144227492843, 44.55260923683584], [11.371371953908834, 44.552625287978515]]]}}, {"type": "Feature", "properties": {"threshold": "ge_2", "source": "HistorySUHI", "period": "2013-2025", "hotspot_percentile": "top_10_pct", "label": ">= 2 estati"}, "geometry": {"type": "Polygon", "coordinates": [[[11.369774759148397, 44.55049785594335], [11.369397387320783, 44.550505689676264], [11.369386433092796, 44.55023584181432], [11.369009062852234, 44.55024367422816], [11.369074780080272, 44.55186276161554], [11.368697399241567, 44.55187059322329], [11.368701482439972, 44.55197120208182], [11.36982720795809, 44.55178955371561], [11.369774759148397, 44.55049785594335]]]}}, {"type": "Feature", "properties": {"threshold": "ge_2", "source": "HistorySUHI", "period": "2013-2025", "hotspot_percentile": "top_10_pct", "label": ">= 2 estati"}, "geometry": {"type": "Polygon", "coordinates": [[[11.367198819055751, 44.552171755407734], [11.36720001490222, 44.55220123929916], [11.367421655888089, 44.55216713353878], [11.367198819055751, 44.552171755407734]]]}}, {"type": "Feature", "properties": {"threshold": "ge_2", "source": "HistorySUHI", "period": "2013-2025", "hotspot_percentile": "top_10_pct", "label": ">= 2 estati"}, "geometry": {"type": "Polygon", "coordinates": [[[11.400134180582144, 44.46208855768633], [11.399003799517997, 44.46211231912138], [11.399025913801335, 44.46265201155096], [11.400156305261072, 44.46262824967119], [11.400134180582144, 44.46208855768633]]]}}, {"type": "Feature", "properties": {"threshold": "ge_2", "source": "HistorySUHI", "period": "2013-2025", "hotspot_percentile": "top_10_pct", "label": ">= 2 estati"}, "geometry": {"type": "Polygon", "coordinates": [[[11.39311847048287, 44.46574687312242], [11.393129501834519, 44.46601672033425], [11.393506322412469, 44.466008819933265], [11.393473223622463, 44.465199278474664], [11.39271959270953, 44.46521507759103], [11.392708563554464, 44.46494523026038], [11.392331749599052, 44.4649531278816], [11.39234277702124, 44.465222975286146], [11.39196596117843, 44.46523087173923], [11.39197698702223, 44.4655007192027], [11.392353804597946, 44.465492822675735], [11.392364832329173, 44.465762670050346], [11.39311847048287, 44.46574687312242]]]}}, {"type": "Feature", "properties": {"threshold": "ge_2", "source": "HistorySUHI", "period": "2013-2025", "hotspot_percentile": "top_10_pct", "label": ">= 2 estati"}, "geometry": {"type": "Polygon", "coordinates": [[[11.392153421536365, 44.46981827658278], [11.39177657607633, 44.4698261730499], [11.391787602813608, 44.47009602033282], [11.392164450006966, 44.47008812379181], [11.392197536346021, 44.4708976653291], [11.393328092599019, 44.47087396758726], [11.393339126888034, 44.47114381451466], [11.394092833750443, 44.47112800966078], [11.394081795994618, 44.47085816288128], [11.394458647460421, 44.47085025866485], [11.394447608125889, 44.47058041194435], [11.394824457703626, 44.470572506559634], [11.39479133542819, 44.469762966530205], [11.394414491050432, 44.469770871692994], [11.394392413773552, 44.46923117811724], [11.39213136505878, 44.46927858211983], [11.392153421536365, 44.46981827658278]]]}}, {"type": "Feature", "properties": {"threshold": "ge_2", "source": "HistorySUHI", "period": "2013-2025", "hotspot_percentile": "top_10_pct", "label": ">= 2 estati"}, "geometry": {"type": "Polygon", "coordinates": [[[11.391432805937129, 44.47064361030031], [11.391055954968039, 44.470651504504566], [11.391078002590604, 44.471191199261156], [11.391454857026515, 44.47118330490916], [11.391432805937129, 44.47064361030031]]]}}, {"type": "Feature", "properties": {"threshold": "ge_2", "source": "HistorySUHI", "period": "2013-2025", "hotspot_percentile": "top_10_pct", "label": ">= 2 estati"}, "geometry": {"type": "Polygon", "coordinates": [[[11.385092296777964, 44.472396733994], [11.384715432785098, 44.47240460752135], [11.38470443774887, 44.47213475895628], [11.384327575335494, 44.472142631167586], [11.384305589192321, 44.47160293384524], [11.383928730091961, 44.47161080466687], [11.383917738984941, 44.47134095590962], [11.383164023789178, 44.47135669367857], [11.383175011429199, 44.47162654258309], [11.382798151866846, 44.471634409677684], [11.382831110510097, 44.472443956522405], [11.383207975273105, 44.472436089206944], [11.383229951938944, 44.472975786881435], [11.383983687937432, 44.47296004822883], [11.383994679968618, 44.47322989689635], [11.384371549470467, 44.47322202563279], [11.384393537462307, 44.473761722775684], [11.384770410277445, 44.47375385012238], [11.384781406238176, 44.47402369859771], [11.384404531689325, 44.47403157132469], [11.384426520605572, 44.47457126837785], [11.384803398621917, 44.47456339550353], [11.384814395044934, 44.47483324393399], [11.385191274640963, 44.47482536974351], [11.385180276484164, 44.474555521386726], [11.385557154192288, 44.47454764602747], [11.385546154455856, 44.47427779772941], [11.38592303027608, 44.47426992120139], [11.385879025937005, 44.473190528154454], [11.385502157051548, 44.47319840438765], [11.385491158085811, 44.472928556014814], [11.385114290779851, 44.47293643093191], [11.385092296777964, 44.472396733994]]]}}, {"type": "Feature", "properties": {"threshold": "ge_2", "source": "HistorySUHI", "period": "2013-2025", "hotspot_percentile": "top_10_pct", "label": ">= 2 estati"}, "geometry": {"type": "Polygon", "coordinates": [[[11.38703164393152, 44.473706588111455], [11.38665477204129, 44.47371446821934], [11.386709796729704, 44.47506370860381], [11.388217318039928, 44.47503217924254], [11.38820630585865, 44.4747623314906], [11.387452548979658, 44.47477809850866], [11.387441540420225, 44.47450825059422], [11.387064663483073, 44.47451613216579], [11.38705365681165, 44.47424628416264], [11.387430532015056, 44.474238402664824], [11.387419523764155, 44.473968554720464], [11.387042650294466, 44.47397643614453], [11.38703164393152, 44.473706588111455]]]}}, {"type": "Feature", "properties": {"threshold": "ge_2", "source": "HistorySUHI", "period": "2013-2025", "hotspot_percentile": "top_10_pct", "label": ">= 2 estati"}, "geometry": {"type": "Polygon", "coordinates": [[[11.383694746708027, 44.475126707687075], [11.38370573823774, 44.47539655630862], [11.384082621763651, 44.475388685698285], [11.384071628500097, 44.475118837150376], [11.383694746708027, 44.475126707687075]]]}}, {"type": "Feature", "properties": {"threshold": "ge_2", "source": "HistorySUHI", "period": "2013-2025", "hotspot_percentile": "top_10_pct", "label": ">= 2 estati"}, "geometry": {"type": "Polygon", "coordinates": [[[11.393958812020571, 44.477072539697254], [11.393969851600573, 44.477342386206374], [11.394723637903557, 44.47732657546535], [11.394635297853165, 44.47516780415676], [11.39425841865003, 44.47517570955671], [11.394269458880936, 44.47544555609667], [11.393892577789298, 44.475453460328126], [11.393925694208791, 44.47626300008006], [11.393548807760936, 44.4762709032909], [11.393559845142937, 44.47654074991889], [11.39318295680651, 44.47654865196116], [11.393205028566685, 44.477088345320134], [11.393958812020571, 44.477072539697254]]]}}, {"type": "Feature", "properties": {"threshold": "ge_2", "source": "HistorySUHI", "period": "2013-2025", "hotspot_percentile": "top_10_pct", "label": ">= 2 estati"}, "geometry": {"type": "Polygon", "coordinates": [[[11.399301664316935, 44.47858083378228], [11.398924764431497, 44.4785887550553], [11.398935827482978, 44.478858600512034], [11.398558925708429, 44.47886652061657], [11.398581048808285, 44.4794062116333], [11.398957954051056, 44.479398291380534], [11.398946890689494, 44.47912844595376], [11.401585210907488, 44.47907296990973], [11.401574135562345, 44.478803124987124], [11.401951036095896, 44.47879519494171], [11.401906729331326, 44.47771581539821], [11.400776048073313, 44.477739600916316], [11.400787119329664, 44.47800944604725], [11.399279535211011, 44.47804114297214], [11.399301664316935, 44.47858083378228]]]}}, {"type": "Feature", "properties": {"threshold": "ge_2", "source": "HistorySUHI", "period": "2013-2025", "hotspot_percentile": "top_10_pct", "label": ">= 2 estati"}, "geometry": {"type": "Polygon", "coordinates": [[[11.38996729651418, 44.48093727026312], [11.38883654316722, 44.48096093892972], [11.388847560632897, 44.48123078626373], [11.388470640807396, 44.4812386734076], [11.38849267273322, 44.48177836817835], [11.388115749284582, 44.48178625422706], [11.388137778359098, 44.482325949085556], [11.39077626353848, 44.48227071961281], [11.390765236783016, 44.48200087270786], [11.391142160884835, 44.481992977885916], [11.391109076342524, 44.48118343730291], [11.390732157443821, 44.48119133190324], [11.390721131306483, 44.48092148493843], [11.390344213987582, 44.480929378222136], [11.390333189739069, 44.4806595311685], [11.389956273999976, 44.480667423135635], [11.38996729651418, 44.48093727026312]]]}}, {"type": "Feature", "properties": {"threshold": "ge_2", "source": "HistorySUHI", "period": "2013-2025", "hotspot_percentile": "top_10_pct", "label": ">= 2 estati"}, "geometry": {"type": "Polygon", "coordinates": [[[11.395742586415265, 44.483787064377765], [11.395365652028522, 44.483794974631], [11.39535460353116, 44.48352512870321], [11.395731536183368, 44.483517218524], [11.395720486106338, 44.48324737265524], [11.396474347477117, 44.48323154871642], [11.396463294085985, 44.482961702980774], [11.396840222804538, 44.4829537892212], [11.39685127793015, 44.4832236348828], [11.397228208228247, 44.48321571980637], [11.397217151368158, 44.482945874218835], [11.398347936129175, 44.48292212175497], [11.398336874220705, 44.48265227637474], [11.398713800429906, 44.48264435647532], [11.398702736942047, 44.4823745111542], [11.39907966126178, 44.48236659008613], [11.399046466525387, 44.48155705425527], [11.399423385486957, 44.481549132166826], [11.399401252969426, 44.48100944168629], [11.39902433747646, 44.48101736362647], [11.39901327318459, 44.48074751828959], [11.398636359270835, 44.48075543891296], [11.398625296868268, 44.480485593486975], [11.397117646600158, 44.48051726325707], [11.39712870206572, 44.4807871089794], [11.39637487253344, 44.48080293655641], [11.396385924685372, 44.48107278241187], [11.395632091064964, 44.481088605166136], [11.395643139903159, 44.48135845115469], [11.394889302194743, 44.48137426908609], [11.394900347719098, 44.481644115207686], [11.394523426898335, 44.48165202238328], [11.39454551494268, 44.482191714729545], [11.39416859049837, 44.48219962081035], [11.394179633018291, 44.482469467035], [11.393802706684799, 44.482477371947006], [11.393824788719995, 44.48301706449935], [11.393070928650978, 44.483032870890845], [11.39308196643168, 44.48330271729246], [11.392705034430618, 44.48331061869792], [11.392727106987024, 44.483850311604144], [11.392350171362205, 44.483858211914644], [11.392361206137839, 44.48412805841922], [11.391984268623782, 44.484135957560795], [11.392039436148519, 44.485485190228744], [11.392416382335854, 44.485477290717576], [11.392438453897707, 44.48601698353213], [11.392815403399855, 44.48600908263017], [11.392837479049966, 44.486548775236976], [11.393214431866985, 44.48654087294419], [11.393236511605567, 44.48708056534321], [11.393613467737522, 44.487072661659546], [11.393635551564783, 44.48761235385077], [11.394389470303901, 44.48759654245859], [11.394411561689896, 44.488136234294004], [11.395919411189556, 44.48810459600148], [11.395930464054583, 44.48837444160067], [11.396684391344932, 44.48835861484818], [11.396629111219939, 44.48700938744296], [11.397006065958228, 44.4870014725725], [11.396983951523278, 44.486461781653695], [11.396607000254603, 44.486469696376034], [11.396573834968672, 44.485660159663325], [11.396196888749298, 44.485668072920554], [11.396174782802735, 44.48512838155576], [11.395797839897833, 44.48513629342201], [11.395742586415265, 44.483787064377765]]]}}, {"type": "Feature", "properties": {"threshold": "ge_2", "source": "HistorySUHI", "period": "2013-2025", "hotspot_percentile": "top_10_pct", "label": ">= 2 estati"}, "geometry": {"type": "Polygon", "coordinates": [[[11.401086101907582, 44.485295258918285], [11.401097177509213, 44.485565103629646], [11.400720233150672, 44.48557303180175], [11.400742381350206, 44.4861127213279], [11.401119329178158, 44.486104793007414], [11.40114148146803, 44.48664448232525], [11.401518432610253, 44.48663655261345], [11.401529510722831, 44.48690639717567], [11.401906463444575, 44.486898466146705], [11.401884303905135, 44.48635877715567], [11.402261253002052, 44.48635084503221], [11.402250171730525, 44.48608100058844], [11.402627118937403, 44.48607306729628], [11.402604953390872, 44.48553337851226], [11.402228009653383, 44.485541311655936], [11.402205848197438, 44.485001622663496], [11.401828907773945, 44.48500955441584], [11.401839986689634, 44.4852793989938], [11.401086101907582, 44.485295258918285]]]}}, {"type": "Feature", "properties": {"threshold": "ge_2", "source": "HistorySUHI", "period": "2013-2025", "hotspot_percentile": "top_10_pct", "label": ">= 2 estati"}, "geometry": {"type": "Polygon", "coordinates": [[[11.407538524040563, 44.486239664796834], [11.407571841647004, 44.48704919491702], [11.407948793615988, 44.48704124392658], [11.407937685856757, 44.486771400642574], [11.408314635935298, 44.4867634484836], [11.408292417414405, 44.486223762019435], [11.407538524040563, 44.486239664796834]]]}}, {"type": "Feature", "properties": {"threshold": "ge_2", "source": "HistorySUHI", "period": "2013-2025", "hotspot_percentile": "top_10_pct", "label": ">= 2 estati"}, "geometry": {"type": "Polygon", "coordinates": [[[11.389067942375224, 44.48662772980168], [11.388690987857828, 44.486635618421815], [11.388713025960078, 44.487175312594054], [11.389089983947198, 44.48716742382629], [11.389112026137026, 44.48770711779104], [11.389488987439497, 44.4876992276326], [11.389511033717111, 44.48823892138982], [11.390641927107172, 44.488215243013265], [11.39063089868623, 44.48794539636372], [11.391007861105512, 44.48793750115932], [11.390985801257484, 44.48739780796308], [11.390231883204036, 44.48741359683333], [11.390198805000564, 44.486604056483465], [11.389821850946618, 44.48661194883251], [11.389810826922675, 44.48634210194543], [11.389056921820927, 44.48635788276694], [11.389067942375224, 44.48662772980168]]]}}, {"type": "Feature", "properties": {"threshold": "ge_2", "source": "HistorySUHI", "period": "2013-2025", "hotspot_percentile": "top_10_pct", "label": ">= 2 estati"}, "geometry": {"type": "Polygon", "coordinates": [[[11.385774397569175, 44.48912731125072], [11.386151368936073, 44.489119431910886], [11.386162377154456, 44.48938927938628], [11.38578540405247, 44.48939715879983], [11.385807417481862, 44.48993685385321], [11.3861843940541, 44.48992897429218], [11.386195402735364, 44.49019882172269], [11.386572380888463, 44.49019094084479], [11.386583391459208, 44.49046078818659], [11.386960371193165, 44.49045290599178], [11.38697138365344, 44.490722753244874], [11.388102327134717, 44.49069909898025], [11.388091309468843, 44.4904292519485], [11.388468288585258, 44.49042136478112], [11.388413193896561, 44.48907212976702], [11.388036223455755, 44.48908001656537], [11.388025206716376, 44.488810169443866], [11.387271268841666, 44.48882593916376], [11.38726025572675, 44.48855609187972], [11.385752385065373, 44.4885876161076], [11.385774397569175, 44.48912731125072]]]}}, {"type": "Feature", "properties": {"threshold": "ge_2", "source": "HistorySUHI", "period": "2013-2025", "hotspot_percentile": "top_10_pct", "label": ">= 2 estati"}, "geometry": {"type": "Polygon", "coordinates": [[[11.391484115954453, 44.49035822268911], [11.391861093679973, 44.4903503243335], [11.391872128697672, 44.49062017062666], [11.392626087155028, 44.49060437003821], [11.392615048666995, 44.49033452389291], [11.392992025928448, 44.49032662180793], [11.392936827133479, 44.48897739122656], [11.391428951861363, 44.48900899062923], [11.391451017034699, 44.489548683498086], [11.39107404435991, 44.489556580388864], [11.39109610668155, 44.49009627334564], [11.391473082826563, 44.49008837630707], [11.391484115954453, 44.49035822268911]]]}}, {"type": "Feature", "properties": {"threshold": "ge_2", "source": "HistorySUHI", "period": "2013-2025", "hotspot_percentile": "top_10_pct", "label": ">= 2 estati"}, "geometry": {"type": "Polygon", "coordinates": [[[11.388124362929744, 44.49123879299884], [11.387747378453243, 44.49124667914446], [11.38775839484713, 44.4915165262051], [11.3881353810589, 44.49150863998569], [11.38814639934249, 44.49177848695758], [11.388523387135118, 44.49177059942116], [11.388512367116238, 44.49150075252307], [11.388889353019117, 44.49149286381728], [11.388911396681943, 44.492032557450855], [11.389288385900937, 44.49202466735421], [11.389277362256973, 44.49175482061873], [11.389654349586149, 44.49174692935272], [11.389643324361408, 44.49147708267612], [11.389266338767516, 44.4914849738683], [11.389255315432566, 44.49121512710292], [11.388878331419429, 44.49122301697807], [11.388856288683485, 44.49068332325472], [11.388102327134717, 44.49069909898025], [11.388124362929744, 44.49123879299884]]]}}, {"type": "Feature", "properties": {"threshold": "ge_2", "source": "HistorySUHI", "period": "2013-2025", "hotspot_percentile": "top_10_pct", "label": ">= 2 estati"}, "geometry": {"type": "Polygon", "coordinates": [[[11.397571047764476, 44.491580925590505], [11.397194063685578, 44.491588842963324], [11.397205123770457, 44.49185868814563], [11.397582109584606, 44.49185077069872], [11.397571047764476, 44.491580925590505]]]}}, {"type": "Feature", "properties": {"threshold": "ge_2", "source": "HistorySUHI", "period": "2013-2025", "hotspot_percentile": "top_10_pct", "label": ">= 2 estati"}, "geometry": {"type": "Polygon", "coordinates": [[[11.399965826003376, 44.494771530219516], [11.399588822030648, 44.49477945594126], [11.39959989438917, 44.495049300499055], [11.399976900097425, 44.495041374703156], [11.399965826003376, 44.494771530219516]]]}}, {"type": "Feature", "properties": {"threshold": "ge_2", "source": "HistorySUHI", "period": "2013-2025", "hotspot_percentile": "top_10_pct", "label": ">= 2 estati"}, "geometry": {"type": "Polygon", "coordinates": [[[11.39631741194468, 44.49781902813704], [11.395940387328663, 44.49782694224031], [11.395951444036408, 44.4980967873744], [11.396328470388246, 44.49808887319708], [11.39631741194468, 44.49781902813704]]]}}, {"type": "Feature", "properties": {"threshold": "ge_2", "source": "HistorySUHI", "period": "2013-2025", "hotspot_percentile": "top_10_pct", "label": ">= 2 estati"}, "geometry": {"type": "Polygon", "coordinates": [[[11.410023656164471, 44.50077139994427], [11.410012533518241, 44.50050155772306], [11.41038957147719, 44.50049359679408], [11.4103784472509, 44.50022375463235], [11.409624374649033, 44.500239675097845], [11.409657737379744, 44.501049201984934], [11.41078886167258, 44.501025318750976], [11.410777735398414, 44.500755476693776], [11.410023656164471, 44.50077139994427]]]}}, {"type": "Feature", "properties": {"threshold": "ge_2", "source": "HistorySUHI", "period": "2013-2025", "hotspot_percentile": "top_10_pct", "label": ">= 2 estati"}, "geometry": {"type": "Polygon", "coordinates": [[[11.39079257040034, 44.510358416287524], [11.390737383794717, 44.50900918828784], [11.389228989734145, 44.50904076977352], [11.389262080390676, 44.50985030750483], [11.389639184348495, 44.509842413777726], [11.389672281607636, 44.510651951152724], [11.390426499481032, 44.51063615952329], [11.390415463432685, 44.51036631389435], [11.39079257040034, 44.510358416287524]]]}}, {"type": "Feature", "properties": {"threshold": "ge_2", "source": "HistorySUHI", "period": "2013-2025", "hotspot_percentile": "top_10_pct", "label": ">= 2 estati"}, "geometry": {"type": "Polygon", "coordinates": [[[11.391923890374782, 44.510334716003065], [11.393055208955928, 44.51031100452267], [11.393077305525125, 44.51085069473046], [11.394585742027267, 44.51081906141544], [11.394574686717297, 44.51054921661505], [11.394951793718452, 44.51054130525032], [11.394929680089575, 44.51000161575266], [11.393044160903655, 44.51004115939633], [11.393033113006265, 44.509771314255005], [11.392656010441257, 44.50977921917785], [11.392644964435638, 44.509509373947594], [11.391890762314874, 44.509525179913474], [11.391923890374782, 44.510334716003065]]]}}, {"type": "Feature", "properties": {"threshold": "ge_2", "source": "HistorySUHI", "period": "2013-2025", "hotspot_percentile": "top_10_pct", "label": ">= 2 estati"}, "geometry": {"type": "Polygon", "coordinates": [[[11.390060425087736, 44.51091390164787], [11.388929092370587, 44.51093758371558], [11.38901733197732, 44.513096350452514], [11.389394456934687, 44.51308845708308], [11.389405489318627, 44.513358302784006], [11.390159742243798, 44.513342512165046], [11.390137670681714, 44.512802821043785], [11.390514793437806, 44.5127949240159], [11.390503756151656, 44.51252507850672], [11.390880877015837, 44.51251718030865], [11.390836722470103, 44.51143779841783], [11.390459608554378, 44.51144569632028], [11.390448572041874, 44.51117585073625], [11.390071459708485, 44.511183747320764], [11.390060425087736, 44.51091390164787]]]}}, {"type": "Feature", "properties": {"threshold": "ge_2", "source": "HistorySUHI", "period": "2013-2025", "hotspot_percentile": "top_10_pct", "label": ">= 2 estati"}, "geometry": {"type": "Polygon", "coordinates": [[[11.385623200405014, 44.51316733479183], [11.386000326753289, 44.513159452619526], [11.385989310159, 44.51288960623932], [11.386366434615596, 44.51288172289665], [11.386355416438544, 44.51261187657524], [11.385978293719154, 44.51261975984414], [11.385967277433753, 44.512349913434015], [11.385213035006041, 44.51236567609199], [11.385235060782493, 44.5129053691923], [11.385612185547956, 44.51289748833786], [11.385623200405014, 44.51316733479183]]]}}, {"type": "Feature", "properties": {"threshold": "ge_2", "source": "HistorySUHI", "period": "2013-2025", "hotspot_percentile": "top_10_pct", "label": ">= 2 estati"}, "geometry": {"type": "Polygon", "coordinates": [[[11.400574869991946, 44.518795562907044], [11.400608129002512, 44.51960509253451], [11.400985292745474, 44.51959715998669], [11.400963116440877, 44.51905747373181], [11.40134027655293, 44.51904954008809], [11.401329186896131, 44.518779697012434], [11.401706345115018, 44.518771762198625], [11.401695253876035, 44.51850191918221], [11.401318097394807, 44.51850985392176], [11.401307008048963, 44.51824001081611], [11.400175542885448, 44.5182638073462], [11.400197711306696, 44.51880349398786], [11.400574869991946, 44.518795562907044]]]}}, {"type": "Feature", "properties": {"threshold": "ge_2", "source": "HistorySUHI", "period": "2013-2025", "hotspot_percentile": "top_10_pct", "label": ">= 2 estati"}, "geometry": {"type": "Polygon", "coordinates": [[[11.390468809104105, 44.520898181576165], [11.390479849450394, 44.52116802669524], [11.390857026071046, 44.521160127376255], [11.390845983986827, 44.5208902823311], [11.390468809104105, 44.520898181576165]]]}}, {"type": "Feature", "properties": {"threshold": "ge_2", "source": "HistorySUHI", "period": "2013-2025", "hotspot_percentile": "top_10_pct", "label": ">= 2 estati"}, "geometry": {"type": "Polygon", "coordinates": [[[11.387649904097216, 44.525818551226656], [11.387272696535343, 44.52582644060035], [11.387283724022893, 44.52609628611481], [11.387660933323158, 44.5260883966673], [11.387649904097216, 44.525818551226656]]]}}, {"type": "Feature", "properties": {"threshold": "ge_2", "source": "HistorySUHI", "period": "2013-2025", "hotspot_percentile": "top_10_pct", "label": ">= 2 estati"}, "geometry": {"type": "Polygon", "coordinates": [[[11.395604424796462, 44.52646211848024], [11.396358843379588, 44.52644628327879], [11.396347773860931, 44.52617643956928], [11.396724981181311, 44.52616852017565], [11.39670283913294, 44.5256288328599], [11.396325635289243, 44.52563675210533], [11.396314566236207, 44.52536690835088], [11.395937363975614, 44.52537482627758], [11.395948431290341, 44.52564467010612], [11.395571227136262, 44.52565258686225], [11.395604424796462, 44.52646211848024]]]}}, {"type": "Feature", "properties": {"threshold": "ge_2", "source": "HistorySUHI", "period": "2013-2025", "hotspot_percentile": "top_10_pct", "label": ">= 2 estati"}, "geometry": {"type": "Polygon", "coordinates": [[[11.38804917358778, 44.52635035132695], [11.387671962703747, 44.526358242092975], [11.387682992238986, 44.526628087503695], [11.388060204861457, 44.52662019666382], [11.38804917358778, 44.52635035132695]]]}}, {"type": "Feature", "properties": {"threshold": "ge_2", "source": "HistorySUHI", "period": "2013-2025", "hotspot_percentile": "top_10_pct", "label": ">= 2 estati"}, "geometry": {"type": "Polygon", "coordinates": [[[11.395293604351181, 44.52808909748991], [11.395282539116803, 44.52781925364802], [11.394905320745039, 44.527827168507365], [11.394916384240883, 44.5280970124233], [11.394539163975454, 44.52810492611195], [11.394561287955385, 44.52864461404701], [11.395692958717683, 44.52862086880245], [11.395670824306325, 44.52808118131177], [11.395293604351181, 44.52808909748991]]]}}, {"type": "Feature", "properties": {"threshold": "ge_2", "source": "HistorySUHI", "period": "2013-2025", "hotspot_percentile": "top_10_pct", "label": ">= 2 estati"}, "geometry": {"type": "Polygon", "coordinates": [[[11.393440672803873, 44.52893819225575], [11.39346278728257, 44.52947788054514], [11.393840016706331, 44.52946997022067], [11.393817898750326, 44.528930282079315], [11.393440672803873, 44.52893819225575]]]}}, {"type": "Feature", "properties": {"threshold": "ge_2", "source": "HistorySUHI", "period": "2013-2025", "hotspot_percentile": "top_10_pct", "label": ">= 2 estati"}, "geometry": {"type": "Polygon", "coordinates": [[[11.400530159015348, 44.536081369455374], [11.40015288875764, 44.536089302797116], [11.400141797996524, 44.535819460294505], [11.399764529322523, 44.535827392316946], [11.399686910523132, 44.53393849385943], [11.400064167023185, 44.533930562356524], [11.400030898938656, 44.53312103444401], [11.399653647655642, 44.53312896572425], [11.39957603973957, 44.531240066217684], [11.39995327885034, 44.53123213545691], [11.39996436696793, 44.531501978214315], [11.400341607662039, 44.53149404613444], [11.40036378784137, 44.53203373145585], [11.400741031857674, 44.532025797982634], [11.400774308509735, 44.5328353256296], [11.40115155758723, 44.532827390688745], [11.401162651854621, 44.53309723313351], [11.40078540103817, 44.53310516814864], [11.40079649372215, 44.533375010652655], [11.401173746277584, 44.533367075563284], [11.401240316082454, 44.53498612982717], [11.401617578916698, 44.53497819304726], [11.401628676167865, 44.53524803529784], [11.402005940585644, 44.53524009719862], [11.402039238490437, 44.5360496236376], [11.402416507970152, 44.53604168407046], [11.402427609322281, 44.53631152611252], [11.403182151293146, 44.53629564309441], [11.403171046462544, 44.53602580120098], [11.404680121578492, 44.53599402052118], [11.40466900994679, 44.53572417891014], [11.405423543091564, 44.535708281248596], [11.405412428137332, 44.535438439771305], [11.406166957180318, 44.535422537278386], [11.406133602818063, 44.53461301320295], [11.405756343591865, 44.53462096484871], [11.40574522752199, 44.53435112338585], [11.405367969878984, 44.53435907371221], [11.405356855704031, 44.53408923215995], [11.404979599644225, 44.53409718116694], [11.404968487364142, 44.5338273395253], [11.404591232887542, 44.533835287212945], [11.40456901227282, 44.53329560373593], [11.404191761118412, 44.5333035500299], [11.404180652783696, 44.533033708194544], [11.403803403212478, 44.533041653169214], [11.403792296772462, 44.53277181124451], [11.403415048784447, 44.53277975489991], [11.403392839849426, 44.53224007085689], [11.403015595183506, 44.532248013118725], [11.403004492688426, 44.5319781710004], [11.402627249605693, 44.53198611194302], [11.4026383503619, 44.53225595413565], [11.40226110538464, 44.53226389390767], [11.402227808799525, 44.531454367061926], [11.401850568883184, 44.53146230536619], [11.401828375415494, 44.530922620578856], [11.401073902071207, 44.5309384931557], [11.401062809048275, 44.53066865059102], [11.400308338559324, 44.530684518039955], [11.400297249169416, 44.53041467531181], [11.399920015430425, 44.530422607094785], [11.399908927934732, 44.53015276427744], [11.399531695778993, 44.53016069474136], [11.399509524731373, 44.5296210089133], [11.39988675340974, 44.529613078597784], [11.3998645795066, 44.52907339285819], [11.399487354305505, 44.52908132302529], [11.399476269325719, 44.5288114800588], [11.399099045707795, 44.52881940890694], [11.399087962622017, 44.52854956585128], [11.39833351839714, 44.52856541966487], [11.398322438943882, 44.528295576445885], [11.39794521833696, 44.528303501411386], [11.397956296051657, 44.52857334470455], [11.397579073550844, 44.528581268499444], [11.397601225969026, 44.52912095518908], [11.3972239998357, 44.52912887788749], [11.39724614939782, 44.529668564665485], [11.39762337900845, 44.5296606418188], [11.397634455761136, 44.529930485111194], [11.398011686955135, 44.529922560945565], [11.39802276560185, 44.53019240414881], [11.398399998379215, 44.5301844786642], [11.398422159616173, 44.53072416487744], [11.398799395715653, 44.53071623799965], [11.398821561051692, 44.5312559240046], [11.398444321474633, 44.531263851030744], [11.398477565427681, 44.532073380148304], [11.39810032047868, 44.53208130615207], [11.398111400368235, 44.53235114923547], [11.396225164598706, 44.53239076095119], [11.396214093403703, 44.532120917497146], [11.393573368979228, 44.532176321093544], [11.393584428001747, 44.53244616506603], [11.392452681419298, 44.53246989101257], [11.392474789495711, 44.53300957935663], [11.391720284043098, 44.53302539072549], [11.391731334835777, 44.53329523502301], [11.390976825285282, 44.5333110415599], [11.390932636956212, 44.532231663688364], [11.391309884852971, 44.5322237613382], [11.391254644232513, 44.530874539031664], [11.391631883279961, 44.53086663580633], [11.391543492432822, 44.528707879928994], [11.391920717415605, 44.52869997605047], [11.391942817675124, 44.52923966496172], [11.392697274130402, 44.529223853174436], [11.392708327969931, 44.52949369745964], [11.39308555770376, 44.52948578962479], [11.393052391434212, 44.52867625694624], [11.392675166916325, 44.52868416455911], [11.392642007257624, 44.5278746315238], [11.393019226559788, 44.52786672413291], [11.39299711741854, 44.52732703551584], [11.393374333088676, 44.52731912702821], [11.39334116532395, 44.52650959421228], [11.392586744259384, 44.52652540949882], [11.392575692124652, 44.526255565048906], [11.391821273917028, 44.52627137520875], [11.391777080834508, 44.52519199666761], [11.390645473221504, 44.52521570168498], [11.390634430553026, 44.52494585679045], [11.391388832306648, 44.52493005483804], [11.39136674048115, 44.524390365299794], [11.39098954315828, 44.524398266750445], [11.390978499216065, 44.524128421884924], [11.391355694800714, 44.52412052050821], [11.391322558688627, 44.52331098604366], [11.390945368318492, 44.52331888719856], [11.390934324995651, 44.52304904227317], [11.390557136208802, 44.52305694210959], [11.390546094778898, 44.5227870970953], [11.39016890757534, 44.522794995613275], [11.39017994726714, 44.52306484070148], [11.389802758170688, 44.52307273804882], [11.389835872960363, 44.523882273445274], [11.389458678494675, 44.52389016976973], [11.389436605289799, 44.52335047937261], [11.38905941414571, 44.52335837430472], [11.389070448932616, 44.52362821958465], [11.388316062703977, 44.52364400586291], [11.388338125789149, 44.5241836966733], [11.38909251897059, 44.52416791009959], [11.389103554221666, 44.524437755334624], [11.389857950260668, 44.52442196363476], [11.389902106718623, 44.525501343834094], [11.390279311459123, 44.52549344582163], [11.39030139409354, 44.5260331356837], [11.391055810063516, 44.52601733562914], [11.391066855089738, 44.52628718038988], [11.39144406458083, 44.526279278421654], [11.391455111500333, 44.52654912309346], [11.391832322574944, 44.526541219806596], [11.39185442035554, 44.527080908957394], [11.39147720580403, 44.527088812392165], [11.39153244427408, 44.52843803537694], [11.391155220874989, 44.528445937936716], [11.391133128499392, 44.52790624863983], [11.39000146780435, 44.52792994840697], [11.390023549748479, 44.52846963814739], [11.390400773612164, 44.52846173932195], [11.39042285965282, 44.52900142885468], [11.389668404816108, 44.529017225556416], [11.38967944459137, 44.52928707044813], [11.389302215202132, 44.52929496700568], [11.389280139283727, 44.528755277059496], [11.38890291321704, 44.52876317222448], [11.388880841394943, 44.52822348207065], [11.38850361865074, 44.528231375843106], [11.38848155092474, 44.527691685481685], [11.388104331502959, 44.527699577861654], [11.38807123628981, 44.52689004198572], [11.385430732516378, 44.52694525224253], [11.385441751929946, 44.52721509806609], [11.384687317412435, 44.527230861370164], [11.384698333503454, 44.527500707326276], [11.385075552577986, 44.52749282622287], [11.385086570562025, 44.527762672090276], [11.385463791220621, 44.52775478966836], [11.3855188921514, 44.52910401841218], [11.385141662799668, 44.5291119012029], [11.385163700776245, 44.529651592743235], [11.3855409336054, 44.52964370980499], [11.385607061676332, 44.53126278362435], [11.385984304783792, 44.5312548989986], [11.386006352188291, 44.53179459000446], [11.386383598618979, 44.531786703986214], [11.386394624292034, 44.53205654939293], [11.386771872307051, 44.53204866205592], [11.386793927594931, 44.53258835267682], [11.387171178933258, 44.532580463947255], [11.387193238317721, 44.533120154360674], [11.387570492979416, 44.53311226423848], [11.387581524642698, 44.53338210934891], [11.387204268241952, 44.53338999954494], [11.387215298320854, 44.53365984471423], [11.38683804002636, 44.53366773373908], [11.386849068520826, 44.53393757896724], [11.386471808332582, 44.53394546682088], [11.38648283524257, 44.53421531210789], [11.386860097169947, 44.53420742418044], [11.386882154932145, 44.534747114561924], [11.388013950221229, 44.53472344286635], [11.388036019037317, 44.535263132744966], [11.388413287302658, 44.53525523954194], [11.388424323682047, 44.53552508438495], [11.388801593531864, 44.53551718986297], [11.388746404486552, 44.53416796586765], [11.390255447554043, 44.534136376806885], [11.390266492010085, 44.5344062213403], [11.390643754128966, 44.53439832088862], [11.390654800479036, 44.53466816533312], [11.391786591123635, 44.53464445628603], [11.391797642846118, 44.53491430049372], [11.39217490782357, 44.53490639491396], [11.392185961440221, 44.5351762390327], [11.392940494408464, 44.53516042399004], [11.392951551658543, 44.53543026794583], [11.393328819649303, 44.53542235848289], [11.393339878793668, 44.53569220234969], [11.394094417788384, 44.53567637954055], [11.394083355165565, 44.53540653582182], [11.395592424336357, 44.53537487555886], [11.39557028564264, 44.534835188668964], [11.39594754906898, 44.53482727063875], [11.395958620077392, 44.5350971140171], [11.39671314994264, 44.535081274073335], [11.396724224584666, 44.53535111728847], [11.395969691241051, 44.535366957380454], [11.396002905663536, 44.53617648738067], [11.396380177630686, 44.536168567734904], [11.396391251154641, 44.53643841096425], [11.396768524705791, 44.536430489999255], [11.396779600124336, 44.536700333139486], [11.397156875259478, 44.53669241085527], [11.397167952572662, 44.53696225390639], [11.396790675698195, 44.53697017626476], [11.396812827311859, 44.53750986247032], [11.396435546803344, 44.537517783731786], [11.396457695559459, 44.538057470025684], [11.3968349795468, 44.538049548615966], [11.396846055897257, 44.53831939166633], [11.397600626884833, 44.53830354496308], [11.397589547055482, 44.53803370206102], [11.397966830576776, 44.53802577691578], [11.39794466790538, 44.53748609121501], [11.401340181292118, 44.537414710211216], [11.4013290845353, 44.53714486800629], [11.400951807631575, 44.537152804135225], [11.400929618063383, 44.536613119531864], [11.400552344482698, 44.53662105426719], [11.400530159015348, 44.536081369455374]], [[11.387382978369178, 44.5285248950716], [11.387405036591614, 44.52906458578629], [11.387027808012776, 44.529072474801104], [11.387005753267639, 44.52853278393877], [11.387382978369178, 44.5285248950716]], [[11.387738142235017, 44.527977314332766], [11.387749172698209, 44.528247159653695], [11.386994726127005, 44.52826293848516], [11.386983699140991, 44.5279930930166], [11.387738142235017, 44.527977314332766]]]}}, {"type": "Feature", "properties": {"threshold": "ge_2", "source": "HistorySUHI", "period": "2013-2025", "hotspot_percentile": "top_10_pct", "label": ">= 2 estati"}, "geometry": {"type": "Polygon", "coordinates": [[[11.409828243383958, 44.53264454344888], [11.409450997890653, 44.53265250702295], [11.409462130414427, 44.53292234783129], [11.409839377646628, 44.53291438418269], [11.409828243383958, 44.53264454344888]]]}}, {"type": "Feature", "properties": {"threshold": "ge_2", "source": "HistorySUHI", "period": "2013-2025", "hotspot_percentile": "top_10_pct", "label": ">= 2 estati"}, "geometry": {"type": "Polygon", "coordinates": [[[11.389178863226897, 44.53550929409592], [11.388801593531864, 44.53551718986297], [11.388823670233485, 44.53605687935635], [11.389200943407062, 44.53604898344152], [11.389178863226897, 44.53550929409592]]]}}, {"type": "Feature", "properties": {"threshold": "ge_2", "source": "HistorySUHI", "period": "2013-2025", "hotspot_percentile": "top_10_pct", "label": ">= 2 estati"}, "geometry": {"type": "Polygon", "coordinates": [[[11.401728558431376, 44.53767661487855], [11.40248311841809, 44.53766073609789], [11.402472016287566, 44.5373908941308], [11.401717459779578, 44.53740677276288], [11.401728558431376, 44.53767661487855]]]}}, {"type": "Feature", "properties": {"threshold": "ge_2", "source": "HistorySUHI", "period": "2013-2025", "hotspot_percentile": "top_10_pct", "label": ">= 2 estati"}, "geometry": {"type": "Polygon", "coordinates": [[[11.40286039817793, 44.53765279483986], [11.40248311841809, 44.53766073609789], [11.402494220704305, 44.537930578049995], [11.402871502203528, 44.53792263671765], [11.40286039817793, 44.53765279483986]]]}}, {"type": "Feature", "properties": {"threshold": "ge_2", "source": "HistorySUHI", "period": "2013-2025", "hotspot_percentile": "top_10_pct", "label": ">= 2 estati"}, "geometry": {"type": "Polygon", "coordinates": [[[11.385970865535139, 44.54016768000325], [11.385593564876762, 44.5401755658188], [11.385604590124784, 44.54044541098306], [11.386359194766294, 44.54042963795906], [11.386348166038879, 44.54015979294238], [11.388234666237167, 44.54012033895873], [11.388212591849816, 44.53958064961889], [11.387080702632886, 44.539604325301866], [11.387058639302246, 44.53906463545908], [11.38668134606637, 44.53907252471522], [11.386692375914748, 44.53934236971793], [11.385937785499799, 44.53935814464209], [11.385970865535139, 44.54016768000325]]]}}, {"type": "Feature", "properties": {"threshold": "ge_2", "source": "HistorySUHI", "period": "2013-2025", "hotspot_percentile": "top_10_pct", "label": ">= 2 estati"}, "geometry": {"type": "Polygon", "coordinates": [[[11.391208854681336, 44.53897777145557], [11.390831563148497, 44.53898567440934], [11.390820514319692, 44.53871583020435], [11.390443224371454, 44.53872373183895], [11.390454271460717, 44.53899357611788], [11.388945103160642, 44.5390251704997], [11.388967183887251, 44.539564859603914], [11.38934447967374, 44.53955696272853], [11.389388649943548, 44.54063634046176], [11.389765952533821, 44.54062844204549], [11.389754907994389, 44.54035859770853], [11.390132208690083, 44.54035069812088], [11.390110116596553, 44.539811009549915], [11.390487413658033, 44.539803108864824], [11.390476366104004, 44.53953326463081], [11.39085366127094, 44.5395253627744], [11.390842612132246, 44.53925551859936], [11.391219905404649, 44.53924761557163], [11.391208854681336, 44.53897777145557]]]}}, {"type": "Feature", "properties": {"threshold": "ge_2", "source": "HistorySUHI", "period": "2013-2025", "hotspot_percentile": "top_10_pct", "label": ">= 2 estati"}, "geometry": {"type": "Polygon", "coordinates": [[[11.394648737948616, 44.53998596254646], [11.395403331674114, 44.539970129896616], [11.395392261350057, 44.53970028663973], [11.395769556240344, 44.53969236852101], [11.395802772897145, 44.54050189802448], [11.396180072851044, 44.5404939784382], [11.396168998737188, 44.54022413535946], [11.396546296796139, 44.540216214602005], [11.396513070167543, 44.53940668549824], [11.39575848433195, 44.53942252532322], [11.39574741257882, 44.53915268211046], [11.394992829601279, 44.539168516806306], [11.395014966304526, 44.53970820351321], [11.394637671103775, 44.539716119141424], [11.394648737948616, 44.53998596254646]]]}}, {"type": "Feature", "properties": {"threshold": "ge_2", "source": "HistorySUHI", "period": "2013-2025", "hotspot_percentile": "top_10_pct", "label": ">= 2 estati"}, "geometry": {"type": "Polygon", "coordinates": [[[11.408608621175214, 44.53969225222705], [11.40859748996656, 44.53942241157033], [11.407842910615422, 44.539438331237946], [11.407865166230716, 44.53997801283436], [11.408242459463379, 44.5399700534742], [11.40825358924467, 44.54023989417543], [11.409008178720867, 44.54022397157044], [11.408985912356162, 44.53968429045094], [11.408608621175214, 44.53969225222705]]]}}, {"type": "Feature", "properties": {"threshold": "ge_2", "source": "HistorySUHI", "period": "2013-2025", "hotspot_percentile": "top_10_pct", "label": ">= 2 estati"}, "geometry": {"type": "Polygon", "coordinates": [[[11.408264719182036, 44.540509734861665], [11.408286979525021, 44.541049416189104], [11.408664279560009, 44.54104145528576], [11.408642015737776, 44.54050177410729], [11.408264719182036, 44.540509734861665]]]}}, {"type": "Feature", "properties": {"threshold": "ge_2", "source": "HistorySUHI", "period": "2013-2025", "hotspot_percentile": "top_10_pct", "label": ">= 2 estati"}, "geometry": {"type": "Polygon", "coordinates": [[[11.393216972183005, 44.5419065183921], [11.392839662288857, 44.54191442838615], [11.392845869410053, 44.54206587911379], [11.392878717431232, 44.54205467118741], [11.393636208680768, 44.54179997072378], [11.393676463240094, 44.5417864330498], [11.393810706180759, 44.54174085596041], [11.394184416504684, 44.541616151613816], [11.393205911210877, 44.541636674795726], [11.393216972183005, 44.5419065183921]]]}}, {"type": "Feature", "properties": {"threshold": "ge_2", "source": "HistorySUHI", "period": "2013-2025", "hotspot_percentile": "top_10_pct", "label": ">= 2 estati"}, "geometry": {"type": "Polygon", "coordinates": [[[11.392096097943089, 44.542200088441604], [11.392101012138744, 44.54232002853172], [11.392475858383564, 44.542192128921144], [11.392096097943089, 44.542200088441604]]]}}, {"type": "Feature", "properties": {"threshold": "ge_2", "source": "HistorySUHI", "period": "2013-2025", "hotspot_percentile": "top_10_pct", "label": ">= 2 estati"}, "geometry": {"type": "Polygon", "coordinates": [[[11.39135252617283, 44.54248574379656], [11.391355921830652, 44.54256864611559], [11.39162160494286, 44.54248010584275], [11.39135252617283, 44.54248574379656]]]}}, {"type": "Feature", "properties": {"threshold": "ge_2", "source": "HistorySUHI", "period": "2013-2025", "hotspot_percentile": "top_10_pct", "label": ">= 2 estati"}, "geometry": {"type": "Polygon", "coordinates": [[[11.398121986682291, 44.541803575143], [11.39510351932648, 44.541866949741625], [11.395092449655424, 44.541597106515496], [11.394590013676982, 44.541607644613805], [11.394862548583987, 44.54204364867492], [11.395202466095787, 44.542603206962845], [11.395445171942196, 44.54297836217492], [11.395494276818694, 44.543034479642884], [11.395504753588112, 44.54303088383576], [11.396031581472567, 44.54285158765741], [11.39675685995851, 44.54260003634729], [11.397131526818704, 44.54247063493683], [11.397757749789896, 44.542259427085945], [11.397837901980493, 44.54223258137667], [11.397861743242187, 44.542224608467926], [11.397945466885826, 44.54219676039982], [11.398135540346242, 44.542133545274154], [11.398121986682291, 44.541803575143]]]}}, {"type": "Feature", "properties": {"threshold": "ge_2", "source": "HistorySUHI", "period": "2013-2025", "hotspot_percentile": "top_10_pct", "label": ">= 2 estati"}, "geometry": {"type": "Polygon", "coordinates": [[[11.411983993596888, 44.48425527567439], [11.413868655802085, 44.484215437444895], [11.413835254406369, 44.48340591067363], [11.413458327480685, 44.48341388058141], [11.41344719572859, 44.48314403821973], [11.411939493403679, 44.48317590512491], [11.411950618218112, 44.483445747784785], [11.412327545767683, 44.4834377828481], [11.412349799333196, 44.48397746797377], [11.411972868314713, 44.48398543305952], [11.411983993596888, 44.48425527567439]]]}}, {"type": "Feature", "properties": {"threshold": "ge_2", "source": "HistorySUHI", "period": "2013-2025", "hotspot_percentile": "top_10_pct", "label": ">= 2 estati"}, "geometry": {"type": "Polygon", "coordinates": [[[11.421075005780795, 44.485143131956136], [11.420698069682697, 44.48515112599989], [11.420709235639936, 44.48542096682244], [11.42108617347259, 44.48541297270387], [11.421075005780795, 44.485143131956136]]]}}, {"type": "Feature", "properties": {"threshold": "ge_2", "source": "HistorySUHI", "period": "2013-2025", "hotspot_percentile": "top_10_pct", "label": ">= 2 estati"}, "geometry": {"type": "Polygon", "coordinates": [[[11.416562909157719, 44.48550882009912], [11.41580902958364, 44.485524777265134], [11.415820173147631, 44.48579461904406], [11.415066289479622, 44.48581057138792], [11.415088570137534, 44.48635025519931], [11.41546551551892, 44.48634227949954], [11.415487800270776, 44.486881963101624], [11.416618645886066, 44.48685802809707], [11.416562909157719, 44.48550882009912]]]}}, {"type": "Feature", "properties": {"threshold": "ge_2", "source": "HistorySUHI", "period": "2013-2025", "hotspot_percentile": "top_10_pct", "label": ">= 2 estati"}, "geometry": {"type": "Polygon", "coordinates": [[[11.417017893366513, 44.4873897302211], [11.41702904322814, 44.48765957167094], [11.417405996502115, 44.48765158938326], [11.41741714825481, 44.487921430743405], [11.41817105780344, 44.487905462289824], [11.418159902581156, 44.487635621079114], [11.417782949619795, 44.48764360585267], [11.417771796288623, 44.48737376455223], [11.418148747515218, 44.4873657798534], [11.418092974530557, 44.48601657349955], [11.417716031977438, 44.486024557824805], [11.417749490095222, 44.4868340819063], [11.417372542181779, 44.486842065212805], [11.417394844905713, 44.487381748008126], [11.417017893366513, 44.4873897302211]]]}}, {"type": "Feature", "properties": {"threshold": "ge_2", "source": "HistorySUHI", "period": "2013-2025", "hotspot_percentile": "top_10_pct", "label": ">= 2 estati"}, "geometry": {"type": "Polygon", "coordinates": [[[11.42542267840507, 44.48991223178342], [11.425411488967722, 44.48964239211479], [11.425788452676226, 44.48963438188309], [11.425777261660794, 44.4893645422744], [11.42653118513742, 44.48934851823193], [11.426519990809073, 44.48907867875813], [11.426896950577179, 44.48907066494741], [11.426885754670872, 44.488800825533566], [11.426508796637616, 44.4888088392693], [11.42649760262305, 44.48853899976547], [11.42574368955556, 44.4885550233581], [11.425754880100463, 44.488824863011885], [11.425000962935947, 44.48884088178259], [11.424978588942281, 44.4883012021602], [11.424224678089919, 44.48831721565932], [11.424213494797856, 44.48804737567573], [11.423459586788143, 44.488063384053234], [11.423470766610606, 44.48833322418662], [11.423093810635903, 44.48834122658584], [11.423037921764198, 44.486992025394244], [11.422660974306616, 44.487000026176176], [11.422649798736929, 44.486730185817926], [11.422272852857407, 44.486738185282086], [11.422284026692408, 44.48700802571519], [11.421907078921597, 44.48701602401132], [11.421895906821286, 44.486746183503364], [11.421518960628587, 44.486754180481746], [11.421530130994205, 44.487024021064535], [11.421153182910258, 44.48703201687484], [11.421164351697714, 44.487301857517444], [11.42154130151638, 44.4872938616323], [11.421574814022257, 44.48810338324548], [11.421951768888663, 44.48809538589292], [11.421962941771897, 44.48836522632576], [11.42158598517068, 44.48837322375315], [11.421597156475668, 44.48864306424581], [11.421220197983038, 44.48865106050506], [11.421231367709733, 44.48892090105751], [11.419346564224508, 44.48896086408307], [11.419357725433265, 44.48923070499447], [11.418980762531932, 44.489238693945346], [11.41899192216219, 44.489508534916475], [11.418614957369519, 44.48951652269911], [11.418637273629328, 44.49005620474581], [11.418260305210328, 44.49006419143489], [11.418269935454362, 44.49029710950061], [11.420018140887594, 44.48972742337985], [11.424065489828449, 44.488957575054], [11.4240681126711, 44.488963812160335], [11.424073305114723, 44.48897621548275], [11.424249807290472, 44.48939751504036], [11.424465029557503, 44.48991121363488], [11.424465030676012, 44.48991124061887], [11.4245229605751, 44.49011912214656], [11.424551831337178, 44.49022275880973], [11.424609188907917, 44.49020353535114], [11.42464561740023, 44.490190950194894], [11.424661250550836, 44.49018580174998], [11.424781504270706, 44.49014504941542], [11.424823125432907, 44.49013091348588], [11.425431112237957, 44.489912052569146], [11.42542267840507, 44.48991223178342]]]}}, {"type": "Feature", "properties": {"threshold": "ge_2", "source": "HistorySUHI", "period": "2013-2025", "hotspot_percentile": "top_10_pct", "label": ">= 2 estati"}, "geometry": {"type": "Polygon", "coordinates": [[[11.417517521062715, 44.4903500023089], [11.417140550439674, 44.49035798534355], [11.41715170202041, 44.49062782662823], [11.416774729506033, 44.490635808494496], [11.416752429970918, 44.49009612576075], [11.416375460770332, 44.4901041062346], [11.416386608724732, 44.49037394768365], [11.416009637632879, 44.4903819269891], [11.415998491413502, 44.490112085465384], [11.41562152190045, 44.490120063453126], [11.4156326663848, 44.49038990505151], [11.414501751703472, 44.49041383178028], [11.414524030730366, 44.49095351537981], [11.414147055387494, 44.49096148861915], [11.414158193400025, 44.491231330471], [11.413404238775755, 44.49124727336959], [11.41342650832855, 44.491786957326646], [11.413049527312003, 44.491794927060425], [11.413060660587309, 44.49206476909104], [11.412683677679526, 44.49207273765624], [11.41269480937566, 44.49234257974639], [11.412317824576636, 44.49235054714301], [11.412328954693548, 44.49262038929272], [11.411951968003278, 44.49262835552073], [11.411974225234543, 44.49316803992419], [11.41272820540021, 44.49315210592681], [11.412717073235997, 44.49288226388168], [11.413094061349508, 44.49287429509276], [11.413082927606057, 44.49260445310718], [11.41459087155828, 44.492572565818136], [11.414602012242767, 44.492842407505336], [11.41497899957577, 44.49283443250053], [11.41499014215168, 44.49310427409808], [11.415367131063782, 44.493096297775466], [11.415355986752596, 44.49282645625255], [11.41610996063763, 44.492810500027105], [11.416121108419357, 44.493080341400706], [11.418383036735321, 44.49303244244012], [11.418371878542034, 44.49276260151474], [11.418633991342686, 44.49275704796469], [11.418414900433902, 44.49251247275814], [11.41842521866821, 44.49250924729087], [11.41844576828618, 44.49250282520132], [11.418580960669397, 44.49246056556956], [11.418557359021868, 44.492427855124106], [11.418557345339863, 44.492427828406264], [11.418483405270669, 44.49232535220002], [11.418482284627283, 44.49232380049185], [11.4184765723277, 44.49231583720267], [11.417892090819041, 44.49150238549327], [11.417892064199794, 44.491502350046794], [11.417275533108176, 44.49062083922748], [11.41727551942721, 44.49062081250945], [11.417525354029767, 44.49053951163057], [11.417517521062715, 44.4903500023089]]]}}, {"type": "Feature", "properties": {"threshold": "ge_2", "source": "HistorySUHI", "period": "2013-2025", "hotspot_percentile": "top_10_pct", "label": ">= 2 estati"}, "geometry": {"type": "Polygon", "coordinates": [[[11.41876002424074, 44.49302445492891], [11.418871420027836, 44.49302209396789], [11.418754530010043, 44.49289160749356], [11.41876002424074, 44.49302445492891]]]}}, {"type": "Feature", "properties": {"threshold": "ge_2", "source": "HistorySUHI", "period": "2013-2025", "hotspot_percentile": "top_10_pct", "label": ">= 2 estati"}, "geometry": {"type": "Polygon", "coordinates": [[[11.41915933538664, 44.49355614768128], [11.41934627700725, 44.493552185537936], [11.419150113326788, 44.49333320441758], [11.41915933538664, 44.49355614768128]]]}}, {"type": "Feature", "properties": {"threshold": "ge_2", "source": "HistorySUHI", "period": "2013-2025", "hotspot_percentile": "top_10_pct", "label": ">= 2 estati"}, "geometry": {"type": "Polygon", "coordinates": [[[11.414691143340267, 44.49500114046245], [11.4143141419682, 44.495009114821016], [11.41433642283326, 44.49554879805943], [11.414713427676299, 44.495540823551636], [11.414724570078578, 44.49581066507371], [11.416609600628215, 44.4957707735121], [11.416587298624812, 44.4952310911995], [11.416210296298381, 44.49523907184906], [11.416187998391054, 44.494699389327046], [11.415810999379254, 44.494707368583995], [11.415799852395406, 44.49443752722581], [11.415045857373945, 44.494453481860674], [11.415057000886959, 44.49472332336815], [11.414680001406508, 44.49473129889535], [11.414691143340267, 44.49500114046245]]]}}, {"type": "Feature", "properties": {"threshold": "ge_2", "source": "HistorySUHI", "period": "2013-2025", "hotspot_percentile": "top_10_pct", "label": ">= 2 estati"}, "geometry": {"type": "Polygon", "coordinates": [[[11.420734313894734, 44.495143221998696], [11.420745483908442, 44.495413062340276], [11.421008261382324, 44.4954074892293], [11.420770836449142, 44.49514244741449], [11.420734313894734, 44.495143221998696]]]}}, {"type": "Feature", "properties": {"threshold": "ge_2", "source": "HistorySUHI", "period": "2013-2025", "hotspot_percentile": "top_10_pct", "label": ">= 2 estati"}, "geometry": {"type": "Polygon", "coordinates": [[[11.42039081859327, 44.49596073752826], [11.420767824405559, 44.49595274297835], [11.420745483908442, 44.495413062340276], [11.420368481567136, 44.495421056740554], [11.42039081859327, 44.49596073752826]]]}}, {"type": "Feature", "properties": {"threshold": "ge_2", "source": "HistorySUHI", "period": "2013-2025", "hotspot_percentile": "top_10_pct", "label": ">= 2 estati"}, "geometry": {"type": "Polygon", "coordinates": [[[11.425519339503767, 44.510436030898724], [11.422502552387334, 44.51050009425785], [11.422513736539967, 44.51076993351853], [11.422890837215359, 44.51076192987743], [11.422935582341369, 44.51184128647033], [11.423312689807494, 44.511833281285675], [11.42333506678535, 44.51237295934214], [11.425597729130843, 44.51232490121159], [11.425586530141711, 44.51205506264056], [11.42596363824632, 44.512047048673175], [11.425907636971163, 44.51069785596749], [11.426284736234358, 44.51068984113112], [11.426273534713555, 44.510420002619874], [11.425896437187165, 44.51042801738126], [11.42588523756017, 44.51015817877999], [11.425508141613557, 44.51016619222247], [11.425519339503767, 44.510436030898724]]]}}, {"type": "Feature", "properties": {"threshold": "ge_2", "source": "HistorySUHI", "period": "2013-2025", "hotspot_percentile": "top_10_pct", "label": ">= 2 estati"}, "geometry": {"type": "Polygon", "coordinates": [[[11.417778855883473, 44.51492146935121], [11.41815598465109, 44.514913480760065], [11.41816715046585, 44.515183320678254], [11.41929854104112, 44.51515934721579], [11.41928737001462, 44.514889507521936], [11.419664498155944, 44.51488151395433], [11.419630980804518, 44.514071995007015], [11.418499611545505, 44.514095971304414], [11.418510778627835, 44.5143658111929], [11.418133653491182, 44.51437380087864], [11.41814481899287, 44.51464364082686], [11.41776769196248, 44.514651629343255], [11.417778855883473, 44.51492146935121]]]}}, {"type": "Feature", "properties": {"threshold": "ge_2", "source": "HistorySUHI", "period": "2013-2025", "hotspot_percentile": "top_10_pct", "label": ">= 2 estati"}, "geometry": {"type": "Polygon", "coordinates": [[[11.425709727657539, 44.515023286095136], [11.424955472761628, 44.515039311947454], [11.424966670003446, 44.515309150503086], [11.425720928373806, 44.51529312450081], [11.425709727657539, 44.515023286095136]]]}}, {"type": "Feature", "properties": {"threshold": "ge_2", "source": "HistorySUHI", "period": "2013-2025", "hotspot_percentile": "top_10_pct", "label": ">= 2 estati"}, "geometry": {"type": "Polygon", "coordinates": [[[11.419555517881106, 44.52136565602895], [11.419544343251841, 44.521095816680564], [11.419167174991145, 44.521103810724334], [11.41918952093072, 44.52164348955569], [11.419566692667045, 44.521635495362325], [11.419577867609663, 44.52190533468065], [11.41995504092716, 44.52189733916807], [11.41993268772293, 44.521357660666], [11.419555517881106, 44.52136565602895]]]}}, {"type": "Feature", "properties": {"threshold": "ge_2", "source": "HistorySUHI", "period": "2013-2025", "hotspot_percentile": "top_10_pct", "label": ">= 2 estati"}, "geometry": {"type": "Polygon", "coordinates": [[[11.403392568632189, 44.5230574919701], [11.403403669467338, 44.52332733443455], [11.403026482326842, 44.523335275488776], [11.403048680987876, 44.52387496052129], [11.403425871604572, 44.523867019318445], [11.403448074364405, 44.52440670414237], [11.40382526830174, 44.524398761546344], [11.403869682642163, 44.525478130717005], [11.40424688337668, 44.525470186579064], [11.404257989089283, 44.52574002875992], [11.405012393567697, 44.525724136601504], [11.405023502912607, 44.52599397861865], [11.40540070665647, 44.52598603059813], [11.405411817895466, 44.52625587252591], [11.405789023221853, 44.526247923186375], [11.405822363088712, 44.52705744865659], [11.40619957347436, 44.52704949784923], [11.406210688813374, 44.52731933956824], [11.405079051973738, 44.52734318847944], [11.405090162253297, 44.52761303040662], [11.403958518796294, 44.527636868338675], [11.403969624016234, 44.52790671047391], [11.40359240748064, 44.52791465403618], [11.403603511117792, 44.52818449623074], [11.403226292688007, 44.528192438622625], [11.403237394742328, 44.528462280876525], [11.401728512512626, 44.52849403829386], [11.401739607768395, 44.52876388082991], [11.401362385083413, 44.52877181714664], [11.40140676070778, 44.529851187438084], [11.401783990347253, 44.52984325082431], [11.401795086380927, 44.53011309328542], [11.40292677958177, 44.53008927575238], [11.402937880987144, 44.53035911797565], [11.405955736581332, 44.53029554918764], [11.405944621266451, 44.5300257075592], [11.406321850775935, 44.53001775593343], [11.406266267846311, 44.52866854793831], [11.40664348850691, 44.528660595439796], [11.406610135404055, 44.527851070686], [11.407364565826557, 44.52783516240134], [11.407375686848571, 44.52810500385208], [11.408507336528174, 44.52808113186645], [11.408485084209335, 44.527541449396715], [11.408862296980317, 44.5275334897277], [11.408840041808686, 44.526993807346926], [11.409217250946838, 44.526985846582214], [11.409206121856695, 44.526716005443795], [11.408828914456903, 44.52672396613402], [11.40881778726114, 44.526454124906124], [11.409194992922592, 44.5264461642904], [11.409183864144532, 44.52617632312198], [11.408429456142247, 44.52619224295983], [11.408418330996808, 44.52592240162747], [11.408041128499967, 44.52593035960497], [11.408018882153566, 44.52539067674627], [11.408396081173892, 44.52538271891768], [11.4083738319749, 44.52484303614791], [11.408751027362825, 44.52483507722367], [11.408728775311422, 44.52429539454284], [11.407597199108714, 44.524319267135056], [11.407574958109974, 44.523779583947466], [11.407197769206762, 44.523787538840224], [11.407186650679355, 44.52351769714949], [11.406432275881453, 44.52353360305258], [11.406421160986056, 44.52326376119802], [11.406043975091398, 44.523271712208384], [11.406032862089884, 44.523001870264416], [11.406410046246501, 44.52299391932844], [11.406398931662778, 44.522724077443876], [11.406776113925545, 44.52271612533783], [11.406753881749646, 44.522176441672514], [11.407131060380602, 44.52216848847082], [11.407108825352259, 44.52162880489436], [11.40748600035149, 44.52162085059707], [11.407474881333238, 44.521351008860776], [11.407852054438687, 44.52134305339348], [11.407796452996722, 44.5199938448592], [11.408173617257205, 44.51998588851975], [11.408162495698798, 44.51971604684234], [11.409671144230277, 44.51968420933883], [11.409682272739603, 44.51995405071832], [11.4100594362202, 44.51994608815706], [11.4100705666233, 44.52021592944705], [11.410824896591803, 44.52020000044241], [11.410847164817287, 44.52073968267925], [11.411224333042952, 44.5207317161613], [11.411235469127666, 44.52100155718266], [11.412366978081197, 44.52097764993877], [11.412378119535541, 44.52124749072143], [11.412000948302708, 44.5212554611217], [11.412034368389373, 44.52206498360335], [11.412411544835837, 44.52205701297933], [11.412422686915036, 44.522326853701955], [11.412045508730644, 44.52233482440055], [11.41209007165771, 44.52341418743928], [11.411712886365162, 44.52342215719172], [11.411735165289796, 44.5239618387702], [11.41211235405847, 44.523953868868595], [11.412134637084078, 44.52449355023787], [11.412511829172757, 44.52448557894259], [11.412534116299545, 44.52502526010265], [11.412156920734553, 44.52503323154713], [11.412168062794123, 44.525303072179234], [11.41179086533471, 44.52531104245372], [11.41181314644606, 44.52585072382208], [11.411058744105711, 44.52586666093558], [11.411069881419147, 44.52613650174636], [11.409938271522662, 44.526160398305606], [11.409949403777345, 44.52643023932501], [11.409572198428002, 44.52643820243002], [11.409583329100439, 44.52670804350892], [11.409960536188118, 44.5267000803294], [11.409982801477941, 44.52723976229317], [11.410737222138463, 44.52722383190207], [11.41073756947428, 44.52723224800513], [11.410809476126166, 44.52720872217076], [11.411429808824394, 44.52695535943545], [11.412510942247541, 44.526509386786536], [11.413052149350943, 44.526283011624436], [11.413972860174827, 44.52589555678048], [11.414388391986295, 44.525715225161335], [11.414404068029109, 44.52570842977009], [11.414420658135947, 44.525701218931204], [11.415052282927654, 44.5259878037281], [11.415737659423467, 44.52636318277994], [11.416146468250053, 44.52659601430847], [11.416427322485443, 44.526755571755], [11.416473785502165, 44.526784494573874], [11.416480143580706, 44.526788519145704], [11.416513684839126, 44.52680928912623], [11.417004969751206, 44.527113057957884], [11.417423995986981, 44.52736749966694], [11.417577213765957, 44.527461446056996], [11.417633469544308, 44.52749585959763], [11.418307129179212, 44.52790777846726], [11.419272161805514, 44.52849771905764], [11.419287117228512, 44.528511806137416], [11.419287181588029, 44.52851184078348], [11.419444647525683, 44.52866005976372], [11.419480075174373, 44.52865930889559], [11.419481546841883, 44.52869483751623], [11.41949071372473, 44.52870346694956], [11.419616204428749, 44.52892649877531], [11.420262802751376, 44.52891279016132], [11.420265058024363, 44.52885848638415], [11.420265358386086, 44.52875214212558], [11.420265780565419, 44.52875048571104], [11.420267988315276, 44.52871659838777], [11.42027645032672, 44.52870760549018], [11.420276482085281, 44.52870746077631], [11.420277462929073, 44.52870653072383], [11.420285345615744, 44.528698135273515], [11.420311332624282, 44.52866895621726], [11.42033291205619, 44.5286582357739], [11.420367382542508, 44.52864913251866], [11.420387126862343, 44.528646364200895], [11.420421214040928, 44.528641374211034], [11.420490010265615, 44.52863091288248], [11.420541737762527, 44.52862644004416], [11.420580346020746, 44.528616969902984], [11.420610573302044, 44.528607507649006], [11.420582368457445, 44.52792689727342], [11.42056252863997, 44.52791369189237], [11.420543765746677, 44.52789944264939], [11.420510966755044, 44.52787476902582], [11.420481880611344, 44.527851925199116], [11.420463415799658, 44.52783757959668], [11.420456277217268, 44.52782838513004], [11.420200967548114, 44.52783379872497], [11.420178607447754, 44.52729412088389], [11.420555815370584, 44.5272861226302], [11.42054463381721, 44.52701628376197], [11.420869320363693, 44.52700939812125], [11.42090213208018, 44.52696181819542], [11.420918905216316, 44.52693747443641], [11.420910656710024, 44.526738445530086], [11.420998329710883, 44.52673658596398], [11.420989202140934, 44.52663381876654], [11.420979053907358, 44.526529847685076], [11.420970370357042, 44.526443301448914], [11.42096250173361, 44.52633269215991], [11.420956993822344, 44.52625748477814], [11.420953798884552, 44.52622776315538], [11.420947230515214, 44.526169782105356], [11.420947738076162, 44.52614225059457], [11.420947817688482, 44.52613020351576], [11.42095063713106, 44.52610896075616], [11.420952676773101, 44.52609258690098], [11.420967097194735, 44.52607069298158], [11.420976337680571, 44.52605650706119], [11.421000674272449, 44.52601729800871], [11.421000875717338, 44.52601699665258], [11.421000994740602, 44.526016832082554], [11.42102232907793, 44.52598504177151], [11.421029650421387, 44.52597586594962], [11.421056542910566, 44.52594185115256], [11.421077172975037, 44.52591978950281], [11.421114231545001, 44.52587965340599], [11.421269566897681, 44.52573195793002], [11.421340804089528, 44.525653565199704], [11.421389741221146, 44.525601572772146], [11.421429672500787, 44.52551568776996], [11.421434809365268, 44.525504514685785], [11.421528868131533, 44.525307281390226], [11.421550405087144, 44.52525731956366], [11.421550897469695, 44.525256750961006], [11.421581286752447, 44.525186282611386], [11.421593020539486, 44.525153624558605], [11.42159514420301, 44.525119549923325], [11.421598185157716, 44.52488659882573], [11.421577093435292, 44.52481493596722], [11.421524424636639, 44.52465544805748], [11.42144527136444, 44.52452794979758], [11.421383504099843, 44.52442825161228], [11.421334420162797, 44.52433701681033], [11.421324601939524, 44.52431994920995], [11.421308237637872, 44.52429189332988], [11.421306882838932, 44.52428896023352], [11.421285200864512, 44.524248584645996], [11.421282867740894, 44.52423722792236], [11.421282757837606, 44.5242370051902], [11.42128277403643, 44.52423678878572], [11.421280470906016, 44.52422554845878], [11.421287673296181, 44.52414428283007], [11.421293727200643, 44.52408995914576], [11.421305605572208, 44.524018587143296], [11.421416708212114, 44.52402433265939], [11.42151423008882, 44.52402424444357], [11.421583513720883, 44.52401080127553], [11.421832738574015, 44.523933394509605], [11.421925666503991, 44.523902020632114], [11.42190802067506, 44.52347637583908], [11.42228520347948, 44.523468372410704], [11.422262827539063, 44.52292869498722], [11.421885648210576, 44.522936698265816], [11.421874462213589, 44.52266685945665], [11.421497284466197, 44.52267486141591], [11.421486100363952, 44.522405022516836], [11.419600217964936, 44.52244501327228], [11.419589042708958, 44.522175173983975], [11.418457516602848, 44.52219915327961], [11.418468686645117, 44.5224689927923], [11.417714331648805, 44.52248497291677], [11.417703165082354, 44.522215133254555], [11.417325989087256, 44.52222312137538], [11.417270167292566, 44.52087392246533], [11.41764733459846, 44.52086593471824], [11.417636168971333, 44.52059609496593], [11.418013334382916, 44.52058810604921], [11.418024501747809, 44.52085794572678], [11.419910335145493, 44.52081798210383], [11.419887983194828, 44.52027830348158], [11.421019470926913, 44.52025431082442], [11.420997109176884, 44.51971463259108], [11.421751426597128, 44.519698631564076], [11.4217290585236, 44.519158953570084], [11.422106213523275, 44.51915095133987], [11.42206147230756, 44.518071595471106], [11.42281576793602, 44.518055587876944], [11.422804579549153, 44.51778574902199], [11.422427433550828, 44.51779375336629], [11.42241624705828, 44.517523914421396], [11.422039102640587, 44.517531917446576], [11.422027918042312, 44.517262078411775], [11.42089648906083, 44.51728607979742], [11.420974748053876, 44.51917495429767], [11.420220436957154, 44.519190950048056], [11.420209260105976, 44.51892111072914], [11.419832106060152, 44.51892910666307], [11.419787407172565, 44.517849748937884], [11.41941025992025, 44.51785774332831], [11.419421432669637, 44.51812758285695], [11.41904428352317, 44.51813557607792], [11.419055454691662, 44.51840541566634], [11.41867830365104, 44.518413407717844], [11.418711812883489, 44.51922292661731], [11.418334656473501, 44.51923091764887], [11.41837933069187, 44.520310276270315], [11.417625003500751, 44.5203262551986], [11.41761383818671, 44.520056415416235], [11.417236676094046, 44.520064402939106], [11.417225512674237, 44.519794563067], [11.416471191494786, 44.51981053423026], [11.416448872075355, 44.51927085414211], [11.416071714726254, 44.51927883770782], [11.416027084715246, 44.51819947705249], [11.415649934160093, 44.518207459075136], [11.415594158853272, 44.51685825754472], [11.41521701682917, 44.51686623794971], [11.41520586397439, 44.51659639752392], [11.414828723531343, 44.51660437661004], [11.414795271117256, 44.51579485501858], [11.414418135729997, 44.51580283263654], [11.414395838376867, 44.51526315135121], [11.414018706307935, 44.515271127575744], [11.414007559603096, 44.51500128683592], [11.414384689934751, 44.51499331068603], [11.414373541648926, 44.514723470005826], [11.415127798368827, 44.51470751412295], [11.415116646764842, 44.51443767357704], [11.415493773153068, 44.51442969384409], [11.415482619968225, 44.51415985335785], [11.415859744462898, 44.51415187245548], [11.41584858969724, 44.51388203202888], [11.416225712298363, 44.513874049957124], [11.416181087851092, 44.512794688399396], [11.4158039721984, 44.51280267017241], [11.415792818214623, 44.51253282967076], [11.412398785940198, 44.5126046089746], [11.41238764774611, 44.51233476778628], [11.410879191844764, 44.51236663705608], [11.410868060754934, 44.51209679555454], [11.41049094812645, 44.512104759687396], [11.410502077479244, 44.51237460126347], [11.409370733446632, 44.512398486421446], [11.409381857744254, 44.512668328206], [11.408627624135239, 44.51268424557344], [11.408638745114626, 44.512954087491956], [11.408261626339145, 44.512962044384054], [11.408272745737317, 44.513231886362014], [11.407895625068827, 44.513239842084495], [11.407906742885734, 44.513509684121914], [11.407529620324228, 44.51351763867476], [11.407540736559824, 44.5137874807716], [11.407163612105293, 44.51379543415478], [11.40717472675953, 44.51406527631105], [11.406797600411974, 44.51407322852455], [11.40683094009785, 44.514882755126614], [11.406453808382722, 44.51489070631919], [11.406464920185648, 44.51516054856429], [11.406087786577428, 44.51516849858711], [11.406098896798802, 44.515438340891606], [11.405721761297487, 44.51544628974465], [11.405732869937264, 44.515716132108516], [11.405355732542846, 44.51572407979177], [11.405366839600974, 44.51599392221501], [11.404989700313449, 44.516001868728424], [11.405056335507565, 44.51762092339914], [11.404679185639473, 44.51762886911445], [11.404690290312567, 44.51789871158144], [11.404313138551224, 44.517906656126826], [11.404324241642415, 44.51817649865315], [11.403192780211706, 44.518200325046514], [11.403203878245705, 44.51847016778081], [11.402826722386624, 44.51847810749762], [11.40283781883857, 44.51874795029123], [11.402460661086263, 44.51875588883802], [11.402471755956109, 44.51902573169092], [11.40209459631057, 44.519033669067646], [11.402083503178403, 44.518763826140486], [11.401706345115018, 44.518771762198625], [11.401761803642517, 44.52012097705586], [11.402516136991052, 44.52010510295259], [11.4025383284419, 44.52064478849347], [11.403292668119414, 44.52062890911547], [11.40327046971733, 44.52008922387177], [11.403647635847065, 44.52008128246479], [11.403658736708092, 44.520351125019815], [11.404035904419976, 44.52034318229414], [11.404047007174457, 44.520613024759875], [11.40442417646849, 44.52060508071546], [11.404446385920151, 44.52114476545326], [11.405200730992497, 44.52112887333383], [11.405256274725678, 44.52247808417239], [11.404879093577723, 44.52248603122612], [11.404890201053622, 44.52275587342322], [11.404135834814527, 44.52277176394593], [11.404146938970102, 44.523041606276706], [11.403392568632189, 44.5230574919701]], [[11.404024801821159, 44.52007333981343], [11.404401967639593, 44.52006539591768], [11.404413071976197, 44.52033523832407], [11.404035904419976, 44.52034318229414], [11.404024801821159, 44.52007333981343]], [[11.417448810811216, 44.52519135765591], [11.417459977361824, 44.52546119722767], [11.41708278035359, 44.52546918500094], [11.417071615541166, 44.52519934535442], [11.417448810811216, 44.52519135765591]], [[11.417426478179694, 44.524651678467336], [11.417437644417173, 44.524921518069135], [11.417060450885282, 44.52492950569291], [11.417049286385938, 44.524659666016376], [11.417426478179694, 44.524651678467336]], [[11.421661958066087, 44.517539919227545], [11.421684324258099, 44.51807959740182], [11.42130717605185, 44.5180875980883], [11.421284813334804, 44.51754791976429], [11.421661958066087, 44.517539919227545]]]}}, {"type": "Feature", "properties": {"threshold": "ge_2", "source": "HistorySUHI", "period": "2013-2025", "hotspot_percentile": "top_10_pct", "label": ">= 2 estati"}, "geometry": {"type": "Polygon", "coordinates": [[[11.409828243383958, 44.53264454344888], [11.410205488721138, 44.532636578629884], [11.410216624722702, 44.53290641928917], [11.409839377646628, 44.53291438418269], [11.409850512065427, 44.5331842249015], [11.408718764683766, 44.53320811233605], [11.408729894041855, 44.53347795326337], [11.40835264286353, 44.53348591332618], [11.408363770638706, 44.53375575431299], [11.407232010950665, 44.53377962725509], [11.407243133664856, 44.534049468450284], [11.407997643757573, 44.53403355425158], [11.408008770105802, 44.534303395282855], [11.408763283052501, 44.534287475955324], [11.40879667346777, 44.53509699851225], [11.40992845736886, 44.53507310951301], [11.409939593036784, 44.53534295011176], [11.410694118335025, 44.53532701773813], [11.410682979188877, 44.535057177288444], [11.411805738945901, 44.53503346018998], [11.411295081679627, 44.53421780004645], [11.411264358025461, 44.534183942382526], [11.4101344335246, 44.53232956339934], [11.409790950394438, 44.531740703386546], [11.409828243383958, 44.53264454344888]]]}}, {"type": "Feature", "properties": {"threshold": "ge_2", "source": "HistorySUHI", "period": "2013-2025", "hotspot_percentile": "top_10_pct", "label": ">= 2 estati"}, "geometry": {"type": "Polygon", "coordinates": [[[11.411825905110813, 44.53530310984005], [11.411972616610596, 44.53530000973099], [11.41181540635006, 44.53504890169407], [11.411825905110813, 44.53530310984005]]]}}, {"type": "Feature", "properties": {"threshold": "ge_2", "source": "HistorySUHI", "period": "2013-2025", "hotspot_percentile": "top_10_pct", "label": ">= 2 estati"}, "geometry": {"type": "Polygon", "coordinates": [[[11.411093662989046, 44.53585873038903], [11.411082521791336, 44.53558889004391], [11.41032799332721, 44.535604825056694], [11.410339131046605, 44.535874665550914], [11.409961864841097, 44.535882631264286], [11.410006410323643, 44.536961993389276], [11.409629137005082, 44.53696995815571], [11.409673678029039, 44.53804932033871], [11.410050958304886, 44.53804135527416], [11.41006209569064, 44.53831119570786], [11.411193940799146, 44.53828729281971], [11.411182798195263, 44.53801745260967], [11.411937357340959, 44.538001511274345], [11.411926211414633, 44.53773167119845], [11.4123034890137, 44.53772369873768], [11.412292341504354, 44.53745385872138], [11.412669617207783, 44.53744588509011], [11.412658468115467, 44.537176045133414], [11.413149018563896, 44.5371656742704], [11.413082140726617, 44.537057601888414], [11.412830273757852, 44.536654445704706], [11.412710509850985, 44.53647862824112], [11.412306370712297, 44.53583310685204], [11.411093662989046, 44.53585873038903]]]}}, {"type": "Feature", "properties": {"threshold": "ge_2", "source": "HistorySUHI", "period": "2013-2025", "hotspot_percentile": "top_10_pct", "label": ">= 2 estati"}, "geometry": {"type": "Polygon", "coordinates": [[[11.413846062184799, 44.538501315506736], [11.4134687799931, 44.53850929317191], [11.413513394343074, 44.53958865201137], [11.413136105037195, 44.53959662872994], [11.413124952954568, 44.53932678896796], [11.41161580112535, 44.539358683091834], [11.411649236968268, 44.540168203228085], [11.411271943401623, 44.540176173869824], [11.411312055129882, 44.54114739467172], [11.411442445575426, 44.54110617002305], [11.412117273911273, 44.5408927221566], [11.412644423561138, 44.540722912081954], [11.413153696057101, 44.54055797876264], [11.41375485495403, 44.540370835513585], [11.4142540823898, 44.54021061094512], [11.414797801693505, 44.54004212392154], [11.41489955556813, 44.540010713083696], [11.414831560376733, 44.539869236618514], [11.414582120066624, 44.539467230484526], [11.414582079362132, 44.53946715932542], [11.414334421158475, 44.53907072349489], [11.41433438157033, 44.53907067931964], [11.413924413124219, 44.53842054555243], [11.413924385741044, 44.538420492116394], [11.413836820989927, 44.53827776323836], [11.413846062184799, 44.538501315506736]]]}}, {"type": "Feature", "properties": {"threshold": "ge_2", "source": "HistorySUHI", "period": "2013-2025", "hotspot_percentile": "top_10_pct", "label": ">= 2 estati"}, "geometry": {"type": "Polygon", "coordinates": [[[11.433151129985045, 44.51243422106275], [11.43277402139416, 44.512442258815774], [11.432741052082319, 44.51165019908843], [11.432594620913955, 44.511401787308], [11.432594593901987, 44.51140174287089], [11.432573113134012, 44.51136623396744], [11.431974889986945, 44.51137898138133], [11.432019803740024, 44.51245833058994], [11.431642694676821, 44.51246636461106], [11.431676376433526, 44.51327587658511], [11.430922147413048, 44.51329194134639], [11.430910923477441, 44.51302210388642], [11.430533810468178, 44.51303013432591], [11.430545032666771, 44.51329997186101], [11.429790802702264, 44.513316029158204], [11.429824459819592, 44.514125542124034], [11.429447339390196, 44.51413356913194], [11.429458557006749, 44.51440340683225], [11.429081434682967, 44.5144114326712], [11.429092138410683, 44.5146689451954], [11.432605790860062, 44.513521559831425], [11.433188483373115, 44.513331402360535], [11.433151129985045, 44.51243422106275]], [[11.43205349070768, 44.51326784233846], [11.432064720011741, 44.513537679557885], [11.431687604000555, 44.51354571387971], [11.431676376433526, 44.51327587658511], [11.43205349070768, 44.51326784233846]]]}}, {"type": "Feature", "properties": {"threshold": "ge_2", "source": "HistorySUHI", "period": "2013-2025", "hotspot_percentile": "top_10_pct", "label": ">= 2 estati"}, "geometry": {"type": "Polygon", "coordinates": [[[11.428338402126075, 44.51469731852744], [11.428347329672045, 44.51491216294616], [11.429051728322147, 44.51468214113462], [11.428338402126075, 44.51469731852744]]]}}, {"type": "Feature", "properties": {"threshold": "ge_2", "source": "HistorySUHI", "period": "2013-2025", "hotspot_percentile": "top_10_pct", "label": ">= 2 estati"}, "geometry": {"type": "Polygon", "coordinates": [[[11.427595362148937, 44.51498319969261], [11.427602514891083, 44.515155382670045], [11.428167029462523, 44.514971040090245], [11.427595362148937, 44.51498319969261]]]}}, {"type": "Feature", "properties": {"threshold": "ge_2", "source": "HistorySUHI", "period": "2013-2025", "hotspot_percentile": "top_10_pct", "label": ">= 2 estati"}, "geometry": {"type": "Polygon", "coordinates": [[[11.427218235564855, 44.51499121946131], [11.426463981925345, 44.515007255266426], [11.426486390463836, 44.515546931762735], [11.426109259933996, 44.515554947949155], [11.426120462701594, 44.51582478624978], [11.425366197696233, 44.51584081504025], [11.425377397146299, 44.51611065347581], [11.425000262670794, 44.51611866607982], [11.425011460540548, 44.51638850457533], [11.424634324170729, 44.516396516010154], [11.42469030718742, 44.51774570863709], [11.425444597144041, 44.51772968377357], [11.425455797693248, 44.517999522103906], [11.425078651055971, 44.51800753523277], [11.42510104915047, 44.518547211998325], [11.42472389888117, 44.51855522403287], [11.424746294128603, 44.51909490088827], [11.425123447873016, 44.51908688870377], [11.425134647469815, 44.51935672703392], [11.424380336348806, 44.5193727503086], [11.424402729062942, 44.51991242722371], [11.42473172851633, 44.51990543900882], [11.42473615743803, 44.519868525677175], [11.424738426456681, 44.51984891495558], [11.424725824128862, 44.519658940942826], [11.42472224729868, 44.519627327974334], [11.424727542598319, 44.51962515390959], [11.424736066908428, 44.51962165089789], [11.425238043519528, 44.51945681823597], [11.425975125432023, 44.51921552474492], [11.426360902745436, 44.519093668092964], [11.426464009559362, 44.51905373771677], [11.426473136375671, 44.51905020376235], [11.426794206945628, 44.51957144032499], [11.426799614378348, 44.519580147853034], [11.427287002398522, 44.52035128645239], [11.427328893339505, 44.520419778237006], [11.427566198156807, 44.52080771063292], [11.42806529332656, 44.520612552257724], [11.428719373898423, 44.520342064845835], [11.429194029456426, 44.52014459472383], [11.429970128201761, 44.51984199304034], [11.43000993407153, 44.5198254902277], [11.430309768578915, 44.519698274749175], [11.430311762352927, 44.51969599066704], [11.430379742446197, 44.519619011963094], [11.429660519780228, 44.51872032986525], [11.429638060261276, 44.51872080799185], [11.429636808425192, 44.51869070208613], [11.429511690070127, 44.518534364374425], [11.429511636417743, 44.51853428449348], [11.429448420316048, 44.518454767896124], [11.429249691744632, 44.51845899749768], [11.429238540514746, 44.51819076984492], [11.42902614076096, 44.51792360206257], [11.428850110359436, 44.51792734795408], [11.428840234653201, 44.517689759406665], [11.428677661608049, 44.51748526632619], [11.426985831210153, 44.5153568311552], [11.426985778684942, 44.5153567782567], [11.427230105199921, 44.51527699328327], [11.427218235564855, 44.51499121946131]], [[11.426176478895503, 44.517173977527364], [11.426198886472548, 44.51771365393318], [11.425821741886821, 44.517721669475485], [11.42579933778463, 44.517181992919674], [11.426176478895503, 44.517173977527364]]]}}, {"type": "Feature", "properties": {"threshold": "ge_2", "source": "HistorySUHI", "period": "2013-2025", "hotspot_percentile": "top_10_pct", "label": ">= 2 estati"}, "geometry": {"type": "Polygon", "coordinates": [[[11.424413925655474, 44.52018226565873], [11.42442451979166, 44.52043757767839], [11.424589434482652, 44.52017853769136], [11.424413925655474, 44.52018226565873]]]}}, {"type": "Feature", "properties": {"threshold": "ge_2", "source": "HistorySUHI", "period": "2013-2025", "hotspot_percentile": "top_10_pct", "label": ">= 2 estati"}, "geometry": {"type": "Polygon", "coordinates": [[[11.424092741275235, 44.521539467978855], [11.424115133025463, 44.5220791448034], [11.423737959695195, 44.5220871540794], [11.423771543284174, 44.522896669428334], [11.422640006710692, 44.52292069046417], [11.422662386127037, 44.523460367737854], [11.42228520347948, 44.523468372410704], [11.422297989684324, 44.523776747528274], [11.422390836067231, 44.523745552589645], [11.42270511521195, 44.52363805425395], [11.422875049209221, 44.52358772422998], [11.423012123927855, 44.523549164581546], [11.423666915674298, 44.52337789009018], [11.423844356698224, 44.523326859073514], [11.424167148708708, 44.52323934162322], [11.424455421488586, 44.5231602896198], [11.424686149504254, 44.52310128355449], [11.424988015916334, 44.5230162788555], [11.425003606899551, 44.52301172544452], [11.425217838120965, 44.522947604226715], [11.425262464823588, 44.522924986956234], [11.425334858597038, 44.522888302895865], [11.425336543703885, 44.52288736683803], [11.425381123541761, 44.522767838198625], [11.425380514210579, 44.52276710393491], [11.425334852670428, 44.52272902112239], [11.424697499422297, 44.52194727717499], [11.424687460746332, 44.52193521995319], [11.424491716376364, 44.52167211934502], [11.424488873860975, 44.52166820960006], [11.424467267955974, 44.52163909516432], [11.424444135937836, 44.52158775886097], [11.424444108180452, 44.52158769643273], [11.424419450271051, 44.52153252929814], [11.424092741275235, 44.521539467978855]]]}}]}