{"type": "FeatureCollection", "features": [{"type": "Feature", "properties": {"threshold": "ge_13", "source": "HistorySUHI", "period": "2013-2026", "hotspot_percentile": "top_10_pct", "label": ">= 13 estati"}, "geometry": {"type": "Polygon", "coordinates": [[[11.262486190340061, 44.49136731188932], [11.26399426458837, 44.49133741360017], [11.26398381896616, 44.491067542813624], [11.264360835426382, 44.49106006520253], [11.264352501787428, 44.49084479043423], [11.264071832933858, 44.49090575916801], [11.26402761636276, 44.490906501057246], [11.264027317187702, 44.49090657000878], [11.263959783252089, 44.49092161130197], [11.263710083219534, 44.49097751773258], [11.263603981618202, 44.491001155850256], [11.263011787659206, 44.49113312642855], [11.262969254214168, 44.491142594070325], [11.26275959947422, 44.49118945821045], [11.262481840894315, 44.49125486570798], [11.262486190340061, 44.49136731188932]]]}}, {"type": "Feature", "properties": {"threshold": "ge_13", "source": "HistorySUHI", "period": "2013-2026", "hotspot_percentile": "top_10_pct", "label": ">= 13 estati"}, "geometry": {"type": "Polygon", "coordinates": [[[11.250629205358921, 44.497003244799586], [11.251000790903745, 44.49699591839605], [11.250952415456858, 44.496985980208606], [11.250850644759513, 44.49696602053116], [11.250626316966798, 44.496928191701635], [11.250629205358921, 44.497003244799586]]]}}, {"type": "Feature", "properties": {"threshold": "ge_13", "source": "HistorySUHI", "period": "2013-2026", "hotspot_percentile": "top_10_pct", "label": ">= 13 estati"}, "geometry": {"type": "Polygon", "coordinates": [[[11.25101665145795, 44.49726568341368], [11.252524889651742, 44.497235933476546], [11.25252205782716, 44.49716241335848], [11.252011004100543, 44.497110746205614], [11.251600376953368, 44.49707284269105], [11.251243109876064, 44.49703305719311], [11.251108944809754, 44.49701818384988], [11.251046337037486, 44.497005275333166], [11.251006311342483, 44.49699705250764], [11.25101665145795, 44.49726568341368]]]}}, {"type": "Feature", "properties": {"threshold": "ge_13", "source": "HistorySUHI", "period": "2013-2026", "hotspot_percentile": "top_10_pct", "label": ">= 13 estati"}, "geometry": {"type": "Polygon", "coordinates": [[[11.266967402048351, 44.51936645762149], [11.267344600173164, 44.51935896643548], [11.267334128879545, 44.519089097603164], [11.268465717157815, 44.51906661678726], [11.268455240795967, 44.51879674815057], [11.269586822537146, 44.51877425634287], [11.269576341107243, 44.5185043879019], [11.269953532988755, 44.518496888213484], [11.269901119352442, 44.51714754613824], [11.269523936162129, 44.51715504547575], [11.269502975212761, 44.51661530840197], [11.26912579535181, 44.51662280635452], [11.26911531683567, 44.51635293772534], [11.268738138565919, 44.516360434363136], [11.268717185450566, 44.51582069692018], [11.2683400105101, 44.51582819217313], [11.268319061458389, 44.51528845453088], [11.267941889847142, 44.51529594839899], [11.267889528477685, 44.51394660368449], [11.266758038832464, 44.51396907677007], [11.266768505598954, 44.51423894595278], [11.26601417495917, 44.514253921927576], [11.266045565711359, 44.51506352980768], [11.265668394957476, 44.51507101613851], [11.265710244395486, 44.51615049338571], [11.265333066542674, 44.5161579787522], [11.265353988665591, 44.51669771742739], [11.264976807189832, 44.5167052016894], [11.2649977264231, 44.517244940445664], [11.264620541324312, 44.517252423603125], [11.26463099942271, 44.51752229302916], [11.26425381243906, 44.517529775012], [11.264264268945846, 44.51779964449332], [11.263887080077332, 44.51780712530152], [11.263897534992456, 44.51807699483809], [11.263520344239069, 44.51808447447165], [11.263572612321889, 44.5194338222833], [11.263195412730155, 44.5194413010221], [11.263216317512462, 44.5199810401835], [11.262839114297286, 44.519988517817545], [11.262870467354464, 44.52079812665899], [11.263624884069266, 44.52078316972626], [11.263635338858515, 44.521053039170596], [11.265521386772397, 44.52101562470492], [11.265510923290435, 44.52074575561071], [11.265888130694616, 44.52073826905327], [11.265867200693846, 44.520198530960705], [11.266244404474294, 44.52019104329863], [11.266233937955555, 44.51992117430029], [11.26698834159924, 44.51990619538207], [11.266967402048351, 44.51936645762149]]]}}, {"type": "Feature", "properties": {"threshold": "ge_13", "source": "HistorySUHI", "period": "2013-2026", "hotspot_percentile": "top_10_pct", "label": ">= 13 estati"}, "geometry": {"type": "Polygon", "coordinates": [[[11.271609174130825, 44.522245028928886], [11.271231958498959, 44.522252534579245], [11.271252939530582, 44.522792270471506], [11.2708757202743, 44.5227997750175], [11.270886209272069, 44.52306964301173], [11.271640651114911, 44.52305463253441], [11.271609174130825, 44.522245028928886]]]}}, {"type": "Feature", "properties": {"threshold": "ge_13", "source": "HistorySUHI", "period": "2013-2026", "hotspot_percentile": "top_10_pct", "label": ">= 13 estati"}, "geometry": {"type": "Polygon", "coordinates": [[[11.27669173531342, 44.52673507866137], [11.275937248611775, 44.52675012347584], [11.275947762423577, 44.52701999033463], [11.274816026048345, 44.52704254842986], [11.27482653479041, 44.52731241548499], [11.274072039658622, 44.527327448130706], [11.274103556334333, 44.52813704962954], [11.27485806190079, 44.5281220165618], [11.27486857123232, 44.528391883557866], [11.275245825533661, 44.52838436508603], [11.275235314462973, 44.52811449816032], [11.275989819145135, 44.528099457622154], [11.275979304743588, 44.52782959082243], [11.27635655512439, 44.52782206875614], [11.276346039131182, 44.527552202012025], [11.276723287625424, 44.52754467877107], [11.27669173531342, 44.52673507866137]]]}}, {"type": "Feature", "properties": {"threshold": "ge_13", "source": "HistorySUHI", "period": "2013-2026", "hotspot_percentile": "top_10_pct", "label": ">= 13 estati"}, "geometry": {"type": "Polygon", "coordinates": [[[11.271169467816005, 44.53035607327628], [11.271117004438478, 44.52900673515022], [11.269985225798543, 44.529029246163816], [11.269974738782155, 44.52875937828367], [11.269220222432, 44.52877437926007], [11.269209739041106, 44.52850451122477], [11.268077968631026, 44.52852700314052], [11.268088446804253, 44.528796871386284], [11.26733392898436, 44.52881185991153], [11.267344403826016, 44.52908172828282], [11.266967142956467, 44.52908922074786], [11.266988089601869, 44.52962895758641], [11.26661082510686, 44.52963644894655], [11.266642240958431, 44.53044605430403], [11.267019510671512, 44.530438562733586], [11.267040458785665, 44.53097829942459], [11.267417731830694, 44.530970806468716], [11.26742820784755, 44.53124067472198], [11.268560031319437, 44.53121818817262], [11.268539068996029, 44.53067845207222], [11.269293610284691, 44.53066345509391], [11.269283125864673, 44.53039358716191], [11.270414931476743, 44.53037108256608], [11.270404441985663, 44.53010121482993], [11.2707817084895, 44.53009371087785], [11.270792199719935, 44.530363578543756], [11.271169467816005, 44.53035607327628]]]}}, {"type": "Feature", "properties": {"threshold": "ge_13", "source": "HistorySUHI", "period": "2013-2026", "hotspot_percentile": "top_10_pct", "label": ">= 13 estati"}, "geometry": {"type": "Polygon", "coordinates": [[[11.272406261197109, 44.53303222303992], [11.272332766668075, 44.53114315206891], [11.271955493795334, 44.53115066128275], [11.27194499690525, 44.53088079387185], [11.271567725624726, 44.530888301770204], [11.271557230621239, 44.530618434274295], [11.270802691097492, 44.53063344619493], [11.270813182622174, 44.53090331383133], [11.270435910900195, 44.530910817994084], [11.270446400832576, 44.53118068568596], [11.270069127224064, 44.531188188673724], [11.270079615564093, 44.531458056421044], [11.268947788637776, 44.53148055812362], [11.268990674347974, 44.532584522251064], [11.269056507779228, 44.532499250630394], [11.269086739650078, 44.53254559796996], [11.2690918219086, 44.532553311155866], [11.26917758980799, 44.53244856319944], [11.269466804753472, 44.532872397144835], [11.269847871927547, 44.53346743283226], [11.270117709504085, 44.53388174755583], [11.270493759363658, 44.53447039893323], [11.270501413019453, 44.534482733228096], [11.270501440270737, 44.534482786701325], [11.270579672259505, 44.53460894086891], [11.270572291496102, 44.5344190968371], [11.270949585832565, 44.53441159176137], [11.270939092395029, 44.53414172431685], [11.271693677147013, 44.53412671056981], [11.271683180377249, 44.53385684325103], [11.272060470792754, 44.53384933457977], [11.272028976147746, 44.53303973274568], [11.272406261197109, 44.53303222303992]]]}}, {"type": "Feature", "properties": {"threshold": "ge_13", "source": "HistorySUHI", "period": "2013-2026", "hotspot_percentile": "top_10_pct", "label": ">= 13 estati"}, "geometry": {"type": "Polygon", "coordinates": [[[11.268622921817357, 44.53283739611965], [11.268631185821032, 44.53305015450993], [11.268798133099818, 44.532833913843795], [11.268622921817357, 44.53283739611965]]]}}, {"type": "Feature", "properties": {"threshold": "ge_13", "source": "HistorySUHI", "period": "2013-2026", "hotspot_percentile": "top_10_pct", "label": ">= 13 estati"}, "geometry": {"type": "Polygon", "coordinates": [[[11.268256117561023, 44.53311476131196], [11.268271692514487, 44.53351579972601], [11.268387857603637, 44.53336534113326], [11.26841183518148, 44.533334265033936], [11.268497694456679, 44.53322306096136], [11.26858637321172, 44.533108198633556], [11.268256117561023, 44.53311476131196]]]}}, {"type": "Feature", "properties": {"threshold": "ge_13", "source": "HistorySUHI", "period": "2013-2026", "hotspot_percentile": "top_10_pct", "label": ">= 13 estati"}, "geometry": {"type": "Polygon", "coordinates": [[[11.267899788904241, 44.53366199343483], [11.26791219294793, 44.533981428421136], [11.268162855635145, 44.53365676672242], [11.267899788904241, 44.53366199343483]]]}}, {"type": "Feature", "properties": {"threshold": "ge_13", "source": "HistorySUHI", "period": "2013-2026", "hotspot_percentile": "top_10_pct", "label": ">= 13 estati"}, "geometry": {"type": "Polygon", "coordinates": [[[11.27059327533314, 44.53495883182232], [11.270592755986126, 44.53494547345739], [11.270562689930985, 44.53495493097451], [11.270562392988918, 44.53495506291627], [11.270552286054132, 44.53495964691071], [11.27059327533314, 44.53495883182232]]]}}, {"type": "Feature", "properties": {"threshold": "ge_13", "source": "HistorySUHI", "period": "2013-2026", "hotspot_percentile": "top_10_pct", "label": ">= 13 estati"}, "geometry": {"type": "Polygon", "coordinates": [[[11.276252727109418, 44.53484612281525], [11.275875431355965, 44.53485364546662], [11.275885947852093, 44.53512351195273], [11.276263245345305, 44.53511598923098], [11.2762737637287, 44.53538585563192], [11.276651062814187, 44.535378331594394], [11.27664054269101, 44.535108465263846], [11.277017839889181, 44.53510094005135], [11.277007318173782, 44.53483107377645], [11.276630022715365, 44.53483859891854], [11.27661950288725, 44.534568732558455], [11.276242209021037, 44.53457625638476], [11.276252727109418, 44.53484612281525]]]}}, {"type": "Feature", "properties": {"threshold": "ge_13", "source": "HistorySUHI", "period": "2013-2026", "hotspot_percentile": "top_10_pct", "label": ">= 13 estati"}, "geometry": {"type": "Polygon", "coordinates": [[[11.276001639043992, 44.53809204232523], [11.275991120925402, 44.537822176001576], [11.275613805885742, 44.53782969818186], [11.275624322264303, 44.538099564575916], [11.276001639043992, 44.53809204232523]]]}}, {"type": "Feature", "properties": {"threshold": "ge_13", "source": "HistorySUHI", "period": "2013-2026", "hotspot_percentile": "top_10_pct", "label": ">= 13 estati"}, "geometry": {"type": "Polygon", "coordinates": [[[11.27495379675842, 44.54027353708751], [11.27570845860253, 44.54025849519658], [11.27570970386957, 44.540290446608715], [11.275722737527191, 44.5402847780849], [11.275881093768616, 44.54052512931874], [11.27609630874962, 44.54052083857346], [11.276085789303336, 44.54025097238274], [11.276840450262329, 44.54023592301826], [11.276829927483133, 44.539966056953595], [11.277584584371374, 44.53995100274764], [11.277574058259374, 44.53968113680909], [11.279083363303403, 44.53965101373217], [11.279072830378388, 44.539381148060734], [11.279827478533866, 44.53936607918993], [11.279816942276312, 44.53909621364472], [11.280571586360473, 44.53908113993281], [11.280561046770488, 44.5388112745139], [11.280938366850767, 44.538803735860185], [11.280917284634109, 44.53826400511913], [11.281671917390915, 44.53824892435742], [11.281650828805557, 44.53770919383948], [11.28127351598109, 44.537716734701945], [11.281262973650193, 44.537446869350255], [11.280885662417848, 44.537454408896686], [11.280854041531995, 44.536644812541255], [11.278590202353245, 44.53669002239597], [11.278600732061273, 44.53695988828563], [11.277091496028715, 44.53699000356196], [11.277070450679584, 44.53645027120422], [11.276693144782273, 44.536457796768836], [11.27667210350315, 44.53591806421115], [11.276294800938027, 44.53592558838951], [11.276284282259608, 44.53565572201811], [11.275906981286802, 44.535663244880666], [11.275928015311468, 44.53620297774951], [11.27517340596402, 44.536218020019966], [11.275183919717822, 44.536487886573006], [11.275561226205168, 44.536480365990116], [11.275571741846328, 44.53675023245799], [11.276703665643153, 44.536727663025516], [11.276714186651578, 44.536997529267424], [11.27633687712689, 44.53700505372744], [11.276378955676169, 44.538084518829045], [11.278642852370126, 44.53803935169656], [11.278653382816538, 44.538309217512364], [11.278276065329903, 44.538316748551985], [11.27828659418394, 44.53858661442349], [11.277909274809584, 44.53859414428807], [11.277919802071192, 44.538864010215256], [11.276787837842107, 44.53888659254724], [11.276777315800778, 44.538616726408726], [11.276399995836014, 44.53862425129124], [11.276389475682322, 44.53835438506753], [11.27563483879035, 44.53836943095519], [11.275624322264303, 44.538099564575916], [11.275247005337127, 44.53810708558109], [11.275257520123118, 44.53837695203075], [11.274880201308418, 44.5383844718608], [11.274911741330865, 44.53919407133228], [11.275289065365888, 44.53918655129112], [11.275310096265097, 44.53972628405752], [11.274932768749736, 44.53973380423944], [11.274943282680349, 44.540003670670856], [11.274565953277326, 44.540011189677564], [11.274576465615166, 44.540281056164574], [11.27448317531882, 44.540282914542786], [11.274737360193086, 44.54065073608598], [11.27496524158263, 44.5405672869009], [11.27495379675842, 44.54027353708751]]]}}, {"type": "Feature", "properties": {"threshold": "ge_13", "source": "HistorySUHI", "period": "2013-2026", "hotspot_percentile": "top_10_pct", "label": ">= 13 estati"}, "geometry": {"type": "Polygon", "coordinates": [[[11.2628791271677, 44.54051352973074], [11.262881668364015, 44.54057910193018], [11.262890370136622, 44.540565558634505], [11.262924372240311, 44.54051263269838], [11.2628791271677, 44.54051352973074]]]}}, {"type": "Feature", "properties": {"threshold": "ge_13", "source": "HistorySUHI", "period": "2013-2026", "hotspot_percentile": "top_10_pct", "label": ">= 13 estati"}, "geometry": {"type": "Polygon", "coordinates": [[[11.262512248114366, 44.5407908776658], [11.262521360789464, 44.54102604907444], [11.262707140316547, 44.54080578617531], [11.2627232414464, 44.54078669552283], [11.262512248114366, 44.5407908776658]]]}}, {"type": "Feature", "properties": {"threshold": "ge_13", "source": "HistorySUHI", "period": "2013-2026", "hotspot_percentile": "top_10_pct", "label": ">= 13 estati"}, "geometry": {"type": "Polygon", "coordinates": [[[11.309309977217556, 44.49232024930534], [11.308932964469296, 44.49232787545446], [11.308943617836297, 44.49259773771328], [11.30856660320295, 44.49260536269033], [11.308577254983494, 44.49287522500569], [11.309331287572432, 44.49285997366543], [11.309309977217556, 44.49232024930534]]]}}, {"type": "Feature", "properties": {"threshold": "ge_13", "source": "HistorySUHI", "period": "2013-2026", "hotspot_percentile": "top_10_pct", "label": ">= 13 estati"}, "geometry": {"type": "Polygon", "coordinates": [[[11.281086234396897, 44.49423809725494], [11.281075708892953, 44.49396822980628], [11.280698678068534, 44.493975762976], [11.280709201836434, 44.49424563049516], [11.281086234396897, 44.49423809725494]]]}}, {"type": "Feature", "properties": {"threshold": "ge_13", "source": "HistorySUHI", "period": "2013-2026", "hotspot_percentile": "top_10_pct", "label": ">= 13 estati"}, "geometry": {"type": "Polygon", "coordinates": [[[11.306958296930528, 44.49965989357853], [11.306990238322097, 44.50046948039404], [11.307367304049764, 44.50046185956634], [11.307377953215305, 44.500731721737225], [11.308509154712008, 44.500708851577386], [11.308487846111296, 44.500169127648846], [11.30886490950522, 44.50016150191737], [11.308843598029053, 44.49962177807225], [11.308466538107995, 44.49962940366102], [11.308455884330368, 44.499359541644864], [11.307324708880406, 44.499382410734626], [11.307335357448832, 44.49965227296479], [11.306958296930528, 44.49965989357853]]]}}, {"type": "Feature", "properties": {"threshold": "ge_13", "source": "HistorySUHI", "period": "2013-2026", "hotspot_percentile": "top_10_pct", "label": ">= 13 estati"}, "geometry": {"type": "Polygon", "coordinates": [[[11.28968732497264, 44.5018981558583], [11.290064404487667, 44.501890591963324], [11.290043265179273, 44.50135086115841], [11.289666189137606, 44.50135842491181], [11.28968732497264, 44.5018981558583]]]}}, {"type": "Feature", "properties": {"threshold": "ge_13", "source": "HistorySUHI", "period": "2013-2026", "hotspot_percentile": "top_10_pct", "label": ">= 13 estati"}, "geometry": {"type": "Polygon", "coordinates": [[[11.296495932501596, 44.50230154376871], [11.29648533295275, 44.50203167960837], [11.295731175345347, 44.502046848588606], [11.295709983640077, 44.5015071199396], [11.294955832385176, 44.501522283660464], [11.29496642469023, 44.501792148134285], [11.294212269368053, 44.50180730702151], [11.294233447476847, 44.50234703620845], [11.294610528685565, 44.50233945724493], [11.294621119699366, 44.50260932174527], [11.293866953660011, 44.502624478570254], [11.293919893588091, 44.50397380155922], [11.294296985366046, 44.50396622341411], [11.294307575533848, 44.50423608789657], [11.295815948108308, 44.50420576259257], [11.295805350992996, 44.503935898393884], [11.296182442028396, 44.5039283140289], [11.296171843324798, 44.50365844988639], [11.296548932474769, 44.50365086434841], [11.296517132045068, 44.50284127204499], [11.296140048105482, 44.50284885737001], [11.29611885203548, 44.50230912895176], [11.296495932501596, 44.50230154376871]]]}}, {"type": "Feature", "properties": {"threshold": "ge_13", "source": "HistorySUHI", "period": "2013-2026", "hotspot_percentile": "top_10_pct", "label": ">= 13 estati"}, "geometry": {"type": "Polygon", "coordinates": [[[11.27871145706242, 44.51076024917602], [11.278721977818321, 44.511030116272536], [11.279476260222674, 44.51101505722392], [11.279497309127414, 44.51155479109077], [11.281005886066065, 44.511524657497716], [11.280984823260548, 44.51098492419486], [11.280607682722493, 44.51099245931861], [11.28059715327877, 44.510722592574496], [11.280220014330649, 44.510730126383415], [11.280209486772081, 44.510460259554044], [11.279455211908147, 44.51047532329799], [11.279465735991636, 44.51074519026834], [11.27871145706242, 44.51076024917602]]]}}, {"type": "Feature", "properties": {"threshold": "ge_13", "source": "HistorySUHI", "period": "2013-2026", "hotspot_percentile": "top_10_pct", "label": ">= 13 estati"}, "geometry": {"type": "Polygon", "coordinates": [[[11.287061289180249, 44.51194365501623], [11.28743843415524, 44.511936098456445], [11.287427872843605, 44.51166623304256], [11.286673586220799, 44.51168134477635], [11.286694702041645, 44.51222107587221], [11.287071848902324, 44.51221352048606], [11.287061289180249, 44.51194365501623]]]}}, {"type": "Feature", "properties": {"threshold": "ge_13", "source": "HistorySUHI", "period": "2013-2026", "hotspot_percentile": "top_10_pct", "label": ">= 13 estati"}, "geometry": {"type": "Polygon", "coordinates": [[[11.282179465454611, 44.51258150981926], [11.282168928174299, 44.51231164344596], [11.281791779391156, 44.5123191826554], [11.281802314933776, 44.512589049099255], [11.282179465454611, 44.51258150981926]]]}}, {"type": "Feature", "properties": {"threshold": "ge_13", "source": "HistorySUHI", "period": "2013-2026", "hotspot_percentile": "top_10_pct", "label": ">= 13 estati"}, "geometry": {"type": "Polygon", "coordinates": [[[11.309711052858471, 44.51202778139136], [11.309721717133257, 44.512297642568], [11.309344575723673, 44.51230527275577], [11.30937656423238, 44.51311485641095], [11.308999417460544, 44.5131224855686], [11.309010078858138, 44.51339234682874], [11.310518671998917, 44.513361822446505], [11.310508003650797, 44.51309196147202], [11.31126229584859, 44.51307669195776], [11.31125162417484, 44.51280683111133], [11.311628768311722, 44.512799194559165], [11.31160742193796, 44.51225947296476], [11.311230281276195, 44.51226710937398], [11.311219610051294, 44.51199724848308], [11.309711052858471, 44.51202778139136]]]}}, {"type": "Feature", "properties": {"threshold": "ge_13", "source": "HistorySUHI", "period": "2013-2026", "hotspot_percentile": "top_10_pct", "label": ">= 13 estati"}, "geometry": {"type": "Polygon", "coordinates": [[[11.308622270539235, 44.51313011348191], [11.308999417460544, 44.5131224855686], [11.308988756212424, 44.51285262429363], [11.308611611028727, 44.51286025213557], [11.308622270539235, 44.51313011348191]]]}}, {"type": "Feature", "properties": {"threshold": "ge_13", "source": "HistorySUHI", "period": "2013-2026", "hotspot_percentile": "top_10_pct", "label": ">= 13 estati"}, "geometry": {"type": "Polygon", "coordinates": [[[11.303342197959687, 44.51323677361245], [11.303719346971087, 44.51322916311996], [11.303708710049786, 44.5129593008467], [11.303331562776036, 44.51296691126798], [11.303342197959687, 44.51323677361245]]]}}, {"type": "Feature", "properties": {"threshold": "ge_13", "source": "HistorySUHI", "period": "2013-2026", "hotspot_percentile": "top_10_pct", "label": ">= 13 estati"}, "geometry": {"type": "Polygon", "coordinates": [[[11.304484285092235, 44.51348380051787], [11.305238585546206, 44.5134685706799], [11.305217297653233, 44.512928846718204], [11.30446300414987, 44.512944076271125], [11.304484285092235, 44.51348380051787]]]}}, {"type": "Feature", "properties": {"threshold": "ge_13", "source": "HistorySUHI", "period": "2013-2026", "hotspot_percentile": "top_10_pct", "label": ">= 13 estati"}, "geometry": {"type": "Polygon", "coordinates": [[[11.303363468774322, 44.51377649825695], [11.303342197959687, 44.51323677361245], [11.30258789948958, 44.51325199086438], [11.302609163353459, 44.513791715793694], [11.303363468774322, 44.51377649825695]]]}}, {"type": "Feature", "properties": {"threshold": "ge_13", "source": "HistorySUHI", "period": "2013-2026", "hotspot_percentile": "top_10_pct", "label": ">= 13 estati"}, "geometry": {"type": "Polygon", "coordinates": [[[11.304117773598726, 44.5137612757427], [11.304107134641459, 44.51349141357031], [11.303729984041523, 44.513499025378394], [11.303740621261094, 44.513768887622014], [11.304117773598726, 44.5137612757427]]]}}, {"type": "Feature", "properties": {"threshold": "ge_13", "source": "HistorySUHI", "period": "2013-2026", "hotspot_percentile": "top_10_pct", "label": ">= 13 estati"}, "geometry": {"type": "Polygon", "coordinates": [[[11.281876067868248, 44.5144781137925], [11.281498905035132, 44.514485652321916], [11.281519975155861, 44.51502538509951], [11.282651473639403, 44.51500276535449], [11.282662014135148, 44.51527263150942], [11.283793516502413, 44.515250000352246], [11.283772425231193, 44.514710268451154], [11.2833952613991, 44.514717813273485], [11.283384717723154, 44.51444794723015], [11.28300755548111, 44.51445549073744], [11.28299701369085, 44.51418562460873], [11.281865531291578, 44.51420824745208], [11.281876067868248, 44.5144781137925]]]}}, {"type": "Feature", "properties": {"threshold": "ge_13", "source": "HistorySUHI", "period": "2013-2026", "hotspot_percentile": "top_10_pct", "label": ">= 13 estati"}, "geometry": {"type": "Polygon", "coordinates": [[[11.2807656420949, 44.5150404587071], [11.280755110436521, 44.514770592184625], [11.280377945422456, 44.514778127051166], [11.280388475342914, 44.51504799364415], [11.2807656420949, 44.5150404587071]]]}}, {"type": "Feature", "properties": {"threshold": "ge_13", "source": "HistorySUHI", "period": "2013-2026", "hotspot_percentile": "top_10_pct", "label": ">= 13 estati"}, "geometry": {"type": "Polygon", "coordinates": [[[11.288030104005982, 44.527048538033284], [11.288019534398348, 44.52677867344754], [11.287642293817273, 44.52678623389766], [11.2876317260968, 44.52651636922638], [11.28725448710649, 44.526523928360774], [11.28726505308801, 44.5267937931028], [11.286887812210585, 44.52680135106295], [11.28689837660129, 44.52707121586093], [11.288030104005982, 44.527048538033284]]]}}, {"type": "Feature", "properties": {"threshold": "ge_13", "source": "HistorySUHI", "period": "2013-2026", "hotspot_percentile": "top_10_pct", "label": ">= 13 estati"}, "geometry": {"type": "Polygon", "coordinates": [[[11.305122990938946, 44.52967550035934], [11.303613971021674, 44.529705962201845], [11.303603328476825, 44.529436100689914], [11.303226074863485, 44.52944371296665], [11.303215434206983, 44.52917385136865], [11.302838182183544, 44.52918146232911], [11.302827543415347, 44.528911600645074], [11.30207304239913, 44.52892681868845], [11.302062407258257, 44.52865695684719], [11.301685158265506, 44.528664563930136], [11.301695791667305, 44.52893442584257], [11.300941289756347, 44.52894963641573], [11.300930659832709, 44.52867977436095], [11.300176160803671, 44.52869497981166], [11.300186787249142, 44.528964842008726], [11.300564038577264, 44.52895723983475], [11.300574666910858, 44.52922710194587], [11.299442907262142, 44.52924990494607], [11.299432284145883, 44.52898004262157], [11.299055032370795, 44.52898764106042], [11.299044411142594, 44.52871777864999], [11.29866716095766, 44.528725375772694], [11.298656541617467, 44.52845551327637], [11.298279293022691, 44.52846310908295], [11.298268675570458, 44.52819324650074], [11.297136934110076, 44.528216026237196], [11.29710509829772, 44.52740643776219], [11.296727856063637, 44.527414028304534], [11.296685417352764, 44.52633457651314], [11.295553710625096, 44.526357339818176], [11.295564314862974, 44.52662720300126], [11.29518707725076, 44.52663478835071], [11.295197679898413, 44.52690465158998], [11.2948204403986, 44.526912235765444], [11.294841642662014, 44.52745196234151], [11.294464399535618, 44.52745954541394], [11.294485598915635, 44.52799927207272], [11.294108352162576, 44.52800685404207], [11.294118950336488, 44.5282767174202], [11.294496198828599, 44.52826913537992], [11.294506798890204, 44.5285389986723], [11.29488404897275, 44.52853141531602], [11.294915855266803, 44.52934100489149], [11.29567036542058, 44.52932583401791], [11.295680971294281, 44.52959569703816], [11.29605822788726, 44.52958810966277], [11.296068835648875, 44.5298579725972], [11.296446093832289, 44.52985038390571], [11.296424874979463, 44.52931065816405], [11.297179383943256, 44.52929547732993], [11.297189996773596, 44.52956534006611], [11.297567252771426, 44.52955774771039], [11.29757786748977, 44.52982761036071], [11.298332382517211, 44.52981242177194], [11.2983430008628, 44.53008228426532], [11.29872025989238, 44.530074688032215], [11.298709639807594, 44.529804825609936], [11.30059592402517, 44.529766826123684], [11.300617181735664, 44.53030655024225], [11.300994441610525, 44.530298946467454], [11.301005072428575, 44.53056880843337], [11.300250549051345, 44.53058401488016], [11.300271804177612, 44.531123739052134], [11.301780864249876, 44.53109332060883], [11.301770229655123, 44.5308234588149], [11.30290201792573, 44.53080063212217], [11.302891378262377, 44.53053077052703], [11.304400420243983, 44.530500317790114], [11.304379127451295, 44.52996059512534], [11.305133640589657, 44.5299453615714], [11.305122990938946, 44.52967550035934]]]}}, {"type": "Feature", "properties": {"threshold": "ge_13", "source": "HistorySUHI", "period": "2013-2026", "hotspot_percentile": "top_10_pct", "label": ">= 13 estati"}, "geometry": {"type": "Polygon", "coordinates": [[[11.31190287017015, 44.52926831560567], [11.311870828653062, 44.528458735691245], [11.311493583545664, 44.528466375144376], [11.311525619845655, 44.52927595527327], [11.31190287017015, 44.52926831560567]]]}}, {"type": "Feature", "properties": {"threshold": "ge_13", "source": "HistorySUHI", "period": "2013-2026", "hotspot_percentile": "top_10_pct", "label": ">= 13 estati"}, "geometry": {"type": "Polygon", "coordinates": [[[11.294591604734414, 44.5306979044786], [11.294581003483593, 44.53042804130461], [11.294203741078185, 44.530435623912545], [11.294214340589736, 44.53070548715748], [11.294591604734414, 44.5306979044786]]]}}, {"type": "Feature", "properties": {"threshold": "ge_13", "source": "HistorySUHI", "period": "2013-2026", "hotspot_percentile": "top_10_pct", "label": ">= 13 estati"}, "geometry": {"type": "Polygon", "coordinates": [[[11.293847674217309, 44.53098293189234], [11.294224940249926, 44.53097535038762], [11.294214340589736, 44.53070548715748], [11.293837076296418, 44.530713068591254], [11.293847674217309, 44.53098293189234]]]}}, {"type": "Feature", "properties": {"threshold": "ge_13", "source": "HistorySUHI", "period": "2013-2026", "hotspot_percentile": "top_10_pct", "label": ">= 13 estati"}, "geometry": {"type": "Polygon", "coordinates": [[[11.296488533323293, 44.53092983521139], [11.296865798314906, 44.53092224499069], [11.2968551864797, 44.530652382257514], [11.296477923227368, 44.53065997240718], [11.296488533323293, 44.53092983521139]]]}}, {"type": "Feature", "properties": {"threshold": "ge_13", "source": "HistorySUHI", "period": "2013-2026", "hotspot_percentile": "top_10_pct", "label": ">= 13 estati"}, "geometry": {"type": "Polygon", "coordinates": [[[11.298008209598695, 44.531169329363024], [11.298762741720811, 44.531154137573296], [11.298752121040303, 44.53088427521024], [11.297997592396777, 44.53089946685782], [11.298008209598695, 44.531169329363024]]]}}, {"type": "Feature", "properties": {"threshold": "ge_13", "source": "HistorySUHI", "period": "2013-2026", "hotspot_percentile": "top_10_pct", "label": ">= 13 estati"}, "geometry": {"type": "Polygon", "coordinates": [[[11.286513616186408, 44.536531591750816], [11.286503050088923, 44.53626172732897], [11.28688035214151, 44.5362541693837], [11.286859216911475, 44.53571444063709], [11.286481918338486, 44.535721998440884], [11.286439656615672, 44.534642540487326], [11.286816948229758, 44.53463498296643], [11.286806381429804, 44.53436511851179], [11.287183671156038, 44.53435755981629], [11.28717310276463, 44.534087695417604], [11.288304965835083, 44.534065012071565], [11.288294392373055, 44.53379514787036], [11.289426248890186, 44.53377245352906], [11.289415670357705, 44.53350258952544], [11.289792953827174, 44.53349502232526], [11.289782373703494, 44.53322515837765], [11.290536936718205, 44.533210020383166], [11.290526353263852, 44.532940156562425], [11.29165819145418, 44.53291744044391], [11.29164760292978, 44.53264757682095], [11.292024880290127, 44.532640002361845], [11.29203547055401, 44.532909865913936], [11.292412749505328, 44.53290229013871], [11.29240215750196, 44.532632426657536], [11.29391126486371, 44.532602111388066], [11.293921863824973, 44.532871974585554], [11.293544585467954, 44.53287955534169], [11.29355518283836, 44.533149418595315], [11.295818861187405, 44.53310391495432], [11.295808253380065, 44.53283405212651], [11.296562808160974, 44.53281887442635], [11.296552197023482, 44.532549011725756], [11.29692947245129, 44.53254142107888], [11.296918859723172, 44.53227155843454], [11.297673406653436, 44.53225637354726], [11.297662790595346, 44.53198651103021], [11.29841733345133, 44.53197132130431], [11.298396094824334, 44.53143159651006], [11.298018826949502, 44.53143919185345], [11.298029444449197, 44.53170905432904], [11.295765823638245, 44.531754600667234], [11.295755216574664, 44.53148473776542], [11.295000678592839, 44.53149990977479], [11.294990075156676, 44.531230046716175], [11.29348100436626, 44.53126037550911], [11.293470408036077, 44.5309905121519], [11.29309314170625, 44.53099809116632], [11.293050764828488, 44.52991863730574], [11.294182542500991, 44.52989589737826], [11.294171943435343, 44.52962603408893], [11.294549200623083, 44.52961845169385], [11.29455980142793, 44.52988831491224], [11.29493706020621, 44.529880731201125], [11.294947662898933, 44.53015059433373], [11.294570402381432, 44.530158178115826], [11.294581003483593, 44.53042804130461], [11.294958265740338, 44.53042045745155], [11.294968868730429, 44.53069032055457], [11.295346132577755, 44.53068273538541], [11.295303714552574, 44.52960328316847], [11.294926457662168, 44.52961086805371], [11.294915855266803, 44.52934100489149], [11.29453859996689, 44.529348588460664], [11.294527999459346, 44.52907872521268], [11.29301898373004, 44.52910904675492], [11.29298720396855, 44.528299456070904], [11.29336445290644, 44.5282918777657], [11.29335385821064, 44.52802201424569], [11.292976611011811, 44.52802959247998], [11.292966018203614, 44.527759728874244], [11.292588772595282, 44.52776730579261], [11.292578181674635, 44.527497442101186], [11.292200937656807, 44.52750501770364], [11.292211526838438, 44.52777488146596], [11.291457034879302, 44.52779002907763], [11.291467620731334, 44.528059892966915], [11.291090372790045, 44.52806746497608], [11.291100957051446, 44.52833732892143], [11.290346457245482, 44.52835246934639], [11.290388781862235, 44.52943192554656], [11.290766038795969, 44.52942435567326], [11.290797789034219, 44.530233947455535], [11.291929574597848, 44.53021122972734], [11.291940163525226, 44.530481093412575], [11.292694689970434, 44.53046594189308], [11.292715875227856, 44.531005668935585], [11.291961341825457, 44.53102082073868], [11.291971931198315, 44.53129068437953], [11.291594662535022, 44.53129825848423], [11.291584074901502, 44.531028394772484], [11.290829540608204, 44.531043539104665], [11.29081895660179, 44.530773675236425], [11.290441690971814, 44.530781245463935], [11.290420526882812, 44.53024151754137], [11.288911476793526, 44.530271785433435], [11.288922051806717, 44.53054164968536], [11.288544787174317, 44.53054921361634], [11.28857650788567, 44.53135880649573], [11.288199237886989, 44.5313663693939], [11.28822038229049, 44.531906098047756], [11.288974929097154, 44.531890970723126], [11.289006657251099, 44.532700563168305], [11.288629378703543, 44.532708127665565], [11.288639953311982, 44.53297799185518], [11.288262672876629, 44.53298555517798], [11.288273245893832, 44.533255419423554], [11.28676411571181, 44.53328566054535], [11.28677468191904, 44.53355552505914], [11.286397397263467, 44.53356308229716], [11.286386832795808, 44.53329321771265], [11.285254983158989, 44.53331588174293], [11.285244424058124, 44.53304601693154], [11.284489860372261, 44.53306111991739], [11.284521527681619, 44.5338707147312], [11.284144240397886, 44.53387826456817], [11.284165349198336, 44.53441799451144], [11.283788058287302, 44.534425543244424], [11.283798611169866, 44.53469540826452], [11.283044025424477, 44.53471050213574], [11.283054574975612, 44.534980367282316], [11.282299985159016, 44.5349954563134], [11.282310531378615, 44.53526532158637], [11.282687828100615, 44.53525777762291], [11.282698376207883, 44.53552764281053], [11.281189181473497, 44.53555781147455], [11.281199722769516, 44.53582767692969], [11.281577023414716, 44.535820136561185], [11.281587566598388, 44.536090001931], [11.281964868835551, 44.53608246024653], [11.281954323912057, 44.535812594947295], [11.283840824180071, 44.53577486819708], [11.283872485491745, 44.53658446299128], [11.283495180514558, 44.536592011043986], [11.283516285315937, 44.53713174097413], [11.283138976710974, 44.53713928792268], [11.28314952759372, 44.53740915293621], [11.282772217100854, 44.53741669870992], [11.28278276639161, 44.53768656377929], [11.28429201443497, 44.53765637292919], [11.284281458184399, 44.53738650814237], [11.285036077838011, 44.53737140538588], [11.285025518255638, 44.5371015407256], [11.285402826120404, 44.53709398754988], [11.285392264946221, 44.5368241229455], [11.286146876751607, 44.536809012999164], [11.286136312245803, 44.536539148521385], [11.286513616186408, 44.536531591750816]]]}}, {"type": "Feature", "properties": {"threshold": "ge_13", "source": "HistorySUHI", "period": "2013-2026", "hotspot_percentile": "top_10_pct", "label": ">= 13 estati"}, "geometry": {"type": "Polygon", "coordinates": [[[11.28301237765873, 44.53390090660736], [11.283001828699357, 44.53363104140167], [11.283379114687431, 44.533623495371195], [11.283368564136401, 44.53335363022132], [11.283745848236928, 44.5333460830162], [11.28373529609429, 44.533076217922186], [11.282980731224411, 44.53309131094595], [11.282959634341182, 44.53255158043108], [11.2825823551634, 44.532559124933854], [11.282592901791531, 44.53282899026928], [11.282215620726328, 44.53283653359741], [11.282205075837718, 44.53256666819139], [11.281450516742753, 44.53258175097073], [11.28146105815231, 44.53285161651789], [11.280706494986978, 44.532866694457326], [11.280717033065253, 44.53313656013081], [11.279962465829675, 44.53315163323026], [11.279973000576565, 44.53342149903001], [11.279595714997575, 44.53342903378234], [11.279606248152588, 44.53369889963783], [11.279228960686266, 44.53370643321536], [11.279239492249355, 44.53397629912658], [11.278484913394383, 44.5339913626867], [11.278527027206055, 44.535070826747706], [11.281545394750829, 44.535010540363096], [11.281534852158567, 44.53474067493417], [11.281912145696875, 44.534733133602565], [11.281901601512763, 44.53446326822942], [11.282278893163507, 44.53445572572308], [11.282268347387593, 44.534185860405756], [11.282645637150774, 44.53417831672467], [11.282635089783106, 44.53390845146315], [11.28301237765873, 44.53390090660736]]]}}, {"type": "Feature", "properties": {"threshold": "ge_13", "source": "HistorySUHI", "period": "2013-2026", "hotspot_percentile": "top_10_pct", "label": ">= 13 estati"}, "geometry": {"type": "Polygon", "coordinates": [[[11.288745707552971, 44.53567663293761], [11.28912300523641, 44.5356690676616], [11.289112427405168, 44.53539920369073], [11.288735131461477, 44.53540676889592], [11.288745707552971, 44.53567663293761]]]}}, {"type": "Feature", "properties": {"threshold": "ge_13", "source": "HistorySUHI", "period": "2013-2026", "hotspot_percentile": "top_10_pct", "label": ">= 13 estati"}, "geometry": {"type": "Polygon", "coordinates": [[[11.314833804149348, 44.498420156207956], [11.314456753566434, 44.4984278014104], [11.314446072605694, 44.49815794047811], [11.314069023609315, 44.498165584365346], [11.314090382207974, 44.49870530635818], [11.314844486996096, 44.49869001705389], [11.314833804149348, 44.498420156207956]]]}}, {"type": "Feature", "properties": {"threshold": "ge_13", "source": "HistorySUHI", "period": "2013-2026", "hotspot_percentile": "top_10_pct", "label": ">= 13 estati"}, "geometry": {"type": "Polygon", "coordinates": [[[11.315435262282719, 44.504079582908425], [11.31542457470366, 44.503809722430745], [11.315047489540282, 44.503817370308134], [11.315058175382573, 44.50408723085739], [11.315435262282719, 44.504079582908425]]]}}, {"type": "Feature", "properties": {"threshold": "ge_13", "source": "HistorySUHI", "period": "2013-2026", "hotspot_percentile": "top_10_pct", "label": ">= 13 estati"}, "geometry": {"type": "Polygon", "coordinates": [[[11.314681088332625, 44.50409487756241], [11.314691772587928, 44.50436473816839], [11.31506886137467, 44.504357091391796], [11.315058175382573, 44.50408723085739], [11.314681088332625, 44.50409487756241]]]}}, {"type": "Feature", "properties": {"threshold": "ge_13", "source": "HistorySUHI", "period": "2013-2026", "hotspot_percentile": "top_10_pct", "label": ">= 13 estati"}, "geometry": {"type": "Polygon", "coordinates": [[[11.315079547516572, 44.50462695191138], [11.314325366319668, 44.50464224436373], [11.314357415223038, 44.505451826262785], [11.315111606841139, 44.50543653338111], [11.315122293582293, 44.50570639384136], [11.315499390903545, 44.50569874546298], [11.31548870242548, 44.505428885074295], [11.31586579785998, 44.5054212355235], [11.315833728114239, 44.50461165448324], [11.315456637890321, 44.50461930381929], [11.315445950011604, 44.504349443371275], [11.31506886137467, 44.504357091391796], [11.315079547516572, 44.50462695191138]]]}}, {"type": "Feature", "properties": {"threshold": "ge_13", "source": "HistorySUHI", "period": "2013-2026", "hotspot_percentile": "top_10_pct", "label": ">= 13 estati"}, "geometry": {"type": "Polygon", "coordinates": [[[11.337381567729954, 44.5055228672843], [11.337370778364129, 44.505253011081656], [11.336993689773958, 44.505260731609646], [11.336982902296144, 44.504990875319876], [11.336605815291513, 44.5049985945317], [11.33659502970167, 44.504728738154824], [11.335840858712315, 44.504744172702324], [11.335830076747113, 44.504474316166146], [11.33432173990171, 44.50450517004556], [11.334343290089336, 44.505044883680505], [11.333966202026804, 44.50505259418494], [11.334009297267462, 44.50613202156505], [11.334386392277276, 44.50612431077199], [11.33439716820192, 44.506394167507686], [11.334774264797545, 44.506386455398506], [11.334785042610159, 44.50665631204716], [11.335162140791596, 44.50664859862182], [11.33517292049223, 44.50691845518343], [11.33479582057387, 44.50692616868095], [11.334806598688676, 44.50719602529988], [11.337446307101365, 44.507142004187806], [11.337435516827968, 44.5068721480744], [11.337812615687962, 44.50686442586893], [11.337801823828926, 44.50659456981292], [11.338178920800724, 44.50658684643574], [11.338157334062785, 44.506047134423646], [11.337780240564722, 44.50605485765628], [11.337758657905658, 44.50551514544013], [11.337381567729954, 44.5055228672843]]]}}, {"type": "Feature", "properties": {"threshold": "ge_13", "source": "HistorySUHI", "period": "2013-2026", "hotspot_percentile": "top_10_pct", "label": ">= 13 estati"}, "geometry": {"type": "Polygon", "coordinates": [[[11.352486774647252, 44.50575272982774], [11.35249763393917, 44.50602258308622], [11.352874723254939, 44.506014811267754], [11.352885584435871, 44.50628466443861], [11.353262675336158, 44.506276891303486], [11.353273538406151, 44.506546744386696], [11.35402772322344, 44.50653119423918], [11.354016856679852, 44.50626134130149], [11.35439394712321, 44.5062535644346], [11.354361343196205, 44.50544400575042], [11.353984257963083, 44.50545178239897], [11.353973392028815, 44.50518192940166], [11.353219224579012, 44.50519747882162], [11.353208362270422, 44.50492762566391], [11.352831280053774, 44.504935398435336], [11.352820419634112, 44.50466554518997], [11.349803770315367, 44.50472768200075], [11.349814616841694, 44.50499753582758], [11.349437533255687, 44.50500529740418], [11.349426688466037, 44.50473544350473], [11.34867252431132, 44.50475096278109], [11.348683365627602, 44.50502081682576], [11.346420859096575, 44.50506734523738], [11.34643169014454, 44.50533719970258], [11.345300429618732, 44.50536044733349], [11.345311255608275, 44.50563030200134], [11.344934166726016, 44.50563804879633], [11.344923342473233, 44.50536819405597], [11.344546255175993, 44.50537593953457], [11.344535432811686, 44.50510608470685], [11.343781261235561, 44.50512157178739], [11.343792080126388, 44.50539142676004], [11.34303790447011, 44.50540690900988], [11.343048720039064, 44.50567676411252], [11.342294540302758, 44.50569224153155], [11.342283728207352, 44.50542238628407], [11.341529551338311, 44.50543785858261], [11.341540359960158, 44.505707713974864], [11.339654906452397, 44.50574637331444], [11.339665706541702, 44.50601622905359], [11.340042799282976, 44.506008499601215], [11.340053601260529, 44.50627835525316], [11.340430695587212, 44.506270624484486], [11.340441499453064, 44.50654048004921], [11.33968730717453, 44.50655594048727], [11.339730510257143, 44.50763536317608], [11.340484716431089, 44.507619902159306], [11.340495521054264, 44.50788975764965], [11.340872625651025, 44.50788202520286], [11.340861819290868, 44.507612169784906], [11.341616024555918, 44.507596701304045], [11.341626834390036, 44.50786655657726], [11.34351235358509, 44.50782786324293], [11.343501535066121, 44.507558008331785], [11.343878636713265, 44.50755026600532], [11.343867816609023, 44.507280411151775], [11.344622015974352, 44.50726492291177], [11.34460036927333, 44.50672521344986], [11.344977465254615, 44.506717467608844], [11.34496664039484, 44.50644761292806], [11.345720828428421, 44.50643211765916], [11.345753313884275, 44.50724168122189], [11.346507511731893, 44.507226180542055], [11.346518343994633, 44.507496034888135], [11.346895444427588, 44.50748828260969], [11.346906278579128, 44.50775813686835], [11.347283380597139, 44.507750383273375], [11.34729421663753, 44.50802023744456], [11.348425526990882, 44.507996968977885], [11.348414685739616, 44.507727115024416], [11.34916888840806, 44.50771159663849], [11.349158043834919, 44.50744174281535], [11.349535143204182, 44.50743398182901], [11.349480913934606, 44.50608471285305], [11.350989275153987, 44.50605365792098], [11.350978422809117, 44.50578380437172], [11.352486774647252, 44.50575272982774]]]}}, {"type": "Feature", "properties": {"threshold": "ge_13", "source": "HistorySUHI", "period": "2013-2026", "hotspot_percentile": "top_10_pct", "label": ">= 13 estati"}, "geometry": {"type": "Polygon", "coordinates": [[[11.32707005995371, 44.51194530886765], [11.327447194309789, 44.51193762019939], [11.327436448373705, 44.51166776239181], [11.327813580841712, 44.51166007255126], [11.327802833318893, 44.5113902148008], [11.328179963898833, 44.511382523788], [11.32816921478933, 44.51111266609464], [11.327414956953497, 44.51112804673209], [11.327404211469371, 44.51085818887994], [11.327027084062811, 44.510865877260414], [11.327016340466649, 44.51059601932147], [11.326262088676327, 44.51061139220601], [11.32624060888501, 44.51007167599582], [11.325486363441561, 44.510087043616004], [11.325475627246263, 44.50981718534482], [11.325098506036008, 44.50982486721679], [11.32508777172846, 44.50955500885887], [11.325464891201483, 44.50954732705878], [11.325454155307215, 44.50927746875791], [11.325831272892517, 44.509269785785584], [11.325809798081169, 44.50873006928305], [11.326564025851471, 44.5087146998937], [11.326542544693773, 44.5081749836194], [11.326919654878838, 44.508167297202434], [11.326908912788772, 44.507897439114934], [11.327663129232938, 44.50788206269268], [11.327652383819368, 44.50761220473421], [11.328029490078452, 44.50760451472895], [11.328018743078498, 44.50733465682758], [11.32877295167061, 44.507319273228916], [11.328762201347333, 44.50704941545664], [11.329139303680343, 44.507041721863246], [11.329107048403934, 44.506232148673305], [11.32835285400886, 44.506247534184126], [11.328342106025302, 44.505977676280445], [11.327965010338636, 44.505985367097914], [11.327943518297259, 44.50544565110204], [11.326812240754654, 44.50546871565889], [11.326822981489455, 44.50573857388009], [11.326445886937217, 44.50574625964972], [11.326435147939273, 44.505476401356596], [11.325680961856897, 44.50549176902013], [11.325648756187238, 44.504682193620205], [11.325271668130744, 44.50468987537038], [11.325218003708054, 44.50334058238069], [11.324840924184713, 44.50334826252756], [11.324808732546456, 44.5025386863399], [11.32443165808257, 44.50254636502735], [11.324420929573915, 44.50227650619657], [11.324043856696214, 44.50228418356833], [11.324033130074513, 44.50201432465085], [11.323278987341148, 44.50202967551922], [11.323289710489723, 44.502299534580345], [11.32253556368194, 44.50231488061705], [11.322557003483645, 44.50285459898198], [11.322179926381114, 44.50286227027816], [11.322276397297246, 44.50529100283148], [11.321899304413758, 44.50529867352982], [11.321910022418932, 44.50556853269996], [11.321532927648324, 44.505576202226116], [11.32155436063563, 44.506115920665394], [11.321177262240976, 44.50612358909109], [11.321187977223042, 44.506393448360235], [11.320810876941229, 44.50640111561368], [11.320821590336537, 44.50667097493971], [11.320444488167558, 44.50667864102089], [11.320465911934741, 44.50721835977191], [11.32008880614157, 44.50722602475252], [11.320120937707442, 44.50803560298291], [11.320875159566041, 44.50802027134725], [11.320885873862553, 44.508290130584214], [11.319754535638038, 44.508313126386774], [11.319775954258741, 44.50885284524658], [11.319021721076354, 44.50886816984796], [11.319032427137513, 44.50913802939898], [11.319409545540967, 44.509130367648666], [11.319420253489449, 44.509400227113176], [11.31866601305799, 44.509415549513065], [11.318655308583963, 44.509145689905175], [11.318278189880346, 44.50915334916722], [11.31828889261714, 44.50942320884679], [11.317911772026239, 44.50943086693637], [11.317922473175825, 44.50970072667276], [11.317545350697637, 44.50970838358984], [11.317556050259965, 44.509978243383046], [11.31717892589449, 44.50998589912759], [11.317189623869512, 44.51025575897761], [11.316812497616738, 44.51026341354961], [11.316844587229626, 44.51107299322549], [11.316467455614797, 44.511080646768185], [11.316478150714945, 44.51135050670209], [11.316101017212755, 44.51135815907215], [11.316111710725405, 44.51162801906284], [11.315734575335851, 44.51163567026027], [11.315755959335966, 44.51217539034032], [11.316887375479698, 44.512152432585616], [11.316898072917153, 44.51242229238854], [11.317275213069317, 44.51241463724346], [11.317264513894354, 44.51214477751217], [11.318018790273635, 44.51212946363247], [11.31800808777371, 44.51185960402964], [11.318385224000812, 44.511851945295064], [11.318374519913483, 44.511582085749055], [11.318751654253061, 44.51157442584191], [11.318740948578375, 44.51130456635274], [11.319118081030437, 44.511296905273035], [11.319107373768444, 44.511027045840734], [11.319484504332992, 44.511019383588504], [11.319495213332383, 44.511289242949104], [11.320249477485829, 44.51127391456856], [11.320260190110192, 44.51154377377089], [11.320637323699058, 44.511536107642534], [11.32064803821105, 44.51180596675826], [11.321025173387136, 44.51179829931393], [11.321035889786806, 44.51206815834306], [11.321413026550106, 44.51206048958273], [11.321423744837501, 44.51233034852525], [11.322555159438116, 44.512307334563324], [11.322565883088284, 44.51257719327566], [11.322943022725328, 44.512569519394674], [11.32295374826336, 44.512839378020324], [11.32370803056134, 44.51282402638189], [11.323718759724828, 44.51309388484904], [11.324095902385732, 44.513086207091554], [11.324117364639129, 44.513625923837594], [11.324494510624724, 44.51361824469208], [11.324505243714711, 44.51388810297097], [11.325259538709645, 44.51387274080327], [11.325270275425366, 44.51414259892355], [11.325647424434672, 44.514134915901316], [11.325636685981328, 44.51386505785294], [11.32639098007301, 44.513849688219274], [11.326380238295032, 44.51357983029987], [11.32675738337739, 44.513572143688506], [11.32671441082133, 44.51249271215005], [11.327091548802953, 44.51248502458215], [11.32707005995371, 44.51194530886765]], [[11.322081530938304, 44.50988627740304], [11.322070810528723, 44.50961641847045], [11.32395641240656, 44.50957804679428], [11.323967141502388, 44.509847905367785], [11.322081530938304, 44.50988627740304]], [[11.324344263164047, 44.509840227228274], [11.324322801648345, 44.50930051021011], [11.324699919685106, 44.50929283097017], [11.32472138467526, 44.50983254784461], [11.324344263164047, 44.509840227228274]]]}}, {"type": "Feature", "properties": {"threshold": "ge_13", "source": "HistorySUHI", "period": "2013-2026", "hotspot_percentile": "top_10_pct", "label": ">= 13 estati"}, "geometry": {"type": "Polygon", "coordinates": [[[11.329182312825834, 44.508121152575164], [11.329171560313352, 44.507851294919476], [11.3287944527693, 44.507858988728856], [11.328805203544718, 44.50812884645654], [11.329182312825834, 44.508121152575164]]]}}, {"type": "Feature", "properties": {"threshold": "ge_13", "source": "HistorySUHI", "period": "2013-2026", "hotspot_percentile": "top_10_pct", "label": ">= 13 estati"}, "geometry": {"type": "Polygon", "coordinates": [[[11.329958043361387, 44.50864547605893], [11.3299472870732, 44.508375618577], [11.32919306548906, 44.50839101021599], [11.329268338352675, 44.510280013285715], [11.330399706983469, 44.5102569224486], [11.330388948053212, 44.50998706512788], [11.330766068891254, 44.50997936576591], [11.330744548008816, 44.509439651223964], [11.331121665221584, 44.509431950761986], [11.331110903269474, 44.509162093540766], [11.330733787793879, 44.50916979393069], [11.330712267816555, 44.50863007929958], [11.329958043361387, 44.50864547605893]]]}}, {"type": "Feature", "properties": {"threshold": "ge_13", "source": "HistorySUHI", "period": "2013-2026", "hotspot_percentile": "top_10_pct", "label": ">= 13 estati"}, "geometry": {"type": "Polygon", "coordinates": [[[11.334925167924755, 44.51016444712664], [11.334170925944694, 44.51017987212175], [11.334181702398388, 44.51044972870658], [11.333804579444477, 44.51045743941008], [11.333836904500174, 44.51126700929185], [11.334968288544284, 44.51124387279939], [11.334925167924755, 44.51016444712664]]]}}, {"type": "Feature", "properties": {"threshold": "ge_13", "source": "HistorySUHI", "period": "2013-2026", "hotspot_percentile": "top_10_pct", "label": ">= 13 estati"}, "geometry": {"type": "Polygon", "coordinates": [[[11.314603168267888, 44.51165861638703], [11.314613854980577, 44.511928476649196], [11.313859579377802, 44.51194376798885], [11.313870262765311, 44.51221362837929], [11.315001681157247, 44.512190689288744], [11.314980304107069, 44.51165096892236], [11.314603168267888, 44.51165861638703]]]}}, {"type": "Feature", "properties": {"threshold": "ge_13", "source": "HistorySUHI", "period": "2013-2026", "hotspot_percentile": "top_10_pct", "label": ">= 13 estati"}, "geometry": {"type": "Polygon", "coordinates": [[[11.339537017542693, 44.512230636819794], [11.33952621570778, 44.511960781350496], [11.338394821472582, 44.51198396328415], [11.338405618095338, 44.512253818970386], [11.339537017542693, 44.512230636819794]]]}}, {"type": "Feature", "properties": {"threshold": "ge_13", "source": "HistorySUHI", "period": "2013-2026", "hotspot_percentile": "top_10_pct", "label": ">= 13 estati"}, "geometry": {"type": "Polygon", "coordinates": [[[11.350462956282962, 44.511736112020316], [11.350840082989572, 44.511728346139385], [11.350850936944761, 44.511998199433584], [11.351228065236503, 44.51199043223581], [11.35123892108119, 44.51226028544243], [11.351616050958063, 44.51225251692778], [11.351626908692293, 44.5125223700468], [11.353889695180076, 44.512475732394705], [11.353867959015906, 44.5119360270146], [11.353490831790033, 44.511943802921564], [11.353458233898285, 44.51113424452134], [11.350818375535694, 44.511188639506294], [11.35082922918655, 44.511458492830286], [11.350452104217222, 44.51146625863855], [11.350462956282962, 44.511736112020316]]]}}, {"type": "Feature", "properties": {"threshold": "ge_13", "source": "HistorySUHI", "period": "2013-2026", "hotspot_percentile": "top_10_pct", "label": ">= 13 estati"}, "geometry": {"type": "Polygon", "coordinates": [[[11.339192285746085, 44.51304793198313], [11.339181485194297, 44.512778076486136], [11.338427211794961, 44.51279353029821], [11.338438008871831, 44.51306338593982], [11.33881514738466, 44.5130556595836], [11.338836745467521, 44.513595370677564], [11.339213887303938, 44.51358764293247], [11.339224688310004, 44.51385749838482], [11.340356118123157, 44.51383430746687], [11.340334505837367, 44.513294596981304], [11.340711645330423, 44.513286864331484], [11.340700837677309, 44.51301700913876], [11.340323699921726, 44.513024741716215], [11.340312894157579, 44.51275488643624], [11.339558621666846, 44.51277034771374], [11.339569423956087, 44.51304020313841], [11.339192285746085, 44.51304793198313]]]}}, {"type": "Feature", "properties": {"threshold": "ge_13", "source": "HistorySUHI", "period": "2013-2026", "hotspot_percentile": "top_10_pct", "label": ">= 13 estati"}, "geometry": {"type": "Polygon", "coordinates": [[[11.327533167222372, 44.51409648212515], [11.32755466195725, 44.51463619745801], [11.32793181353814, 44.514628506825865], [11.327942562869284, 44.514898364398036], [11.328319716037143, 44.51489067244956], [11.3283304672567, 44.5151605299349], [11.329839085371336, 44.51512974940934], [11.329828327200996, 44.51485989221204], [11.33020547961494, 44.514852194041765], [11.330173200795976, 44.51404262257681], [11.329796053594956, 44.51405032053096], [11.329785296027927, 44.513780463274216], [11.327899566448945, 44.51381893402017], [11.327910315327973, 44.51408879163693], [11.327533167222372, 44.51409648212515]]]}}, {"type": "Feature", "properties": {"threshold": "ge_13", "source": "HistorySUHI", "period": "2013-2026", "hotspot_percentile": "top_10_pct", "label": ">= 13 estati"}, "geometry": {"type": "Polygon", "coordinates": [[[11.360388080797136, 44.51450216015639], [11.360377181882269, 44.514232308831915], [11.360000041613636, 44.51424010654615], [11.360010938791023, 44.514509957943616], [11.360388080797136, 44.51450216015639]]]}}, {"type": "Feature", "properties": {"threshold": "ge_13", "source": "HistorySUHI", "period": "2013-2026", "hotspot_percentile": "top_10_pct", "label": ">= 13 estati"}, "geometry": {"type": "Polygon", "coordinates": [[[11.361994806957153, 44.51689961518614], [11.361983899716178, 44.5166297642879], [11.36160674442076, 44.51663756763627], [11.361595839070374, 44.51636771665011], [11.361972992628122, 44.51635991337475], [11.361951178910767, 44.51582021150369], [11.361196878592905, 44.51583581651802], [11.36118597543879, 44.51556596541408], [11.36156312393657, 44.51555816360208], [11.361552219197746, 44.51528831255625], [11.361175072437538, 44.51529611429524], [11.361164169589147, 44.51502626316147], [11.360787024413634, 44.51503406358319], [11.36076522265045, 44.514494361124925], [11.360388080797136, 44.51450216015639], [11.360398979864808, 44.51477201146596], [11.360021836121184, 44.51477980932614], [11.360010938791023, 44.514509957943616], [11.359633796632128, 44.51451775448657], [11.35964469222478, 44.514787605942054], [11.359267548175618, 44.514795401313705], [11.359245760618066, 44.5142556982419], [11.358868619891178, 44.51426349222341], [11.35892308124286, 44.51561275015574], [11.359300230657448, 44.515604955809565], [11.359322019742368, 44.51614465873224], [11.359699172479461, 44.51613686299585], [11.359710068988699, 44.51640671436187], [11.360087223310675, 44.51639891730819], [11.36011991896815, 44.517208471097874], [11.360497078350438, 44.51720067258095], [11.360507978946286, 44.517470523741366], [11.360885139913492, 44.51746272390706], [11.360874237579894, 44.51719287281962], [11.361628555580227, 44.51717726956389], [11.361639461389313, 44.51744712050531], [11.362016621897878, 44.51743931693786], [11.362005714351051, 44.51716946606946], [11.362382872968949, 44.51716166133067], [11.362371963837337, 44.51689181052038], [11.361994806957153, 44.51689961518614]]]}}, {"type": "Feature", "properties": {"threshold": "ge_13", "source": "HistorySUHI", "period": "2013-2026", "hotspot_percentile": "top_10_pct", "label": ">= 13 estati"}, "geometry": {"type": "Polygon", "coordinates": [[[11.324644787579253, 44.51739625924498], [11.324634052532808, 44.51712640115917], [11.324256883956435, 44.51713408123893], [11.324246150798402, 44.5168642230664], [11.321983146608206, 44.51691027698007], [11.322026038432627, 44.51798971130501], [11.322403213125448, 44.517982038476674], [11.32242466341579, 44.51852175540645], [11.322801841434279, 44.518514081189984], [11.322791114475889, 44.51824422280433], [11.323545466585573, 44.51822887078146], [11.323534736301575, 44.517959012524635], [11.323911910392757, 44.517951334718276], [11.323901178521227, 44.51768147651845], [11.324278350723965, 44.51767379753943], [11.324267617264955, 44.5174039393966], [11.324644787579253, 44.51739625924498]]]}}, {"type": "Feature", "properties": {"threshold": "ge_13", "source": "HistorySUHI", "period": "2013-2026", "hotspot_percentile": "top_10_pct", "label": ">= 13 estati"}, "geometry": {"type": "Polygon", "coordinates": [[[11.358419273410366, 44.52183492015678], [11.358796463101726, 44.52182712662201], [11.358785568750982, 44.52155727533542], [11.35916275655144, 44.52154948062902], [11.359173652640335, 44.52181933184268], [11.359550842026168, 44.521811535818784], [11.359561740006011, 44.522081386944556], [11.360693312461112, 44.522057991186465], [11.360671506225298, 44.52151828935783], [11.361048693261646, 44.52151048842863], [11.360994171656982, 44.52016123396101], [11.360616993310956, 44.520169034525225], [11.360606091186671, 44.51989918351396], [11.35985173751206, 44.51991478076293], [11.359829940673889, 44.51937507840375], [11.359452767083285, 44.51938287501558], [11.35946366368802, 44.51965272627559], [11.358332136785778, 44.51967610886307], [11.35834302832935, 44.519945960326964], [11.357965850651839, 44.51995375210673], [11.357976740610113, 44.520223603628644], [11.35684520144752, 44.52024697171962], [11.356856086344363, 44.520516823445284], [11.356478904580193, 44.52052461039279], [11.356489787891585, 44.52079446217641], [11.355358236469394, 44.52081781577027], [11.355369114719085, 44.52108766775753], [11.354614742865428, 44.521103230743016], [11.354625617791388, 44.521373082861], [11.353871241851557, 44.52138864101384], [11.35388211345368, 44.52165849326251], [11.353504923516946, 44.521666270544856], [11.353559275122931, 44.523015531928515], [11.353936473750846, 44.523007754282276], [11.353958218936814, 44.52354745858585], [11.354335420888916, 44.52353967954939], [11.354346295448929, 44.52380953160601], [11.356609514388769, 44.523762830812316], [11.356587744561219, 44.52322312755814], [11.357719341541113, 44.52319976079559], [11.357708451641415, 44.5229299093648], [11.358085648591082, 44.52292211802758], [11.35806386577326, 44.52238241526708], [11.358441059093735, 44.522374622831066], [11.358419273410366, 44.52183492015678]]]}}, {"type": "Feature", "properties": {"threshold": "ge_13", "source": "HistorySUHI", "period": "2013-2026", "hotspot_percentile": "top_10_pct", "label": ">= 13 estati"}, "geometry": {"type": "Polygon", "coordinates": [[[11.346435824172415, 44.52424248508466], [11.346813032645757, 44.524234730796614], [11.346769673779969, 44.52315531672561], [11.345638068764815, 44.523178574984996], [11.3456489030382, 44.52344842874272], [11.346026106600224, 44.52344067716173], [11.34603694276391, 44.523710530832034], [11.346414147912379, 44.52370277793381], [11.346435824172415, 44.52424248508466]]]}}, {"type": "Feature", "properties": {"threshold": "ge_13", "source": "HistorySUHI", "period": "2013-2026", "hotspot_percentile": "top_10_pct", "label": ">= 13 estati"}, "geometry": {"type": "Polygon", "coordinates": [[[11.33181074409455, 44.5267027820027], [11.332565200526018, 44.526687368117734], [11.33254365049529, 44.526147655851545], [11.331789201018669, 44.52616306944803], [11.33181074409455, 44.5267027820027]]]}}, {"type": "Feature", "properties": {"threshold": "ge_13", "source": "HistorySUHI", "period": "2013-2026", "hotspot_percentile": "top_10_pct", "label": ">= 13 estati"}, "geometry": {"type": "Polygon", "coordinates": [[[11.33570170919827, 44.529594072832786], [11.335712500014457, 44.529863928202566], [11.335335252217341, 44.52987164659297], [11.335313674214243, 44.52933193569409], [11.334936429743804, 44.52933965269509], [11.334925642708132, 44.529069797151124], [11.335680128019831, 44.52905436204861], [11.335615388115833, 44.52743522933918], [11.333729225868156, 44.52747380559231], [11.333793913606195, 44.529092940467734], [11.334171156791395, 44.52908522727381], [11.334181940349163, 44.52935508296217], [11.333427450349665, 44.52937050824938], [11.333449010962871, 44.529910219870175], [11.334203507918339, 44.52989479429427], [11.334235860406253, 44.53070436118088], [11.334613113874322, 44.530696646308854], [11.334623900078508, 44.530966501835785], [11.335378410039059, 44.53095106821226], [11.335389199872738, 44.531220923579895], [11.335766456365189, 44.53121320482835], [11.335744873370928, 44.530673494222654], [11.336122126233848, 44.53066577437055], [11.336100540366777, 44.53012606384983], [11.33647778960025, 44.530118342897204], [11.336466995154717, 44.52984848768679], [11.336089747660258, 44.529856208567175], [11.33607895510508, 44.52958635326963], [11.33570170919827, 44.529594072832786]]]}}, {"type": "Feature", "properties": {"threshold": "ge_13", "source": "HistorySUHI", "period": "2013-2026", "hotspot_percentile": "top_10_pct", "label": ">= 13 estati"}, "geometry": {"type": "Polygon", "coordinates": [[[11.31231216842723, 44.530070254259485], [11.312365584893952, 44.53141955324023], [11.312742848832173, 44.53141191051046], [11.312753534314231, 44.53168177019059], [11.312376268636738, 44.53168941299189], [11.312386952529344, 44.5319592727287], [11.312764219946136, 44.5319516298559], [11.312785591659482, 44.532491349142006], [11.313540133000808, 44.532476059374794], [11.313433245643115, 44.52977746378169], [11.31305599243969, 44.52978510857245], [11.313045306267371, 44.529515248860015], [11.31229080288919, 44.52953053456336], [11.312301485583308, 44.529800394418835], [11.311924231930403, 44.52980803547446], [11.311934913035195, 44.53007789538662], [11.31231216842723, 44.530070254259485]]]}}, {"type": "Feature", "properties": {"threshold": "ge_13", "source": "HistorySUHI", "period": "2013-2026", "hotspot_percentile": "top_10_pct", "label": ">= 13 estati"}, "geometry": {"type": "Polygon", "coordinates": [[[11.36069776907698, 44.53151056591479], [11.360320517407445, 44.53151836705539], [11.36030961233893, 44.5312485165246], [11.359555112019173, 44.53126411492489], [11.359566013609646, 44.53153396560164], [11.358811509200367, 44.53154955916791], [11.358800611087949, 44.53127970834523], [11.358046109545452, 44.53129529678563], [11.35803521506387, 44.53102544580219], [11.35728071638832, 44.531041029116814], [11.357291607391875, 44.53131088024609], [11.356537104627417, 44.53132645872657], [11.356526217101898, 44.53105660745152], [11.35614896722967, 44.53106439475139], [11.35612719611461, 44.53052469201083], [11.3553727028682, 44.53054026258424], [11.355361821017539, 44.53027041104589], [11.355739065978096, 44.5302626264545], [11.355706416124917, 44.529453071968554], [11.355329176381078, 44.529460856341395], [11.35534005777398, 44.52973070792447], [11.354962816138674, 44.529738491125215], [11.354951936484655, 44.52946863946932], [11.354197456234166, 44.529484201990414], [11.354186580210433, 44.52921435017398], [11.35380934159528, 44.52922212949436], [11.353841964907335, 44.53003168511732], [11.353464720923018, 44.53003946341114], [11.353432102827647, 44.529229907569814], [11.352300385610103, 44.52925323432672], [11.352311252939476, 44.52952308650702], [11.35193401182328, 44.52953085967556], [11.351988342061217, 44.530880120717235], [11.352365591872179, 44.530872347184996], [11.35238732851204, 44.53141205135188], [11.352764581648675, 44.53140427642914], [11.352797192968797, 44.532213832349434], [11.353174451170284, 44.53220605596338], [11.353185323654339, 44.532475907834225], [11.354694361891987, 44.53244478954846], [11.354705241485147, 44.53271464111321], [11.35545976316701, 44.53269907435437], [11.355448880095542, 44.53242922293527], [11.355826138968418, 44.53242143776111], [11.355815254310436, 44.53215158639997], [11.3569470247958, 44.53212822362587], [11.356957914671142, 44.532398074768395], [11.357335172933334, 44.532390284614074], [11.357356956620443, 44.53292998670861], [11.3577342182082, 44.53292219516342], [11.357756005984648, 44.5334618970525], [11.358887800266414, 44.533438514509015], [11.358844204454552, 44.532359111546434], [11.359598719298285, 44.532343517542415], [11.359587817249198, 44.532073666910414], [11.360342328003233, 44.532058068072224], [11.360331422628878, 44.53178821757127], [11.360708676037456, 44.53178041635766], [11.36069776907698, 44.53151056591479]]]}}, {"type": "Feature", "properties": {"threshold": "ge_13", "source": "HistorySUHI", "period": "2013-2026", "hotspot_percentile": "top_10_pct", "label": ">= 13 estati"}, "geometry": {"type": "Polygon", "coordinates": [[[11.344907238684833, 44.53318640921214], [11.344950578308874, 44.53426582282047], [11.346082398570273, 44.53424256684233], [11.346093239074232, 44.53451241998956], [11.346470513930058, 44.534504665434], [11.346459671686738, 44.53423481235932], [11.346836944651162, 44.53422705663117], [11.346793570241088, 44.53314764447386], [11.34603903807458, 44.53316315410447], [11.34602819833068, 44.53289330088279], [11.345273669034631, 44.53290880538792], [11.345284505300047, 44.53317865875469], [11.344907238684833, 44.53318640921214]]]}}, {"type": "Feature", "properties": {"threshold": "ge_13", "source": "HistorySUHI", "period": "2013-2026", "hotspot_percentile": "top_10_pct", "label": ">= 13 estati"}, "geometry": {"type": "Polygon", "coordinates": [[[11.359286867022782, 44.53397041908358], [11.359297768402795, 44.53424026968416], [11.358920498730111, 44.53424806657436], [11.358942298470138, 44.53478776787668], [11.359319571621441, 44.534779970840574], [11.35930866993568, 44.53451012026982], [11.360063212300998, 44.53449452260813], [11.36007411746539, 44.53476437303293], [11.36082866269764, 44.534748770244754], [11.36080684556458, 44.53420906967226], [11.359675037922608, 44.53423247154884], [11.359664134803326, 44.533962621021246], [11.359286867022782, 44.53397041908358]]]}}, {"type": "Feature", "properties": {"threshold": "ge_13", "source": "HistorySUHI", "period": "2013-2026", "hotspot_percentile": "top_10_pct", "label": ">= 13 estati"}, "geometry": {"type": "Polygon", "coordinates": [[[11.345791839674568, 44.53640914542155], [11.34616912685863, 44.536401391603256], [11.346179968578816, 44.53667124463136], [11.346557257350396, 44.53666348949525], [11.346568100962202, 44.536933342435894], [11.348831840834894, 44.536886785033346], [11.348799279143849, 44.536077227473726], [11.348421994764076, 44.536084989936036], [11.348411142910965, 44.535815137313726], [11.347656577173888, 44.53583065835746], [11.347667425548009, 44.53610051112502], [11.345780999845953, 44.536139292306], [11.345791839674568, 44.53640914542155]]]}}, {"type": "Feature", "properties": {"threshold": "ge_13", "source": "HistorySUHI", "period": "2013-2026", "hotspot_percentile": "top_10_pct", "label": ">= 13 estati"}, "geometry": {"type": "Polygon", "coordinates": [[[11.350761739054551, 44.537927361370805], [11.350750875698195, 44.5376575092888], [11.350373581642314, 44.537665278413385], [11.350384443259022, 44.5379351305681], [11.350761739054551, 44.537927361370805]]]}}, {"type": "Feature", "properties": {"threshold": "ge_13", "source": "HistorySUHI", "period": "2013-2026", "hotspot_percentile": "top_10_pct", "label": ">= 13 estati"}, "geometry": {"type": "Polygon", "coordinates": [[[11.348918678708573, 44.53904560453692], [11.348907823441571, 44.53877575215111], [11.348530521665554, 44.53878351533985], [11.348541375192797, 44.539053367798296], [11.348918678708573, 44.53904560453692]]]}}, {"type": "Feature", "properties": {"threshold": "ge_13", "source": "HistorySUHI", "period": "2013-2026", "hotspot_percentile": "top_10_pct", "label": ">= 13 estati"}, "geometry": {"type": "Polygon", "coordinates": [[[11.339949865925808, 44.5413904115638], [11.338817902226348, 44.541413609682095], [11.338850331651864, 44.542223172265174], [11.339227658256853, 44.54221544058749], [11.33923847010868, 44.54248529467974], [11.340747781972551, 44.54245435522445], [11.340758600936553, 44.54272420901229], [11.342645246052921, 44.54268550630689], [11.3426344183883, 44.5424156528812], [11.343011745215994, 44.54240790867601], [11.34297925791303, 44.54159834852706], [11.342601936305535, 44.541606092514826], [11.342580282342912, 44.54106638552948], [11.339939051200448, 44.54112055755675], [11.339949865925808, 44.5413904115638]]]}}, {"type": "Feature", "properties": {"threshold": "ge_13", "source": "HistorySUHI", "period": "2013-2026", "hotspot_percentile": "top_10_pct", "label": ">= 13 estati"}, "geometry": {"type": "Polygon", "coordinates": [[[11.352027243408743, 44.55059484345035], [11.35164986612726, 44.550602618557], [11.3516389938671, 44.55033276724806], [11.351261618173915, 44.550340541036135], [11.351294230189431, 44.55115009513648], [11.350916849121333, 44.55115786789692], [11.350927718357246, 44.55142771930663], [11.350550335395832, 44.55143549089393], [11.350580170726248, 44.552176307861636], [11.35062519269056, 44.55217068875596], [11.350702987417971, 44.55214883110882], [11.351516964051894, 44.55202962639874], [11.351520481148464, 44.552029112822936], [11.351639251707356, 44.55200246731962], [11.35168653929662, 44.551991833434606], [11.351799243703736, 44.551957435543095], [11.351937388343822, 44.551890446442535], [11.352076070145669, 44.551806489554096], [11.352070740937716, 44.551674248246066], [11.352302394353742, 44.55166947463191], [11.352398254234641, 44.551611441802656], [11.352398280118633, 44.55161145927426], [11.352426253760969, 44.55166692229734], [11.352448125030067, 44.5516664716025], [11.352415496431986, 44.55085691824638], [11.35203811756221, 44.55086469467164], [11.352027243408743, 44.55059484345035]]]}}, {"type": "Feature", "properties": {"threshold": "ge_13", "source": "HistorySUHI", "period": "2013-2026", "hotspot_percentile": "top_10_pct", "label": ">= 13 estati"}, "geometry": {"type": "Polygon", "coordinates": [[[11.354755709399225, 44.55269259511369], [11.354876909101204, 44.552670623146355], [11.355139055936295, 44.552602485376426], [11.355144773369037, 44.55260096302336], [11.355101216412693, 44.55249125688679], [11.355100349001258, 44.55248910517879], [11.355595576181273, 44.55236017070299], [11.355872566108912, 44.55228988942932], [11.355866359491303, 44.55213612659776], [11.354734200432143, 44.55215948686674], [11.354755709399225, 44.55269259511369]]]}}, {"type": "Feature", "properties": {"threshold": "ge_13", "source": "HistorySUHI", "period": "2013-2026", "hotspot_percentile": "top_10_pct", "label": ">= 13 estati"}, "geometry": {"type": "Polygon", "coordinates": [[[11.3738519818582, 44.47425150324245], [11.37380820005038, 44.473172100724454], [11.37267758337434, 44.47319560620369], [11.37272134437712, 44.47427500960154], [11.3738519818582, 44.47425150324245]]]}}, {"type": "Feature", "properties": {"threshold": "ge_13", "source": "HistorySUHI", "period": "2013-2026", "hotspot_percentile": "top_10_pct", "label": ">= 13 estati"}, "geometry": {"type": "Polygon", "coordinates": [[[11.397915708710379, 44.48158081306422], [11.398292628137074, 44.48157289470398], [11.398281567003718, 44.48130304924883], [11.397904649311347, 44.48131096753499], [11.397915708710379, 44.48158081306422]]]}}, {"type": "Feature", "properties": {"threshold": "ge_13", "source": "HistorySUHI", "period": "2013-2026", "hotspot_percentile": "top_10_pct", "label": ">= 13 estati"}, "geometry": {"type": "Polygon", "coordinates": [[[11.395043953623405, 44.48515211342581], [11.394999764404576, 44.484072729628224], [11.394622827973603, 44.48408063746979], [11.394611782790525, 44.48381079140896], [11.393857912933342, 44.48382660321556], [11.393868954647283, 44.48409644942436], [11.393115080701962, 44.4841122564075], [11.393126119101456, 44.48438210274924], [11.39274918016213, 44.48439000445047], [11.392782291084897, 44.48519954360769], [11.393159235228175, 44.48519164168464], [11.393192352747302, 44.48600118048528], [11.393569301940033, 44.48599327709745], [11.393591384529278, 44.48653296940844], [11.393968337036823, 44.48652506462974], [11.393979380298383, 44.486794910688815], [11.394356334385966, 44.48678700459317], [11.39436737953714, 44.48705685056327], [11.394744335204756, 44.48704894315066], [11.394755382245593, 44.48731878903182], [11.395132339493237, 44.48731088030222], [11.395121290717546, 44.48704103449507], [11.395498246075482, 44.4870331245965], [11.395487195719813, 44.48676327884842], [11.395864149188048, 44.48675536778091], [11.395819942375015, 44.48567598493488], [11.395442995845844, 44.48568389570629], [11.395420896838047, 44.48514420404536], [11.395043953623405, 44.48515211342581]]]}}, {"type": "Feature", "properties": {"threshold": "ge_13", "source": "HistorySUHI", "period": "2013-2026", "hotspot_percentile": "top_10_pct", "label": ">= 13 estati"}, "geometry": {"type": "Polygon", "coordinates": [[[11.396628078584923, 44.49619204256006], [11.396639137834168, 44.49646188763589], [11.39739316893366, 44.49644605395301], [11.397382106213076, 44.49617620902535], [11.39775911979457, 44.49616829039293], [11.397725927356335, 44.49535875574237], [11.39734891898169, 44.495366674152486], [11.397337856881343, 44.49509682916491], [11.397714863520418, 44.49508891082889], [11.397703799839576, 44.49481906590043], [11.395818773771662, 44.494858644776954], [11.39582982877476, 44.495128490075786], [11.39469880606771, 44.495152222704036], [11.394720906125192, 44.49569191370093], [11.39509791732032, 44.49568400392013], [11.395108969317024, 44.495953849322085], [11.395485982092874, 44.495945938223926], [11.395474928360537, 44.49567609289599], [11.395851939245818, 44.4956681806285], [11.395874050336714, 44.496207871121314], [11.396628078584923, 44.49619204256006]], [[11.396206836033898, 44.495120576713056], [11.396217892927526, 44.49539042192284], [11.39584088393281, 44.495398335359624], [11.39582982877476, 44.495128490075786], [11.396206836033898, 44.495120576713056]], [[11.396594901767262, 44.495382507242724], [11.39661701949069, 44.495922197469255], [11.396240007179733, 44.49593011229751], [11.396217892927526, 44.49539042192284], [11.396594901767262, 44.495382507242724]]]}}, {"type": "Feature", "properties": {"threshold": "ge_13", "source": "HistorySUHI", "period": "2013-2026", "hotspot_percentile": "top_10_pct", "label": ">= 13 estati"}, "geometry": {"type": "Polygon", "coordinates": [[[11.392902099645438, 44.497350518805334], [11.39252507710708, 44.49735842156969], [11.39251403648613, 44.49708857572471], [11.392137015528787, 44.497096477171695], [11.392125976798342, 44.4968266312378], [11.391748957422024, 44.49683453136744], [11.391737920582035, 44.49656468534466], [11.39098388483678, 44.49658048172589], [11.390994918205303, 44.496850327896496], [11.389863858220366, 44.496874013364476], [11.389919001345682, 44.4982232451012], [11.39029603017435, 44.49821535081927], [11.390307060999076, 44.49848519704785], [11.390684091409009, 44.49847730144857], [11.390695124124267, 44.49874714758829], [11.39144918795198, 44.49873135251148], [11.39143815176491, 44.49846150651955], [11.392192211502032, 44.498445706616614], [11.392181171997906, 44.49817586075757], [11.392558199898492, 44.49816795901483], [11.392547158813258, 44.497898113214745], [11.392924184823235, 44.497890210302494], [11.392902099645438, 44.497350518805334]]]}}, {"type": "Feature", "properties": {"threshold": "ge_13", "source": "HistorySUHI", "period": "2013-2026", "hotspot_percentile": "top_10_pct", "label": ">= 13 estati"}, "geometry": {"type": "Polygon", "coordinates": [[[11.407251058283274, 44.497588978251805], [11.40762807823857, 44.49758102684596], [11.40761696787732, 44.497311183998065], [11.407239949657741, 44.4973191353295], [11.407251058283274, 44.497588978251805]]]}}, {"type": "Feature", "properties": {"threshold": "ge_13", "source": "HistorySUHI", "period": "2013-2026", "hotspot_percentile": "top_10_pct", "label": ">= 13 estati"}, "geometry": {"type": "Polygon", "coordinates": [[[11.402028186527307, 44.49904938696508], [11.403159278497533, 44.4990255801266], [11.403137098033591, 44.4984858927815], [11.402006016478536, 44.49850969917444], [11.402028186527307, 44.49904938696508]]]}}, {"type": "Feature", "properties": {"threshold": "ge_13", "source": "HistorySUHI", "period": "2013-2026", "hotspot_percentile": "top_10_pct", "label": ">= 13 estati"}, "geometry": {"type": "Polygon", "coordinates": [[[11.400508983566551, 44.49881126782302], [11.400486827715309, 44.49827157940868], [11.400109801334077, 44.498279507338076], [11.40009872537719, 44.49800966303423], [11.398590625243264, 44.49804136202069], [11.398612763425605, 44.49858105120662], [11.398989792163556, 44.49857312817689], [11.39901193443831, 44.49911281715461], [11.399765998392176, 44.49909696706813], [11.399777073234175, 44.499366811386196], [11.399400039598929, 44.49937473712536], [11.399411112860223, 44.4996445815026], [11.399788148231412, 44.49963665568929], [11.399799223383894, 44.49990649997739], [11.400553297132449, 44.49989064447186], [11.40054221850804, 44.49962080033213], [11.400919253413429, 44.49961287078829], [11.400908173208377, 44.49934302670777], [11.401285206222518, 44.499335095994645], [11.401274124436869, 44.499065251973356], [11.400897093158635, 44.49907318261226], [11.400886013264206, 44.49880333850178], [11.400508983566551, 44.49881126782302]]]}}, {"type": "Feature", "properties": {"threshold": "ge_13", "source": "HistorySUHI", "period": "2013-2026", "hotspot_percentile": "top_10_pct", "label": ">= 13 estati"}, "geometry": {"type": "Polygon", "coordinates": [[[11.370176904048373, 44.50457656357205], [11.370133143756023, 44.50349716393252], [11.369001938113122, 44.503520645553905], [11.369012872746763, 44.50379049570592], [11.368635802156058, 44.50379832049876], [11.368646735206488, 44.504068170709054], [11.369023807533692, 44.50406034584301], [11.369045677567412, 44.50460004607239], [11.370176904048373, 44.50457656357205]]]}}, {"type": "Feature", "properties": {"threshold": "ge_13", "source": "HistorySUHI", "period": "2013-2026", "hotspot_percentile": "top_10_pct", "label": ">= 13 estati"}, "geometry": {"type": "Polygon", "coordinates": [[[11.410134891202315, 44.50346982133123], [11.410511948258499, 44.503461859582764], [11.410500822316806, 44.50319201758609], [11.409746711520972, 44.503207939690384], [11.409780079396382, 44.504017466082395], [11.410157140081049, 44.504009505428584], [11.410134891202315, 44.50346982133123]]]}}, {"type": "Feature", "properties": {"threshold": "ge_13", "source": "HistorySUHI", "period": "2013-2026", "hotspot_percentile": "top_10_pct", "label": ">= 13 estati"}, "geometry": {"type": "Polygon", "coordinates": [[[11.386712984848618, 44.50288163408261], [11.386724000939157, 44.50315148079506], [11.386346939315462, 44.50315936396989], [11.386357953824074, 44.50342921074115], [11.385980890309627, 44.50343709274603], [11.385991903236263, 44.5037069395761], [11.385237772271493, 44.50372270000222], [11.385248781879698, 44.503992546964795], [11.384117579065876, 44.504016178497196], [11.384150593188359, 44.50482571995857], [11.384904738970654, 44.50480996640513], [11.38492675610308, 44.505349660343114], [11.386435059707775, 44.505318137721034], [11.386413028683224, 44.50477844437302], [11.38679010072539, 44.50477056075556], [11.386779083708268, 44.50450071413288], [11.387156153859522, 44.504492829345445], [11.387123098525503, 44.50368328960898], [11.38750016331304, 44.50367540379918], [11.387467104160066, 44.502865864149435], [11.386712984848618, 44.50288163408261]]]}}, {"type": "Feature", "properties": {"threshold": "ge_13", "source": "HistorySUHI", "period": "2013-2026", "hotspot_percentile": "top_10_pct", "label": ">= 13 estati"}, "geometry": {"type": "Polygon", "coordinates": [[[11.405676817863293, 44.50518432277899], [11.405654609410222, 44.504644637015346], [11.40527754338343, 44.504652582893726], [11.405310851087288, 44.505462111739746], [11.404556708148323, 44.5054780002114], [11.40456780755462, 44.50574784327876], [11.403813660520349, 44.505763726924066], [11.403802564586995, 44.50549388370806], [11.403048420403493, 44.50550976222973], [11.403037328098588, 44.505239918850165], [11.402660257510039, 44.50524785617109], [11.40264916709706, 44.50497801270227], [11.403026235949175, 44.50497007545561], [11.403015143955251, 44.50470023204605], [11.403392210915474, 44.50469229362996], [11.403381117340654, 44.504422450279705], [11.403758182408987, 44.50441451069418], [11.403702708185941, 44.5030652940895], [11.404079764417226, 44.503057353631796], [11.404057572344227, 44.50251766703359], [11.404434624947537, 44.50250972548087], [11.404423527408166, 44.50223988223359], [11.404800578119739, 44.502231939511574], [11.404778380035397, 44.50169225312069], [11.404024285401258, 44.501708137023854], [11.40403538089338, 44.50197798037542], [11.40328128216485, 44.501993859452824], [11.403292374340188, 44.50226370293799], [11.402161219872825, 44.50228751244989], [11.40217230699508, 44.502557356142866], [11.401041145920395, 44.502581154684925], [11.401030064006731, 44.50231131076924], [11.400275959319252, 44.502327170097374], [11.40024272492723, 44.501517637815255], [11.399865677559017, 44.50152556539133], [11.399876753798269, 44.501795409574555], [11.399499704538657, 44.50180333598121], [11.399477555687668, 44.50126364745146], [11.399100509745073, 44.5012715724662], [11.399089437288522, 44.50100172810469], [11.398712392926813, 44.50100965180171], [11.39872346364727, 44.50127949623737], [11.398346417394283, 44.50128741876496], [11.398368555828489, 44.5018271077396], [11.397991505948067, 44.50183502917184], [11.398002573661744, 44.502104873710806], [11.397625521890006, 44.502112793973566], [11.397647654310378, 44.5026524831548], [11.39727059891109, 44.50266040232214], [11.397292728479439, 44.50320009159165], [11.39503037199217, 44.50324758136785], [11.395041426591154, 44.50351742642454], [11.394664364897787, 44.5035253371084], [11.394653312035123, 44.503255491977704], [11.393899191656239, 44.50327130946634], [11.39391024104626, 44.50354115474506], [11.39315611657517, 44.503556967406944], [11.393167162647382, 44.50382681281866], [11.392790098443205, 44.503834717358025], [11.392801142933882, 44.50410456282873], [11.392424076838504, 44.50411246619834], [11.392446162811492, 44.50465215724275], [11.392069093088475, 44.50466005951653], [11.392058051761012, 44.50439021392786], [11.39092684687269, 44.504413913064965], [11.390915810909249, 44.50414406723958], [11.389784609837854, 44.50416775496137], [11.38979564059203, 44.50443760100844], [11.389041502298392, 44.504453386752026], [11.389063557324784, 44.50499307909668], [11.388309411466935, 44.50500886016064], [11.388342484746753, 44.50581839900842], [11.389096641023785, 44.50580261750142], [11.389107669232644, 44.50607246360641], [11.389861828364443, 44.5060566769765], [11.389872860201093, 44.50632652291879], [11.390627022187491, 44.50631073116587], [11.390615986877654, 44.50604088537134], [11.390993065902226, 44.50603298770304], [11.390982029010518, 44.50576314196744], [11.391736183122362, 44.50574734304727], [11.391725142912296, 44.50547749744455], [11.392102217999549, 44.5054695961927], [11.392080134570715, 44.50492990509024], [11.39283427733486, 44.504914099151016], [11.392845322444844, 44.50518394456183], [11.39322239533116, 44.50517603965262], [11.393211348484696, 44.50490619431577], [11.393965490319784, 44.504890380914034], [11.39397654063919, 44.5051602261029], [11.395861901197978, 44.50512067046281], [11.395850842196257, 44.50485082564408], [11.39698205146203, 44.50482707755715], [11.396959923505163, 44.504287388319185], [11.397336989477436, 44.50427946995093], [11.397325923995266, 44.50400962538359], [11.39770298807605, 44.50400170584572], [11.397714055294589, 44.504271550338956], [11.398468186463452, 44.50425570738386], [11.398490328311576, 44.50479539602891], [11.398867397136035, 44.504787472537515], [11.398889543077841, 44.50532716097434], [11.399643687206856, 44.50531130996369], [11.399654763883557, 44.5055811540113], [11.400408910864432, 44.505565297877276], [11.40041999116941, 44.50583514176152], [11.401928290213041, 44.50580341427144], [11.401939377619415, 44.50607325784382], [11.402316453728332, 44.50606532278763], [11.402327543026669, 44.50633516627076], [11.403081698251187, 44.50631929227849], [11.403092791178086, 44.506589135598105], [11.404601106707087, 44.50655737239091], [11.404612206735777, 44.506827215398296], [11.405366367039889, 44.50681132618325], [11.405377470697358, 44.507081169026975], [11.405754552352532, 44.507073222479384], [11.405765657902263, 44.507343065233734], [11.407651072525429, 44.507303313466664], [11.40762884421576, 44.506763628686905], [11.407251765075804, 44.50677158137911], [11.407229540862401, 44.50623189639052], [11.406852465039744, 44.50623984769013], [11.406819135097335, 44.50543031987153], [11.406442064328369, 44.505438269704186], [11.406430956395473, 44.50516842699361], [11.405676817863293, 44.50518432277899]]]}}, {"type": "Feature", "properties": {"threshold": "ge_13", "source": "HistorySUHI", "period": "2013-2026", "hotspot_percentile": "top_10_pct", "label": ">= 13 estati"}, "geometry": {"type": "Polygon", "coordinates": [[[11.386812135222959, 44.50531025395604], [11.387189210583696, 44.50530236894726], [11.387178191521173, 44.50503252242829], [11.386801117896953, 44.50504040736328], [11.386812135222959, 44.50531025395604]]]}}, {"type": "Feature", "properties": {"threshold": "ge_13", "source": "HistorySUHI", "period": "2013-2026", "hotspot_percentile": "top_10_pct", "label": ">= 13 estati"}, "geometry": {"type": "Polygon", "coordinates": [[[11.373314007532073, 44.507482230169124], [11.373303051647422, 44.507212381032446], [11.372548868535404, 44.50722805864422], [11.372559820946483, 44.50749790792762], [11.373314007532073, 44.507482230169124]]]}}, {"type": "Feature", "properties": {"threshold": "ge_13", "source": "HistorySUHI", "period": "2013-2026", "hotspot_percentile": "top_10_pct", "label": ">= 13 estati"}, "geometry": {"type": "Polygon", "coordinates": [[[11.372456544180041, 44.51425197400532], [11.37243463530768, 44.513712276023696], [11.37318890210608, 44.513696597378974], [11.373123158327292, 44.5120775039559], [11.372746035428607, 44.51208534346019], [11.37273508040699, 44.51181549443071], [11.372357959091923, 44.51182333261754], [11.372347005961068, 44.51155348349977], [11.370084285269938, 44.51160048605455], [11.370062400314707, 44.51106078689455], [11.370439517339243, 44.51105295639222], [11.370406685845628, 44.51024340776006], [11.370029574032383, 44.51025123804256], [11.36999674913063, 44.50944168905619], [11.369619642375069, 44.50944951787486], [11.369597763348112, 44.50890981832945], [11.369220659913125, 44.508917645757606], [11.36920972236662, 44.50864779588925], [11.368832620515235, 44.5086556220002], [11.368865428403883, 44.50946517178017], [11.368488321188304, 44.50947299686679], [11.368542995383766, 44.510822246567635], [11.369297227032188, 44.51080659441804], [11.369319104732055, 44.51134629390093], [11.369696223800528, 44.511338465813516], [11.369718105588206, 44.51187816509018], [11.370095227977664, 44.51187033561215], [11.370106170838804, 44.51214018515482], [11.369729046712123, 44.51214801470613], [11.369750929420134, 44.5126877138932], [11.369373801665539, 44.51269554234688], [11.36938474151234, 44.51296539199128], [11.368253352116525, 44.512988870107094], [11.36826428690472, 44.51325871995627], [11.367887155062148, 44.51326654357974], [11.36790902162371, 44.51380624337971], [11.366777614752182, 44.513829707224154], [11.366766686606915, 44.513559857112064], [11.366012418067918, 44.51357549330766], [11.366001493550597, 44.513305643034336], [11.365624360788715, 44.513313459192695], [11.365602515688213, 44.51277375845497], [11.365225386247875, 44.51278157322288], [11.365203545234463, 44.51224187227921], [11.365580671200224, 44.51223405765756], [11.365569749185914, 44.51196420723647], [11.3659468732613, 44.51195639144381], [11.365935949662886, 44.51168654108093], [11.366313071847904, 44.51167872411729], [11.366302146665431, 44.51140887381263], [11.366679266960087, 44.511401055678036], [11.366668340193607, 44.5111312054316], [11.365914102925478, 44.511146840310396], [11.36590317978648, 44.51087698990274], [11.365526062659852, 44.51088480540285], [11.36551514141112, 44.510614954907155], [11.36513802586851, 44.51062276909006], [11.365116187304551, 44.51008306790762], [11.364739075083055, 44.51009088070022], [11.364717240605504, 44.50955117931188], [11.365094349352903, 44.50954336666549], [11.365072512013544, 44.50900366536367], [11.364318301313705, 44.509019289120005], [11.364329216432871, 44.50928913992458], [11.363952109116418, 44.50929695000982], [11.363984850180927, 44.51010650255328], [11.36323062466678, 44.51012211943011], [11.363241535186768, 44.51039197039421], [11.362487305586596, 44.510407582440884], [11.362476398540808, 44.51013773133068], [11.361345058205101, 44.51016113985107], [11.361377764167027, 44.51097069379409], [11.362509120136908, 44.510947284616535], [11.362498212785296, 44.51067743353618], [11.362875329398973, 44.510669628061834], [11.362908057124077, 44.51147918103906], [11.362530935298878, 44.511486986732514], [11.362563659188748, 44.51229653979461], [11.362940786225687, 44.51228873388201], [11.36296260639152, 44.512828435702716], [11.363339736750115, 44.51282062839984], [11.363350648799809, 44.51309047921477], [11.362973516703871, 44.51309828659069], [11.362995337787458, 44.51363798832188], [11.3626182020638, 44.51364579459971], [11.362629111097625, 44.51391564551599], [11.362251973483605, 44.513923450622634], [11.362273788535177, 44.51446315255649], [11.362650929624108, 44.51445534730375], [11.362672748762389, 44.51499504903185], [11.363049893173374, 44.51498724238878], [11.363060804709484, 44.5152570931574], [11.363815096547562, 44.515241475992276], [11.363836927029011, 44.51578117719247], [11.364968374063727, 44.51575774167409], [11.36490285318044, 44.514138639210216], [11.36867422909053, 44.514060444326866], [11.368641418593985, 44.5132508950886], [11.370149943817534, 44.513219583176195], [11.370171831227438, 44.513759282097276], [11.370548965624529, 44.51375145086217], [11.370559911297013, 44.51402130022702], [11.370937047278035, 44.514013467674424], [11.370958942558225, 44.51455316621277], [11.370581803102356, 44.51456099891196], [11.370614641961344, 44.51537054682736], [11.370991786629665, 44.51536271390828], [11.371002734960461, 44.515632563110266], [11.371379881212818, 44.515624728873604], [11.37140178181004, 44.51616442708612], [11.371778931383998, 44.516156591458554], [11.371789883650498, 44.51642644046908], [11.372921336663765, 44.51640292590056], [11.37291037918448, 44.51613307711006], [11.373664676950055, 44.51611739465626], [11.373631795008698, 44.51530784863539], [11.37325465141535, 44.515315690264295], [11.373243692813054, 44.51504584148742], [11.372866550803558, 44.515053681798705], [11.372833681130812, 44.51424413515835], [11.372456544180041, 44.51425197400532]]]}}, {"type": "Feature", "properties": {"threshold": "ge_13", "source": "HistorySUHI", "period": "2013-2026", "hotspot_percentile": "top_10_pct", "label": ">= 13 estati"}, "geometry": {"type": "Polygon", "coordinates": [[[11.389372392630808, 44.512548765636375], [11.389749513959117, 44.51254087117058], [11.389738480302011, 44.51227102549864], [11.38936136071086, 44.51227891989056], [11.389372392630808, 44.512548765636375]]]}}, {"type": "Feature", "properties": {"threshold": "ge_13", "source": "HistorySUHI", "period": "2013-2026", "hotspot_percentile": "top_10_pct", "label": ">= 13 estati"}, "geometry": {"type": "Polygon", "coordinates": [[[11.402238796351552, 44.51335902863228], [11.40227207209604, 44.514168558045384], [11.401517815198497, 44.514184428881116], [11.4015289039498, 44.51445427213735], [11.403414553713615, 44.51441458534568], [11.403392358993955, 44.51387489956095], [11.403769485005585, 44.51386695861882], [11.403725090484476, 44.51278758716669], [11.402970852203016, 44.51280346721245], [11.402981947125632, 44.51307331024657], [11.402604826014437, 44.513081248477626], [11.402615919355432, 44.51335109157103], [11.402238796351552, 44.51335902863228]]]}}, {"type": "Feature", "properties": {"threshold": "ge_13", "source": "HistorySUHI", "period": "2013-2026", "hotspot_percentile": "top_10_pct", "label": ">= 13 estati"}, "geometry": {"type": "Polygon", "coordinates": [[[11.401196123141068, 44.515541578935256], [11.401185035505277, 44.51527173566473], [11.401939306612212, 44.51525586672331], [11.401928215657179, 44.51498602358629], [11.401173948024931, 44.51500189237923], [11.401140686516527, 44.51419236243279], [11.400763557679124, 44.51420029474033], [11.400785728388051, 44.51473998153474], [11.40040859592066, 44.51474791274656], [11.400419679770918, 44.515017756195505], [11.398911141398377, 44.51504946889799], [11.398900064497447, 44.5147796251523], [11.398145797853987, 44.514795473890196], [11.39813472458298, 44.51452562998122], [11.39775759276569, 44.51453355240979], [11.397768664299377, 44.514803396392885], [11.397391530589548, 44.51481131765142], [11.39740260054111, 44.515081161693665], [11.396648329181192, 44.51509700062642], [11.3966593958132, 44.51536684480189], [11.396282258163126, 44.51537476247608], [11.396293323212886, 44.515644606710666], [11.395916183670277, 44.51565252321474], [11.395927247137738, 44.51592236750842], [11.39555010570259, 44.51593028284235], [11.395572229627902, 44.516469971532935], [11.397080808337458, 44.51643830213922], [11.39706973934735, 44.51616845809776], [11.398201166537735, 44.516144693210315], [11.39819009249048, 44.515874849376246], [11.398944373032952, 44.51585900004515], [11.39895545055508, 44.516128843730904], [11.40084115788016, 44.51608919825847], [11.400818985617052, 44.51554951161393], [11.401196123141068, 44.515541578935256]]]}}, {"type": "Feature", "properties": {"threshold": "ge_13", "source": "HistorySUHI", "period": "2013-2026", "hotspot_percentile": "top_10_pct", "label": ">= 13 estati"}, "geometry": {"type": "Polygon", "coordinates": [[[11.415239323007818, 44.51740591875628], [11.414862177352441, 44.5174138980664], [11.414851025922403, 44.517144057595964], [11.414473881848156, 44.51715203558718], [11.414462732311902, 44.51688219502708], [11.414085589818791, 44.516890171699444], [11.414063294690045, 44.516350490384916], [11.413686155515474, 44.51635846566382], [11.413663864486594, 44.51581878413999], [11.413286728630501, 44.51582675802547], [11.413264441701278, 44.51528707629238], [11.412887309163601, 44.51529504878448], [11.412865026333822, 44.51475536684215], [11.412487897114499, 44.51476333794092], [11.412421062796827, 44.513144291306226], [11.411666824735903, 44.51316022887657], [11.41165568970371, 44.51289038756912], [11.41127857217618, 44.512898354413664], [11.411267439037168, 44.51262851301666], [11.409758974314844, 44.51266036765621], [11.409770100505515, 44.51293020935128], [11.409015863734195, 44.51294612935578], [11.409026986606614, 44.51321597118483], [11.408272745737317, 44.513231886362014], [11.408306104867165, 44.51404141220591], [11.407928978987147, 44.514049368151724], [11.407973453060446, 44.51512873603138], [11.407596320075507, 44.515136691030825], [11.407607437246204, 44.51540653303769], [11.407230302368083, 44.515414486867414], [11.40724141795729, 44.515684328933695], [11.406487144258856, 44.51570023300947], [11.406498256529142, 44.51597007520958], [11.406121117708846, 44.51597802545558], [11.406132228397517, 44.51624786771509], [11.405755087684042, 44.51625581679127], [11.405810634776591, 44.517605028235714], [11.40618778417748, 44.51759707878761], [11.406232231605536, 44.5186764473757], [11.406609387800996, 44.51866849638571], [11.4066316159251, 44.51920818044096], [11.408140253049764, 44.519176363442526], [11.40815137429632, 44.51944620514993], [11.409660015876975, 44.519414367944336], [11.409671144230277, 44.51968420933883], [11.410425467559973, 44.519668283120986], [11.410436599544745, 44.519938124351455], [11.410813762713216, 44.51993015930149], [11.410836030626493, 44.520469841568335], [11.413476192762072, 44.52041405033262], [11.413465046563088, 44.52014420972875], [11.41421937372023, 44.52012825832563], [11.414208224202081, 44.51985841785601], [11.414962547258511, 44.51984246162478], [11.414940241740444, 44.51930278093911], [11.415317399558775, 44.519294801106334], [11.415239323007818, 44.51740591875628]]]}}, {"type": "Feature", "properties": {"threshold": "ge_13", "source": "HistorySUHI", "period": "2013-2026", "hotspot_percentile": "top_10_pct", "label": ">= 13 estati"}, "geometry": {"type": "Polygon", "coordinates": [[[11.405122976307261, 44.51923997753005], [11.405134083652236, 44.51950981983271], [11.40475692162069, 44.5195177660685], [11.404745816013424, 44.51924792369147], [11.403991494958667, 44.519263812281295], [11.404013699378003, 44.51980349731771], [11.404390863458675, 44.51979555349629], [11.404401967639593, 44.52006539591768], [11.405533464160683, 44.520041556764205], [11.405544573710635, 44.52031139894751], [11.405921740643956, 44.520303449999886], [11.40593285208747, 44.520573292093836], [11.406310020602804, 44.520565341827435], [11.40632113393993, 44.520835183831984], [11.406698304037274, 44.52082723224678], [11.406687188962328, 44.52055739031663], [11.407064357166012, 44.52054943756145], [11.407053240509113, 44.52027959569073], [11.406676074043219, 44.52028754837149], [11.406653844672501, 44.519747864436226], [11.406276681526293, 44.519755815723805], [11.406254456254315, 44.51921613157974], [11.405122976307261, 44.51923997753005]]]}}, {"type": "Feature", "properties": {"threshold": "ge_13", "source": "HistorySUHI", "period": "2013-2026", "hotspot_percentile": "top_10_pct", "label": ">= 13 estati"}, "geometry": {"type": "Polygon", "coordinates": [[[11.36862522093387, 44.52216375660364], [11.368647101091197, 44.52270345527185], [11.368269908426704, 44.52271128145811], [11.36828084699725, 44.52298113084306], [11.369035235649257, 44.52296547707947], [11.369046177849636, 44.52323532630301], [11.369800569364408, 44.523219667414494], [11.369778678164218, 44.522679969245544], [11.37015587021499, 44.52267213808096], [11.370123029351262, 44.52186259093538], [11.369368655525147, 44.52187825158035], [11.369357712353743, 44.521608402355426], [11.368980526948624, 44.52161623073783], [11.369002409968635, 44.52215592931928], [11.36862522093387, 44.52216375660364]]]}}, {"type": "Feature", "properties": {"threshold": "ge_13", "source": "HistorySUHI", "period": "2013-2026", "hotspot_percentile": "top_10_pct", "label": ">= 13 estati"}, "geometry": {"type": "Polygon", "coordinates": [[[11.361955796376943, 44.52527279131743], [11.361944886132562, 44.525002940808626], [11.361567676804414, 44.52501074517627], [11.361578585310346, 44.525280595758105], [11.361955796376943, 44.52527279131743]]]}}, {"type": "Feature", "properties": {"threshold": "ge_13", "source": "HistorySUHI", "period": "2013-2026", "hotspot_percentile": "top_10_pct", "label": ">= 13 estati"}, "geometry": {"type": "Polygon", "coordinates": [[[11.362343919426388, 44.52553483605289], [11.362333007290557, 44.52526498563203], [11.361955796376943, 44.52527279131743], [11.361966706774302, 44.52554264181132], [11.362343919426388, 44.52553483605289]]]}}, {"type": "Feature", "properties": {"threshold": "ge_13", "source": "HistorySUHI", "period": "2013-2026", "hotspot_percentile": "top_10_pct", "label": ">= 13 estati"}, "geometry": {"type": "Polygon", "coordinates": [[[11.386672631165554, 44.52962005352118], [11.386639553568097, 44.52881051707361], [11.386262326418697, 44.528818403524994], [11.386295398800078, 44.529627940193954], [11.386672631165554, 44.52962005352118]]]}}, {"type": "Feature", "properties": {"threshold": "ge_13", "source": "HistorySUHI", "period": "2013-2026", "hotspot_percentile": "top_10_pct", "label": ">= 13 estati"}, "geometry": {"type": "Polygon", "coordinates": [[[11.388225692529268, 44.53066787492106], [11.387093975959324, 44.530691547028944], [11.387105004491652, 44.53096139234788], [11.38672776358685, 44.53096928063456], [11.386760844895061, 44.53177881672302], [11.387138091016514, 44.53177092821491], [11.387149120167438, 44.53204077347399], [11.38752636787317, 44.53203288364711], [11.387537398917704, 44.5323027288174], [11.388291897342999, 44.53228694528113], [11.388302932020167, 44.532556790288766], [11.389434683714468, 44.53253310542562], [11.389390525066997, 44.53145372619179], [11.389013281612721, 44.53146162209559], [11.389002244076721, 44.53119177717583], [11.388625002206544, 44.53119967176084], [11.388613966564158, 44.53092982675224], [11.388236726278086, 44.53093772001849], [11.388225692529268, 44.53066787492106]]]}}, {"type": "Feature", "properties": {"threshold": "ge_13", "source": "HistorySUHI", "period": "2013-2026", "hotspot_percentile": "top_10_pct", "label": ">= 13 estati"}, "geometry": {"type": "Polygon", "coordinates": [[[11.368674737703442, 44.53269569875785], [11.368630962249787, 44.53161630327841], [11.367499211214655, 44.53163978161861], [11.367521088200398, 44.53217947982758], [11.367143834070491, 44.532187303597446], [11.367154771054377, 44.53245715275276], [11.367532026923351, 44.53244932890969], [11.367542965799693, 44.532719177976844], [11.368674737703442, 44.53269569875785]]]}}, {"type": "Feature", "properties": {"threshold": "ge_13", "source": "HistorySUHI", "period": "2013-2026", "hotspot_percentile": "top_10_pct", "label": ">= 13 estati"}, "geometry": {"type": "Polygon", "coordinates": [[[11.369916009779558, 44.53537069378886], [11.369926960779482, 44.535640542252246], [11.369549684960685, 44.53564837444481], [11.369560634374807, 44.53591822296655], [11.369937911932976, 44.5359103907007], [11.369948863240039, 44.536180239134225], [11.370326142384029, 44.53617240554992], [11.370337095584079, 44.53644225389521], [11.37184621758145, 44.53641090681301], [11.371835257423761, 44.53614105876106], [11.37145797889431, 44.53614889732602], [11.371447020629699, 44.53587904918577], [11.371824297419769, 44.535871210694154], [11.371813337569469, 44.535601362612326], [11.371436062518754, 44.53560920103059], [11.371425104561474, 44.535339352860476], [11.369916009779558, 44.53537069378886]]]}}, {"type": "Feature", "properties": {"threshold": "ge_13", "source": "HistorySUHI", "period": "2013-2026", "hotspot_percentile": "top_10_pct", "label": ">= 13 estati"}, "geometry": {"type": "Polygon", "coordinates": [[[11.367275087999865, 44.53542549247587], [11.366143262078582, 44.535448958950354], [11.366176063357631, 44.53625850649285], [11.36655334403626, 44.53625068536028], [11.36656427984204, 44.536520534438075], [11.366941562106751, 44.536512711987115], [11.366930624561531, 44.53624286298253], [11.367307904933426, 44.5362350393596], [11.367296965802172, 44.5359651904133], [11.367674244281256, 44.535957365618394], [11.367663303564017, 44.535687516730384], [11.36728602682432, 44.53569534145205], [11.367275087999865, 44.53542549247587]]]}}, {"type": "Feature", "properties": {"threshold": "ge_13", "source": "HistorySUHI", "period": "2013-2026", "hotspot_percentile": "top_10_pct", "label": ">= 13 estati"}, "geometry": {"type": "Polygon", "coordinates": [[[11.41974585127828, 44.489492555622164], [11.419757014534852, 44.489762396428766], [11.419380048320072, 44.489770386772186], [11.4193867814221, 44.489933163916895], [11.420018140887594, 44.48972742337985], [11.421442088600902, 44.48945657355217], [11.41974585127828, 44.489492555622164]]]}}, {"type": "Feature", "properties": {"threshold": "ge_13", "source": "HistorySUHI", "period": "2013-2026", "hotspot_percentile": "top_10_pct", "label": ">= 13 estati"}, "geometry": {"type": "Polygon", "coordinates": [[[11.419014241891935, 44.49004821681368], [11.419014500879905, 44.49005447863992], [11.41903507131541, 44.49004777537073], [11.419014241891935, 44.49004821681368]]]}}, {"type": "Feature", "properties": {"threshold": "ge_13", "source": "HistorySUHI", "period": "2013-2026", "hotspot_percentile": "top_10_pct", "label": ">= 13 estati"}, "geometry": {"type": "Polygon", "coordinates": [[[11.410644232272478, 44.49751737083701], [11.410621983934602, 44.496977686317514], [11.409490937754803, 44.497001566199394], [11.409502056638752, 44.4972714086901], [11.409125039198074, 44.49727936623845], [11.409169509349455, 44.49835873634915], [11.4095465337331, 44.49835077850293], [11.409557653396337, 44.49862062091865], [11.410688730819386, 44.498596739695984], [11.410677605948756, 44.49832689750375], [11.411054629708804, 44.49831893468385], [11.411043503258345, 44.49804909255112], [11.411420525126667, 44.498041128562306], [11.411409397096424, 44.4977712864891], [11.411032376963844, 44.49777925040338], [11.411021250825296, 44.49750940824063], [11.410644232272478, 44.49751737083701]]]}}, {"type": "Feature", "properties": {"threshold": "ge_13", "source": "HistorySUHI", "period": "2013-2026", "hotspot_percentile": "top_10_pct", "label": ">= 13 estati"}, "geometry": {"type": "Polygon", "coordinates": [[[11.417818715465716, 44.497635709707914], [11.417829873003138, 44.497905550512485], [11.416698814894055, 44.49792950216193], [11.416709967380704, 44.498199343175585], [11.416332945962607, 44.498207324646664], [11.416344096869828, 44.49847716572], [11.415967073559676, 44.49848514602233], [11.415978222887421, 44.49875498715532], [11.416355247933351, 44.498747006778316], [11.416377550529317, 44.49928668884993], [11.416754578890567, 44.499278707080116], [11.416765732158863, 44.49954854801871], [11.417519791884022, 44.499532580599336], [11.417530948780396, 44.4998024213735], [11.418285011351738, 44.49978644883084], [11.418273850983638, 44.499516608206136], [11.419027909457517, 44.49950063083914], [11.418972092605628, 44.49815142823786], [11.418595072125841, 44.498159417169305], [11.418583910960594, 44.49788957652924], [11.418206892060073, 44.49789756414255], [11.41819573278696, 44.49762772341272], [11.417818715465716, 44.497635709707914]]]}}, {"type": "Feature", "properties": {"threshold": "ge_13", "source": "HistorySUHI", "period": "2013-2026", "hotspot_percentile": "top_10_pct", "label": ">= 13 estati"}, "geometry": {"type": "Polygon", "coordinates": [[[11.413483840702337, 44.502318755132904], [11.413472701495468, 44.5020489136726], [11.413849748466314, 44.50204094110441], [11.413838607679498, 44.501771099703724], [11.414215652758093, 44.501763125966576], [11.414193368180852, 44.50122344326938], [11.413816326574358, 44.50123141685731], [11.413794046093853, 44.50069173395084], [11.412285891994587, 44.50072361527047], [11.412308158587031, 44.5012632987736], [11.411931116199982, 44.50127126614382], [11.411964512050897, 44.5020807915096], [11.411587464299581, 44.5020887578599], [11.411598594825847, 44.50235859969303], [11.411221545182379, 44.50236656487429], [11.411254932488802, 44.50317609050726], [11.410877877480795, 44.503184054668495], [11.41092238912842, 44.504263422267144], [11.411299451081486, 44.504255457807815], [11.411266061902955, 44.5034459323549], [11.41202017492337, 44.50343000015247], [11.41203130796603, 44.50369984183604], [11.412408365978408, 44.50369187379481], [11.412441771251649, 44.50450139853176], [11.41281883431681, 44.50449342902315], [11.412807697333324, 44.50422358753375], [11.413184758506057, 44.50421561685606], [11.413173619942398, 44.50394577542624], [11.413550679222705, 44.50393780357946], [11.4135283990913, 44.503398120823974], [11.41315134328349, 44.50340609252156], [11.413106791839233, 44.5023267265321], [11.413483840702337, 44.502318755132904]]]}}, {"type": "Feature", "properties": {"threshold": "ge_13", "source": "HistorySUHI", "period": "2013-2026", "hotspot_percentile": "top_10_pct", "label": ">= 13 estati"}, "geometry": {"type": "Polygon", "coordinates": [[[11.420337719541115, 44.50379409767383], [11.420326548145086, 44.503524257648294], [11.419949493415611, 44.50353225180585], [11.419938323912366, 44.50326241169049], [11.419561270762513, 44.50327040452964], [11.419550103152005, 44.503000564324466], [11.419173051581776, 44.50300855584523], [11.41915072030265, 44.50246887524027], [11.41801957506979, 44.50249284189238], [11.418008414873304, 44.50222300134311], [11.417631367885548, 44.50223098766526], [11.417642526345924, 44.50250082828926], [11.417265477465644, 44.50250881344256], [11.417310105926648, 44.5035881760873], [11.417687161751612, 44.50358019063511], [11.417709480393, 44.50411987171793], [11.418086539534022, 44.50411188487265], [11.418097700825639, 44.504381725316804], [11.41847476154648, 44.504373737153124], [11.418485924730856, 44.504643577507515], [11.418862987031511, 44.50463558802541], [11.418874152108692, 44.504905428290016], [11.419251215989158, 44.50489743748947], [11.419262382959193, 44.50516727766429], [11.419639448419463, 44.50515928554528], [11.419628279713088, 44.50488944544525], [11.420005343280456, 44.50488145215734], [11.419994172994327, 44.504611612117074], [11.420371234668803, 44.50460361766031], [11.420348891093742, 44.504063937684336], [11.420725949139067, 44.50405594213353], [11.420714775850204, 44.503786102197836], [11.420337719541115, 44.50379409767383]]]}}, {"type": "Feature", "properties": {"threshold": "ge_13", "source": "HistorySUHI", "period": "2013-2026", "hotspot_percentile": "top_10_pct", "label": ">= 13 estati"}, "geometry": {"type": "Polygon", "coordinates": [[[11.410179389583556, 44.50454918946594], [11.410556453584917, 44.504541227419466], [11.41054532701936, 44.504271385482795], [11.41016826475433, 44.50427934745477], [11.410179389583556, 44.50454918946594]]]}}, {"type": "Feature", "properties": {"threshold": "ge_13", "source": "HistorySUHI", "period": "2013-2026", "hotspot_percentile": "top_10_pct", "label": ">= 13 estati"}, "geometry": {"type": "Polygon", "coordinates": [[[11.423764782688867, 44.50453161158449], [11.423742407861113, 44.50399193295609], [11.42223417975387, 44.50402394749389], [11.422267721395542, 44.50483346631269], [11.423398908337552, 44.50480945660079], [11.423387722424724, 44.504539617234215], [11.423764782688867, 44.50453161158449]]]}}, {"type": "Feature", "properties": {"threshold": "ge_13", "source": "HistorySUHI", "period": "2013-2026", "hotspot_percentile": "top_10_pct", "label": ">= 13 estati"}, "geometry": {"type": "Polygon", "coordinates": [[[11.412497449828962, 44.50585060612652], [11.412464042214273, 44.50504108161468], [11.411709908670272, 44.50505701719906], [11.411698776583645, 44.50478717551597], [11.411321711313928, 44.504795141368064], [11.411343972170462, 44.50533482486828], [11.411721040912948, 44.50532685886712], [11.411743305866462, 44.50586654215825], [11.412497449828962, 44.50585060612652]]]}}, {"type": "Feature", "properties": {"threshold": "ge_13", "source": "HistorySUHI", "period": "2013-2026", "hotspot_percentile": "top_10_pct", "label": ">= 13 estati"}, "geometry": {"type": "Polygon", "coordinates": [[[11.417011143619442, 44.50548504486902], [11.41702230048417, 44.505754885462274], [11.416268160271153, 44.50577085134362], [11.416279313819414, 44.50604069207126], [11.415525169508122, 44.50605665312706], [11.415547470127803, 44.50659633483598], [11.415170394264731, 44.506604313647586], [11.41518154307252, 44.506874154554204], [11.415558620672108, 44.50686617566794], [11.415569771372724, 44.507136016484864], [11.415946850552535, 44.50712803628014], [11.415958003146025, 44.50739787700739], [11.417089244956996, 44.507373928706436], [11.417078087153838, 44.50710408820327], [11.417832244106023, 44.50708811659979], [11.417821082986228, 44.50681827623107], [11.41819815949112, 44.5068102886384], [11.418153509630647, 44.505730927312314], [11.417776440071593, 44.50573891460602], [11.41776527973406, 44.505469074162214], [11.417011143619442, 44.50548504486902]]]}}, {"type": "Feature", "properties": {"threshold": "ge_13", "source": "HistorySUHI", "period": "2013-2026", "hotspot_percentile": "top_10_pct", "label": ">= 13 estati"}, "geometry": {"type": "Polygon", "coordinates": [[[11.423865477176902, 44.50696016466843], [11.423876666237557, 44.50723000382484], [11.423499588609458, 44.507238010223716], [11.423488401285306, 44.50696817099239], [11.423111325236885, 44.50697617607258], [11.423033030513635, 44.5050873005082], [11.422278902256224, 44.505103305888895], [11.422323627266307, 44.50618266404351], [11.42194655595696, 44.5061906651678], [11.42198009615092, 44.507000183850586], [11.422357172669667, 44.506992182501676], [11.42236835478429, 44.50726202195769], [11.422745432882799, 44.50725401929013], [11.42275661689071, 44.50752385865625], [11.423133696568977, 44.50751585467002], [11.423144882470229, 44.507785693946204], [11.423521963728245, 44.50777768864129], [11.423510776090435, 44.50750784944002], [11.423887855455067, 44.507499842966226], [11.423899044829428, 44.50776968209258], [11.424653206561203, 44.507753665263785], [11.42463082102318, 44.50721398729579], [11.425007898180654, 44.50720597716562], [11.4249967039105, 44.50693613823403], [11.423865477176902, 44.50696016466843]]]}}, {"type": "Feature", "properties": {"threshold": "ge_13", "source": "HistorySUHI", "period": "2013-2026", "hotspot_percentile": "top_10_pct", "label": ">= 13 estati"}, "geometry": {"type": "Polygon", "coordinates": [[[11.419818169015853, 44.509476725103], [11.41980699780415, 44.509206885243294], [11.419429906295864, 44.50921487848416], [11.41944107577084, 44.50948471841866], [11.418686888811092, 44.50950070131834], [11.418720387754828, 44.51031022148039], [11.419097486523327, 44.51030223042816], [11.419108654887815, 44.51057207037737], [11.420239955464305, 44.510548089532826], [11.420228781889339, 44.51027824980801], [11.420605880031433, 44.510270253780135], [11.42059470487631, 44.51000041411513], [11.42097180112495, 44.50999241691818], [11.420960624389714, 44.50972257731298], [11.420583529877845, 44.509730574435096], [11.42057235503604, 44.50946073474004], [11.419818169015853, 44.509476725103]]]}}, {"type": "Feature", "properties": {"threshold": "ge_13", "source": "HistorySUHI", "period": "2013-2026", "hotspot_percentile": "top_10_pct", "label": ">= 13 estati"}, "geometry": {"type": "Polygon", "coordinates": [[[11.424399238348542, 44.51072990287382], [11.423645038095673, 44.51074591886347], [11.423656227615648, 44.51101575788441], [11.42403332955737, 44.51100775043661], [11.42404452097108, 44.5112775893676], [11.424421624492782, 44.51126958060094], [11.424399238348542, 44.51072990287382]]]}}, {"type": "Feature", "properties": {"threshold": "ge_13", "source": "HistorySUHI", "period": "2013-2026", "hotspot_percentile": "top_10_pct", "label": ">= 13 estati"}, "geometry": {"type": "Polygon", "coordinates": [[[11.411846569284636, 44.52666024576207], [11.411851570737545, 44.52678138065208], [11.412161360617084, 44.526653590862004], [11.411846569284636, 44.52666024576207]]]}}, {"type": "Feature", "properties": {"threshold": "ge_13", "source": "HistorySUHI", "period": "2013-2026", "hotspot_percentile": "top_10_pct", "label": ">= 13 estati"}, "geometry": {"type": "Polygon", "coordinates": [[[11.410616147592068, 44.533438134275215], [11.410807454546992, 44.5334340938686], [11.410602067937866, 44.53309702301909], [11.410616147592068, 44.533438134275215]]]}}, {"type": "Feature", "properties": {"threshold": "ge_13", "source": "HistorySUHI", "period": "2013-2026", "hotspot_percentile": "top_10_pct", "label": ">= 13 estati"}, "geometry": {"type": "Polygon", "coordinates": [[[11.411015677885782, 44.533969847658085], [11.41113240180586, 44.533967382037], [11.411007085549583, 44.53376171888719], [11.411015677885782, 44.533969847658085]]]}}]}