{"type": "FeatureCollection", "features": [{"type": "Feature", "properties": {"threshold": "ge_1", "source": "HistorySUHI", "period": "2013-2026", "hotspot_percentile": "top_10_pct", "label": ">= 1 estate"}, "geometry": {"type": "Polygon", "coordinates": [[[11.242350086548084, 44.50742911445336], [11.242727214071586, 44.50742170612153], [11.242747921212393, 44.50796145402197], [11.243125052065643, 44.50795404430719], [11.243135407591275, 44.508223918165996], [11.24351254003683, 44.50821650713758], [11.24352289744516, 44.508486380912316], [11.243900031483012, 44.50847896857025], [11.243920750210407, 44.50901871593685], [11.244675024800534, 44.50900388724225], [11.244612849511272, 44.50738464579848], [11.244235722713793, 44.507392060351606], [11.244183922654665, 44.50604269173024], [11.243052567451247, 44.50606492688361], [11.243042213087024, 44.5057950529071], [11.24266509613281, 44.505802462067145], [11.242675448759742, 44.50607233611299], [11.242298329923093, 44.506079744098166], [11.242350086548084, 44.50742911445336]]]}}, {"type": "Feature", "properties": {"threshold": "ge_1", "source": "HistorySUHI", "period": "2013-2026", "hotspot_percentile": "top_10_pct", "label": ">= 1 estate"}, "geometry": {"type": "Polygon", "coordinates": [[[11.249020810774152, 44.51404982034457], [11.248643642133667, 44.514057250322516], [11.24863325908127, 44.51378737775962], [11.247878924839563, 44.513802233842924], [11.247868545408679, 44.51353236112627], [11.247114214060792, 44.51354721209249], [11.247124590015732, 44.51381708494813], [11.246747422385582, 44.51382450863395], [11.246757796748005, 44.514094381544346], [11.24600345757535, 44.51410922532132], [11.245993086688932, 44.51383935227201], [11.245615918622482, 44.51384677222424], [11.245626287770893, 44.51411664534299], [11.244871947725839, 44.51413148165272], [11.244903045615047, 44.514941101337186], [11.245280220924435, 44.51493368359635], [11.2452905889163, 44.51520355672565], [11.245667765818427, 44.515196137670806], [11.245657396088454, 44.51492626461093], [11.246034571107078, 44.51491884438093], [11.246044942575155, 44.515188717371366], [11.247930824176992, 44.51515159720539], [11.24792044401843, 44.51488172456234], [11.248297618164175, 44.51487429686491], [11.24828723641309, 44.51460442427664], [11.24904158079174, 44.51458956528714], [11.249020810774152, 44.51404982034457]]]}}, {"type": "Feature", "properties": {"threshold": "ge_1", "source": "HistorySUHI", "period": "2013-2026", "hotspot_percentile": "top_10_pct", "label": ">= 1 estate"}, "geometry": {"type": "Polygon", "coordinates": [[[11.24584407347573, 44.51978397743708], [11.245466867022067, 44.519791397672336], [11.245477237631022, 44.52006127053676], [11.245854445823227, 44.52005385023205], [11.24584407347573, 44.51978397743708]]]}}, {"type": "Feature", "properties": {"threshold": "ge_1", "source": "HistorySUHI", "period": "2013-2026", "hotspot_percentile": "top_10_pct", "label": ">= 1 estate"}, "geometry": {"type": "Polygon", "coordinates": [[[11.240475711794275, 44.52745161209377], [11.240098454472466, 44.527459015596826], [11.240088106024706, 44.52718914208927], [11.239710850297019, 44.52719654427792], [11.239731543859154, 44.52773629141684], [11.239354284507865, 44.52774369249887], [11.239395666416002, 44.528823186877275], [11.239772932724605, 44.52881578551819], [11.23978328030373, 44.52908565900675], [11.240537815964364, 44.529070852414435], [11.240527464906469, 44.52880097906442], [11.24090473077968, 44.52879357396976], [11.240884025620662, 44.52825382736422], [11.241261287870008, 44.52824642116299], [11.241250933768956, 44.52797654790747], [11.240873673258918, 44.52798395403939], [11.240863321042344, 44.52771408069985], [11.240486062126418, 44.52772148551732], [11.240475711794275, 44.52745161209377]]]}}, {"type": "Feature", "properties": {"threshold": "ge_1", "source": "HistorySUHI", "period": "2013-2026", "hotspot_percentile": "top_10_pct", "label": ">= 1 estate"}, "geometry": {"type": "Polygon", "coordinates": [[[11.24502353087951, 44.5279024181051], [11.244646271822532, 44.52790983668848], [11.244667011477354, 44.52844958193619], [11.245044274012919, 44.52844216321395], [11.24502353087951, 44.5279024181051]]]}}, {"type": "Feature", "properties": {"threshold": "ge_1", "source": "HistorySUHI", "period": "2013-2026", "hotspot_percentile": "top_10_pct", "label": ">= 1 estate"}, "geometry": {"type": "Polygon", "coordinates": [[[11.243933219249103, 44.52900416111165], [11.24355595279865, 44.52901157623718], [11.243535222998231, 44.52847183063191], [11.243912485969986, 44.52846441564516], [11.243902119548485, 44.52819454288984], [11.243524858316047, 44.5282019578072], [11.243493765141551, 44.5273923392448], [11.243116508981567, 44.52739975270887], [11.243095784403677, 44.526860006788255], [11.242718531576797, 44.52686741886846], [11.242708171244988, 44.52659754581674], [11.241953668633757, 44.526612366103166], [11.241943311925533, 44.52634249289801], [11.241566062141214, 44.526349901104254], [11.241576417110279, 44.52661977437872], [11.241199165441595, 44.52662718140921], [11.241209518816689, 44.52689705473827], [11.240832265263633, 44.52690446059296], [11.240842617044704, 44.52717433397664], [11.241219872336968, 44.52716692805264], [11.241230226002438, 44.52743680135228], [11.241607482888744, 44.52742939411386], [11.241597127484043, 44.52715952088352], [11.241974382485905, 44.52715211246929], [11.241984739629835, 44.5274219856303], [11.242361996225686, 44.5274145759016], [11.242393073746753, 44.52822419508831], [11.241638549974153, 44.52823901371659], [11.24165926209054, 44.52877876004487], [11.242413792820486, 44.52876394113922], [11.242434512475329, 44.52930368713129], [11.24167997478784, 44.5293185063143], [11.241690331354338, 44.52958837942694], [11.242067602010135, 44.52958097038871], [11.242077960461316, 44.52985084341731], [11.241700688066071, 44.529858252524875], [11.241731759072714, 44.53066787173042], [11.241354481313735, 44.53067527980074], [11.24136483686689, 44.53094515290916], [11.241742116365415, 44.53093774476951], [11.241752473803366, 44.531207617793896], [11.243261597303015, 44.53117797250513], [11.2432512329068, 44.530908099758165], [11.243628511678844, 44.53090068539213], [11.24361814568844, 44.53063081269986], [11.24399542257558, 44.53062339715795], [11.243985054991036, 44.53035352452036], [11.24436232999328, 44.530346107802615], [11.244351960814642, 44.5300762352197], [11.243974687551882, 44.530083651868054], [11.243933219249103, 44.52900416111165]]]}}, {"type": "Feature", "properties": {"threshold": "ge_1", "source": "HistorySUHI", "period": "2013-2026", "hotspot_percentile": "top_10_pct", "label": ">= 1 estate"}, "geometry": {"type": "Polygon", "coordinates": [[[11.231912178286576, 44.530590201990655], [11.231534898499344, 44.530597577614564], [11.2315658294715, 44.53140720233513], [11.231943114477568, 44.53139982650414], [11.231953426830461, 44.53166970131258], [11.232330713431569, 44.531662324167236], [11.232341027668767, 44.531932198891944], [11.232718315864911, 44.53192482043222], [11.232707999888035, 44.53165494577657], [11.23308528619983, 44.531647566140556], [11.23307496862797, 44.531377691539284], [11.233452253055422, 44.531370310727006], [11.233421295989166, 44.53056068704217], [11.233044016780518, 44.53056806764722], [11.233033699787404, 44.53029819298715], [11.231901866512137, 44.530320327123434], [11.231912178286576, 44.530590201990655]]]}}, {"type": "Feature", "properties": {"threshold": "ge_1", "source": "HistorySUHI", "period": "2013-2026", "hotspot_percentile": "top_10_pct", "label": ">= 1 estate"}, "geometry": {"type": "Polygon", "coordinates": [[[11.239540521375886, 44.5326014153486], [11.239163230568497, 44.532608816432116], [11.239173576699907, 44.53287868985329], [11.239550869247031, 44.532871288700534], [11.239540521375886, 44.5326014153486]]]}}, {"type": "Feature", "properties": {"threshold": "ge_1", "source": "HistorySUHI", "period": "2013-2026", "hotspot_percentile": "top_10_pct", "label": ">= 1 estate"}, "geometry": {"type": "Polygon", "coordinates": [[[11.2501461921819, 44.53347316494368], [11.249768898488183, 44.53348060117501], [11.249779293914303, 44.533750472593574], [11.250156589347782, 44.533743036292634], [11.2501461921819, 44.53347316494368]]]}}, {"type": "Feature", "properties": {"threshold": "ge_1", "source": "HistorySUHI", "period": "2013-2026", "hotspot_percentile": "top_10_pct", "label": ">= 1 estate"}, "geometry": {"type": "Polygon", "coordinates": [[[11.239623308408524, 44.53476040175224], [11.240000612989322, 44.53475299886916], [11.23999026236239, 44.53448312568947], [11.239235656535458, 44.534497930071616], [11.239225309533442, 44.53422805673866], [11.238848008142181, 44.53423545699232], [11.23887904436385, 44.53504507715482], [11.239633657440692, 44.53503027498651], [11.239623308408524, 44.53476040175224]]]}}, {"type": "Feature", "properties": {"threshold": "ge_1", "source": "HistorySUHI", "period": "2013-2026", "hotspot_percentile": "top_10_pct", "label": ">= 1 estate"}, "geometry": {"type": "Polygon", "coordinates": [[[11.234769969172408, 44.53620589641802], [11.235147284338112, 44.536198509380235], [11.235126627018417, 44.53565876135372], [11.233994691527101, 44.53568091831577], [11.23403598586509, 44.536760415139426], [11.234413304800626, 44.536753030454484], [11.23443395631863, 44.53729277863991], [11.234811278589637, 44.53728539257117], [11.234769969172408, 44.53620589641802]]]}}, {"type": "Feature", "properties": {"threshold": "ge_1", "source": "HistorySUHI", "period": "2013-2026", "hotspot_percentile": "top_10_pct", "label": ">= 1 estate"}, "geometry": {"type": "Polygon", "coordinates": [[[11.23976820806742, 44.53853862569357], [11.240522865806161, 44.53852381674189], [11.240502157152083, 44.53798407091821], [11.240879482323185, 44.53797666471259], [11.24086912647378, 44.537706791848], [11.240491803042866, 44.53771419798433], [11.240460741586482, 44.53690457909438], [11.239328786083858, 44.536926789406344], [11.23937018076758, 44.5380062820616], [11.239747506374256, 44.537998879592735], [11.23976820806742, 44.53853862569357]]]}}, {"type": "Feature", "properties": {"threshold": "ge_1", "source": "HistorySUHI", "period": "2013-2026", "hotspot_percentile": "top_10_pct", "label": ">= 1 estate"}, "geometry": {"type": "Polygon", "coordinates": [[[11.23597424377905, 44.538072848229746], [11.23521958952016, 44.538087627009965], [11.235240249447429, 44.538627374771885], [11.235617580129842, 44.53861998586627], [11.235607248353498, 44.53835011206183], [11.235984577150738, 44.53834272197974], [11.23597424377905, 44.538072848229746]]]}}, {"type": "Feature", "properties": {"threshold": "ge_1", "source": "HistorySUHI", "period": "2013-2026", "hotspot_percentile": "top_10_pct", "label": ">= 1 estate"}, "geometry": {"type": "Polygon", "coordinates": [[[11.23940122830435, 44.53881590139862], [11.238646566214111, 44.538830703015144], [11.238656912202737, 44.539100576236585], [11.23941157777357, 44.53908577448155], [11.23940122830435, 44.53881590139862]]]}}, {"type": "Feature", "properties": {"threshold": "ge_1", "source": "HistorySUHI", "period": "2013-2026", "hotspot_percentile": "top_10_pct", "label": ">= 1 estate"}, "geometry": {"type": "Polygon", "coordinates": [[[11.242115075657084, 44.54065316437892], [11.241737733518624, 44.540660575014776], [11.241779178102828, 44.54174006518293], [11.242156527203228, 44.54173265426965], [11.242115075657084, 44.54065316437892]]]}}, {"type": "Feature", "properties": {"threshold": "ge_1", "source": "HistorySUHI", "period": "2013-2026", "hotspot_percentile": "top_10_pct", "label": ">= 1 estate"}, "geometry": {"type": "Polygon", "coordinates": [[[11.240688555952095, 44.542841781213], [11.24031119930818, 44.54284918742051], [11.240321554436246, 44.54311906014422], [11.240698912820815, 44.5431116538674], [11.240740341748333, 44.54419114433794], [11.24224980168508, 44.54416150566315], [11.242197981074922, 44.542812143925], [11.24182062501219, 44.542819555115685], [11.24178953961218, 44.54200993768819], [11.241412188625906, 44.54201734742505], [11.241422548540008, 44.54228721998494], [11.24104519566786, 44.54229462854539], [11.241055553986664, 44.54256450115989], [11.240678199228636, 44.542571908543884], [11.240688555952095, 44.542841781213]]]}}, {"type": "Feature", "properties": {"threshold": "ge_1", "source": "HistorySUHI", "period": "2013-2026", "hotspot_percentile": "top_10_pct", "label": ">= 1 estate"}, "geometry": {"type": "Polygon", "coordinates": [[[11.24869616333869, 44.544844932235875], [11.247941428165223, 44.54485979684082], [11.247951819271757, 44.54512966805836], [11.249083927035674, 44.54510736907348], [11.249104720130973, 44.545647111047], [11.249482092575665, 44.54563967542114], [11.249492491082911, 44.545909546316246], [11.24986986512262, 44.54590210937487], [11.249859464874511, 44.545632238549366], [11.250236837027487, 44.5456248004317], [11.250216033487233, 44.54508505887574], [11.249838664815904, 44.54509249685419], [11.249807465821984, 44.54428288420096], [11.249430102227084, 44.54429032072477], [11.249440500005122, 44.54456019169349], [11.248685768896353, 44.54457506114272], [11.24869616333869, 44.544844932235875]]]}}, {"type": "Feature", "properties": {"threshold": "ge_1", "source": "HistorySUHI", "period": "2013-2026", "hotspot_percentile": "top_10_pct", "label": ">= 1 estate"}, "geometry": {"type": "Polygon", "coordinates": [[[11.267827220920694, 44.492881801039246], [11.266696138602473, 44.49290426518791], [11.266737974679701, 44.493983745872164], [11.267115009209958, 44.493976258785914], [11.267104548234643, 44.49370638870704], [11.26785861338304, 44.49369141094386], [11.267827220920694, 44.492881801039246]]]}}, {"type": "Feature", "properties": {"threshold": "ge_1", "source": "HistorySUHI", "period": "2013-2026", "hotspot_percentile": "top_10_pct", "label": ">= 1 estate"}, "geometry": {"type": "Polygon", "coordinates": [[[11.273514083280112, 44.493578919161344], [11.273137052982088, 44.49358642731865], [11.273126564376712, 44.49331655834767], [11.272749535667685, 44.49332406519113], [11.272760022537037, 44.493593934232365], [11.272005961205954, 44.49360894432903], [11.271984994558316, 44.493069205950874], [11.271607967144375, 44.4930767089934], [11.271628930319972, 44.49361644751199], [11.271251899287059, 44.49362394945135], [11.271272859578227, 44.49416368805131], [11.271649894083282, 44.494156185971526], [11.271681340830265, 44.494965793550165], [11.27130430111681, 44.49497329584057], [11.271314781923504, 44.495243165074136], [11.270937740326952, 44.49525066619108], [11.2709063035561, 44.49444105823551], [11.270529267021136, 44.49444855789824], [11.270518790127412, 44.49417868848001], [11.26976472008915, 44.49419368393426], [11.269775193510641, 44.494463553492814], [11.268267044728065, 44.49449352975839], [11.26825657825107, 44.4942236599193], [11.26674843406554, 44.49425361600634], [11.266758893597999, 44.494523486125786], [11.26751296945637, 44.49450851042936], [11.267523432607772, 44.4947783803939], [11.266392313391785, 44.494800842283276], [11.26638185544887, 44.49453097210853], [11.263742584301623, 44.4945833391657], [11.263732138658357, 44.494313468486126], [11.262601025463995, 44.49433589264603], [11.26253838592861, 44.49271666699989], [11.264423521771542, 44.492679289280716], [11.26440262573735, 44.4921395479803], [11.264779648994718, 44.492132068845756], [11.264769199461371, 44.49186219824343], [11.26514622083633, 44.49185471793533], [11.265135769713547, 44.49158484738825], [11.265512789206102, 44.49157736590665], [11.265502336493938, 44.49130749541484], [11.265879354104095, 44.491300012759744], [11.265868899802593, 44.49103014232321], [11.267753976975527, 44.49099271074547], [11.267764439956261, 44.4912625808317], [11.26889548970779, 44.49124010675289], [11.268905958042769, 44.49150997661403], [11.269659993948519, 44.49149498753709], [11.269670465901998, 44.491764857243204], [11.270047485370576, 44.49175736076931], [11.270057959206744, 44.49202723039052], [11.270434980264408, 44.492019732602955], [11.270414029267119, 44.49147999348612], [11.270791046706176, 44.491472494595385], [11.270768415446081, 44.49088954072498], [11.270739708132114, 44.490897467668795], [11.270633548894812, 44.49093671497335], [11.270400848150867, 44.49097678645159], [11.270321761114355, 44.490989648585476], [11.270067129151737, 44.49102040572599], [11.269914250765176, 44.491040325532445], [11.269912779011326, 44.491040642879916], [11.26984737391823, 44.49105476307407], [11.269795175486857, 44.491070529194744], [11.269556775588082, 44.49114267148798], [11.269317724710675, 44.49114099592051], [11.269180100777437, 44.4911401485977], [11.269077905099993, 44.491141873864294], [11.268883250492783, 44.491145382678475], [11.268794501653922, 44.49114846090256], [11.268732662313012, 44.491150761201034], [11.26873256841108, 44.49115061002305], [11.268732518142302, 44.491150611022064], [11.26871633701736, 44.49112351068614], [11.268598842267966, 44.49092728435852], [11.26839253679448, 44.49043986776196], [11.267733051454039, 44.490452970528764], [11.267722588913283, 44.4901831003983], [11.268272427459488, 44.490172176164556], [11.268225167946277, 44.4900680294079], [11.268187982820685, 44.49001494169894], [11.268136905315089, 44.49002133109049], [11.268088341947061, 44.49002574395214], [11.267531288696862, 44.49017410875229], [11.267073173896074, 44.49026796687907], [11.266771194119787, 44.490329932676644], [11.266567716933062, 44.49037281003732], [11.26592972457093, 44.49050752359798], [11.265870909157133, 44.490520016282325], [11.264759510290515, 44.490756377371106], [11.264071832933858, 44.49090575916801], [11.26402761636276, 44.490906501057246], [11.264027317187702, 44.49090657000878], [11.263959783252089, 44.49092161130197], [11.263710083219534, 44.49097751773258], [11.263603981618202, 44.491001155850256], [11.263011787659206, 44.49113312642855], [11.262969254214168, 44.491142594070325], [11.26275959947422, 44.49118945821045], [11.261882949016837, 44.491395894723205], [11.261831446964605, 44.49140078626849], [11.26178185670769, 44.491391694888236], [11.26177407614351, 44.49139441478231], [11.261705736836836, 44.491418581326215], [11.26140592016032, 44.49150914532834], [11.261327813744291, 44.49153280292297], [11.261079996965973, 44.49160502400901], [11.260614090529524, 44.4917409227261], [11.260621954674827, 44.491944399559074], [11.261376000498286, 44.49192946505718], [11.261386434408138, 44.492199336289026], [11.26176345883645, 44.49219186710287], [11.261784330566913, 44.49273160938253], [11.260653246427271, 44.49275401362969], [11.260663677303846, 44.49302388495708], [11.259909617007565, 44.49303881504367], [11.259920044558237, 44.493308686496064], [11.259543012454769, 44.493316149743805], [11.259553438415523, 44.49358602125128], [11.259176404429816, 44.493593483325256], [11.259186828800608, 44.49386335488783], [11.259563864522429, 44.49385589274403], [11.259584717174697, 44.49439563568529], [11.260715833880028, 44.494373241372934], [11.260705402272343, 44.49410337011924], [11.26108243914554, 44.494095902931036], [11.26109287248938, 44.49436577411485], [11.261469910952476, 44.49435830561311], [11.261459475872485, 44.4940884344992], [11.261836512453153, 44.49408096482371], [11.261878260595534, 44.4951604489113], [11.260370085616284, 44.495190321269625], [11.260380516072651, 44.495460192534225], [11.26000347022599, 44.49546765758444], [11.260013899092293, 44.49573752890417], [11.259636851363158, 44.495744992780544], [11.259647278639349, 44.49601486415538], [11.259270229027736, 44.49602232685788], [11.259291080545946, 44.49656206970301], [11.259668133630248, 44.49655460686083], [11.259709845366185, 44.49763409209486], [11.260086905249976, 44.497626627729524], [11.260107765468032, 44.49816637011838], [11.26123895466094, 44.49814396914032], [11.26124939019885, 44.49841384010301], [11.26200351906908, 44.49839889975876], [11.262013958226358, 44.49866877056688], [11.263145155643688, 44.498646350512026], [11.263134711276813, 44.49837647991371], [11.263511775053264, 44.4983690041444], [11.263490883285769, 44.497829263043485], [11.2631138229823, 44.497836738672866], [11.263082491638581, 44.49702712670099], [11.262705436398, 44.49703460087675], [11.262674111580964, 44.496224988562346], [11.262297061403093, 44.49623246128454], [11.262276182396183, 44.49569271952801], [11.262653229101453, 44.49568524694568], [11.262663670268024, 44.49595511776139], [11.263417766712019, 44.49594016872573], [11.263428211497574, 44.49621003938678], [11.265690507732625, 44.49616516201079], [11.265711418579029, 44.49670490244869], [11.265334366100126, 44.49671238526071], [11.26539709173848, 44.49833160664061], [11.265774154635945, 44.49832412340842], [11.265784611158457, 44.49859399351675], [11.266161675645849, 44.4985865089707], [11.26617213405148, 44.49885637899426], [11.266549200128793, 44.49884889313434], [11.266559660417592, 44.49911876307307], [11.266936728084822, 44.49911127589925], [11.266947190256836, 44.49938114575316], [11.267324259513979, 44.49937365726543], [11.26734518777123, 44.49991339678885], [11.2688534772255, 44.499883429838555], [11.268843006077057, 44.499613560364665], [11.269220076337094, 44.49960606558756], [11.269209603598854, 44.499336196169054], [11.269963740205295, 44.499321203023605], [11.269953264140751, 44.49905133373067], [11.270330330487138, 44.49904383536235], [11.270298897965116, 44.49823422760548], [11.27067595895511, 44.49822672820388], [11.270655001201918, 44.49768698976589], [11.270277943684812, 44.49769448902712], [11.270256989991985, 44.49715475038972], [11.270634044036303, 44.49714725126885], [11.270613087458239, 44.496607512712785], [11.27099013788298, 44.49660001248856], [11.270969178419863, 44.49606027401384], [11.27134622522511, 44.49605277268629], [11.271388151684246, 44.49713224929587], [11.271765205287824, 44.497124746443774], [11.27177568900632, 44.497394615489064], [11.273660963501143, 44.49735708222123], [11.273514083280112, 44.493578919161344]], [[11.269879935800802, 44.49716224826685], [11.269869460911048, 44.49689237885584], [11.270246513365867, 44.49688488104889], [11.270256989991985, 44.49715475038972], [11.269879935800802, 44.49716224826685]]]}}, {"type": "Feature", "properties": {"threshold": "ge_1", "source": "HistorySUHI", "period": "2013-2026", "hotspot_percentile": "top_10_pct", "label": ">= 1 estate"}, "geometry": {"type": "Polygon", "coordinates": [[[11.236651854947349, 44.506460589709825], [11.237028977695585, 44.506453200318674], [11.237039304552356, 44.506723075373806], [11.238547801046757, 44.50669350509014], [11.238537467240478, 44.50642363031174], [11.239668832878014, 44.506401439742135], [11.23962747825397, 44.50532194131218], [11.239250363468932, 44.505329339136], [11.239209018112778, 44.50424984019383], [11.239586125948987, 44.50424244264695], [11.239575788235076, 44.50397256794387], [11.240707105662594, 44.503950368046155], [11.240717448587933, 44.504220242541464], [11.24184876992184, 44.50419803123886], [11.241817725946838, 44.503388408332384], [11.241440624191904, 44.503395813136144], [11.241419932408018, 44.50285606431969], [11.24066573541124, 44.502870869917814], [11.240624367479755, 44.50179137155416], [11.241001459102735, 44.50178396965421], [11.24099466081471, 44.50160659031493], [11.240970808414188, 44.50161276704851], [11.240926804139564, 44.50162419089146], [11.240910911430724, 44.50162897714853], [11.240741351398327, 44.50168036125605], [11.240577631523362, 44.50175055392481], [11.240478232679756, 44.50180181193525], [11.24020315747229, 44.50198386798052], [11.240005677588039, 44.502103093209435], [11.240005592011894, 44.50210315790671], [11.239978243276118, 44.502117567521424], [11.239744431457234, 44.50224100718721], [11.239578373013215, 44.502318527391324], [11.239359333866958, 44.502416838317764], [11.239110716476759, 44.502526883177886], [11.23911036865371, 44.50252699803112], [11.239046606118258, 44.502547748252205], [11.23897637005717, 44.502570596968155], [11.238838238532535, 44.502596937820904], [11.238702729260261, 44.50261029036713], [11.238291249677806, 44.5026639480069], [11.238262205728068, 44.50266859563383], [11.238031113358401, 44.50270581471455], [11.237670291982253, 44.50278188369494], [11.23740322835643, 44.50283834290728], [11.236991543060036, 44.5029251654146], [11.236991443188408, 44.502925185376796], [11.236900732734384, 44.50294470334949], [11.238403140941879, 44.50291525685454], [11.238413472864933, 44.50318513182408], [11.238036371542545, 44.503192525361804], [11.238046701873367, 44.50346240038584], [11.237669598669072, 44.503469792748646], [11.237679927407612, 44.50373966782716], [11.236548611714671, 44.503761837658445], [11.236558935386604, 44.50403171292975], [11.236936042499488, 44.50402432416096], [11.236978758182273, 44.50514072104925], [11.237063910033458, 44.50527056792362], [11.237011477797148, 44.50528735889937], [11.236984700580901, 44.50529602877006], [11.237008324416383, 44.50591345016431], [11.236631205142839, 44.50592083941716], [11.236641529972717, 44.50619071457085], [11.236267698642742, 44.50619803758046], [11.236371400600648, 44.5063542551724], [11.236651039332132, 44.50678683327651], [11.236665171988253, 44.50680866195493], [11.236651854947349, 44.506460589709825]]]}}, {"type": "Feature", "properties": {"threshold": "ge_1", "source": "HistorySUHI", "period": "2013-2026", "hotspot_percentile": "top_10_pct", "label": ">= 1 estate"}, "geometry": {"type": "Polygon", "coordinates": [[[11.247979420165139, 44.496785376619584], [11.247989794050866, 44.49705525010986], [11.248366853245631, 44.497047824511206], [11.248377229013267, 44.49731769791728], [11.24875428979906, 44.49731027100534], [11.248764667448649, 44.49758014432718], [11.249141729825466, 44.49757271610191], [11.249162489034154, 44.49811246256241], [11.24991662029738, 44.498097602102256], [11.24989585414256, 44.49755785591988], [11.2510270395265, 44.49753555631825], [11.251037427740675, 44.4978054292081], [11.251414490980611, 44.497797993450334], [11.251424881076947, 44.49806786625588], [11.251801945907763, 44.4980604291847], [11.251812337886308, 44.49833030190591], [11.251435271318938, 44.4983377390467], [11.251445661706585, 44.49860761182278], [11.251068593256976, 44.4986150477893], [11.251089370996016, 44.49915479343649], [11.251843514696045, 44.499139919981204], [11.25186429996431, 44.499679665291076], [11.252995524841584, 44.499657345361285], [11.253005922904343, 44.49992721778526], [11.252628846354293, 44.49993465907541], [11.252639242826104, 44.50020453155429], [11.249999690739159, 44.50025658624279], [11.250027171636418, 44.50097075397651], [11.250077385722403, 44.50105211801785], [11.250085439317166, 44.501065128913815], [11.250407929073624, 44.50105877219161], [11.250428702486984, 44.50159851785205], [11.2508057903319, 44.50159108360798], [11.250836956754755, 44.50240070177951], [11.251214049664734, 44.502393266082684], [11.25122444050059, 44.50266313870749], [11.250470251061087, 44.50267800899628], [11.250459863699131, 44.50240813623231], [11.249705677151043, 44.50242300140583], [11.249716061039088, 44.50269287430893], [11.248961870434787, 44.502707734645405], [11.24897225099444, 44.50297760767284], [11.247840958785629, 44.502999889055786], [11.247851334279765, 44.50326976227703], [11.24822843356521, 44.503262336323935], [11.248238810941842, 44.50353220946094], [11.24786170991936, 44.503539635483534], [11.247872085704415, 44.503809508675324], [11.247494982799402, 44.50381693352333], [11.247505356992828, 44.50408680676988], [11.246751147272317, 44.504101652872514], [11.246761518136942, 44.5043715262433], [11.246384411321461, 44.50437894749791], [11.246394780594335, 44.504648820923435], [11.246017671896329, 44.50465624100337], [11.246038407403825, 44.505195987949115], [11.248301078256944, 44.50515144797393], [11.248311456652027, 44.505421321007894], [11.249065682580406, 44.50540646425726], [11.24907606459546, 44.50567633713748], [11.24983029341609, 44.50566147527114], [11.2498406790512, 44.50593134799755], [11.25021779498037, 44.50592391512857], [11.25022818249836, 44.50619378777069], [11.250982417394326, 44.50617891816105], [11.2509720264018, 44.50590904565809], [11.25134914189401, 44.505901609056586], [11.251328356871536, 44.50536186414565], [11.250951244853782, 44.50536930060797], [11.250940854298284, 44.505099428060824], [11.25169507471371, 44.50508455403125], [11.251653500051354, 44.50400506425219], [11.252030603091999, 44.50399762564965], [11.252020208053624, 44.5037277532377], [11.252397309211469, 44.503720313460704], [11.252386912581786, 44.503450441103624], [11.252764011856842, 44.503443000152195], [11.252753613635898, 44.50317312785004], [11.253507808274637, 44.50315824235428], [11.253487005322185, 44.50261849798439], [11.253864098948897, 44.50261105350979], [11.253843293105879, 44.50207130922032], [11.255728741682187, 44.50203406888395], [11.255718330295059, 44.50176419706565], [11.256095417835672, 44.50175674533612], [11.256085004857656, 44.50148687357281], [11.256462090515447, 44.50147942066904], [11.256441261523737, 44.50093967723772], [11.257195425454082, 44.50092476797737], [11.257216261392998, 44.50146451112963], [11.257593346612708, 44.501457054493976], [11.257614186609521, 44.50199679744774], [11.25799127515684, 44.501989339428526], [11.25803296385112, 44.503068824880046], [11.258410059199992, 44.50306136533762], [11.258420483475817, 44.503331236593844], [11.25804338638997, 44.503338696206086], [11.25809550127603, 44.50468805261523], [11.257341289295491, 44.504702968805525], [11.257351709236833, 44.50497284018272], [11.2569746012903, 44.50498029648149], [11.256985019640576, 44.505250167913744], [11.257362129324259, 44.50524271154519], [11.25738296993737, 44.50578245422593], [11.257760082949341, 44.505774996473676], [11.257770505212253, 44.506044867722146], [11.259656076765964, 44.50600755994948], [11.259635215014221, 44.505467818136076], [11.260766545768611, 44.50544541896184], [11.260756109900619, 44.50517554824265], [11.260379001532586, 44.5051830158083], [11.26036856754803, 44.50491314500449], [11.260745674178935, 44.50490567750872], [11.260735238603552, 44.50463580676005], [11.260358133709753, 44.50464327418593], [11.260337266472023, 44.504103532504594], [11.259583063193915, 44.50411846334462], [11.259562203489365, 44.50357872132486], [11.259185105105022, 44.50358618473908], [11.259164249459298, 44.50304644252068], [11.258787154402727, 44.50305390455116], [11.258724601395288, 44.50143467712323], [11.259478770519639, 44.501419752656254], [11.259468342056335, 44.501149881506365], [11.260222507122313, 44.501134952203266], [11.260191212189092, 44.50032533908427], [11.260568289292504, 44.50031787277643], [11.2605369904654, 44.49950825973439], [11.260159918571995, 44.4995157258326], [11.260128626270951, 44.4987061124483], [11.259751559441112, 44.49871357709307], [11.259761988325327, 44.49898344830578], [11.259384919612714, 44.49899091177656], [11.259374492465072, 44.498721040494004], [11.258620358074506, 44.498735963564336], [11.258630781748986, 44.49900583498655], [11.257876643300753, 44.49902075322112], [11.25789748414161, 44.49956049630054], [11.257520411225116, 44.49956795369162], [11.257530830128005, 44.499837825279016], [11.257153755328789, 44.499845281496], [11.257164172641051, 44.50011515313844], [11.256787095959108, 44.50012260818127], [11.256797511680693, 44.50039247987876], [11.256420433116018, 44.50039993374745], [11.256410019131149, 44.500130061980215], [11.254901710359656, 44.50015986473684], [11.254891303467573, 44.499889992675975], [11.254514227646611, 44.499897440185634], [11.254493417773457, 44.499357695880306], [11.254870490121078, 44.499350248510034], [11.254839271195477, 44.498540632150636], [11.254462204057678, 44.498548079311824], [11.254414379871319, 44.49730754434819], [11.254274716462714, 44.497305077134236], [11.254061817844201, 44.49729529100015], [11.253881108000323, 44.49728716461589], [11.253612820279624, 44.49727555436324], [11.253547091602286, 44.49727274671989], [11.253527138344834, 44.497270025709575], [11.25343204492143, 44.49725723762726], [11.253050209858175, 44.49721580913725], [11.252011004100543, 44.497110746205614], [11.251600376953368, 44.49707284269105], [11.251243109876064, 44.49703305719311], [11.251108944809754, 44.49701818384988], [11.251046337037486, 44.497005275333166], [11.250952415456858, 44.496985980208606], [11.250850644759513, 44.49696602053116], [11.250584411354504, 44.496921125077186], [11.250443904354585, 44.496888523839054], [11.249959398463917, 44.49679347291092], [11.249216923949527, 44.496656068195776], [11.249140828010551, 44.49664269517222], [11.248772185712111, 44.49657814384547], [11.248605101912649, 44.496555651624206], [11.24854651484998, 44.49654783902747], [11.24842363849646, 44.49652751866801], [11.248085752084423, 44.496471830087984], [11.247625484259013, 44.49639263162503], [11.247620620462834, 44.496448696507294], [11.247626428498739, 44.49647643617802], [11.2476481706328, 44.49657349718218], [11.247666101114264, 44.49661850821626], [11.247745436510636, 44.49678998338406], [11.247979420165139, 44.496785376619584]]]}}, {"type": "Feature", "properties": {"threshold": "ge_1", "source": "HistorySUHI", "period": "2013-2026", "hotspot_percentile": "top_10_pct", "label": ">= 1 estate"}, "geometry": {"type": "Polygon", "coordinates": [[[11.255174708049461, 44.497453695338976], [11.255928827703432, 44.49743879535513], [11.255926297079917, 44.497373194291406], [11.255896898008718, 44.497369837373185], [11.255628798044999, 44.49734876643081], [11.255395237165288, 44.4973358260199], [11.255169876075469, 44.49732839564791], [11.255174708049461, 44.497453695338976]]]}}, {"type": "Feature", "properties": {"threshold": "ge_1", "source": "HistorySUHI", "period": "2013-2026", "hotspot_percentile": "top_10_pct", "label": ">= 1 estate"}, "geometry": {"type": "Polygon", "coordinates": [[[11.258547396444465, 44.49684686319624], [11.258516129366093, 44.496037248531714], [11.258139079316111, 44.49604470750304], [11.258128658985171, 44.49577483584891], [11.257751610525434, 44.49578229350672], [11.257720355617847, 44.494972678246555], [11.258097398868776, 44.49496522079812], [11.258055720758474, 44.49388573385746], [11.257678684452287, 44.49389319102672], [11.25766826702598, 44.49362331918492], [11.256914197447795, 44.49363822965301], [11.256903783639725, 44.49336835765695], [11.25517763299709, 44.493402463563754], [11.255197020441608, 44.49343776583918], [11.255257476591927, 44.49356130248278], [11.255276379461332, 44.49359976624469], [11.255303867901993, 44.49364104024705], [11.255340612680817, 44.49369599537014], [11.255391199848491, 44.4938052777451], [11.255435969641495, 44.493906230595535], [11.255459055652043, 44.49394651122597], [11.255500290439082, 44.4940180864015], [11.255539189056611, 44.49407115337039], [11.255580396787659, 44.49413125974375], [11.255629782839993, 44.49420285386644], [11.255675051116029, 44.49427366508168], [11.2557054087825, 44.49432083300437], [11.255734278336403, 44.49437637572871], [11.255742424925355, 44.49439193328499], [11.255781018248259, 44.4944755520046], [11.255805128526868, 44.49452378862048], [11.255823984207154, 44.494561010860004], [11.255856385847753, 44.49460964178366], [11.25591452900656, 44.49469629511974], [11.255940196087712, 44.49473010579253], [11.255948386719178, 44.49473995481803], [11.255980118105748, 44.49477739972306], [11.25605043685025, 44.494849381216234], [11.256133944596275, 44.49492416289107], [11.256144499124156, 44.49493855650695], [11.256164685123457, 44.49496591256086], [11.256167266007225, 44.49498749478701], [11.256169002042022, 44.4950015225287], [11.256169009254677, 44.49500203553401], [11.256169199830843, 44.49500371525263], [11.25616925951261, 44.49502189031031], [11.256169550195803, 44.49504507524736], [11.256190949645125, 44.49511073135613], [11.256208374956344, 44.4951516188458], [11.256226583639485, 44.495186729189996], [11.256226586068783, 44.49518679216013], [11.256226667030479, 44.49518693460151], [11.256233028550831, 44.4952295711922], [11.256233194371315, 44.495294836718635], [11.256231626244945, 44.49533537037957], [11.25623175092855, 44.49534577491342], [11.256232134728906, 44.49536648229559], [11.256235441080195, 44.49537459130349], [11.256271913511718, 44.49546286108902], [11.256333341687268, 44.49562875311623], [11.256348981079253, 44.49568235153067], [11.2563699364502, 44.495753111844174], [11.256399304794835, 44.495829044404], [11.256407079672307, 44.49584897551373], [11.256461821656593, 44.49596380187381], [11.256470743375695, 44.496030406758], [11.256476420689301, 44.496070950247066], [11.256493033513935, 44.4961129340579], [11.25650488822165, 44.496142435295695], [11.256529130944626, 44.4962100427063], [11.256542873921397, 44.496248059077544], [11.256551078437454, 44.496262823198215], [11.256579059807118, 44.49631257657599], [11.25666527415186, 44.496591069007415], [11.25676992242271, 44.496882008846605], [11.258547396444465, 44.49684686319624]]]}}, {"type": "Feature", "properties": {"threshold": "ge_1", "source": "HistorySUHI", "period": "2013-2026", "hotspot_percentile": "top_10_pct", "label": ">= 1 estate"}, "geometry": {"type": "Polygon", "coordinates": [[[11.235773760567762, 44.50323686046219], [11.236527964804996, 44.50322208707177], [11.23652066123762, 44.5030311535102], [11.236456610532903, 44.50304671128438], [11.236336799506446, 44.50307586810625], [11.235719585056652, 44.50323532979143], [11.235776981643934, 44.50332109467453], [11.235773760567762, 44.50323686046219]]]}}, {"type": "Feature", "properties": {"threshold": "ge_1", "source": "HistorySUHI", "period": "2013-2026", "hotspot_percentile": "top_10_pct", "label": ">= 1 estate"}, "geometry": {"type": "Polygon", "coordinates": [[[11.248775045243717, 44.49785001763431], [11.248238675379913, 44.49786058164795], [11.24836515003401, 44.498147264592774], [11.248444757122476, 44.498333040603825], [11.24851843755839, 44.4985040249987], [11.248610446065605, 44.49868844029771], [11.248758945352034, 44.498931402904994], [11.249020180303596, 44.499366798356554], [11.24931348152372, 44.4998381388837], [11.249463774459537, 44.5000759067033], [11.249625188557548, 44.50033099359518], [11.249581081848469, 44.49918452542048], [11.249958154353731, 44.49917709429031], [11.24993738703443, 44.49863734822573], [11.249183248824883, 44.498652208964025], [11.249172868856762, 44.49838233577058], [11.248795801270303, 44.49838976420442], [11.248775045243717, 44.49785001763431]]]}}, {"type": "Feature", "properties": {"threshold": "ge_1", "source": "HistorySUHI", "period": "2013-2026", "hotspot_percentile": "top_10_pct", "label": ">= 1 estate"}, "geometry": {"type": "Polygon", "coordinates": [[[11.271147352588505, 44.50064804916721], [11.270016122730972, 44.500670549266985], [11.270026599676715, 44.5009404184714], [11.269649521027057, 44.500947916087036], [11.269670471885691, 44.501487654591905], [11.269293389615695, 44.50149515110394], [11.26931433758817, 44.50203488969011], [11.269691423331745, 44.50202739303776], [11.269701899275061, 44.50229726223855], [11.270078986608603, 44.50228976427208], [11.27006850892846, 44.50201989514146], [11.27082267968121, 44.502004895617], [11.270833160834997, 44.50227476460725], [11.2712102477278, 44.50226726290887], [11.271199764837197, 44.50199739398883], [11.271576849846227, 44.501989891116715], [11.271545396845859, 44.50118028447866], [11.27116831704713, 44.50118778714013], [11.271147352588505, 44.50064804916721]]]}}, {"type": "Feature", "properties": {"threshold": "ge_1", "source": "HistorySUHI", "period": "2013-2026", "hotspot_percentile": "top_10_pct", "label": ">= 1 estate"}, "geometry": {"type": "Polygon", "coordinates": [[[11.266674733273087, 44.50208733142556], [11.26780599314575, 44.50206486385986], [11.267785059067652, 44.50152512471268], [11.268162141924824, 44.50151763317641], [11.268141204960159, 44.500977894110434], [11.266632886545208, 44.50100785223116], [11.266643348007186, 44.50127772205189], [11.264757938005138, 44.50131514206475], [11.264747485226934, 44.501045271893844], [11.264370404523579, 44.50105275209459], [11.264359953628647, 44.50078288183892], [11.263982874515522, 44.50079036072576], [11.263972425503816, 44.500520490385355], [11.263595347980925, 44.5005279679583], [11.263584900852393, 44.50025809753318], [11.262830748840662, 44.500273048807394], [11.262820305331934, 44.5000031782276], [11.261689081426393, 44.50002559559989], [11.26169951972508, 44.50029546638949], [11.260945366249654, 44.50031040522469], [11.260987107013781, 44.50138988879483], [11.261364190771642, 44.50138241971958], [11.261374628065214, 44.501652290505376], [11.261751713413563, 44.50164482011626], [11.261762152590284, 44.501914690817394], [11.262516326321576, 44.501899746167446], [11.26252676911835, 44.50216961671397], [11.262903857501263, 44.5021621424531], [11.262945637100003, 44.50324162421197], [11.263322732284115, 44.50323414842726], [11.263333179286844, 44.50350401876016], [11.264841565506318, 44.503474102901144], [11.264831111555747, 44.503204232848205], [11.265585300312331, 44.50318926759455], [11.265574843034457, 44.50291939766693], [11.265951935455933, 44.50291191324411], [11.265941476587757, 44.502642043371765], [11.26631856712571, 44.50263455777501], [11.266308106667283, 44.50236468795797], [11.266685195321717, 44.50235720118729], [11.266674733273087, 44.50208733142556]]]}}, {"type": "Feature", "properties": {"threshold": "ge_1", "source": "HistorySUHI", "period": "2013-2026", "hotspot_percentile": "top_10_pct", "label": ">= 1 estate"}, "geometry": {"type": "Polygon", "coordinates": [[[11.253947328154865, 44.50477003007847], [11.253570220631827, 44.504777475110444], [11.253580623201776, 44.50504734718491], [11.253957732461966, 44.50503990208326], [11.253947328154865, 44.50477003007847]]]}}, {"type": "Feature", "properties": {"threshold": "ge_1", "source": "HistorySUHI", "period": "2013-2026", "hotspot_percentile": "top_10_pct", "label": ">= 1 estate"}, "geometry": {"type": "Polygon", "coordinates": [[[11.25433484157629, 44.50503245573748], [11.253957732461966, 44.50503990208326], [11.253968136914931, 44.50530977407333], [11.254345247766427, 44.50530232765786], [11.25433484157629, 44.50503245573748]]]}}, {"type": "Feature", "properties": {"threshold": "ge_1", "source": "HistorySUHI", "period": "2013-2026", "hotspot_percentile": "top_10_pct", "label": ">= 1 estate"}, "geometry": {"type": "Polygon", "coordinates": [[[11.255130698900794, 44.50609704634904], [11.254753583129459, 44.50610449546192], [11.254763991640443, 44.506374367253684], [11.255141109149045, 44.506366918071095], [11.255130698900794, 44.50609704634904]]]}}, {"type": "Feature", "properties": {"threshold": "ge_1", "source": "HistorySUHI", "period": "2013-2026", "hotspot_percentile": "top_10_pct", "label": ">= 1 estate"}, "geometry": {"type": "Polygon", "coordinates": [[[11.258597718526522, 44.50791904569486], [11.258220591908385, 44.507926506493966], [11.258210166885204, 44.50765663541846], [11.257833041858296, 44.50766409490352], [11.25782261871864, 44.50739422374347], [11.257445495282967, 44.50740168191449], [11.257435074026786, 44.507131810669904], [11.256680830191847, 44.50714672313974], [11.256691247973333, 44.50741659452388], [11.255937000079468, 44.50743150215638], [11.25590575759714, 44.50662188754121], [11.255528638643181, 44.5066293392819], [11.255559875913512, 44.507438954106284], [11.25518275160157, 44.507446404811965], [11.255193162579596, 44.50771627646035], [11.254816036384307, 44.507723725991525], [11.254847264981864, 44.50853334105744], [11.255224396389455, 44.50852589131712], [11.255255631513043, 44.50933550604131], [11.256764176533483, 44.50930569380032], [11.256753757729543, 44.50903582251932], [11.257508025888376, 44.509020909072554], [11.257497603755521, 44.50875103791639], [11.258251867854893, 44.50873611963207], [11.258241442393226, 44.508466248600776], [11.258995702433012, 44.508451325479], [11.25898527364264, 44.508181454572636], [11.258608145433275, 44.50818891668581], [11.258597718526522, 44.50791904569486]]]}}, {"type": "Feature", "properties": {"threshold": "ge_1", "source": "HistorySUHI", "period": "2013-2026", "hotspot_percentile": "top_10_pct", "label": ">= 1 estate"}, "geometry": {"type": "Polygon", "coordinates": [[[11.2541034080783, 44.50881810860382], [11.253349140766735, 44.508832999513864], [11.253359543787035, 44.50910287143707], [11.252982408174942, 44.50911031509531], [11.253013612898268, 44.50991993098554], [11.253767894402001, 44.50990504200674], [11.253757489206544, 44.509635170197406], [11.254511766651563, 44.50962027638064], [11.254501358126863, 44.50935040469595], [11.25487849489293, 44.50934295599079], [11.25485767480627, 44.50880321271662], [11.254480541515248, 44.508810661282375], [11.254470133428327, 44.508540789553486], [11.254093001728869, 44.50854823680525], [11.2541034080783, 44.50881810860382]]]}}, {"type": "Feature", "properties": {"threshold": "ge_1", "source": "HistorySUHI", "period": "2013-2026", "hotspot_percentile": "top_10_pct", "label": ">= 1 estate"}, "geometry": {"type": "Polygon", "coordinates": [[[11.256543314021108, 44.51336121722039], [11.256166151773217, 44.513368671949195], [11.25610364884682, 44.5117494445311], [11.255726496879848, 44.51175689759691], [11.255674423812687, 44.51040754066124], [11.254542993101259, 44.51042989134632], [11.254553402209698, 44.51069976297209], [11.254176256609654, 44.51070721078142], [11.254186664126351, 44.510977082462155], [11.253809516642706, 44.51098452909681], [11.253819922567612, 44.5112544008325], [11.253442773200359, 44.51126184629244], [11.253453177533428, 44.51153171808309], [11.252321723343305, 44.5115540472055], [11.252311324223461, 44.511284175205894], [11.25193417427286, 44.511291615688236], [11.251923777036538, 44.51102174360428], [11.250792331523362, 44.51104405737606], [11.250781939645918, 44.51077418506854], [11.25002764538401, 44.510789054555275], [11.250017257127634, 44.51051918209387], [11.249640111515882, 44.5105266149011], [11.249650498034569, 44.51079648743205], [11.2481419071808, 44.51082620649529], [11.248162666753208, 44.51136595206927], [11.24853981816047, 44.511358524031024], [11.248550199902743, 44.511628396726415], [11.248927352902218, 44.51162096737423], [11.248906586087717, 44.511081222107755], [11.249660884698883, 44.51106635994828], [11.249671271508822, 44.51133623244978], [11.249294120538304, 44.51134366422127], [11.249314891119525, 44.51188340931922], [11.248937736527843, 44.51189083998537], [11.248948120299053, 44.512160712581796], [11.248570963823969, 44.51216814207305], [11.248591728327453, 44.512707887360804], [11.248968888278243, 44.512700457730496], [11.24897927248623, 44.51297033028275], [11.249733595426779, 44.512955467149624], [11.249764759351928, 44.51376508430078], [11.250896258311716, 44.51374277964129], [11.250885864977157, 44.51347290748103], [11.251263029267722, 44.51346547017511], [11.251273424340228, 44.513735342265754], [11.252782086996534, 44.51370558031858], [11.252792489166653, 44.513975452116], [11.253169656204136, 44.51396800844826], [11.25319046445792, 44.514507751859576], [11.253567634825515, 44.51450030680798], [11.253578040909254, 44.51477017842187], [11.254709556350601, 44.514747835590796], [11.254699145052786, 44.514477964186], [11.255453484474463, 44.514463062882015], [11.255443069846633, 44.51419319160194], [11.255820237600457, 44.514185739152886], [11.255809821380682, 44.51391586792782], [11.256186987250494, 44.513908414304005], [11.256176569438823, 44.51363854313397], [11.256553733424626, 44.51363108833541], [11.256543314021108, 44.51336121722039]]]}}, {"type": "Feature", "properties": {"threshold": "ge_1", "source": "HistorySUHI", "period": "2013-2026", "hotspot_percentile": "top_10_pct", "label": ">= 1 estate"}, "geometry": {"type": "Polygon", "coordinates": [[[11.258071038116883, 44.523593929621526], [11.25808146829006, 44.52386379996715], [11.258458697749717, 44.52385633753735], [11.258500426860579, 44.52493581849311], [11.258877663129498, 44.524928354538986], [11.258888097511884, 44.525198224671215], [11.259265335373431, 44.52519075940226], [11.25928620805512, 44.525730499482805], [11.259663449248283, 44.52572303282909], [11.259684325993417, 44.52626277271093], [11.260438814896697, 44.52624783538892], [11.260470141546737, 44.527057444681745], [11.261601889455106, 44.527035028731724], [11.26159144187469, 44.52676515919197], [11.261968689145402, 44.52675768478844], [11.261958239972415, 44.526487815303895], [11.261580994440775, 44.52649528963746], [11.261549653018031, 44.5256856808855], [11.261926893332598, 44.52567820676177], [11.261916444745697, 44.52540833721823], [11.262293683174773, 44.525400861919465], [11.262283232995438, 44.52513099243113], [11.262660469539028, 44.52512351595734], [11.26263956614215, 44.524583777076394], [11.263016799061363, 44.52457629949758], [11.262964534439753, 44.52322695238701], [11.262587310214654, 44.52323442961595], [11.262576859468796, 44.52296456007962], [11.262199636835904, 44.5229720359937], [11.262189187975315, 44.52270216637267], [11.261057524413827, 44.52272458643579], [11.261067968058217, 44.522994456266645], [11.259559074304528, 44.52302433253548], [11.259548637615103, 44.52275446242504], [11.2591714155495, 44.52276192831016], [11.259140111575377, 44.52195231768081], [11.260271761684862, 44.52192991691971], [11.260292641286732, 44.52246965693477], [11.260669861174513, 44.5224621873849], [11.260659419561692, 44.52219231745466], [11.262168290693682, 44.52216242708637], [11.26215784227263, 44.52189255742109], [11.262912273482357, 44.52187760490779], [11.262922725380713, 44.522147474433126], [11.263299942504405, 44.52213999623925], [11.263289488867398, 44.521870126783895], [11.263666704105857, 44.52186264741515], [11.263677159481514, 44.52213251680052], [11.264054376312012, 44.522125036116954], [11.264043919197713, 44.52185516680159], [11.26442113414294, 44.521847684943204], [11.264410675436654, 44.521577815683116], [11.264787888496612, 44.52157033264993], [11.264777428198386, 44.52130046344513], [11.265531850401077, 44.52128549378439], [11.265521386772397, 44.52101562470492], [11.266275804911087, 44.521000650205124], [11.266244404474294, 44.52019104329863], [11.26699881159489, 44.520176064240225], [11.26698834159924, 44.51990619538207], [11.268874348138912, 44.519868726303635], [11.268863869597954, 44.51959885778137], [11.26999546654358, 44.51957636160806], [11.269984982934382, 44.519306493281555], [11.27036217988391, 44.519298992137884], [11.270341209629807, 44.51875925558099], [11.270718402955627, 44.51875175333305], [11.27070791631079, 44.51848188510266], [11.270330724723278, 44.51848938728041], [11.270278302395779, 44.51714004555613], [11.269901119352442, 44.51714754613824], [11.269880154926767, 44.516607809204835], [11.269502975212761, 44.51661530840197], [11.26948201485118, 44.51607557126917], [11.268727661934797, 44.51609056564904], [11.268696232922775, 44.51528095941823], [11.268319061458389, 44.51528845453088], [11.268298112994124, 44.51474871682959], [11.268675280982526, 44.514741221857214], [11.268664805232723, 44.514471353054574], [11.269041971336291, 44.51446385690786], [11.269031493995437, 44.51419398816061], [11.269408658214177, 44.51418649083954], [11.269419137292957, 44.51445635951662], [11.270173468765485, 44.514441361000685], [11.270183951467084, 44.51471122952264], [11.27056111872084, 44.51470372832773], [11.270571603307385, 44.51497359676473], [11.270948772152105, 44.514966094255115], [11.270980232007815, 44.51577569926692], [11.271357405919538, 44.515768195302115], [11.271367894570238, 44.516038063539646], [11.271745070072956, 44.51603055826005], [11.2717345796842, 44.51576069009276], [11.272111753301777, 44.51575318363887], [11.272101261322076, 44.515483315527064], [11.272478433054516, 44.51547580789888], [11.272467939483915, 44.51520593984258], [11.27322227903138, 44.51519092099318], [11.27319078877464, 44.514381317157316], [11.274322281350438, 44.514358780182064], [11.274311779678847, 44.51408891241816], [11.27506610385076, 44.51407388168626], [11.275024084734133, 44.512994411045625], [11.274646929673121, 44.51300192675246], [11.274636426999935, 44.51273205898505], [11.273127812234675, 44.512762109087], [11.273117316659738, 44.512492241023615], [11.272740164338229, 44.512499750367795], [11.272729670648177, 44.512229882219366], [11.272352519917275, 44.51223739024889], [11.27230006236214, 44.510888048934014], [11.272677204404738, 44.510880541255794], [11.272656218937172, 44.51034080476703], [11.273033357357512, 44.51033329598503], [11.273022863106855, 44.510063427788765], [11.27339999964253, 44.51005591783273], [11.273389503801493, 44.509786049692], [11.27301236900333, 44.50979355957775], [11.272980887575503, 44.508983954856134], [11.272603757842603, 44.5089914632868], [11.272593266064986, 44.508721594946465], [11.272216137922408, 44.50872910206263], [11.272205648029276, 44.50845923363728], [11.272582774434461, 44.508451726591375], [11.272572282951028, 44.508181858221505], [11.272949407471756, 44.50817435000163], [11.272938914398068, 44.50790448168728], [11.273316037034347, 44.50789697229347], [11.273305542370453, 44.50762710403462], [11.273682663122283, 44.50761959346689], [11.273651174801591, 44.50680998881265], [11.274405405440197, 44.506794964366435], [11.274394906153177, 44.50652509625944], [11.274772019514488, 44.50651758224042], [11.274761518637478, 44.50624771418895], [11.274007295242031, 44.506262740842224], [11.27397580391711, 44.5054531361774], [11.274352910477017, 44.505445623683755], [11.274342411925945, 44.505175755502925], [11.273965307103127, 44.50518326792627], [11.273933817544117, 44.50437366308428], [11.272802517826221, 44.5043961922573], [11.272792026811848, 44.504126323736294], [11.272414928348697, 44.50413383090227], [11.272404439218374, 44.50386396229623], [11.272027342345153, 44.50387146814792], [11.272016855098833, 44.50360159945688], [11.271639759815546, 44.503609103994314], [11.271629274453183, 44.50333923521828], [11.271252180759834, 44.50334673844148], [11.271241697281377, 44.50307686958046], [11.270864605177973, 44.50308437148945], [11.270854123583376, 44.50281450254347], [11.269722851602289, 44.50283700059587], [11.269733327986204, 44.50310686975238], [11.269356235295174, 44.50311436668535], [11.269366710089033, 44.50338423589728], [11.268612520792601, 44.503399226171496], [11.268622992259406, 44.50366909550895], [11.267868798901857, 44.503684080947316], [11.2678792670415, 44.50395395041025], [11.267502168405597, 44.503961441333495], [11.267512634954988, 44.50423131085178], [11.267135534435338, 44.50423880060106], [11.267166929752744, 44.50504840927768], [11.266789823875195, 44.50505589799314], [11.266852608048415, 44.50667511536859], [11.266098375007145, 44.506690089908034], [11.266077453311496, 44.50615035056162], [11.265700340045317, 44.50615783582499], [11.26567942241065, 44.50561809627948], [11.265302312472205, 44.50562558015862], [11.265291855611958, 44.5053557102937], [11.26491474726406, 44.505363192858695], [11.264904292287534, 44.505093322909005], [11.26452718553019, 44.50510080415988], [11.264579453192702, 44.506450154110915], [11.265333683932564, 44.50643518966487], [11.26534414137923, 44.5067050594708], [11.265721258266506, 44.506697575311506], [11.265742177074237, 44.50723731473901], [11.265365056712403, 44.5072447990384], [11.265375514598913, 44.50751466880008], [11.264998392353144, 44.507522151925286], [11.265008848648929, 44.50779202174223], [11.264631724519218, 44.507799503693256], [11.264673544218727, 44.50887898309368], [11.26505067529806, 44.508871500862575], [11.265061132326855, 44.509141370605775], [11.264683999510053, 44.50914885290691], [11.264736278165513, 44.51049820175184], [11.263981994716737, 44.510513163321306], [11.263898378427161, 44.508354203872365], [11.263521250383027, 44.50836168223069], [11.263500351250753, 44.50782194208102], [11.2631232265349, 44.50782941905516], [11.26310233146331, 44.507289678706535], [11.262725210075674, 44.50729715429653], [11.262652094099458, 44.505408062122235], [11.261520765540041, 44.50543047995837], [11.261531205028689, 44.50570035052303], [11.261154093478964, 44.505707820716715], [11.261164531376771, 44.50597769133654], [11.260410304363944, 44.50599262813132], [11.260452043520464, 44.50707211102228], [11.260829164049088, 44.50706464296742], [11.260839600941281, 44.50733451358342], [11.260085356263081, 44.50734944858871], [11.260095789826899, 44.50761931932974], [11.25971866553102, 44.50762678503594], [11.259729097503739, 44.5078966558321], [11.258974844998479, 44.50791158365152], [11.25898527364264, 44.508181454572636], [11.260870912495818, 44.50814412534297], [11.2608500379798, 44.507604384184695], [11.26122716183677, 44.50759691474582], [11.261258479042478, 44.50840652625144], [11.261635607965276, 44.508399055358616], [11.261656490309113, 44.50893879614882], [11.262033622560427, 44.508931323871884], [11.262044065689414, 44.509201194174935], [11.2624211995318, 44.50919372058378], [11.26245253500986, 44.510003331194675], [11.262829673918398, 44.509995856149374], [11.262840121108221, 44.51026572625355], [11.263217261607869, 44.510258249893965], [11.263227710681765, 44.51052811991343], [11.263604852772513, 44.51052064223954], [11.26365710902791, 44.51186999176581], [11.264034259660479, 44.511862512497615], [11.264076074253563, 44.512941991573214], [11.264453231690675, 44.51293451078059], [11.264463687443206, 44.513204380442616], [11.265218005353287, 44.51318941498401], [11.265238924249621, 44.51372915398372], [11.265616086460435, 44.51372166924764], [11.265637009419207, 44.51426140804825], [11.265259843732563, 44.5142688929244], [11.265291224056904, 44.51507850122481], [11.26491405300967, 44.51508598506658], [11.264955888543188, 44.51616546287412], [11.264578710397052, 44.51617294575145], [11.264589167908923, 44.5164428152365], [11.264211987878031, 44.51645029693926], [11.264222443798378, 44.51672016647957], [11.263845261882729, 44.516727647007755], [11.263824353664928, 44.51618790777238], [11.262692817467476, 44.516210341469375], [11.262724164370605, 44.51701995093014], [11.262346980130584, 44.51702742654985], [11.262326085525013, 44.51648768678417], [11.261948904614867, 44.51649516101934], [11.261938459269949, 44.516225291044435], [11.261561279951492, 44.516232763965085], [11.26155083649115, 44.5159628939055], [11.260042124705764, 44.51599277286254], [11.260031688344268, 44.51572290250859], [11.259654511770142, 44.51573036906651], [11.25963364296228, 44.51519062817466], [11.258879296327448, 44.515205557277355], [11.258910589330162, 44.516015169012164], [11.25853341057908, 44.51602263190619], [11.258543840134354, 44.51629250252481], [11.256657935495173, 44.51632979867511], [11.256647514630643, 44.51605992770745], [11.254761615029404, 44.51609719239377], [11.254751203001671, 44.515827321062645], [11.253996845615362, 44.515842218085545], [11.253986437209862, 44.51557234660027], [11.253609260035912, 44.51557979317514], [11.25359885351445, 44.51530992160545], [11.25322167793269, 44.515317366866064], [11.253200868803628, 44.514777623543125], [11.25282369655212, 44.51478506741984], [11.252802891482625, 44.51424532389867], [11.252048553494163, 44.51426020763985], [11.25205895247996, 44.51453007954709], [11.251681781528996, 44.514537519620504], [11.251712974147035, 44.51534713546275], [11.252090150312192, 44.51533969518044], [11.252110949596073, 44.51587943886236], [11.252488129091665, 44.5158719971962], [11.252508932435163, 44.51641174067993], [11.252886115261248, 44.51640429762985], [11.252927730651397, 44.51748378414195], [11.252173350947428, 44.51749866955469], [11.252183751683056, 44.517768541285186], [11.251806559874002, 44.51777598219418], [11.25181695901713, 44.51804585397961], [11.251439765323932, 44.51805329371353], [11.251450162874514, 44.51832316555384], [11.251072967297164, 44.5183306041127], [11.251083363255152, 44.518600476007876], [11.250706165793648, 44.51860791339163], [11.250716560158994, 44.518877785341694], [11.250339360813328, 44.518885221550306], [11.250349753585983, 44.51915509355525], [11.24997255235615, 44.5191625285887], [11.249982943536065, 44.5194324006485], [11.248851333757045, 44.51945469848903], [11.248861719867175, 44.51972457074277], [11.248484514577706, 44.51973200093628], [11.248494899094947, 44.52000187324483], [11.248117691921342, 44.5200093022631], [11.248107309142629, 44.51973942988502], [11.246221279783953, 44.519776555957016], [11.246242028101495, 44.520316301393336], [11.24548760838539, 44.520331143386464], [11.24549797928518, 44.520601016221434], [11.244743555510201, 44.52061585337416], [11.24475392307817, 44.52088572633327], [11.243999495244445, 44.52090055864551], [11.244009859480489, 44.521170431728706], [11.243255427588144, 44.52118525920034], [11.243234706215958, 44.52064551274168], [11.243611918757495, 44.520638099767034], [11.243601556550706, 44.520368226585006], [11.243978767208336, 44.52036081243493], [11.243906223659481, 44.51847170023446], [11.243151826538055, 44.51848652631853], [11.243131108071193, 44.51794677956562], [11.242753912769391, 44.51795419060185], [11.242712484531987, 44.51687469664206], [11.242335296038291, 44.5168821061562], [11.242314586267423, 44.51634235894935], [11.24193740110506, 44.516349767080165], [11.241927048175635, 44.51607989338533], [11.241549864606338, 44.51608730020219], [11.241518811903559, 44.51527767882152], [11.241141633403672, 44.51528508418581], [11.241131284531143, 44.51501521029354], [11.240754107624285, 44.51502261434394], [11.24074376063497, 44.51475274036766], [11.24036658532115, 44.51476014310419], [11.240387275968605, 44.51529989118059], [11.24076445475868, 44.51529248830551], [11.240774802038153, 44.515562362252375], [11.241151982421306, 44.51555495806338], [11.2411726808919, 44.516094705774385], [11.240795497032353, 44.51610211010196], [11.240805844747086, 44.516371984004685], [11.240428659004213, 44.5163793871569], [11.240480391062734, 44.51772875679636], [11.240857585497153, 44.51772135329772], [11.240878282812883, 44.518261100911985], [11.24125548057898, 44.51825369603005], [11.241307235100122, 44.51960306446179], [11.24168444141346, 44.51959565798858], [11.241705147715031, 44.52013540511967], [11.24283677621526, 44.52011317781526], [11.242857493529145, 44.52065292447149], [11.242480280697082, 44.52066033495647], [11.242490637833265, 44.52093020833187], [11.242113423117335, 44.52093761764135], [11.242144490181204, 44.52174723788729], [11.242898929899958, 44.52173241760739], [11.24290928935581, 44.52200229085459], [11.243286510736038, 44.52199487877796], [11.243265788492158, 44.52145513240759], [11.243643006249663, 44.52144771922483], [11.243674095049604, 44.52225733855019], [11.244051317877984, 44.5222499239144], [11.24407204794876, 44.522789669918964], [11.244449274109373, 44.52278225389947], [11.244470008239194, 44.52332199970636], [11.244092778600914, 44.52332941586466], [11.244103144145013, 44.52359928881545], [11.243348680954682, 44.52361411753598], [11.243379768025562, 44.52442373671636], [11.243757004910165, 44.52441632277042], [11.243788098505835, 44.52522594161023], [11.244165340462088, 44.52521852621113], [11.2441757070237, 44.525488399058894], [11.246816408819077, 44.52543645591839], [11.246795651494914, 44.52489671118032], [11.247172890548553, 44.52488928589054], [11.247162510365799, 44.524619413568914], [11.247916984558433, 44.52460455939335], [11.24790660104334, 44.52433468719601], [11.248661071175668, 44.52431982817954], [11.248671458168644, 44.52458970023781], [11.249425931196242, 44.52457483610235], [11.249436321812794, 44.5248447080068], [11.249813559847011, 44.524837274002024], [11.24982395234825, 44.52510714582218], [11.250201191975716, 44.52509971050283], [11.250221980893425, 44.525639453959805], [11.250599223853163, 44.52563201725625], [11.250620016832041, 44.52617176051514], [11.250997263124114, 44.526164322427356], [11.250986864822709, 44.52589445087489], [11.251364109229895, 44.52588701161166], [11.25137450927037, 44.526156883094515], [11.251751755270789, 44.526149442516626], [11.251741353491248, 44.52587957110341], [11.25249584157634, 44.52586468635179], [11.252485436464582, 44.52559481506313], [11.25286267854924, 44.52558737088945], [11.252852271844379, 44.52531749965572], [11.253983992005653, 44.5252951598736], [11.253994403927535, 44.52556503089827], [11.25512612799179, 44.52554267970196], [11.255115710852913, 44.52527280888646], [11.255870189354084, 44.52525790200336], [11.255891030733936, 44.52579764334061], [11.257022757823696, 44.525775273259804], [11.2569810547808, 44.52469579136376], [11.2566038195196, 44.52470324902321], [11.256593395863272, 44.52443337844256], [11.256216162194821, 44.52444083478728], [11.256205740423544, 44.524170964122106], [11.257714667264727, 44.52414113155275], [11.2576938102498, 44.52360139073659], [11.258071038116883, 44.523593929621526]], [[11.259569511140302, 44.52329420263118], [11.25919228559718, 44.52330166865603], [11.25918185050018, 44.52303179849047], [11.259559074304528, 44.52302433253548], [11.259569511140302, 44.52329420263118]], [[11.255859768883345, 44.52498803131265], [11.256237006175793, 44.52498057607338], [11.256247428385498, 44.52525044669432], [11.255870189354084, 44.52525790200336], [11.255859768883345, 44.52498803131265]], [[11.248609138395508, 44.5229704676673], [11.248619524660253, 44.523240339799194], [11.248242296622422, 44.52324776965179], [11.248231912096498, 44.52297789745037], [11.248609138395508, 44.5229704676673]], [[11.25416339995282, 44.52016015984655], [11.254142578617138, 44.51962041733265], [11.25451978171955, 44.51961296846765], [11.254509369532206, 44.519343097258314], [11.255263771822088, 44.51932819593347], [11.255305435355426, 44.52040768012459], [11.254928227329517, 44.52041513168831], [11.254917812965637, 44.52014526059289], [11.25416339995282, 44.52016015984655]], [[11.261278082575137, 44.51866906614325], [11.26128852576153, 44.51893893612533], [11.260911328767628, 44.518946407255925], [11.260900887319606, 44.51867653720393], [11.261278082575137, 44.51866906614325]], [[11.261634388274075, 44.51812185396934], [11.261623943788667, 44.51785198401297], [11.262001133536367, 44.51784451067271], [11.262011579760069, 44.51811438055915], [11.261634388274075, 44.51812185396934]], [[11.261980241528375, 44.517304770855596], [11.262357427653098, 44.51729729641057], [11.262378323137598, 44.51783703608779], [11.262001133536367, 44.51784451067271], [11.261980241528375, 44.517304770855596]], [[11.260450618048623, 44.516794915753856], [11.260481934542844, 44.517604526384915], [11.259727557206379, 44.517619461723676], [11.259737992853966, 44.51788933204432], [11.258983611455646, 44.517904262544185], [11.258973179284627, 44.51763439208383], [11.258595990104329, 44.51764185539692], [11.258564699683618, 44.516832243717865], [11.258941883649198, 44.51682478061432], [11.25892102062358, 44.51628503956094], [11.259298200966542, 44.516277575352476], [11.259308634144386, 44.51654744581668], [11.259685816079225, 44.516539980293736], [11.25969625114154, 44.51680985067333], [11.260450618048623, 44.516794915753856]], [[11.269282920728195, 44.510948065563625], [11.269293398044049, 44.51121793441778], [11.268916252940892, 44.5112254309671], [11.268905777362672, 44.510955562042795], [11.269282920728195, 44.510948065563625]], [[11.272058804966267, 44.50468107413249], [11.272069292800696, 44.50495094276448], [11.271692188832375, 44.50495844765309], [11.271681702735, 44.50468857895085], [11.272058804966267, 44.50468107413249]]]}}, {"type": "Feature", "properties": {"threshold": "ge_1", "source": "HistorySUHI", "period": "2013-2026", "hotspot_percentile": "top_10_pct", "label": ">= 1 estate"}, "geometry": {"type": "Polygon", "coordinates": [[[11.249135053078914, 44.517018416799964], [11.249512240693232, 44.51701098481245], [11.249522628969327, 44.517280857059596], [11.250654196153048, 44.517258553420376], [11.250643802662138, 44.516988681381946], [11.250266615484868, 44.51699611710343], [11.25023544110117, 44.516186500691056], [11.249858258992862, 44.51619393495917], [11.249868648570192, 44.516463807180926], [11.248737096156711, 44.516486102726184], [11.248747480665035, 44.51675597514187], [11.249124666686729, 44.516748544468555], [11.249135053078914, 44.517018416799964]]]}}, {"type": "Feature", "properties": {"threshold": "ge_1", "source": "HistorySUHI", "period": "2013-2026", "hotspot_percentile": "top_10_pct", "label": ">= 1 estate"}, "geometry": {"type": "Polygon", "coordinates": [[[11.270005950299776, 44.51984622991981], [11.269628749726456, 44.51985372995914], [11.269649714202963, 44.520393466678726], [11.270026918253174, 44.52038596649902], [11.270005950299776, 44.51984622991981]]]}}, {"type": "Feature", "properties": {"threshold": "ge_1", "source": "HistorySUHI", "period": "2013-2026", "hotspot_percentile": "top_10_pct", "label": ">= 1 estate"}, "geometry": {"type": "Polygon", "coordinates": [[[11.273149533034864, 44.52302459664146], [11.27352675314685, 44.52301708455607], [11.273484749356017, 44.52193761445801], [11.273107536198603, 44.5219451262622], [11.273097037357582, 44.52167525863048], [11.27196540221791, 44.521697786363355], [11.271954908739792, 44.52142791850606], [11.27120048805474, 44.521442930630144], [11.27121097805572, 44.52171279862794], [11.270456553305166, 44.5217278059133], [11.27046703997604, 44.521997674036776], [11.26971261116011, 44.52201267648331], [11.269723094500774, 44.522282544732434], [11.26896866161959, 44.522297542340034], [11.26897914162994, 44.522567410714736], [11.267470267149706, 44.52259739127246], [11.267480740352253, 44.522867259912985], [11.2671035196263, 44.522874752010416], [11.267113991236986, 44.523144620706276], [11.267491213701659, 44.52313712853875], [11.267501687197923, 44.52340699714977], [11.268256135164142, 44.52339200893981], [11.268266612284798, 44.52366187739579], [11.269021063140892, 44.523646884066], [11.26903154388603, 44.523916752366915], [11.270163224284218, 44.52389425282497], [11.270152738322748, 44.523624384734596], [11.270907187708845, 44.52360937895588], [11.270917677147859, 44.52387924690582], [11.271294903359061, 44.52387174207891], [11.27128441218128, 44.52360187419921], [11.272416084715836, 44.523579352459834], [11.272405588468947, 44.52330948477612], [11.273160032611989, 44.52329446419937], [11.273149533034864, 44.52302459664146]]]}}, {"type": "Feature", "properties": {"threshold": "ge_1", "source": "HistorySUHI", "period": "2013-2026", "hotspot_percentile": "top_10_pct", "label": ">= 1 estate"}, "geometry": {"type": "Polygon", "coordinates": [[[11.263718982450225, 44.52321199419448], [11.263341758518287, 44.5232194739132], [11.26335221288823, 44.52348934329481], [11.264106664083029, 44.5234743824725], [11.264127580217924, 44.52401412091148], [11.264504809072971, 44.524006638492935], [11.264494349193384, 44.52373676935084], [11.264871576162948, 44.523729285757405], [11.264861114691248, 44.52345941667059], [11.265238339775332, 44.5234519319023], [11.265217413794517, 44.52291219382451], [11.264840192187926, 44.52291967845272], [11.264819270271355, 44.52237994017585], [11.263687615003773, 44.52240238617114], [11.263718982450225, 44.52321199419448]]]}}, {"type": "Feature", "properties": {"threshold": "ge_1", "source": "HistorySUHI", "period": "2013-2026", "hotspot_percentile": "top_10_pct", "label": ">= 1 estate"}, "geometry": {"type": "Polygon", "coordinates": [[[11.25779810117405, 44.52630009422788], [11.257043610222347, 44.526315014119405], [11.257054036640977, 44.52658488452709], [11.257808531070836, 44.526569964495934], [11.25779810117405, 44.52630009422788]]]}}, {"type": "Feature", "properties": {"threshold": "ge_1", "source": "HistorySUHI", "period": "2013-2026", "hotspot_percentile": "top_10_pct", "label": ">= 1 estate"}, "geometry": {"type": "Polygon", "coordinates": [[[11.25369003764847, 44.527461576055025], [11.254444545143448, 44.527446678016624], [11.254423715923219, 44.526906936298246], [11.25404646572706, 44.526914385800566], [11.254036053075131, 44.52664451484957], [11.25365880447208, 44.52665196303712], [11.25364839370527, 44.5263820920017], [11.25327114669533, 44.52638953887449], [11.253302374216359, 44.52719915214566], [11.253679626443681, 44.52719170506379], [11.25369003764847, 44.527461576055025]]]}}, {"type": "Feature", "properties": {"threshold": "ge_1", "source": "HistorySUHI", "period": "2013-2026", "hotspot_percentile": "top_10_pct", "label": ">= 1 estate"}, "geometry": {"type": "Polygon", "coordinates": [[[11.251538175787768, 44.54019762286213], [11.251517364159609, 44.539657881274096], [11.251140030882894, 44.53966532284309], [11.251171243323034, 44.540474935411964], [11.251548581820762, 44.540467493634054], [11.251558987999701, 44.540737364391255], [11.251936328091869, 44.54072992129803], [11.251915512399192, 44.54019017990821], [11.251538175787768, 44.54019762286213]]]}}, {"type": "Feature", "properties": {"threshold": "ge_1", "source": "HistorySUHI", "period": "2013-2026", "hotspot_percentile": "top_10_pct", "label": ">= 1 estate"}, "geometry": {"type": "Polygon", "coordinates": [[[11.299979551338387, 44.533290237214736], [11.300356830644233, 44.53328263514766], [11.300346201814243, 44.53301277318755], [11.301478033618942, 44.532989959728404], [11.301488667667346, 44.53325982147503], [11.301865946376829, 44.533252214427016], [11.301867133915001, 44.533282345389864], [11.302560467632388, 44.53308118637989], [11.303530014763334, 44.53279919284153], [11.304790200547174, 44.53241971353007], [11.305216553756319, 44.53204622970895], [11.305197541630164, 44.531564528532556], [11.305574808410755, 44.5315569094602], [11.305553503987962, 44.53101718734169], [11.305930767140612, 44.531009567166805], [11.305920113414034, 44.53073970615664], [11.306297374678044, 44.53073208480796], [11.306276064194662, 44.530192362885785], [11.305898806409063, 44.530199984091816], [11.30584554151093, 44.5288506786704], [11.305468292271552, 44.52885829827483], [11.30544699083604, 44.52831857585992], [11.305069744925387, 44.52832619407674], [11.30505909617066, 44.52805633277577], [11.304304607379418, 44.52807156533184], [11.304293962251979, 44.52780170387351], [11.303916719371422, 44.527809318212796], [11.303906076132215, 44.52753945666839], [11.302774351812067, 44.52756229200269], [11.302763713938933, 44.52729243022978], [11.302386473939457, 44.52730003944673], [11.302365202118516, 44.52676031571402], [11.301987965447724, 44.52676792354362], [11.30196669770107, 44.526228199609285], [11.301589464358901, 44.52623580605157], [11.301578832448072, 44.525965943991], [11.301201600695649, 44.5259735491172], [11.301190970672714, 44.52570368697064], [11.300059279737637, 44.52572649466634], [11.300069904544127, 44.52599635702633], [11.299692672195617, 44.52600395717289], [11.299703295412252, 44.5262738195892], [11.299326061175933, 44.52628141856194], [11.29933668280266, 44.526551281034536], [11.298959446678527, 44.52655887883346], [11.298991307235601, 44.52736846637572], [11.297859582319454, 44.527391252942536], [11.297848967201695, 44.52712139023002], [11.297471727004199, 44.52712898319128], [11.29741866234252, 44.52577966905135], [11.2977958938456, 44.52577207644536], [11.297774665545038, 44.52523235082786], [11.297397437519557, 44.525239943291744], [11.297386825331289, 44.52497008038973], [11.297009598895764, 44.5249776715377], [11.29699898859504, 44.524707808549834], [11.296621763749478, 44.52471539838189], [11.296611155336251, 44.5244455353082], [11.296233932080657, 44.52445312382438], [11.296223325554877, 44.52418326066488], [11.296600547071776, 44.524175672219705], [11.29656872317083, 44.52336608286542], [11.296191506869874, 44.523373671097545], [11.29618090093898, 44.523103807878826], [11.295803686227911, 44.523111394795144], [11.29578247828939, 44.522571668171295], [11.293896419889906, 44.52260958337123], [11.293917610442698, 44.52314931070471], [11.292785963188553, 44.523172045312776], [11.292796553471943, 44.52344190917007], [11.292042117749409, 44.52345705949317], [11.292031530943271, 44.523187195494096], [11.291654314597949, 44.523194768717545], [11.291686070245749, 44.52400436088297], [11.291308848536035, 44.524011933074185], [11.29131943231012, 44.524281797170595], [11.290942208713291, 44.524289368187816], [11.290952790897054, 44.52455923234027], [11.290575565413107, 44.52456680218345], [11.290596726748252, 44.5251065305857], [11.290219497638395, 44.52511409932566], [11.290230076789706, 44.525383963575415], [11.286834992479095, 44.5254520268513], [11.286824428977186, 44.52518216196461], [11.286069967644709, 44.525197273301465], [11.286080527668945, 44.525467138329574], [11.28570329504174, 44.52547469220132], [11.285777207185147, 44.527363747478915], [11.284268226505613, 44.527393952495174], [11.284257674139859, 44.52712408721722], [11.282748698048856, 44.52715427203076], [11.282759243458504, 44.52742413759118], [11.281627504620383, 44.52744676334048], [11.281616964427842, 44.52717689756831], [11.28123971959187, 44.52718443692414], [11.281197567255605, 44.526104973405474], [11.281574805135659, 44.52609743433185], [11.281553726376321, 44.525557702624965], [11.281930960630774, 44.5255501624475], [11.281899338383626, 44.524740564988], [11.282276567273748, 44.524733023777316], [11.282297652101697, 44.52527275529062], [11.282674884321644, 44.525265212693874], [11.282664340094916, 44.5249953470152], [11.28304157042817, 44.5249878032441], [11.283031024610484, 44.52471793762123], [11.28265379601604, 44.52472548132173], [11.282590534647582, 44.5231062868506], [11.282967752809666, 44.52309874357366], [11.282988842818469, 44.52363847498198], [11.285252169549079, 44.52359318833132], [11.285241614038659, 44.523323323058364], [11.284864395025451, 44.52333087387494], [11.284853841401691, 44.523061008516514], [11.284476623979154, 44.523068558017606], [11.284466072242004, 44.52279869257375], [11.283711640430342, 44.52281378770018], [11.283679996538119, 44.522004190856165], [11.284434417918277, 44.52198909615351], [11.284423866772933, 44.52171923065053], [11.283669448869846, 44.52173432521193], [11.283658901349467, 44.5214644595529], [11.282904486331827, 44.521479548993995], [11.282925574566365, 44.52201928057968], [11.2825483633587, 44.52202682357425], [11.28253782090605, 44.52175695771821], [11.282160611289106, 44.52176449939743], [11.282171152003208, 44.52203436532405], [11.281793940499915, 44.52204190582904], [11.281804479623245, 44.52231177181144], [11.280295625178224, 44.522341921665664], [11.280285093009214, 44.522072055401125], [11.278776243155628, 44.52210218505646], [11.278786768370283, 44.52237205160297], [11.278409553799271, 44.52237958097527], [11.278430601194074, 44.52291931416488], [11.278053382998234, 44.522926842433264], [11.278063905178312, 44.52319670907636], [11.277686685096256, 44.52320423617034], [11.277676164654851, 44.522934369456806], [11.276544508739699, 44.522956943058404], [11.276555023965065, 44.523226809983186], [11.276177803293074, 44.52323433209776], [11.27618831692718, 44.523504199078175], [11.275811094369057, 44.52351172001827], [11.275853143424673, 44.52459118807375], [11.275475913764051, 44.52459870805046], [11.275465403017849, 44.52432884098837], [11.275088174948655, 44.5243363596498], [11.275119702412914, 44.52514596100287], [11.274742468979841, 44.52515347863044], [11.274731961416588, 44.52488361145716], [11.27360026545002, 44.524906156659256], [11.273589763250643, 44.52463628926024], [11.273212532706069, 44.524643801767425], [11.273202032392781, 44.52437393428334], [11.271693115697653, 44.524403971581734], [11.271703609055614, 44.524673839346924], [11.271326377775083, 44.524681345629475], [11.271336869541324, 44.52495121345014], [11.270959636374807, 44.524958718557976], [11.27097012654928, 44.525228586434125], [11.270215656297196, 44.52524359305542], [11.270226143140933, 44.525513461057244], [11.269848906055383, 44.52552096257065], [11.269859391307229, 44.525790830627905], [11.268727673951648, 44.52581332790884], [11.268738154133601, 44.52608319616186], [11.267983671683751, 44.52609818826453], [11.267994148534656, 44.526368056643086], [11.267239662019138, 44.52638304390599], [11.267250135538887, 44.52665291241007], [11.266872890321778, 44.526660404244105], [11.266904306544987, 44.527470009878144], [11.266149805235717, 44.52748499023169], [11.26617074316217, 44.52802472752766], [11.265416234309063, 44.52803970318122], [11.265437165865928, 44.52857944069848], [11.265814423844288, 44.5285719533541], [11.26583535946672, 44.52911169067222], [11.266212620776795, 44.52910420194257], [11.266233560465004, 44.529643939061515], [11.265856295676326, 44.52965142793133], [11.265866764001327, 44.52992129653876], [11.266244030529343, 44.52991380759886], [11.266264971098497, 44.53045354462929], [11.265510430938164, 44.530468521544215], [11.265499964058947, 44.530198652896225], [11.26474542679027, 44.530213624690255], [11.26473496353657, 44.529943755887395], [11.263980429159718, 44.52995872256061], [11.263969969531445, 44.52968885360295], [11.26359270386234, 44.52969633500177], [11.263571788524454, 44.52915659690217], [11.264326312758726, 44.529141633139425], [11.264315851831197, 44.52887176420754], [11.264693111989027, 44.52886428052848], [11.264682649468943, 44.52859441165187], [11.26279635590938, 44.52863181724578], [11.262806809733187, 44.52890168647244], [11.262429548842132, 44.52890916392583], [11.26244000107325, 44.529179033207704], [11.262817263703592, 44.52917155568435], [11.262827717820594, 44.529441424881504], [11.261695924271926, 44.529463853926046], [11.261727271848288, 44.530273462058744], [11.261350001820874, 44.53028093612643], [11.261370897458933, 44.53082067494773], [11.260616350006865, 44.5308356196272], [11.260626794566729, 44.531105489155586], [11.260249518881508, 44.5311129596974], [11.260259961848346, 44.53138282928096], [11.25988268427718, 44.53139029864743], [11.259893125650946, 44.53166016828614], [11.259515846193828, 44.531667636477245], [11.259526285974468, 44.53193750617111], [11.259149004631396, 44.531944973186825], [11.259159442818863, 44.532214842935836], [11.258782159589831, 44.53222230877614], [11.258792596184078, 44.53249217858026], [11.25841531106908, 44.532499643245146], [11.25840487621444, 44.53222977337116], [11.258027592692716, 44.53223723672089], [11.258006726901584, 44.53169749678902], [11.257252166377535, 44.531712419473294], [11.257241737180507, 44.531442549345606], [11.256487179550524, 44.53145746690919], [11.25647675397879, 44.531187596627156], [11.255722199243039, 44.531202509070134], [11.25571177729651, 44.53093263863382], [11.254957225455154, 44.530947545956266], [11.25496764392267, 44.531217416532094], [11.254590366043317, 44.5312248683952], [11.254600782917404, 44.53149473902603], [11.254223503152433, 44.53150218971359], [11.254254749432448, 44.532311801726856], [11.254632034416176, 44.53230435083012], [11.254642451874611, 44.532574221402015], [11.25501973845188, 44.53256676919023], [11.255030157796064, 44.532836639677654], [11.255407445966867, 44.532829186150806], [11.255428288572977, 44.533368926941954], [11.255805580077013, 44.53336147203024], [11.255816003339014, 44.53363134233395], [11.256193296436598, 44.53362388610713], [11.25620372158452, 44.533893756326314], [11.256958310820544, 44.533878839996994], [11.256947882193135, 44.53360896991739], [11.257325174852042, 44.533601509954494], [11.257314744631168, 44.53333163992996], [11.25769203540409, 44.53332417879153], [11.257681603589802, 44.533054308822074], [11.258436181217368, 44.533039382948886], [11.258425746070055, 44.53276951310438], [11.258803032924682, 44.53276204836966], [11.25882390684499, 44.53330178790421], [11.259201197032583, 44.53329432178442], [11.25921163595199, 44.533564191459725], [11.25996621936737, 44.53354925534437], [11.259976661912617, 44.533819124865154], [11.260353955140372, 44.533811654869545], [11.260427069236442, 44.53570074061287], [11.260049763829976, 44.53570821109782], [11.260039320259553, 44.53543834168024], [11.259662016446516, 44.535445810849865], [11.25964113322476, 44.53490607183066], [11.258886532118828, 44.53492100615409], [11.258938723872546, 44.53627035429031], [11.25969334237743, 44.53625541926807], [11.259703784647288, 44.53652528871134], [11.26008109542004, 44.536517819262116], [11.260060207546863, 44.53597808050067], [11.260437514693244, 44.535970609945814], [11.260447960296533, 44.53624047926399], [11.261202577629666, 44.53622553427806], [11.261213026859368, 44.536495403441656], [11.261590337046087, 44.536487929010555], [11.261621690834474, 44.537297536203], [11.261999006094628, 44.53729006031656], [11.262009459390622, 44.53755992928125], [11.264650674285793, 44.53750756271215], [11.264677077189832, 44.538188383213885], [11.265709144316856, 44.53685748140322], [11.265744765315088, 44.536811752720546], [11.26587623636824, 44.53667200757746], [11.265967629112813, 44.53657568484875], [11.266089878118633, 44.53639390060991], [11.266360327359568, 44.53599173577666], [11.267425661731574, 44.53461159318789], [11.267457801558402, 44.53456995723707], [11.267569992251286, 44.53442465138625], [11.268387857603637, 44.53336534113326], [11.26841183518148, 44.533334265033936], [11.268497694456679, 44.53322306096136], [11.269056507779228, 44.532499250630394], [11.269086739650078, 44.53254559796996], [11.2690918219086, 44.532553311155866], [11.26917758980799, 44.53244856319944], [11.269466804753472, 44.532872397144835], [11.269847871927547, 44.53346743283226], [11.270117709504085, 44.53388174755583], [11.270493759363658, 44.53447039893323], [11.270501413019453, 44.534482733228096], [11.270501440270737, 44.534482786701325], [11.270714396801615, 44.534826192951215], [11.270707129049052, 44.53487558140581], [11.27066155466095, 44.53492383228625], [11.270562689930985, 44.53495493097451], [11.270562392988918, 44.53495506291627], [11.270231529621624, 44.535105125805515], [11.270225502922964, 44.53514209305072], [11.27025830729711, 44.535205988863275], [11.27033493632111, 44.535308705277394], [11.27059323061047, 44.535655648270115], [11.27079304597024, 44.535932543870764], [11.27186550967651, 44.537364204429295], [11.27257427578648, 44.537350096828604], [11.272613922643474, 44.53836885374509], [11.272797210205553, 44.538620004354854], [11.27296367930237, 44.53884810000723], [11.273054520884884, 44.5389797087525], [11.273128293388218, 44.539086711294765], [11.273145014071769, 44.53916055921369], [11.27316880797296, 44.53917683011997], [11.27321714001744, 44.53920973520348], [11.273529333416953, 44.539089914975], [11.273571036772026, 44.53915041865501], [11.273677259531231, 44.539117100238556], [11.274464661773957, 44.540256124275814], [11.274737360193086, 44.54065073608598], [11.275617892877522, 44.54032828880277], [11.27561897547651, 44.54032990568241], [11.275722737527191, 44.5402847780849], [11.276454577752563, 44.54139555653959], [11.27689954564752, 44.54208485535105], [11.27689963965754, 44.54208500651893], [11.277097438254767, 44.54239140370965], [11.277301981989744, 44.54238732388965], [11.277291456289424, 44.54211745801361], [11.278423482724621, 44.542094869408565], [11.278412951950774, 44.541825003729116], [11.278790292060103, 44.54181747177325], [11.278800824574327, 44.54208733738221], [11.279178166276315, 44.5420798041102], [11.279262445632106, 44.54423872788593], [11.27963980111021, 44.54423119280417], [11.27966087590796, 44.544770923459325], [11.280038234719477, 44.54476338699075], [11.28004877408068, 44.545033252225636], [11.280426134485014, 44.545025714440754], [11.280436675734697, 44.54529557959032], [11.280814037731846, 44.5452880404891], [11.280824580870057, 44.545557905553345], [11.281579307902073, 44.54554282347236], [11.281589854669564, 44.54581268838068], [11.282721949330194, 44.545790055703876], [11.282732501467772, 44.546059920385616], [11.2831098677994, 44.54605237359776], [11.283120421825718, 44.546322238194094], [11.283497789750058, 44.54631469008979], [11.283505809683698, 44.54651971873702], [11.283855463967866, 44.5463343723386], [11.283905709942182, 44.54631131088812], [11.285249855347375, 44.545571446575245], [11.28528610505997, 44.545534323685274], [11.285491922092174, 44.545323532255054], [11.28574094556623, 44.54518949338474], [11.285342370156686, 44.54519747410255], [11.285321242548777, 44.54465774562476], [11.284943885808925, 44.544665299534095], [11.28493332396779, 44.544395435202325], [11.283423902489622, 44.5444256380994], [11.283445012395248, 44.544965367313424], [11.283067653174355, 44.54497291506457], [11.283078206608586, 44.54524277972005], [11.282700845499031, 44.54525032629603], [11.282679742259843, 44.54471059682908], [11.282302384483561, 44.544718142018056], [11.282291834826546, 44.54444827719179], [11.281914478642898, 44.5444558210644], [11.281893383253877, 44.543916091226365], [11.281516030403424, 44.54392363371205], [11.281505484671339, 44.543653768700274], [11.281128133413509, 44.54366130986966], [11.281117589569837, 44.543391444772524], [11.280740239904635, 44.54339898462563], [11.280729697949324, 44.54312911944316], [11.280352349876756, 44.54313665797999], [11.280320730119243, 44.54232706213229], [11.27994338712017, 44.54233459921182], [11.27991177391414, 44.541525003019544], [11.28066644932227, 44.54150992803803], [11.280676990390505, 44.54177979330916], [11.281054329613168, 44.5417722538794], [11.281064872569605, 44.5420421190652], [11.281819554052031, 44.5420270363276], [11.281809007614875, 44.54175717128294], [11.282563685024934, 44.5417420837039], [11.28255313525503, 44.54147221878566], [11.284439817488837, 44.541434478392574], [11.284429259165407, 44.54116461381271], [11.284806593427737, 44.541157062067896], [11.28479603351212, 44.54088719754392], [11.286682693900469, 44.540849420489245], [11.28669326251737, 44.54111928465969], [11.287070595890723, 44.541111725441255], [11.287081166396122, 44.541381589526175], [11.287458501361499, 44.541374028991385], [11.287479646297665, 44.541913756975354], [11.287856984595377, 44.541906195053414], [11.287867559026223, 44.54217605895245], [11.288999578250447, 44.54215336550047], [11.289010158050681, 44.54242322917235], [11.288255475235484, 44.54243835952758], [11.288266051703332, 44.54270822332626], [11.288643394925497, 44.54270065870068], [11.28866030350939, 44.54313199114168], [11.289501372335243, 44.542477045260576], [11.289545663541816, 44.54244255050357], [11.289829674135143, 44.542136717427724], [11.289754256991404, 44.542138230304275], [11.289722508039134, 44.54132863962476], [11.290099841966075, 44.541321070370714], [11.290089257538577, 44.54105120685212], [11.290843921466598, 44.5410360647489], [11.29083333370709, 44.540766201357215], [11.291145829587883, 44.540759929700705], [11.291208231478171, 44.54069664456944], [11.291200074356938, 44.54048876517247], [11.291417513339146, 44.540484399848346], [11.291686104154147, 44.54021200402228], [11.291689366460687, 44.540208865162846], [11.290812158633539, 44.540226474529454], [11.290801571319491, 44.53995661109338], [11.291178896100037, 44.539949038456854], [11.29114712982847, 44.53913944827245], [11.291901768503442, 44.539124299688055], [11.29186999312822, 44.538314709795756], [11.292501211066757, 44.53830203371297], [11.290748597435373, 44.53556764398], [11.29668454160928, 44.534446777005954], [11.2968380406526, 44.53441791436685], [11.29701332857811, 44.53438015070156], [11.2979205552998, 44.534189214171114], [11.29850966760925, 44.53405725997197], [11.299302872094465, 44.533860055830665], [11.29999636117683, 44.533717093591505], [11.299979551338387, 44.533290237214736]], [[11.281144880160003, 44.524755643674645], [11.281134343184153, 44.52448577768415], [11.279625431919266, 44.52451591983644], [11.279635961939901, 44.524785786109014], [11.278881501943813, 44.5248008498567], [11.278892028634434, 44.52507071625548], [11.278137564570235, 44.525085775164435], [11.278179658897637, 44.52616524117548], [11.27855689795914, 44.526157712061625], [11.278567423648878, 44.526427578457], [11.27819018284841, 44.5264351076413], [11.278200706946759, 44.52670497409236], [11.277446221425146, 44.52672002886687], [11.277435700804782, 44.526450162274934], [11.277058459561665, 44.526457687724246], [11.277047940827796, 44.52618782104711], [11.276670701176153, 44.526195345181044], [11.276660184328732, 44.52592547841871], [11.27590570806095, 44.52594052281083], [11.27589519483886, 44.52567065589294], [11.276272431307543, 44.52566313438977], [11.276261916493965, 44.52539326752751], [11.276639151076303, 44.525385744849785], [11.276618118413742, 44.52484601122175], [11.276995349370884, 44.52483848743987], [11.27697431382054, 44.52429875389359], [11.278860449005393, 44.524261117014845], [11.278849922757589, 44.52399125057177], [11.279227147613083, 44.5239837195318], [11.27920609208282, 44.52344398674226], [11.279583313313243, 44.52343645459839], [11.27957278403085, 44.52316658825194], [11.280704441620108, 44.523143984562736], [11.280725510764702, 44.5236837168178], [11.281102733143102, 44.523676179623976], [11.281092196758244, 44.52340631357438], [11.281469417250204, 44.52339877520624], [11.281490493645089, 44.5239385071496], [11.281867717466701, 44.52393096739549], [11.281878257624545, 44.52420083327445], [11.281501032064186, 44.5242083730991], [11.281511570631057, 44.52447823903383], [11.281888797930185, 44.52447069913862], [11.281899338383626, 44.524740564988], [11.281144880160003, 44.524755643674645]], [[11.282946663392304, 44.522559012106235], [11.283323877929273, 44.52255146772566], [11.283344970823888, 44.523091199051905], [11.282967752809666, 44.52309874357366], [11.282946663392304, 44.522559012106235]], [[11.288914945190033, 44.53999445559286], [11.288946681474922, 44.540804046919156], [11.289324012218188, 44.54079648029792], [11.28934517396377, 44.541336207633215], [11.288590505367882, 44.541351339913305], [11.288579927901413, 44.54108147611145], [11.28744792911583, 44.5411041649772], [11.28743735701843, 44.540834300948234], [11.287814688355018, 44.540826739309345], [11.287804114665672, 44.54055687533635], [11.288181444113746, 44.54054931252266], [11.288170868832498, 44.54027944860564], [11.288548196392068, 44.54027188461714], [11.288537619518966, 44.54000202075612], [11.288914945190033, 44.53999445559286]], [[11.272657539021454, 44.52978630511054], [11.272647039388755, 44.52951643776638], [11.273024301530894, 44.5295089264839], [11.273013800306163, 44.52923905919526], [11.273391060561778, 44.529231546737954], [11.273380557745064, 44.52896167950486], [11.274135074335941, 44.52894665099549], [11.274124568188078, 44.52867678388828], [11.275256336751744, 44.52865423199697], [11.275245825533661, 44.52838436508603], [11.277886601514565, 44.52833170092093], [11.277876078269855, 44.52806183448806], [11.277498826739944, 44.528069361605006], [11.277488305381913, 44.527799495086924], [11.27786555517271, 44.52779196804042], [11.27783398676664, 44.52698236860884], [11.27858847547115, 44.52696731120342], [11.278599001603691, 44.527237177554476], [11.278976247473587, 44.52722964691378], [11.278986775492791, 44.527499513179585], [11.280495764452033, 44.52746937788455], [11.280516834846052, 44.52800910980782], [11.280139584349605, 44.52801664564016], [11.280150118029095, 44.528286511650144], [11.279018360436211, 44.52830911188835], [11.279028889045962, 44.528578978095055], [11.278651634480534, 44.528586509088136], [11.278672688664585, 44.529126241598185], [11.2790499467084, 44.529118710464154], [11.279071004961425, 44.52965844277414], [11.279448266336068, 44.52965091025404], [11.279458797423333, 44.52992077631639], [11.28059058587891, 44.529898171073775], [11.280580049573834, 44.529628305222964], [11.28095731035762, 44.529620767722356], [11.280946772461055, 44.52935090192731], [11.281701290106806, 44.52933582333185], [11.28169074887959, 44.52906595766314], [11.282445262455644, 44.529050874228396], [11.282455807161277, 44.52932073975597], [11.283964839495583, 44.52929055766297], [11.283954287833154, 44.52902069241786], [11.284331543807681, 44.5290131438525], [11.284320990554045, 44.52874327866323], [11.28507549858078, 44.528728177938575], [11.285064941996849, 44.52845831287585], [11.286196697709222, 44.5284356526629], [11.286217821460001, 44.52897538234946], [11.286595076546229, 44.52896782631359], [11.28660564038296, 44.52923769106398], [11.28698289706023, 44.52923013371233], [11.2869934627843, 44.529499998377226], [11.287370721052609, 44.52949243970975], [11.287423560591815, 44.53084176245865], [11.287046293627157, 44.530849321479806], [11.287056860240247, 44.53111918605596], [11.286302322387726, 44.53113430050423], [11.286312885670254, 44.531404165207036], [11.285935614782408, 44.53141172063411], [11.285946176473669, 44.53168158539284], [11.285568903698316, 44.53168913964543], [11.285579463798257, 44.53195900446006], [11.285202189135388, 44.531966557538134], [11.285212747643968, 44.532236422408666], [11.284835471093576, 44.5322439743122], [11.284846028010744, 44.53251383923862], [11.284468749572826, 44.53252138996758], [11.28445819439514, 44.53225152497051], [11.283703640554238, 44.532266622551454], [11.283693089003497, 44.53199675739832], [11.283315813600543, 44.532004304250314], [11.283305263937212, 44.53173443901177], [11.282927990125762, 44.53174198454795], [11.28291744234979, 44.53147211922402], [11.28216289776201, 44.531487206419555], [11.282173442059133, 44.53175707188469], [11.281418893401032, 44.53177215424059], [11.281429434367116, 44.53204201983208], [11.281052158076868, 44.53204955921276], [11.281062697451294, 44.532319424860034], [11.280685419273764, 44.53232696306604], [11.280695957056482, 44.53259682876906], [11.279941396779098, 44.53261190158641], [11.27995193123052, 44.532881767415724], [11.279574649130684, 44.53288930202702], [11.279585181990273, 44.53315916791207], [11.279207898003161, 44.533166701348605], [11.279218429270871, 44.53343656728937], [11.27884114339648, 44.53344409955112], [11.278830613868365, 44.53317423353986], [11.278453329585904, 44.53318176448584], [11.278442801945024, 44.53291189838934], [11.278065519254502, 44.532919428019575], [11.278054993500804, 44.53264956183783], [11.277677712402225, 44.532657090152355], [11.277667188535665, 44.53238722388539], [11.276912629374845, 44.53240227663776], [11.276902109134879, 44.53213241021517], [11.27577027450576, 44.53215497979314], [11.27579130469607, 44.532694713045984], [11.275414022712356, 44.53270223388891], [11.275424536289135, 44.532972100563576], [11.275047252418416, 44.532979620231615], [11.275057764403037, 44.53324948696186], [11.274680478645305, 44.53325700545498], [11.27470149957754, 44.533796739011905], [11.274324210193143, 44.53380425640042], [11.2743557374779, 44.53461385683609], [11.273978442727032, 44.5346213731903], [11.273957427869238, 44.5340816394406], [11.27358013645044, 44.534089154408804], [11.273559125661386, 44.5335494204594], [11.273181837574596, 44.53355693404164], [11.273108316630355, 44.531667864261436], [11.272731040573188, 44.531675376106264], [11.272710039393589, 44.53113564160988], [11.272332766668075, 44.53114315206891], [11.27228027499278, 44.52979381521817], [11.272657539021454, 44.52978630511054]], [[11.270289067291568, 44.52713266875818], [11.27029955516473, 44.52740253665668], [11.269545056500323, 44.5274175394213], [11.269534572105346, 44.52714767138239], [11.270289067291568, 44.52713266875818]], [[11.292934240670236, 44.52695013796828], [11.292923648456178, 44.52668027430335], [11.292546409803757, 44.526687850938096], [11.292504049388294, 44.52560839584683], [11.293258512633578, 44.52559324189964], [11.293247919423317, 44.525323378231626], [11.29437960796068, 44.525300638186785], [11.294432601580338, 44.52664995531475], [11.294055363522176, 44.52665753692934], [11.294065960953043, 44.526927400381496], [11.292934240670236, 44.52695013796828]]]}}, {"type": "Feature", "properties": {"threshold": "ge_1", "source": "HistorySUHI", "period": "2013-2026", "hotspot_percentile": "top_10_pct", "label": ">= 1 estate"}, "geometry": {"type": "Polygon", "coordinates": [[[11.264304750401543, 44.53832465293268], [11.264317449075168, 44.53865214164029], [11.264354922482326, 44.538603817706765], [11.264575570839625, 44.538319280693074], [11.264304750401543, 44.53832465293268]]]}}, {"type": "Feature", "properties": {"threshold": "ge_1", "source": "HistorySUHI", "period": "2013-2026", "hotspot_percentile": "top_10_pct", "label": ">= 1 estate"}, "geometry": {"type": "Polygon", "coordinates": [[[11.263948354374046, 44.538871873668924], [11.263957809559061, 44.539115747416055], [11.264076014650989, 44.53896345538988], [11.264157504870012, 44.53886772542282], [11.263948354374046, 44.538871873668924]]]}}, {"type": "Feature", "properties": {"threshold": "ge_1", "source": "HistorySUHI", "period": "2013-2026", "hotspot_percentile": "top_10_pct", "label": ">= 1 estate"}, "geometry": {"type": "Polygon", "coordinates": [[[11.263235542757386, 44.539966312068024], [11.263237807965874, 44.540024754673496], [11.263275867904245, 44.53996551251938], [11.263235542757386, 44.539966312068024]]]}}, {"type": "Feature", "properties": {"threshold": "ge_1", "source": "HistorySUHI", "period": "2013-2026", "hotspot_percentile": "top_10_pct", "label": ">= 1 estate"}, "geometry": {"type": "Polygon", "coordinates": [[[11.262868668778308, 44.54024366106822], [11.2628791271677, 44.54051352973074], [11.262501791318632, 44.54052100894804], [11.262512248114366, 44.5407908776658], [11.262134910378304, 44.54079835570744], [11.26214536558033, 44.54106822448043], [11.26176802595727, 44.54107570134639], [11.261799847356736, 44.54189718060944], [11.261901744339838, 44.54176067531494], [11.262707140316547, 44.54080578617531], [11.262828389003483, 44.54066202505002], [11.262890370136622, 44.540565558634505], [11.263100120012059, 44.54023907270261], [11.262868668778308, 44.54024366106822]]]}}, {"type": "Feature", "properties": {"threshold": "ge_1", "source": "HistorySUHI", "period": "2013-2026", "hotspot_percentile": "top_10_pct", "label": ">= 1 estate"}, "geometry": {"type": "Polygon", "coordinates": [[[11.260677800636115, 44.54217760053403], [11.26065690312923, 44.54163786253164], [11.260279559439045, 44.54164533455476], [11.260258665999157, 44.54110559635353], [11.259881325643281, 44.541113066991144], [11.25986043627018, 44.54057332859113], [11.259483099248556, 44.54058079784328], [11.25946221394203, 44.54004105924449], [11.259084880254592, 44.54004852711122], [11.259063999014435, 44.53950878831368], [11.258686668661115, 44.53951625479503], [11.258676230000917, 44.53924638530429], [11.25829890124144, 44.539253850470175], [11.258278027840648, 44.53871411130475], [11.257900702415215, 44.53872157508534], [11.25786939863223, 44.53791196601709], [11.257492078280901, 44.537919428342605], [11.257471213304115, 44.53737968875043], [11.257093896286655, 44.53738714969075], [11.257083465757782, 44.53711727980274], [11.256706150334095, 44.53712473942774], [11.256695721691537, 44.53685486945518], [11.25594109388549, 44.536869784829086], [11.255951519047976, 44.53713965494123], [11.25557420318559, 44.53714711082971], [11.255563779763143, 44.53687724064778], [11.255186465494617, 44.53688469522099], [11.255155201324346, 44.53607508437754], [11.254777892129653, 44.53608253749599], [11.254767472771812, 44.53581266711562], [11.254390165170944, 44.535820118918885], [11.254379747699153, 44.535550248454044], [11.254002441692116, 44.535557698942114], [11.253992026106324, 44.53528782839281], [11.252860112428605, 44.535310172175244], [11.252849702208538, 44.53504030140213], [11.252095095839818, 44.535055190890546], [11.252105502580102, 44.53532506180301], [11.251728197436918, 44.53533250474873], [11.25174900787547, 44.53587224666878], [11.251371699106496, 44.53587968850834], [11.251402910638802, 44.536689301486874], [11.249516338505824, 44.536726493046764], [11.249505943215947, 44.536456621720596], [11.24875131682213, 44.53647148948687], [11.248772100587487, 44.537011232402755], [11.248394783691857, 44.53701866455674], [11.248405174053062, 44.53728853606214], [11.247273217271676, 44.537310825259546], [11.24725244713547, 44.53677108181684], [11.246875131397182, 44.53677850891922], [11.246864748287594, 44.53650863710627], [11.24724206228583, 44.5365012100734], [11.247221293023475, 44.535961466542375], [11.247598603396053, 44.53595403840302], [11.247588217243358, 44.53568416668495], [11.247965525730303, 44.53567673736964], [11.24795513798332, 44.53540686570636], [11.248332444584639, 44.53539943521512], [11.248322055243415, 44.53512956360665], [11.247944750382015, 44.535136994028356], [11.247934362926387, 44.53486712233563], [11.24680245268792, 44.534889405919515], [11.246812834923846, 44.53515927782078], [11.24605822389034, 44.53517412745516], [11.246068602792011, 44.53544399948067], [11.245691295316977, 44.53545142249914], [11.245722427675394, 44.536261038695756], [11.24534511483487, 44.53626846067714], [11.24535549083872, 44.5365383327827], [11.244978176112644, 44.53654575358803], [11.244998925076757, 44.53708549789389], [11.243866969585188, 44.53710775325334], [11.243908448377613, 44.538187242521545], [11.242399144510433, 44.53821690000674], [11.242430234248884, 44.539026517636024], [11.242807565654497, 44.539019104925], [11.242828296354144, 44.5395588497989], [11.243205631095, 44.53955143570347], [11.24321599840323, 44.539821308048964], [11.243593334739026, 44.53981389263851], [11.243634812387608, 44.540893381595744], [11.243257469090203, 44.54090079728378], [11.243288573632254, 44.541710414055395], [11.242911224967967, 44.541717828705885], [11.24292159169895, 44.54198770100306], [11.242544241148723, 44.54199511447718], [11.24259606828158, 44.543344476089175], [11.242973427534878, 44.54333706226815], [11.243004530781338, 44.54414667885065], [11.242627166305905, 44.54415409287982], [11.242647899049087, 44.54469383733334], [11.24227053094671, 44.544701250255414], [11.242291260789836, 44.54524099478882], [11.24266863237386, 44.545233581728006], [11.242689366280246, 44.545773326063824], [11.243821490605004, 44.545751078989646], [11.243811118356469, 44.54548120703729], [11.244188491099584, 44.545473788923495], [11.244209239223908, 44.54601353267466], [11.240812847964541, 44.54608025209501], [11.24079213117636, 44.545540507095126], [11.240414757124814, 44.545547913995755], [11.24039404439949, 44.54500816879838], [11.2396393028241, 44.545022978584726], [11.239628950160977, 44.544753105825386], [11.240006319280457, 44.54474570162445], [11.239954549439062, 44.543396337953546], [11.239577189023361, 44.543403741808035], [11.23955648558467, 44.54286399609815], [11.239933842519031, 44.54285659238223], [11.23991313617984, 44.54231684675207], [11.23878107538497, 44.54233905374678], [11.238760380070056, 44.541799307642144], [11.238005679110099, 44.54181410579942], [11.237974647669303, 44.54100448611673], [11.238351993000265, 44.540997087868675], [11.23834164773634, 44.54072721468093], [11.239096334482014, 44.54071241458617], [11.23908598588229, 44.540442541522225], [11.239463327296987, 44.54043513967556], [11.239442627052146, 44.53989539364206], [11.239819964840871, 44.539887990688264], [11.239830316631101, 44.54015786364308], [11.24020765601503, 44.54015045937431], [11.240166242763795, 44.53907096774397], [11.23978891034127, 44.539078371735584], [11.239799261695957, 44.53934824473451], [11.238667258336465, 44.539370449443325], [11.238656912202737, 44.539100576236585], [11.237902246051496, 44.53911537300907], [11.237891903543472, 44.53884549964915], [11.237137240292626, 44.53886029130065], [11.237147579320034, 44.539130164799], [11.236770245736784, 44.53913755882549], [11.236832272504063, 44.540756799921915], [11.237209616529688, 44.54074940548024], [11.2373026821332, 44.54317826550958], [11.237680041678985, 44.54317086919926], [11.237700728001032, 44.54371061557227], [11.238078090883164, 44.543703217877685], [11.238119472231261, 44.5447827101703], [11.23849684193141, 44.54477531095289], [11.238527884688676, 44.545584929810225], [11.238464211069243, 44.545586178298535], [11.238465110777978, 44.545587701249815], [11.238471041006445, 44.54559626340253], [11.238784427349836, 44.545975227983426], [11.239006210677697, 44.54624197136377], [11.2398429255613, 44.54719095233422], [11.239892034249785, 44.5472545818932], [11.23988860275472, 44.547262922544526], [11.239888629984682, 44.54726297602539], [11.239940602196306, 44.5473343005514], [11.239827784263461, 44.547605770706554], [11.239819874034069, 44.54762600154178], [11.240054213261056, 44.54797852458262], [11.240578642404513, 44.548781223619464], [11.241307662792366, 44.54989173280791], [11.241829067286282, 44.55068359217725], [11.242182618976608, 44.5512284939924], [11.242952582504731, 44.55241993090067], [11.243051194838962, 44.55258128999028], [11.243376363748668, 44.553147082312044], [11.243395336780502, 44.55318277354002], [11.24475506430098, 44.555185371642786], [11.24493948168895, 44.55518174557801], [11.24495070488311, 44.55547350985628], [11.245064941286362, 44.55564175650936], [11.248887758077169, 44.554477269077125], [11.249014480205325, 44.55443867247001], [11.249115604612824, 44.55440560345963], [11.250215884128094, 44.5540459027865], [11.250230103462782, 44.55407019036129], [11.250303625475922, 44.554047171046975], [11.250479787485835, 44.55435139526958], [11.251101922136627, 44.555386805325846], [11.251246963904295, 44.55561878463231], [11.251693425063346, 44.55508208074523], [11.251876572115883, 44.5548619035775], [11.252105620087045, 44.55458650839544], [11.25216113674027, 44.55451974878414], [11.252577281504523, 44.553950985310244], [11.251691644056177, 44.553968458711566], [11.251702055793967, 44.55423832880197], [11.250947200778791, 44.55425321572413], [11.250926384415642, 44.553713475249964], [11.250548960172244, 44.553720916702375], [11.250528147876176, 44.55318117603004], [11.25090556863647, 44.5531737347169], [11.25089516096587, 44.55290386442827], [11.251272579838664, 44.55289642193858], [11.251262170572561, 44.55262655170486], [11.251639587557856, 44.55261910803862], [11.251629176696301, 44.552349237859836], [11.252006591794103, 44.552341793017064], [11.251975354861383, 44.55153218260135], [11.252352764588904, 44.55152473672146], [11.252342350828737, 44.5512548666231], [11.253474573910717, 44.55123252171567], [11.25346415507263, 44.55096265181169], [11.253841560733045, 44.55095520108668], [11.253851981312458, 44.55122507092092], [11.25466169026164, 44.55120908024926], [11.25575721734565, 44.54980283412399], [11.256055135488264, 44.549420407314585], [11.25609294595949, 44.54936416851908], [11.256305130260227, 44.54904861364584], [11.256459848289083, 44.54889084717301], [11.256559469037292, 44.54878927406879], [11.2566013843629, 44.5487057213284], [11.256746472995793, 44.54841647391946], [11.25756038798804, 44.54734766164245], [11.257692883538244, 44.54717341719324], [11.257776388514722, 44.54709638635347], [11.257469492770532, 44.547102455843984], [11.25745905697387, 44.54683258648653], [11.255194786292561, 44.5468773406288], [11.25518436108777, 44.5466074708378], [11.254806983869882, 44.54661492543099], [11.254775714355453, 44.54580531576031], [11.255153086350713, 44.5457978613764], [11.255142661730794, 44.54552799152645], [11.255520031839014, 44.545520535966425], [11.255509605624505, 44.545250666171526], [11.256264341920618, 44.54523575145343], [11.2562539123708, 44.54496588178337], [11.258518107302988, 44.544921108147506], [11.258528547297383, 44.54519097739857], [11.258905914347817, 44.54518351069561], [11.258916356229419, 44.54545337986205], [11.258538987438206, 44.545460846634896], [11.258565000977063, 44.546133252004545], [11.258660822340195, 44.545998120588315], [11.258678692293104, 44.54597291104227], [11.25872164154094, 44.54590970074669], [11.258857337415133, 44.54570999546369], [11.259446355428837, 44.54500956444003], [11.25990432904336, 44.5444649476526], [11.260177283536228, 44.544068906044], [11.260357233004731, 44.54380780774319], [11.260396245368169, 44.5437580975215], [11.260944981227192, 44.543057970063735], [11.261045272827202, 44.543046981131994], [11.261076545371763, 44.54298109338472], [11.26109033046257, 44.542951544117635], [11.261119900002546, 44.542888165784746], [11.261219652919307, 44.54267443239982], [11.261604220963735, 44.542159249589076], [11.260677800636115, 44.54217760053403]], [[11.258895472612668, 44.54491364151441], [11.2592728377759, 44.54490617363548], [11.259283281251799, 44.54517604274679], [11.258905914347817, 44.54518351069561], [11.258895472612668, 44.54491364151441]], [[11.252584370442651, 44.54773910785366], [11.252594784045149, 44.54800897807381], [11.252972170844801, 44.54800153060772], [11.252982586334426, 44.54827140074345], [11.25335997472905, 44.54826395196165], [11.253370392105847, 44.54853382201296], [11.253747782095436, 44.54852637191544], [11.253768620769623, 44.54906611183441], [11.252636439915806, 44.549088458807155], [11.252626025729036, 44.54881858864591], [11.251871241245025, 44.54883348025821], [11.251881651949518, 44.549103350558816], [11.251504257747323, 44.54911079456559], [11.251514666856673, 44.54938066492111], [11.250759874531965, 44.549395549335834], [11.250791092288734, 44.550205160731934], [11.250413690683768, 44.5502126012791], [11.25042409515334, 44.55048247178464], [11.250046691661161, 44.55048991115534], [11.250036288932863, 44.550220040580186], [11.249658887036045, 44.550227478635165], [11.24967968915598, 44.55076721990996], [11.249302283630692, 44.55077465685805], [11.249291884239083, 44.55050478615843], [11.24891448030923, 44.550512221790804], [11.248904082804769, 44.55024235100686], [11.24928148499334, 44.55023491544405], [11.249271085893461, 44.54996504471497], [11.248516284852997, 44.54997991445533], [11.24849549405571, 44.54944017267468], [11.248118096799196, 44.549447605536606], [11.2480973100675, 44.54890786355795], [11.24771991614756, 44.54891529503473], [11.247709524741524, 44.54864542395377], [11.247332132416973, 44.54865285411498], [11.24732174289781, 44.54838298294976], [11.247699133481238, 44.54837555285809], [11.247688742366703, 44.54810568174768], [11.246933964536318, 44.54812054054596], [11.246902802513478, 44.54731092670927], [11.247280186278385, 44.5473034981417], [11.247290575214663, 44.5475733693658], [11.248422730858048, 44.54755107597861], [11.248433125163176, 44.54782094697936], [11.24881051182713, 44.54781351328877], [11.248820908019118, 44.548083384205235], [11.248066131063288, 44.548098250479526], [11.248076523918916, 44.5483681215204], [11.24845391421082, 44.54836068893669], [11.24846430895334, 44.548630559893276], [11.249596484177498, 44.548608254457335], [11.249586084211648, 44.548338383709485], [11.249208694357211, 44.54834582003124], [11.249198296278315, 44.548075949199074], [11.249575684391667, 44.54806851294691], [11.249565284717558, 44.54779864216964], [11.249187898345264, 44.547806078352195], [11.249177500558057, 44.54753620749059], [11.249932269674707, 44.54752133401865], [11.249921868551318, 44.547251463281505], [11.250676633602405, 44.54723658496491], [11.250666229142944, 44.54696671435227], [11.250288848431333, 44.546974154063925], [11.250278445858758, 44.546704283366935], [11.249901066742199, 44.54671172176303], [11.249880265516602, 44.546171980185655], [11.24837076151921, 44.54620172075399], [11.248349974804144, 44.54566197856107], [11.247972601922056, 44.545669410449264], [11.247962210524033, 44.545399539261176], [11.246452724501852, 44.54542925407682], [11.246463108936458, 44.545699125542995], [11.245708361569653, 44.545713975614426], [11.245729123912234, 44.54625371878055], [11.244974368999403, 44.546268564146224], [11.244963991237139, 44.5459986924316], [11.244586615303291, 44.54600611317608], [11.244565863697193, 44.5454663695638], [11.244943236149277, 44.5454589489582], [11.244932858823677, 44.54518907719941], [11.246064970084, 44.54516680811563], [11.246054587681497, 44.54489693655053], [11.246809324312018, 44.54488208440424], [11.246798938573566, 44.544612212963415], [11.248685768896353, 44.54457506114272], [11.248675374599804, 44.544305190034855], [11.249052738486348, 44.54429775600273], [11.249031946849188, 44.54375801388194], [11.249786667222002, 44.54374314235853], [11.249755470415927, 44.542933529484415], [11.250132825161646, 44.5429260920628], [11.250091224499831, 44.541846608302905], [11.249713876716333, 44.54185404544613], [11.24968268297293, 44.54104443226279], [11.24892799741129, 44.54105930239456], [11.248907209273154, 44.54051955992039], [11.248529869754485, 44.540526992978606], [11.248509085680189, 44.53998725030644], [11.248131749496507, 44.53999468197988], [11.248090190058031, 44.53891519618065], [11.248467519280522, 44.538907764785385], [11.24845712804495, 44.538637893368325], [11.248834455381475, 44.53863046079701], [11.24881366986714, 44.538090718057816], [11.249190993577512, 44.53808328438005], [11.249201388001984, 44.53835315568743], [11.24957871330676, 44.538345720694515], [11.249568317142108, 44.5380758494567], [11.250322963833872, 44.53806097587333], [11.250333363478877, 44.538330846971945], [11.250710688346167, 44.5383234082423], [11.250700286960988, 44.53805353721329], [11.251077609942232, 44.53804609730769], [11.251067206962784, 44.53777622633357], [11.251444528057984, 44.53776878525205], [11.251423719056561, 44.53722904339892], [11.251801036525631, 44.537221601211144], [11.251790630503727, 44.53695173033213], [11.252922576815012, 44.53692939650465], [11.252932988057102, 44.53719926717465], [11.253310304942266, 44.537191820004786], [11.253320718070453, 44.53746169059037], [11.253698036549658, 44.53745424210527], [11.25370845156399, 44.537724112606426], [11.254463091564379, 44.5377092117602], [11.254483928991796, 44.53824895243942], [11.254106605584376, 44.53825640362476], [11.254127440115907, 44.5387961443845], [11.254504767003697, 44.5387886930597], [11.254515186228835, 44.53905856334773], [11.254892514710717, 44.5390511107076], [11.254902935822226, 44.53932098091117], [11.255280265898195, 44.53931352695568], [11.255301112040234, 44.5398532671791], [11.254923778483713, 44.539860721274096], [11.254965465560627, 44.54094020182313], [11.254588124896532, 44.540947654951474], [11.254598545290767, 44.541217525121645], [11.253466517200458, 44.541239877241786], [11.253476932519511, 44.5415097476064], [11.25309958779011, 44.54151719589143], [11.253089174211503, 44.54124732545711], [11.2527118310765, 44.54125477242673], [11.252701419384369, 44.540984901908004], [11.252324077843769, 44.54099234756226], [11.252313668038065, 44.54072247695912], [11.251936328091869, 44.54072992129803], [11.251957144368436, 44.54126966262891], [11.25233448779547, 44.541262218150685], [11.252344897893176, 44.54153208872437], [11.252722242914658, 44.54152464293075], [11.25274306702906, 44.542064383894584], [11.251988369878129, 44.54207927451478], [11.25200918761451, 44.5426190156984], [11.251254482917464, 44.54263390161428], [11.251264888523478, 44.5429037723233], [11.250887534215444, 44.542911213482235], [11.25091874668726, 44.543720825729814], [11.250541387011403, 44.54372826585186], [11.250572595574436, 44.54453787817578], [11.25094996047242, 44.54453043784486], [11.250960365359338, 44.544800308520415], [11.252469830454691, 44.54477053445965], [11.252490654592641, 44.54531027520933], [11.251735915373796, 44.54532516501009], [11.251746324180186, 44.54559503550217], [11.25136895261094, 44.54560247860338], [11.251389767179976, 44.546142219682665], [11.251767142230946, 44.54613477644212], [11.251798370402078, 44.546944387741625], [11.252175750529812, 44.54693694304618], [11.252206985237972, 44.54774655400409], [11.252584370442651, 44.54773910785366]], [[11.252459418604769, 44.54450066406274], [11.252836782772839, 44.54449321750261], [11.252847196363504, 44.54476308782986], [11.252469830454691, 44.54477053445965], [11.252459418604769, 44.54450066406274]], [[11.243243032489033, 44.55035373491681], [11.243253403873975, 44.5506236067431], [11.242498591207703, 44.55063843688604], [11.242488223305404, 44.55036856492095], [11.243243032489033, 44.55035373491681]], [[11.245486693318973, 44.54976947213416], [11.245497074860552, 44.55003934357328], [11.245119672955958, 44.550046766605604], [11.245109293155638, 44.549776895097025], [11.245486693318973, 44.54976947213416]], [[11.246954739946696, 44.54866028303016], [11.246965127870439, 44.54893015425017], [11.24658773351331, 44.548937581988824], [11.246577347330717, 44.5486677106993], [11.246954739946696, 44.54866028303016]], [[11.255394926915836, 44.542282097455086], [11.255374078142317, 44.541742357496894], [11.255751423735344, 44.54173490166788], [11.255740997827433, 44.54146503173645], [11.256118341533776, 44.54145757473151], [11.25610791403166, 44.54118770485515], [11.256485255851327, 44.54118024667431], [11.256516544017787, 44.54198985604983], [11.256139196976761, 44.54199731444007], [11.25614962491763, 44.54226718427222], [11.255394926915836, 44.542282097455086]], [[11.24503004961418, 44.53789511424228], [11.245009299777063, 44.537355370024734], [11.245386619723396, 44.537347949011064], [11.24537624328298, 44.53707807694967], [11.24613087925883, 44.537063231324616], [11.24616201945744, 44.537872847047865], [11.2457846963219, 44.53788027069157], [11.245867729335126, 44.54003924586179], [11.24624506639277, 44.540031821662275], [11.24625544791486, 44.54030169342285], [11.246632786567275, 44.54029426790819], [11.246643169975364, 44.54056413958455], [11.247020510222544, 44.54055671275471], [11.247041280956466, 44.54109645592426], [11.247418624538847, 44.541089027709724], [11.247439399336352, 44.54162877068135], [11.247062052273023, 44.54163619903491], [11.247072438149795, 44.54190607056817], [11.246695089200289, 44.54191349774551], [11.246684705064029, 44.54164362614276], [11.245552662563313, 44.5416658999919], [11.245542283794178, 44.541396028166], [11.245164937743274, 44.54140345022146], [11.2451234310841, 44.54032396249278], [11.244368752469237, 44.54033880231103], [11.24432726206129, 44.53925931379138], [11.24470459448009, 44.539251894782815], [11.244652726042046, 44.53790253414928], [11.24503004961418, 44.53789511424228]]]}}, {"type": "Feature", "properties": {"threshold": "ge_1", "source": "HistorySUHI", "period": "2013-2026", "hotspot_percentile": "top_10_pct", "label": ">= 1 estate"}, "geometry": {"type": "Polygon", "coordinates": [[[11.27707567378109, 44.5462674474302], [11.276955374547214, 44.5463067997104], [11.27695493954558, 44.546306943424916], [11.27708600217178, 44.54653224059925], [11.27707567378109, 44.5462674474302]]]}}, {"type": "Feature", "properties": {"threshold": "ge_1", "source": "HistorySUHI", "period": "2013-2026", "hotspot_percentile": "top_10_pct", "label": ">= 1 estate"}, "geometry": {"type": "Polygon", "coordinates": [[[11.277449357295962, 44.546165444603254], [11.277448577662184, 44.546145459420465], [11.277383468098858, 44.546166759022505], [11.277449357295962, 44.546165444603254]]]}}, {"type": "Feature", "properties": {"threshold": "ge_1", "source": "HistorySUHI", "period": "2013-2026", "hotspot_percentile": "top_10_pct", "label": ">= 1 estate"}, "geometry": {"type": "Polygon", "coordinates": [[[11.258203373564829, 44.54654778923921], [11.258206874570638, 44.54663829616461], [11.258272015970489, 44.546546431253944], [11.258203373564829, 44.54654778923921]]]}}, {"type": "Feature", "properties": {"threshold": "ge_1", "source": "HistorySUHI", "period": "2013-2026", "hotspot_percentile": "top_10_pct", "label": ">= 1 estate"}, "geometry": {"type": "Polygon", "coordinates": [[[11.257836434908597, 44.546825123102074], [11.257844496425808, 44.54703355884538], [11.2579663526182, 44.54692115015757], [11.25801458117663, 44.54687592178415], [11.258075509752036, 44.54682039413976], [11.257836434908597, 44.546825123102074]]]}}, {"type": "Feature", "properties": {"threshold": "ge_1", "source": "HistorySUHI", "period": "2013-2026", "hotspot_percentile": "top_10_pct", "label": ">= 1 estate"}, "geometry": {"type": "Polygon", "coordinates": [[[11.272207463324015, 44.537627474715464], [11.272062231671159, 44.53763036524531], [11.272215653652852, 44.5378379680147], [11.272207463324015, 44.537627474715464]]]}}, {"type": "Feature", "properties": {"threshold": "ge_1", "source": "HistorySUHI", "period": "2013-2026", "hotspot_percentile": "top_10_pct", "label": ">= 1 estate"}, "geometry": {"type": "Polygon", "coordinates": [[[11.285841161162299, 44.48820127071398], [11.285839382119843, 44.48820339736859], [11.285819496866743, 44.488227157287476], [11.285398747493138, 44.488725503038594], [11.285399714966557, 44.488750266528456], [11.28537746380473, 44.488750711954765], [11.285038141281188, 44.489152613772035], [11.285064886949902, 44.48983728100343], [11.284687883787129, 44.489844826793146], [11.284698424434891, 44.490114693757896], [11.283567408853214, 44.49013732387843], [11.283577944441678, 44.49040719104019], [11.282823929844092, 44.490422271711296], [11.282855527081136, 44.4912318735313], [11.286248634981803, 44.49116396943725], [11.28623808680004, 44.49089410281417], [11.286615096314305, 44.49088655176824], [11.286593996922932, 44.490346818619045], [11.286971002817912, 44.49033926647104], [11.28696045160837, 44.49006939994495], [11.287337455619793, 44.49006184662422], [11.28730579767168, 44.48925224716926], [11.28768279632835, 44.48924469281725], [11.28767224223924, 44.48897482637339], [11.287295245318136, 44.48898238065471], [11.28727414105477, 44.488442647581245], [11.28652015371098, 44.48845775213115], [11.286514352725847, 44.48830934223465], [11.286165470823473, 44.48833981970387], [11.286080955316415, 44.48834939849759], [11.286080129005935, 44.48834917197487], [11.286030148618417, 44.488336885021], [11.286023547184316, 44.48833369525726], [11.286010266458863, 44.48832725426957], [11.285984499603027, 44.4883147524922], [11.28598447376709, 44.48831473500436], [11.285886956906193, 44.48820035367546], [11.285841161162299, 44.48820127071398]]]}}, {"type": "Feature", "properties": {"threshold": "ge_1", "source": "HistorySUHI", "period": "2013-2026", "hotspot_percentile": "top_10_pct", "label": ">= 1 estate"}, "geometry": {"type": "Polygon", "coordinates": [[[11.287358561658126, 44.490601579520266], [11.287348008564999, 44.490331713079634], [11.286971002817912, 44.49033926647104], [11.286981554175354, 44.49060913298236], [11.287358561658126, 44.490601579520266]]]}}, {"type": "Feature", "properties": {"threshold": "ge_1", "source": "HistorySUHI", "period": "2013-2026", "hotspot_percentile": "top_10_pct", "label": ">= 1 estate"}, "geometry": {"type": "Polygon", "coordinates": [[[11.276069275421568, 44.49136737955824], [11.276446290655167, 44.49135986201516], [11.276429456158064, 44.49092730851789], [11.276137081402661, 44.4908697515434], [11.275880335707742, 44.49081635351265], [11.275879917844659, 44.490816280819914], [11.275668696613746, 44.4907692398658], [11.275702759767949, 44.49164476444009], [11.276079776884584, 44.49163724807015], [11.276069275421568, 44.49136737955824]]]}}, {"type": "Feature", "properties": {"threshold": "ge_1", "source": "HistorySUHI", "period": "2013-2026", "hotspot_percentile": "top_10_pct", "label": ">= 1 estate"}, "geometry": {"type": "Polygon", "coordinates": [[[11.286636196297192, 44.49142628485831], [11.285882170177791, 44.491441385989354], [11.285903263808999, 44.491981119302935], [11.28665729687161, 44.49196601788922], [11.286636196297192, 44.49142628485831]]]}}, {"type": "Feature", "properties": {"threshold": "ge_1", "source": "HistorySUHI", "period": "2013-2026", "hotspot_percentile": "top_10_pct", "label": ">= 1 estate"}, "geometry": {"type": "Polygon", "coordinates": [[[11.28326414343419, 44.492033935081096], [11.284395195909896, 44.49201130720851], [11.28437411616517, 44.49147157332993], [11.282112030714611, 44.491516817036846], [11.282133089629463, 44.49205655176225], [11.281756071399325, 44.49206408816897], [11.281766599342276, 44.492333955580044], [11.2832746783206, 44.49230380220997], [11.28326414343419, 44.492033935081096]]]}}, {"type": "Feature", "properties": {"threshold": "ge_1", "source": "HistorySUHI", "period": "2013-2026", "hotspot_percentile": "top_10_pct", "label": ">= 1 estate"}, "geometry": {"type": "Polygon", "coordinates": [[[11.288197034023051, 44.49274539872722], [11.288574054948292, 44.492737840969085], [11.288531817899495, 44.49165837643958], [11.287023761084134, 44.491688598879776], [11.28706597035947, 44.49276806454062], [11.287442991728616, 44.492760510513], [11.287453546153149, 44.493030376820556], [11.288207591919388, 44.49301526489336], [11.288197034023051, 44.49274539872722]]]}}, {"type": "Feature", "properties": {"threshold": "ge_1", "source": "HistorySUHI", "period": "2013-2026", "hotspot_percentile": "top_10_pct", "label": ">= 1 estate"}, "geometry": {"type": "Polygon", "coordinates": [[[11.279588621977217, 44.49453809047002], [11.27921158709074, 44.4945456188063], [11.279190553295939, 44.494005883219], [11.278813521734179, 44.494013410170794], [11.278824036821812, 44.494283278042275], [11.278447003376595, 44.4942908038209], [11.278468030521863, 44.4948305396604], [11.279599140831857, 44.494807958171066], [11.279588621977217, 44.49453809047002]]]}}, {"type": "Feature", "properties": {"threshold": "ge_1", "source": "HistorySUHI", "period": "2013-2026", "hotspot_percentile": "top_10_pct", "label": ">= 1 estate"}, "geometry": {"type": "Polygon", "coordinates": [[[11.288270942405392, 44.49463446157962], [11.28864797548243, 44.494626903326356], [11.288669096967313, 44.495166635295355], [11.289046133368473, 44.49515907565701], [11.288993322086311, 44.493809745977345], [11.288239266496378, 44.493824863303026], [11.288270942405392, 44.49463446157962]]]}}, {"type": "Feature", "properties": {"threshold": "ge_1", "source": "HistorySUHI", "period": "2013-2026", "hotspot_percentile": "top_10_pct", "label": ">= 1 estate"}, "geometry": {"type": "Polygon", "coordinates": [[[11.29354939200396, 44.49452853286781], [11.293926423006308, 44.494520957204436], [11.293937007979421, 44.494790822204834], [11.293559975241042, 44.49479839793913], [11.293581142160265, 44.49533812803735], [11.293958178370783, 44.49533055216127], [11.293979349355673, 44.49587028205852], [11.294356388890042, 44.495862704797005], [11.294366976341218, 44.49613256965252], [11.294744017463325, 44.49612499107646], [11.294722839237108, 44.49558526149249], [11.295099876738508, 44.495577681814666], [11.29511046751352, 44.495847546543125], [11.29548750660258, 44.49583996555075], [11.295508692070301, 44.49637969482137], [11.295885734483186, 44.496372112443446], [11.295864545543159, 44.495832383314735], [11.296241584335228, 44.49582479983512], [11.296220392517027, 44.49528507078914], [11.295843357197164, 44.49529265412683], [11.29581157579194, 44.49448306023396], [11.294680484565854, 44.494505802146946], [11.294669896269102, 44.49423593727356], [11.29353880891523, 44.49425866778172], [11.29354939200396, 44.49452853286781]]]}}, {"type": "Feature", "properties": {"threshold": "ge_1", "source": "HistorySUHI", "period": "2013-2026", "hotspot_percentile": "top_10_pct", "label": ">= 1 estate"}, "geometry": {"type": "Polygon", "coordinates": [[[11.289056696069087, 44.495428941548575], [11.288679657931812, 44.49543650125767], [11.288690219044355, 44.49570636720518], [11.289067258917767, 44.495698807425356], [11.289056696069087, 44.495428941548575]]]}}, {"type": "Feature", "properties": {"threshold": "ge_1", "source": "HistorySUHI", "period": "2013-2026", "hotspot_percentile": "top_10_pct", "label": ">= 1 estate"}, "geometry": {"type": "Polygon", "coordinates": [[[11.282981929317371, 44.49447027948128], [11.282971394985571, 44.494200412400055], [11.281840299075167, 44.494223027043766], [11.281819241270703, 44.49368329241372], [11.281442212477408, 44.49369082800008], [11.281431685532551, 44.49342096059237], [11.280300603475375, 44.49344355967851], [11.280332169128451, 44.49425316249176], [11.279955136272973, 44.4942606932448], [11.279976177306986, 44.49480042852072], [11.281861357470001, 44.494762761614695], [11.281871886888812, 44.49503262887799], [11.283380035307045, 44.49500247268592], [11.283390571817984, 44.49527233965223], [11.283767610289486, 44.49526479742458], [11.28387300088532, 44.49796346556897], [11.284250056571661, 44.49795592139171], [11.28426059818021, 44.498225788054256], [11.285768826393133, 44.49819559862529], [11.285684442100685, 44.496036667171154], [11.284930356070609, 44.49605176324291], [11.284898724817552, 44.495242163279855], [11.284521686789294, 44.495249709238394], [11.284511145069988, 44.494979842483865], [11.284134108630079, 44.49498738712816], [11.284113029106944, 44.49444765343356], [11.28373599599146, 44.49445519669306], [11.283746533943082, 44.49472506361835], [11.283369498943808, 44.49473260570484], [11.283358962728261, 44.49446273870897], [11.282981929317371, 44.49447027948128]], [[11.284951444311663, 44.4965914964777], [11.28457439760245, 44.49659904278933], [11.284553312833852, 44.4960593094133], [11.284930356070609, 44.49605176324291], [11.284951444311663, 44.4965914964777]]]}}, {"type": "Feature", "properties": {"threshold": "ge_1", "source": "HistorySUHI", "period": "2013-2026", "hotspot_percentile": "top_10_pct", "label": ">= 1 estate"}, "geometry": {"type": "Polygon", "coordinates": [[[11.288711341713572, 44.49624609905587], [11.28833429821976, 44.49625365773353], [11.288344858040228, 44.49652352370743], [11.288721903270254, 44.49651596495902], [11.288711341713572, 44.49624609905587]]]}}, {"type": "Feature", "properties": {"threshold": "ge_1", "source": "HistorySUHI", "period": "2013-2026", "hotspot_percentile": "top_10_pct", "label": ">= 1 estate"}, "geometry": {"type": "Polygon", "coordinates": [[[11.294032279414715, 44.49721960654266], [11.293655231050945, 44.497227182915026], [11.293697570824104, 44.49830664251957], [11.294074626133124, 44.4982990658636], [11.294085213183745, 44.498568930656845], [11.294462270080725, 44.49856135268621], [11.29447285901615, 44.49883121739373], [11.295604034025548, 44.498808475806555], [11.29559343988095, 44.49853861131185], [11.295970496184038, 44.498531028366244], [11.295959900451592, 44.498261163927694], [11.295582845884862, 44.498268746802346], [11.295540471385557, 44.497189288616305], [11.294786375697033, 44.49720445006684], [11.29477578591594, 44.49693458534145], [11.294021693106117, 44.496949741675415], [11.294032279414715, 44.49721960654266]]]}}, {"type": "Feature", "properties": {"threshold": "ge_1", "source": "HistorySUHI", "period": "2013-2026", "hotspot_percentile": "top_10_pct", "label": ">= 1 estate"}, "geometry": {"type": "Polygon", "coordinates": [[[11.285779375095089, 44.49846546499053], [11.286533491787212, 44.49845036267221], [11.286544044109892, 44.498720228881346], [11.286921103970503, 44.49871267578586], [11.286899996000246, 44.498172943494176], [11.285768826393133, 44.49819559862529], [11.285779375095089, 44.49846546499053]]]}}, {"type": "Feature", "properties": {"threshold": "ge_1", "source": "HistorySUHI", "period": "2013-2026", "hotspot_percentile": "top_10_pct", "label": ">= 1 estate"}, "geometry": {"type": "Polygon", "coordinates": [[[11.289320811712487, 44.50217558403121], [11.289697893112383, 44.50216802130935], [11.28971902983633, 44.50270775216709], [11.290850283567503, 44.502685056113286], [11.290776271155845, 44.500795999339076], [11.290022126463558, 44.50081113029432], [11.29001155732795, 44.500541264840095], [11.289634486496142, 44.50054882838115], [11.289645053895155, 44.50081869390616], [11.28889090831395, 44.50083381739829], [11.288933165498161, 44.50191327991656], [11.289310245309464, 44.50190571850938], [11.289320811712487, 44.50217558403121]]]}}, {"type": "Feature", "properties": {"threshold": "ge_1", "source": "HistorySUHI", "period": "2013-2026", "hotspot_percentile": "top_10_pct", "label": ">= 1 estate"}, "geometry": {"type": "Polygon", "coordinates": [[[11.276185906358908, 44.504058703260775], [11.275808809220306, 44.504066221623084], [11.275829819188179, 44.50460595752544], [11.27696112058401, 44.504583398284225], [11.276950610315433, 44.50431353055155], [11.277327708749052, 44.50430600838676], [11.277306685180012, 44.503766273017874], [11.277683779992348, 44.503758749749885], [11.277662753538946, 44.50321901446273], [11.277285662200429, 44.50322653758992], [11.27729617361654, 44.50349640531129], [11.276164893506225, 44.50351896744005], [11.276185906358908, 44.504058703260775]]]}}, {"type": "Feature", "properties": {"threshold": "ge_1", "source": "HistorySUHI", "period": "2013-2026", "hotspot_percentile": "top_10_pct", "label": ">= 1 estate"}, "geometry": {"type": "Polygon", "coordinates": [[[11.285708242853593, 44.506299134494135], [11.285331133771498, 44.50630668459262], [11.285352233249476, 44.50684641670392], [11.286106458214327, 44.50683131498018], [11.28609590492707, 44.50656144907324], [11.285718794255768, 44.50656900048651], [11.285708242853593, 44.506299134494135]]]}}, {"type": "Feature", "properties": {"threshold": "ge_1", "source": "HistorySUHI", "period": "2013-2026", "hotspot_percentile": "top_10_pct", "label": ">= 1 estate"}, "geometry": {"type": "Polygon", "coordinates": [[[11.282010886696465, 44.50826364607299], [11.282765131694607, 44.508248566037985], [11.282775670233802, 44.50851843249184], [11.283152794248586, 44.50851089053747], [11.283142253972066, 44.50824102415419], [11.283896498083653, 44.50822593665403], [11.283875411024795, 44.50768620412551], [11.284252529384313, 44.507678658650384], [11.284231439442255, 44.50713892620398], [11.284608554179478, 44.50713137962593], [11.284598007693008, 44.50686151345117], [11.284220894692977, 44.506869059958596], [11.284199805637915, 44.50632932742351], [11.284576915163637, 44.50632178105733], [11.284545277478452, 44.505512182355666], [11.284922381645046, 44.505504634957276], [11.284869646441601, 44.504155303845366], [11.28449255095998, 44.504162850890616], [11.284482006099788, 44.50389298455327], [11.28335072397882, 44.503915618013146], [11.283361263628231, 44.504185484562306], [11.282984167555433, 44.50419302663151], [11.282994705615646, 44.50446289323648], [11.282617607658159, 44.50447043413222], [11.282638680747805, 44.50501016743896], [11.28226157916861, 44.5050177072318], [11.282303720172246, 44.50609717395018], [11.282680828699723, 44.50608963387509], [11.282701903562032, 44.506629367004486], [11.282324791560269, 44.50663690722069], [11.282345863539122, 44.507176640432114], [11.281968747915261, 44.5071841795453], [11.281989817010476, 44.5077239128387], [11.281612697764436, 44.50773145084882], [11.281623230796301, 44.50800131754389], [11.280868988386665, 44.50801638997268], [11.280890047944123, 44.50855612360062], [11.280512923043206, 44.50856365808975], [11.280523451306014, 44.508833524952045], [11.280146324520128, 44.508841058267464], [11.280156851193151, 44.509110925185496], [11.281288236320124, 44.509088321295046], [11.281298768352965, 44.50935818798678], [11.282430157363233, 44.50933557268659], [11.282451232296538, 44.50987530560243], [11.283959762807976, 44.509845133884795], [11.283938673975221, 44.509305401533666], [11.28356154504391, 44.50931294618826], [11.283551002586668, 44.509043079919905], [11.282796747755441, 44.509058165355206], [11.282786208920745, 44.50878829893092], [11.28240908302086, 44.50879583971165], [11.282398546071265, 44.508525973202005], [11.282021421761007, 44.508533512667974], [11.282010886696465, 44.50826364607299]]]}}, {"type": "Feature", "properties": {"threshold": "ge_1", "source": "HistorySUHI", "period": "2013-2026", "hotspot_percentile": "top_10_pct", "label": ">= 1 estate"}, "geometry": {"type": "Polygon", "coordinates": [[[11.287667709768504, 44.50815042450215], [11.286913468615259, 44.50816553688596], [11.286945142008145, 44.50897513387215], [11.287322267870746, 44.5089675780902], [11.287311708187756, 44.50869771251364], [11.287688832164969, 44.50869015555819], [11.287667709768504, 44.50815042450215]]]}}, {"type": "Feature", "properties": {"threshold": "ge_1", "source": "HistorySUHI", "period": "2013-2026", "hotspot_percentile": "top_10_pct", "label": ">= 1 estate"}, "geometry": {"type": "Polygon", "coordinates": [[[11.2861908898389, 44.50899024170341], [11.285813763532307, 44.5089977937527], [11.285824316413855, 44.50926765959724], [11.286201444457825, 44.50926010747727], [11.2861908898389, 44.50899024170341]]]}}, {"type": "Feature", "properties": {"threshold": "ge_1", "source": "HistorySUHI", "period": "2013-2026", "hotspot_percentile": "top_10_pct", "label": ">= 1 estate"}, "geometry": {"type": "Polygon", "coordinates": [[[11.276417086628326, 44.50999579338995], [11.27490854431344, 44.51002586556565], [11.274929550337296, 44.51056560124037], [11.274552410915314, 44.51057311631422], [11.274573414053027, 44.51111285207053], [11.274196271008636, 44.511120366040714], [11.274206771060722, 44.51139023396702], [11.276469637543727, 44.5113451310588], [11.276417086628326, 44.50999579338995]]]}}, {"type": "Feature", "properties": {"threshold": "ge_1", "source": "HistorySUHI", "period": "2013-2026", "hotspot_percentile": "top_10_pct", "label": ">= 1 estate"}, "geometry": {"type": "Polygon", "coordinates": [[[11.288580434864278, 44.51218328649799], [11.288957580984455, 44.51217572489009], [11.288915308232559, 44.5110962643368], [11.28853816906274, 44.511103825661635], [11.288527602982708, 44.510833960415596], [11.287773327673742, 44.51084907919089], [11.28775220290807, 44.51030934837144], [11.287375068506444, 44.51031690575121], [11.287364508083197, 44.51004704024859], [11.285855975946218, 44.51007725704216], [11.285845422620808, 44.50980739124197], [11.285468290954057, 44.50981494225905], [11.285499946161739, 44.510624539827255], [11.285877083040916, 44.51061698859819], [11.285908744792701, 44.51142658582133], [11.285531602700877, 44.511434137262405], [11.285573813490998, 44.512513600302306], [11.285196664300683, 44.51252115078168], [11.285228318733651, 44.51333074811835], [11.285605473137132, 44.51332319742699], [11.285616026648434, 44.51359306310565], [11.285993182641716, 44.51358551109922], [11.285982627392645, 44.513315645491225], [11.286359781500172, 44.51330809231107], [11.28634922466135, 44.513038226758965], [11.286726376883125, 44.5130306724051], [11.2867158184546, 44.51276080690893], [11.28784726901849, 44.512738136593136], [11.287836705524944, 44.512468271294324], [11.288591001685027, 44.51245315167009], [11.288580434864278, 44.51218328649799]]]}}, {"type": "Feature", "properties": {"threshold": "ge_1", "source": "HistorySUHI", "period": "2013-2026", "hotspot_percentile": "top_10_pct", "label": ">= 1 estate"}, "geometry": {"type": "Polygon", "coordinates": [[[11.28309189512436, 44.516614419234976], [11.283081352151592, 44.51634455322451], [11.283835700819207, 44.51632946397708], [11.283825154518208, 44.516059598093044], [11.284956671196477, 44.516036955099764], [11.284946119829357, 44.51576708941284], [11.285323290021605, 44.51575953933001], [11.285302184255272, 44.51521980805313], [11.285679350823653, 44.51521225686713], [11.285658242173346, 44.514672525672445], [11.28603540511794, 44.51466497338331], [11.28600373803878, 44.51385537669242], [11.285626580307705, 44.51386292876953], [11.285616026648434, 44.51359306310565], [11.28486171421799, 44.51360816338528], [11.28487226440167, 44.51387802919046], [11.284117947903951, 44.513893124633675], [11.284086308223324, 44.513083526749966], [11.284463461332798, 44.51307597986244], [11.284452913330593, 44.51280611394228], [11.28369861043924, 44.51282120633167], [11.283666977746021, 44.51201160805875], [11.283289831291633, 44.51201915217507], [11.283258205141728, 44.51120955355732], [11.282881063752374, 44.511217096217514], [11.282870523735573, 44.51094722991146], [11.282116243988709, 44.510962311357744], [11.282126780530369, 44.511232177804956], [11.281749638697766, 44.51123971673219], [11.28173910389368, 44.510969850214444], [11.280984823260548, 44.51098492419486], [11.280974292079264, 44.510715057521274], [11.28059715327877, 44.510722592574496], [11.280576094834187, 44.510182859041954], [11.278690415993118, 44.510220514938695], [11.278700936454019, 44.51049038206475], [11.277192383775962, 44.51052048466667], [11.277181870265169, 44.510250617258905], [11.276804733464623, 44.51025813972822], [11.276857293804724, 44.51160747697132], [11.277234439293181, 44.51159995415], [11.277244953541011, 44.51186982148391], [11.277622100619709, 44.51186229734784], [11.277632616752628, 44.51213216459656], [11.278009765421562, 44.51212463914568], [11.278051838378625, 44.513204107711175], [11.27993761426536, 44.51316646038207], [11.279948141562251, 44.51343632713421], [11.279193828174613, 44.51345138994005], [11.279235924935437, 44.514530857364676], [11.27885876106888, 44.51453838718282], [11.278942947769679, 44.51669732188669], [11.280451657966154, 44.516667192891745], [11.280462188920138, 44.516937059381284], [11.281970903706506, 44.5169069101912], [11.281960365800161, 44.51663704398379], [11.28309189512436, 44.516614419234976]], [[11.27992708711607, 44.51289659361516], [11.280304240112963, 44.51288906048659], [11.280314769000013, 44.513158927183], [11.27993761426536, 44.51316646038207], [11.27992708711607, 44.51289659361516]]]}}, {"type": "Feature", "properties": {"threshold": "ge_1", "source": "HistorySUHI", "period": "2013-2026", "hotspot_percentile": "top_10_pct", "label": ">= 1 estate"}, "geometry": {"type": "Polygon", "coordinates": [[[11.274374791917094, 44.51570811878012], [11.273997619182536, 44.51571563270126], [11.274018620963863, 44.51625536817775], [11.274772973237923, 44.51624033880963], [11.27474146035855, 44.51543073599468], [11.274364289509261, 44.515438251090025], [11.274374791917094, 44.51570811878012]]]}}, {"type": "Feature", "properties": {"threshold": "ge_1", "source": "HistorySUHI", "period": "2013-2026", "hotspot_percentile": "top_10_pct", "label": ">= 1 estate"}, "geometry": {"type": "Polygon", "coordinates": [[[11.275957051027605, 44.51756712209756], [11.27482549764927, 44.51758967653924], [11.27483600297342, 44.51785954404085], [11.274458816481141, 44.517867059769195], [11.27446932021436, 44.51813692732638], [11.27484650844487, 44.51812941152771], [11.27486751982968, 44.51866914645713], [11.275999094066881, 44.518646591171155], [11.275988583085999, 44.5183767239249], [11.2763657724654, 44.5183692030773], [11.276344747469297, 44.51782946868127], [11.276721933224835, 44.51782194672982], [11.276711419209684, 44.51755207958004], [11.276334235192342, 44.5175596014611], [11.276323723062783, 44.51728973422617], [11.275946540636218, 44.51729725479223], [11.275957051027605, 44.51756712209756]]]}}, {"type": "Feature", "properties": {"threshold": "ge_1", "source": "HistorySUHI", "period": "2013-2026", "hotspot_percentile": "top_10_pct", "label": ">= 1 estate"}, "geometry": {"type": "Polygon", "coordinates": [[[11.295958210739315, 44.51743667686623], [11.295581032533264, 44.51744426229172], [11.29557043161157, 44.51717439867635], [11.29519325499495, 44.51718198278631], [11.29517205707353, 44.51664225536923], [11.294417710346634, 44.516657419571686], [11.294396519971585, 44.51611769181158], [11.294019349861273, 44.516125271904166], [11.294008756634533, 44.51585540793097], [11.29363158811365, 44.515862986708115], [11.293620996773369, 44.515593122649214], [11.292866662762004, 44.5156082763282], [11.292856075046046, 44.5153384121127], [11.292478909555593, 44.515345987014584], [11.292500081660103, 44.51588571557259], [11.292122912545365, 44.51589328937175], [11.292197007420459, 44.517782339354845], [11.292574188701481, 44.51777476505953], [11.292584776015438, 44.51804462921277], [11.291830409828693, 44.51805977670056], [11.291819825991015, 44.51778991240559], [11.291442644413173, 44.517797484211734], [11.29146380876062, 44.518337212928635], [11.291086623558092, 44.5183447836319], [11.291097204216186, 44.518614648039005], [11.290720017127109, 44.518622217568506], [11.290741175411899, 44.51916194647999], [11.291118365977443, 44.51915437680882], [11.291128947080608, 44.51942424117154], [11.293014906373745, 44.51938637379171], [11.293025496316709, 44.51965623778527], [11.293402689468257, 44.519648660504444], [11.293434465403061, 44.5204582521836], [11.294566059611448, 44.5204355122348], [11.294544865076391, 44.519895784889115], [11.294922059372041, 44.51988820255871], [11.294911460589102, 44.51961833893461], [11.29528865299785, 44.51961075543053], [11.295267452401283, 44.519071028279875], [11.296399018306145, 44.51904827072564], [11.296367202882303, 44.51823868052753], [11.295990019610574, 44.51824626741056], [11.295958210739315, 44.51743667686623]], [[11.294879665131921, 44.51880874797353], [11.294890263469044, 44.51907861164202], [11.294513074388199, 44.519086193759556], [11.294502477789296, 44.51881633002011], [11.294879665131921, 44.51880874797353]]]}}, {"type": "Feature", "properties": {"threshold": "ge_1", "source": "HistorySUHI", "period": "2013-2026", "hotspot_percentile": "top_10_pct", "label": ">= 1 estate"}, "geometry": {"type": "Polygon", "coordinates": [[[11.285009430251236, 44.51738628331261], [11.285041087459517, 44.51819588006292], [11.283909529066714, 44.518218524751454], [11.283941171962487, 44.51902812200444], [11.284695554801731, 44.51901302636625], [11.284685003545384, 44.5187431607713], [11.285816571479828, 44.51872050819111], [11.28580601515672, 44.518450642793354], [11.286183202433975, 44.5184430895147], [11.286162086755402, 44.51790335881622], [11.286539270408241, 44.517895804434325], [11.286528711052851, 44.517625939133595], [11.286151529138168, 44.51763349344479], [11.28614097166896, 44.5173636280586], [11.285009430251236, 44.51738628331261]]]}}, {"type": "Feature", "properties": {"threshold": "ge_1", "source": "HistorySUHI", "period": "2013-2026", "hotspot_percentile": "top_10_pct", "label": ">= 1 estate"}, "geometry": {"type": "Polygon", "coordinates": [[[11.285083299142027, 44.519275342189694], [11.285072745999448, 44.51900547668017], [11.284695554801731, 44.51901302636625], [11.284706106206025, 44.519282891946425], [11.285083299142027, 44.519275342189694]]]}}, {"type": "Feature", "properties": {"threshold": "ge_1", "source": "HistorySUHI", "period": "2013-2026", "hotspot_percentile": "top_10_pct", "label": ">= 1 estate"}, "geometry": {"type": "Polygon", "coordinates": [[[11.27905871990325, 44.51966585556071], [11.278681522864664, 44.51967338547312], [11.278692046751166, 44.5199432521526], [11.279069245528126, 44.51993572216971], [11.27905871990325, 44.51966585556071]]]}}, {"type": "Feature", "properties": {"threshold": "ge_1", "source": "HistorySUHI", "period": "2013-2026", "hotspot_percentile": "top_10_pct", "label": ">= 1 estate"}, "geometry": {"type": "Polygon", "coordinates": [[[11.285858798252441, 44.519799969634256], [11.284727209458453, 44.51982262306241], [11.284737761306593, 44.52009248859823], [11.28586935531565, 44.52006983495808], [11.285858798252441, 44.519799969634256]]]}}, {"type": "Feature", "properties": {"threshold": "ge_1", "source": "HistorySUHI", "period": "2013-2026", "hotspot_percentile": "top_10_pct", "label": ">= 1 estate"}, "geometry": {"type": "Polygon", "coordinates": [[[11.296818636243746, 44.520120135491155], [11.296441440953089, 44.520127724115866], [11.296462653168817, 44.520667450722165], [11.296839851936157, 44.520659861955416], [11.296818636243746, 44.520120135491155]]]}}, {"type": "Feature", "properties": {"threshold": "ge_1", "source": "HistorySUHI", "period": "2013-2026", "hotspot_percentile": "top_10_pct", "label": ">= 1 estate"}, "geometry": {"type": "Polygon", "coordinates": [[[11.286644872105638, 44.520594456628345], [11.285890469886153, 44.520609565561365], [11.285901027393452, 44.52087943084083], [11.286655433089784, 44.52086432176641], [11.286644872105638, 44.520594456628345]]]}}, {"type": "Feature", "properties": {"threshold": "ge_1", "source": "HistorySUHI", "period": "2013-2026", "hotspot_percentile": "top_10_pct", "label": ">= 1 estate"}, "geometry": {"type": "Polygon", "coordinates": [[[11.275695471626197, 44.5205431816473], [11.275318268045181, 44.520550700568485], [11.275349794536405, 44.521360302330685], [11.275727003332904, 44.52135278319841], [11.275695471626197, 44.5205431816473]]]}}, {"type": "Feature", "properties": {"threshold": "ge_1", "source": "HistorySUHI", "period": "2013-2026", "hotspot_percentile": "top_10_pct", "label": ">= 1 estate"}, "geometry": {"type": "Polygon", "coordinates": [[[11.288876361854863, 44.51973950572654], [11.288499166923073, 44.519747068071375], [11.288509736154687, 44.52001693290014], [11.288132539336365, 44.520024494071066], [11.288143106977817, 44.52029435895577], [11.287765908272961, 44.520301918952754], [11.287776474324199, 44.520571783893445], [11.288153674767445, 44.520564223825716], [11.28816424270525, 44.520834088680864], [11.290050251390328, 44.52079626931771], [11.290060828168457, 44.52106613380415], [11.289683624989525, 44.521073700237025], [11.289704775513778, 44.521613429307145], [11.29008198216963, 44.521605862732656], [11.290103136764042, 44.52214559160199], [11.289725926631176, 44.5221531583181], [11.28975765441946, 44.522962751723604], [11.290134869768035, 44.522955184795045], [11.290145447732675, 44.52322504916316], [11.29089988146206, 44.52320991142998], [11.290783493761529, 44.52024140412546], [11.290029098278977, 44.52025654030044], [11.290007945760816, 44.51971681122402], [11.289630751273759, 44.51972437730286], [11.289599028823536, 44.51891478336485], [11.28922183940305, 44.51892234798665], [11.289232411666605, 44.519192212718245], [11.288855220359624, 44.51919977616618], [11.288876361854863, 44.51973950572654]]]}}, {"type": "Feature", "properties": {"threshold": "ge_1", "source": "HistorySUHI", "period": "2013-2026", "hotspot_percentile": "top_10_pct", "label": ">= 1 estate"}, "geometry": {"type": "Polygon", "coordinates": [[[11.274239175229098, 44.52192258711522], [11.273861962366189, 44.521930101409026], [11.273872464831637, 44.52219996888539], [11.274249679433147, 44.52219245452126], [11.274239175229098, 44.52192258711522]]]}}, {"type": "Feature", "properties": {"threshold": "ge_1", "source": "HistorySUHI", "period": "2013-2026", "hotspot_percentile": "top_10_pct", "label": ">= 1 estate"}, "geometry": {"type": "Polygon", "coordinates": [[[11.286404952813673, 44.524110258277986], [11.286027729028492, 44.52411781304116], [11.28603828846044, 44.52438767812842], [11.286415513984362, 44.52438012329454], [11.286404952813673, 44.524110258277986]]]}}, {"type": "Feature", "properties": {"threshold": "ge_1", "source": "HistorySUHI", "period": "2013-2026", "hotspot_percentile": "top_10_pct", "label": ">= 1 estate"}, "geometry": {"type": "Polygon", "coordinates": [[[11.292656406584223, 44.53910914612166], [11.291901768503442, 44.539124299688055], [11.291922952829651, 44.539664026208925], [11.292262723806509, 44.53965720390979], [11.292298937195673, 44.53962236085111], [11.292289681447016, 44.539386586724554], [11.292549404985326, 44.53938137087218], [11.292662810744066, 44.53927225643696], [11.292656406584223, 44.53910914612166]]]}}, {"type": "Feature", "properties": {"threshold": "ge_1", "source": "HistorySUHI", "period": "2013-2026", "hotspot_percentile": "top_10_pct", "label": ">= 1 estate"}, "geometry": {"type": "Polygon", "coordinates": [[[11.319163326631633, 44.42676137457499], [11.318786738145532, 44.42676902441236], [11.318776063906455, 44.42649916090871], [11.31839947700063, 44.42650680943391], [11.318378132430517, 44.42596708223895], [11.31913129917364, 44.4259517842343], [11.319120623653376, 44.42568192075774], [11.319497205070936, 44.425674269966194], [11.319443821064286, 44.424324952718834], [11.31906724829493, 44.42433260315238], [11.3190565736718, 44.42406273958681], [11.318680002482498, 44.424070388708294], [11.318669329738428, 44.423800525056286], [11.318292760129186, 44.423808172865726], [11.318282089264128, 44.42353830912733], [11.31752895305634, 44.423553600881725], [11.317550288017753, 44.42409332862992], [11.317173716230638, 44.42410097278952], [11.317216381028016, 44.42518042839409], [11.31683980217303, 44.42518807159934], [11.316861132008741, 44.42572779945569], [11.316484549544985, 44.42573544156345], [11.316505876518743, 44.42627516950351], [11.316129290446137, 44.42628281051375], [11.316193264573187, 44.427901994407065], [11.316569861024853, 44.42789435296777], [11.316623185554528, 44.42924367211345], [11.316999790506678, 44.42923602907588], [11.316989123571947, 44.42896616534794], [11.317742329567938, 44.42895087569379], [11.317731659322634, 44.42868101209411], [11.318108260366458, 44.42867336547757], [11.318097588540647, 44.42840350193461], [11.318850786719896, 44.42838820512271], [11.318840111583693, 44.42811834170807], [11.3192167087191, 44.42811069151274], [11.319163326631633, 44.42676137457499]], [[11.318346116696466, 44.42515749133525], [11.318367460369688, 44.42569721861922], [11.31799087850361, 44.42570486568914], [11.31796953828976, 44.425165138262045], [11.318346116696466, 44.42515749133525]]]}}, {"type": "Feature", "properties": {"threshold": "ge_1", "source": "HistorySUHI", "period": "2013-2026", "hotspot_percentile": "top_10_pct", "label": ">= 1 estate"}, "geometry": {"type": "Polygon", "coordinates": [[[11.320648313454049, 44.4261910365137], [11.319895144447907, 44.426206344585985], [11.319927182733219, 44.4270159344525], [11.320303772500436, 44.42700828082175], [11.320293091192605, 44.426738417619376], [11.320669679080407, 44.42673076281969], [11.320648313454049, 44.4261910365137]]]}}, {"type": "Feature", "properties": {"threshold": "ge_1", "source": "HistorySUHI", "period": "2013-2026", "hotspot_percentile": "top_10_pct", "label": ">= 1 estate"}, "geometry": {"type": "Polygon", "coordinates": [[[11.314384862802033, 44.42982923269652], [11.314761472110321, 44.429821596960224], [11.314772129112708, 44.4300914610727], [11.315148740001826, 44.43008382402419], [11.315138081269332, 44.42981395998321], [11.315891299139428, 44.429798682306995], [11.315880637096079, 44.429528818394175], [11.315504029965771, 44.42953645778113], [11.31549336980182, 44.429266593781975], [11.314740158553375, 44.429281868690836], [11.314750815257211, 44.429551732832955], [11.314374207679007, 44.42955936849777], [11.314384862802033, 44.42982923269652]]]}}, {"type": "Feature", "properties": {"threshold": "ge_1", "source": "HistorySUHI", "period": "2013-2026", "hotspot_percentile": "top_10_pct", "label": ">= 1 estate"}, "geometry": {"type": "Polygon", "coordinates": [[[11.325993645977661, 44.43742561388563], [11.325616990827355, 44.437433287684826], [11.325606281183202, 44.43716342599369], [11.325229627613586, 44.437171098480064], [11.32521891985015, 44.436901236702276], [11.324842267861225, 44.43690890787584], [11.324885092892059, 44.437988355185055], [11.325261751803904, 44.437980683724334], [11.325272460167357, 44.438250545442735], [11.325649120659982, 44.43824287266916], [11.325659830904259, 44.43851273430089], [11.326036492977659, 44.438505060214425], [11.326047205102805, 44.4387749217595], [11.32793052187253, 44.43873653235189], [11.327941242801995, 44.439006393522845], [11.328694571920442, 44.43899102892847], [11.32867312328838, 44.438451306859285], [11.32829646226592, 44.438458989633205], [11.32828573990603, 44.43818912850443], [11.327155761129895, 44.43821216916422], [11.327145044112525, 44.43794230780496], [11.326768385950963, 44.43794998547093], [11.326757670814478, 44.43768012402497], [11.326004357502576, 44.4376954754901], [11.325993645977661, 44.43742561388563]]]}}, {"type": "Feature", "properties": {"threshold": "ge_1", "source": "HistorySUHI", "period": "2013-2026", "hotspot_percentile": "top_10_pct", "label": ">= 1 estate"}, "geometry": {"type": "Polygon", "coordinates": [[[11.323755115256713, 44.438011362120925], [11.322625136272165, 44.4380343578873], [11.32263583252003, 44.43830422010801], [11.323765816696987, 44.43828122412643], [11.323755115256713, 44.438011362120925]]]}}, {"type": "Feature", "properties": {"threshold": "ge_1", "source": "HistorySUHI", "period": "2013-2026", "hotspot_percentile": "top_10_pct", "label": ">= 1 estate"}, "geometry": {"type": "Polygon", "coordinates": [[[11.303813174719474, 44.43895570779806], [11.304189845455053, 44.43894810569597], [11.30420045718764, 44.43921797138734], [11.303823784721082, 44.43922557356058], [11.303834394871327, 44.43949543930828], [11.304964417018006, 44.43947262885163], [11.30497503250997, 44.43974249437105], [11.30685840843496, 44.43970445176394], [11.306847784287914, 44.43943458660055], [11.307224457295495, 44.439426974426844], [11.307213831566296, 44.439157109319886], [11.306460488864275, 44.43917233228367], [11.306449866745854, 44.43890246701941], [11.305319856769742, 44.438925291942844], [11.305309239992958, 44.43865542645017], [11.303802564866501, 44.43868584202074], [11.303813174719474, 44.43895570779806]]]}}, {"type": "Feature", "properties": {"threshold": "ge_1", "source": "HistorySUHI", "period": "2013-2026", "hotspot_percentile": "top_10_pct", "label": ">= 1 estate"}, "geometry": {"type": "Polygon", "coordinates": [[[11.326929131012255, 44.44199790537825], [11.326175762310303, 44.44201325914222], [11.32619719061276, 44.44255298183145], [11.326950566239336, 44.442537627780105], [11.326929131012255, 44.44199790537825]]]}}, {"type": "Feature", "properties": {"threshold": "ge_1", "source": "HistorySUHI", "period": "2013-2026", "hotspot_percentile": "top_10_pct", "label": ">= 1 estate"}, "geometry": {"type": "Polygon", "coordinates": [[[11.317942048453737, 44.44353113736039], [11.319072137141253, 44.44350818570014], [11.319061455358765, 44.44323832304471], [11.319814843606332, 44.4432230158746], [11.319804158510957, 44.44295315334761], [11.319427466193273, 44.44296080748168], [11.319416782978829, 44.4426909448682], [11.318663401356972, 44.442706249269264], [11.318674081108929, 44.442976112025974], [11.31792069542611, 44.44299141160513], [11.317942048453737, 44.44353113736039]]]}}, {"type": "Feature", "properties": {"threshold": "ge_1", "source": "HistorySUHI", "period": "2013-2026", "hotspot_percentile": "top_10_pct", "label": ">= 1 estate"}, "geometry": {"type": "Polygon", "coordinates": [[[11.322462395120217, 44.44343926368904], [11.322085700388362, 44.44344692665547], [11.322096396170949, 44.443716788722746], [11.3224730926341, 44.44370912568462], [11.322462395120217, 44.44343926368904]]]}}, {"type": "Feature", "properties": {"threshold": "ge_1", "source": "HistorySUHI", "period": "2013-2026", "hotspot_percentile": "top_10_pct", "label": ">= 1 estate"}, "geometry": {"type": "Polygon", "coordinates": [[[11.329339438145158, 44.44572986382352], [11.329716145607525, 44.44572217662532], [11.329683951226473, 44.444912595044876], [11.328553843971191, 44.444935652267986], [11.328564570087014, 44.44520551302544], [11.32818786563662, 44.445213196355695], [11.328198590171292, 44.4454830571702], [11.328575296353108, 44.44547537376803], [11.328586022769478, 44.44574523449579], [11.328209314856212, 44.44575291796985], [11.328220039691383, 44.44602277875466], [11.327843329896389, 44.44603046105924], [11.327854053150316, 44.44630032190107], [11.327100629646662, 44.44631568292983], [11.32708990985574, 44.44604582194424], [11.326713199610131, 44.44605350052465], [11.326702481700874, 44.44578363945233], [11.325949064222183, 44.4457989927453], [11.325981208011367, 44.44660857634871], [11.325604493852305, 44.44661625134858], [11.325625920332511, 44.447155973820266], [11.325249202560208, 44.447163647722356], [11.325259914293838, 44.44743350900773], [11.325636633797755, 44.44742583503384], [11.325658061178533, 44.447965557416424], [11.326034783995647, 44.44795788205741], [11.326056215440227, 44.44849760423695], [11.326432941570602, 44.44848992749277], [11.326443659249817, 44.448759788488424], [11.326820386961762, 44.44875211043089], [11.326809667550819, 44.44848224950711], [11.327186393380858, 44.44847457027992], [11.327164951546136, 44.44793484853152], [11.327541673762598, 44.44792716820659], [11.327520229065398, 44.44738744654252], [11.328273666121097, 44.44737208245584], [11.32826294053463, 44.447102221745304], [11.329393089796348, 44.4470791665202], [11.329339438145158, 44.44572986382352]]]}}, {"type": "Feature", "properties": {"threshold": "ge_1", "source": "HistorySUHI", "period": "2013-2026", "hotspot_percentile": "top_10_pct", "label": ">= 1 estate"}, "geometry": {"type": "Polygon", "coordinates": [[[11.29706901973999, 44.44962471832333], [11.296692278508184, 44.44963229836829], [11.296713440978996, 44.45017203156524], [11.297090185674776, 44.45016445137839], [11.297100768864583, 44.45043431788372], [11.297477515144106, 44.450426736384266], [11.297488100214238, 44.450696602803845], [11.298618343359006, 44.450673850642616], [11.298607753092755, 44.450403984435965], [11.298984498778918, 44.450396397969875], [11.298910358945985, 44.44850733460582], [11.29853362538339, 44.44851492057493], [11.29852303630408, 44.44824505424986], [11.29739283992178, 44.44826780449482], [11.297403423805552, 44.4485376710328], [11.297026689649664, 44.4485452520356], [11.29706901973999, 44.44962471832333]]]}}, {"type": "Feature", "properties": {"threshold": "ge_1", "source": "HistorySUHI", "period": "2013-2026", "hotspot_percentile": "top_10_pct", "label": ">= 1 estate"}, "geometry": {"type": "Polygon", "coordinates": [[[11.29862893377364, 44.450943716834466], [11.298252184475002, 44.45095130220087], [11.298262773305929, 44.45122116844891], [11.298639524336652, 44.45121358301152], [11.29862893377364, 44.450943716834466]]]}}, {"type": "Feature", "properties": {"threshold": "ge_1", "source": "HistorySUHI", "period": "2013-2026", "hotspot_percentile": "top_10_pct", "label": ">= 1 estate"}, "geometry": {"type": "Polygon", "coordinates": [[[11.323331410157127, 44.4558452326148], [11.32257786151415, 44.45586056638852], [11.322588564192177, 44.45613042777302], [11.322211787913327, 44.456138092868876], [11.322265294890498, 44.45748739992743], [11.322642079831766, 44.45747973447291], [11.322631376403912, 44.457209873162626], [11.323008159462677, 44.45720220653795], [11.322986749591891, 44.45666248401633], [11.32336352903568, 44.45665481629329], [11.323352822592819, 44.456384955081965], [11.32372960015414, 44.45637728618885], [11.323718892128863, 44.45610742503444], [11.323342116299967, 44.456115093855814], [11.323331410157127, 44.4558452326148]]]}}, {"type": "Feature", "properties": {"threshold": "ge_1", "source": "HistorySUHI", "period": "2013-2026", "hotspot_percentile": "top_10_pct", "label": ">= 1 estate"}, "geometry": {"type": "Polygon", "coordinates": [[[11.300432715375534, 44.458469602359195], [11.300055918163286, 44.45847719468153], [11.300077118145811, 44.459016925765695], [11.300453918823592, 44.459009333301246], [11.300432715375534, 44.458469602359195]]]}}, {"type": "Feature", "properties": {"threshold": "ge_1", "source": "HistorySUHI", "period": "2013-2026", "hotspot_percentile": "top_10_pct", "label": ">= 1 estate"}, "geometry": {"type": "Polygon", "coordinates": [[[11.304619958633154, 44.45946546353734], [11.304996760992255, 44.45945785602633], [11.305007384030247, 44.45972772059197], [11.305760991767512, 44.459712501701446], [11.305739738909159, 44.45917277284022], [11.304609337476808, 44.45919559888569], [11.304619958633154, 44.45946546353734]]]}}, {"type": "Feature", "properties": {"threshold": "ge_1", "source": "HistorySUHI", "period": "2013-2026", "hotspot_percentile": "top_10_pct", "label": ">= 1 estate"}, "geometry": {"type": "Polygon", "coordinates": [[[11.311227030511072, 44.49309168535507], [11.310850013302503, 44.49309931793563], [11.310796703073622, 44.49175000842629], [11.310419694394344, 44.491757639406316], [11.310398374820247, 44.491217915355946], [11.309267358300009, 44.491240800407255], [11.309256703943982, 44.490970938145686], [11.308879699874156, 44.490978563937986], [11.308890352494544, 44.49124842627092], [11.308136340435688, 44.49126367426807], [11.308178938524819, 44.49234312402239], [11.307801925328649, 44.4923507464412], [11.307823221797323, 44.49289047137209], [11.306692170898673, 44.49291333159574], [11.306702814149437, 44.49318319425287], [11.306325795148988, 44.49319081191176], [11.306304512268277, 44.49265108644009], [11.305927496590295, 44.49265870271295], [11.30591685710946, 44.4923888398836], [11.304785814388147, 44.4924116810277], [11.30480708308417, 44.49295140709907], [11.305184100945299, 44.492943794485356], [11.305194737252744, 44.49321365742757], [11.305948775999372, 44.493198428327176], [11.305970056005016, 44.493738153882155], [11.307101123421512, 44.49371530047773], [11.307154352084938, 44.49506461303647], [11.308662474603185, 44.495034122994944], [11.308630516125904, 44.49422453636013], [11.30938456607342, 44.494209284306244], [11.309373910074491, 44.493939422207724], [11.309750933088306, 44.49393179438688], [11.309740275502866, 44.49366193234492], [11.310494317610543, 44.493646673115535], [11.310483656702793, 44.49337681120154], [11.31123769474103, 44.49336154714104], [11.311227030511072, 44.49309168535507]]]}}, {"type": "Feature", "properties": {"threshold": "ge_1", "source": "HistorySUHI", "period": "2013-2026", "hotspot_percentile": "top_10_pct", "label": ">= 1 estate"}, "geometry": {"type": "Polygon", "coordinates": [[[11.312368750677193, 44.493338641724236], [11.311614713535933, 44.49335391324558], [11.311625379651217, 44.493623774945284], [11.31237942026415, 44.49360850328102], [11.312368750677193, 44.493338641724236]]]}}, {"type": "Feature", "properties": {"threshold": "ge_1", "source": "HistorySUHI", "period": "2013-2026", "hotspot_percentile": "top_10_pct", "label": ">= 1 estate"}, "geometry": {"type": "Polygon", "coordinates": [[[11.318024010154765, 44.493223946772225], [11.3176469939048, 44.493231601806585], [11.317668381831501, 44.493771322901914], [11.318045401553087, 44.493763667724295], [11.318024010154765, 44.493223946772225]]]}}, {"type": "Feature", "properties": {"threshold": "ge_1", "source": "HistorySUHI", "period": "2013-2026", "hotspot_percentile": "top_10_pct", "label": ">= 1 estate"}, "geometry": {"type": "Polygon", "coordinates": [[[11.299183623340321, 44.493875039284944], [11.298806597889348, 44.49388263221608], [11.298827812525909, 44.494422360415925], [11.299581870222985, 44.49440717302585], [11.299592481236296, 44.494677036961434], [11.299969511597729, 44.49466944132998], [11.299958898848429, 44.494399577465494], [11.300335927325108, 44.494391980661575], [11.300325312988607, 44.494122116853354], [11.300702339580535, 44.494114518877005], [11.300691723656877, 44.49384465512508], [11.300314698800888, 44.49385225303034], [11.300304084761951, 44.49358238919251], [11.299173014509144, 44.49360517523386], [11.299183623340321, 44.493875039284944]]]}}, {"type": "Feature", "properties": {"threshold": "ge_1", "source": "HistorySUHI", "period": "2013-2026", "hotspot_percentile": "top_10_pct", "label": ">= 1 estate"}, "geometry": {"type": "Polygon", "coordinates": [[[11.31735551892237, 44.49539814019571], [11.316601457898818, 44.49541344519289], [11.31661214777849, 44.495683305844125], [11.31736621227404, 44.495668000703716], [11.31735551892237, 44.49539814019571]]]}}, {"type": "Feature", "properties": {"threshold": "ge_1", "source": "HistorySUHI", "period": "2013-2026", "hotspot_percentile": "top_10_pct", "label": ">= 1 estate"}, "geometry": {"type": "Polygon", "coordinates": [[[11.296639818863394, 44.49635694395668], [11.297016860830665, 44.496349357847826], [11.297027460732004, 44.496619222177024], [11.29740450428687, 44.49661163475354], [11.29739390264935, 44.49634177049533], [11.297770944319426, 44.49633418189921], [11.297760341094364, 44.496064317697204], [11.297383301160442, 44.49607190622231], [11.29737269982014, 44.49580204193452], [11.296995661473742, 44.49580962914501], [11.297006261077911, 44.496079493503814], [11.2966292208468, 44.496087079541674], [11.296639818863394, 44.49635694395668]]]}}, {"type": "Feature", "properties": {"threshold": "ge_1", "source": "HistorySUHI", "period": "2013-2026", "hotspot_percentile": "top_10_pct", "label": ">= 1 estate"}, "geometry": {"type": "Polygon", "coordinates": [[[11.319628402162428, 44.49562205543714], [11.31849730789309, 44.49564503366643], [11.318508006602704, 44.49591489394467], [11.31963910608007, 44.49589191550035], [11.319628402162428, 44.49562205543714]]]}}, {"type": "Feature", "properties": {"threshold": "ge_1", "source": "HistorySUHI", "period": "2013-2026", "hotspot_percentile": "top_10_pct", "label": ">= 1 estate"}, "geometry": {"type": "Polygon", "coordinates": [[[11.308737049610142, 44.49692315795735], [11.309114092018987, 44.496915531838525], [11.309092780655169, 44.496375807780396], [11.3087157417186, 44.496383433756485], [11.308705087996845, 44.49611357163382], [11.306819899754917, 44.49615168250341], [11.306809254862927, 44.495881820009274], [11.306432218502884, 44.495889438381084], [11.306442861658782, 44.49615930094651], [11.305311746475311, 44.49618214881416], [11.305301108527706, 44.4959122860349], [11.304924071571048, 44.49591989943232], [11.304892163831097, 44.49511031079196], [11.304138099886867, 44.4951255334286], [11.304148732179026, 44.49539539646599], [11.303771698247305, 44.49540300599016], [11.303782328952442, 44.49567286908396], [11.302274184791372, 44.49570329502956], [11.302295432759864, 44.49624302174215], [11.303803590809773, 44.49621259522711], [11.303835484713453, 44.4970221843307], [11.304212529061912, 44.49701457437926], [11.304223162397404, 44.49728443731294], [11.304977254119537, 44.49726921353661], [11.305019802842232, 44.49834866455334], [11.305773907858015, 44.498333435232304], [11.305763266981081, 44.498063572642856], [11.306140317528945, 44.498055956188054], [11.306129675064907, 44.49778609365507], [11.306883772240521, 44.49777085715699], [11.306873126453185, 44.49750099475178], [11.308004265888602, 44.49747813089105], [11.30799361504187, 44.49720826868497], [11.30874770377993, 44.49719302003554], [11.308737049610142, 44.49692315795735]]]}}, {"type": "Feature", "properties": {"threshold": "ge_1", "source": "HistorySUHI", "period": "2013-2026", "hotspot_percentile": "top_10_pct", "label": ">= 1 estate"}, "geometry": {"type": "Polygon", "coordinates": [[[11.297813358706051, 44.49741363855913], [11.297823962674313, 44.49768350268711], [11.298201012876872, 44.49767591249219], [11.298190407172337, 44.497406048435245], [11.297813358706051, 44.49741363855913]]]}}, {"type": "Feature", "properties": {"threshold": "ge_1", "source": "HistorySUHI", "period": "2013-2026", "hotspot_percentile": "top_10_pct", "label": ">= 1 estate"}, "geometry": {"type": "Polygon", "coordinates": [[[11.298599278258461, 44.498208048980956], [11.29857806293076, 44.49766832105358], [11.298201012876872, 44.49767591249219], [11.298211618730077, 44.49794577653431], [11.297834566791222, 44.49795336680027], [11.297845171056782, 44.49822323089863], [11.298599278258461, 44.498208048980956]]]}}, {"type": "Feature", "properties": {"threshold": "ge_1", "source": "HistorySUHI", "period": "2013-2026", "hotspot_percentile": "top_10_pct", "label": ">= 1 estate"}, "geometry": {"type": "Polygon", "coordinates": [[[11.301281129837143, 44.499234326778584], [11.30052701082723, 44.499249526677225], [11.30053762799112, 44.49951939020408], [11.301291750473883, 44.499504190163194], [11.301281129837143, 44.499234326778584]]]}}, {"type": "Feature", "properties": {"threshold": "ge_1", "source": "HistorySUHI", "period": "2013-2026", "hotspot_percentile": "top_10_pct", "label": ">= 1 estate"}, "geometry": {"type": "Polygon", "coordinates": [[[11.307314060461255, 44.499112548489656], [11.306937003415738, 44.49912016896076], [11.30694765009851, 44.499390031277066], [11.306570591167365, 44.49939765057575], [11.306581236262973, 44.49966751294852], [11.306204175446194, 44.499675131074746], [11.306257394480266, 44.501024443072815], [11.306634463979467, 44.501016824590124], [11.30665575611072, 44.501556549143025], [11.306278683138382, 44.501564167768315], [11.306268038734716, 44.50129430542797], [11.305513895815572, 44.501309538804456], [11.305503255034246, 44.501039676306746], [11.305126185087474, 44.50104729105798], [11.305136824132235, 44.50131715362695], [11.304759752299756, 44.50132476720561], [11.30477038975707, 44.501594629831025], [11.305147463326144, 44.50158701618111], [11.305168742161399, 44.50212674124497], [11.30479166511907, 44.50213435503738], [11.304802303023761, 44.50240421761833], [11.30442522409564, 44.502411830238096], [11.304446496879008, 44.50295155549804], [11.303692331628644, 44.50296677729084], [11.303681698635842, 44.50269691452583], [11.302927536262677, 44.50271213120059], [11.30293816578203, 44.502981994107984], [11.302183999339357, 44.502997205949505], [11.302194625534216, 44.503267068984464], [11.301817540352666, 44.503274673110504], [11.301806915894563, 44.50300481000438], [11.301429832300828, 44.50301241281536], [11.301472324079716, 44.50409186543553], [11.301849414620637, 44.50408426233996], [11.301860039674526, 44.50435412538683], [11.30148294739675, 44.50436172855354], [11.30149357086271, 44.504631591656754], [11.30187066487737, 44.50462398841888], [11.301891915729927, 44.50516371443856], [11.300760622817656, 44.50518652084703], [11.300750002527696, 44.504916657631185], [11.299995809982246, 44.50493185554122], [11.299974576796588, 44.50439212878063], [11.299597483774408, 44.504399725727446], [11.299586869141699, 44.504129862253855], [11.299209777707581, 44.504137457885626], [11.299199164960525, 44.503867594326145], [11.298822075114478, 44.50387518864286], [11.298800853540326, 44.50333546133733], [11.298423767019159, 44.50334305426797], [11.298413158191986, 44.50307319052193], [11.298790242976375, 44.50306559766235], [11.29875841217699, 44.502256006548585], [11.298381332602796, 44.50226359919501], [11.2983707243705, 44.50199373538975], [11.297993646384278, 44.50200132672125], [11.297983040037352, 44.50173146283015], [11.297228887092198, 44.501746641619434], [11.29721828436724, 44.50147677757148], [11.296087059044735, 44.50149953621337], [11.29605526739104, 44.500689943341776], [11.295678197196194, 44.50069752685509], [11.295667602011962, 44.500427662464], [11.295290533405142, 44.500435244662526], [11.295301126852818, 44.50070510912458], [11.294169914931754, 44.50072784847005], [11.294180503318175, 44.500997713130126], [11.293803430644331, 44.501005290495186], [11.293845778727775, 44.50208474927109], [11.293468698958902, 44.5020923256759], [11.293500456369673, 44.502901919815166], [11.293123371242174, 44.50290949518875], [11.293155124778135, 44.503719089407525], [11.292778034291805, 44.503726663749816], [11.292830951134937, 44.50507598750625], [11.293208050305843, 44.50506841280954], [11.29321863585657, 44.50533827744554], [11.293595736616062, 44.505330701433905], [11.293606324052204, 44.505600565984224], [11.294360528599894, 44.50558541008701], [11.294349937689741, 44.50531554567851], [11.295104138169517, 44.505300384946985], [11.295093543933888, 44.505030520665585], [11.296601936163087, 44.50500018455803], [11.296633740159479, 44.50580977650617], [11.297010843056254, 44.50580218915622], [11.29702144642267, 44.50607205303834], [11.29777565524431, 44.506056874464264], [11.29778626223349, 44.506326738189514], [11.298163368158322, 44.50631914696536], [11.29815275943209, 44.506049283311135], [11.300038278139624, 44.50601130888468], [11.30004889555108, 44.506281172183535], [11.30042600058318, 44.50627357349497], [11.300436619880546, 44.50654343670791], [11.302699257368257, 44.50649781802443], [11.30273114742145, 44.50730740629361], [11.303485369147984, 44.50729218968607], [11.303496002938049, 44.50756205227044], [11.303873115314845, 44.5075544420293], [11.303883750991154, 44.507824304527645], [11.303506636877197, 44.50783191484], [11.303517270965429, 44.50810177739474], [11.302385922517589, 44.50812460108067], [11.302396551543266, 44.50839446383417], [11.303905022791099, 44.50836402947987], [11.30391565891474, 44.50863389193377], [11.304669897118535, 44.508618667149285], [11.304680536865797, 44.508888529445876], [11.306566138450712, 44.508850445355655], [11.306576787033489, 44.509120307281044], [11.306953908639965, 44.50911268665921], [11.30694325831993, 44.50884282480514], [11.308828855425835, 44.50880470339025], [11.308839514432142, 44.50907456488759], [11.309970876114406, 44.50905167689468], [11.309960211896367, 44.50878181561153], [11.310337330420897, 44.508774183863665], [11.31032666461515, 44.50850432263712], [11.310703781252938, 44.50849668971655], [11.310693113859532, 44.5082268285466], [11.31107022861058, 44.508219194453325], [11.311038222116247, 44.50740961106884], [11.312169549837664, 44.507386701967505], [11.31215887609411, 44.50711684102408], [11.312535983298256, 44.507109202240294], [11.312525307967286, 44.506839341353505], [11.313279518452472, 44.50682406019675], [11.313268839797107, 44.50655419943814], [11.31477725202272, 44.50652362248217], [11.314766566569089, 44.506253761994856], [11.31514366751406, 44.50624611471734], [11.315154354704678, 44.506515975133084], [11.31590855961909, 44.50650067670282], [11.315897868954503, 44.50623081643024], [11.316274969449928, 44.50622316542067], [11.316253585096492, 44.50568344497421], [11.316630681968137, 44.505675792863826], [11.316587908112474, 44.50459635207929], [11.316210818188296, 44.50460400390323], [11.31614667232241, 44.50298484185169], [11.31652375182611, 44.50297719045738], [11.316502367596476, 44.50243746979804], [11.316125291566074, 44.502445121049156], [11.3161146014127, 44.502175260625634], [11.31573752696905, 44.50218291056131], [11.315716150585034, 44.50164318952657], [11.314962008194582, 44.501658485380105], [11.314951323700413, 44.50138862469734], [11.31344304406855, 44.50141920119239], [11.313421689421677, 44.50087947921009], [11.313044622612495, 44.5008871200813], [11.31303394725006, 44.50061725899641], [11.312656882027715, 44.500624898552324], [11.312635535224699, 44.500085176195064], [11.313012596974138, 44.50007753678213], [11.313001922060645, 44.49980767565274], [11.314133101201763, 44.499784750165894], [11.31412242122875, 44.49951488923621], [11.316007708120779, 44.4994766555744], [11.315964954999492, 44.49839721313851], [11.316342004983259, 44.49838956296133], [11.316309936506775, 44.49757998119342], [11.31593289173168, 44.49758763115582], [11.31592220427538, 44.49731777046525], [11.312151765650457, 44.497394200973375], [11.312141095705618, 44.49712433955271], [11.311387009657372, 44.497139610587716], [11.31137634333441, 44.496869749009335], [11.310622260160413, 44.49688501492692], [11.310611597459241, 44.496615153190845], [11.310234557384167, 44.49662278421278], [11.310245218349197, 44.49689264602027], [11.309868176388537, 44.49690027586998], [11.309878835766844, 44.49717013773404], [11.31025587946367, 44.49716250781292], [11.31026654072759, 44.49743236959076], [11.310643586011158, 44.49742473835458], [11.310654249160741, 44.49769460004618], [11.311031296031047, 44.497686967494914], [11.311052626251135, 44.49822669069078], [11.311806726488197, 44.498211421571504], [11.311838733357447, 44.499021005825384], [11.310707567150837, 44.499043908281735], [11.310686239506351, 44.49850418503199], [11.310309187277783, 44.49851181655382], [11.310319849288973, 44.49878167825753], [11.309942795174633, 44.49878930860707], [11.309932134899757, 44.49851944683197], [11.308046870768589, 44.49855757956711], [11.308057522361862, 44.49882744169908], [11.307303412191372, 44.49884268622985], [11.307314060461255, 44.499112548489656]], [[11.312592843414087, 44.49900573130257], [11.31260351614232, 44.499275592547946], [11.311849402612983, 44.4992908672137], [11.311838733357447, 44.499021005825384], [11.312592843414087, 44.49900573130257]], [[11.311977445346127, 44.50252920271677], [11.31198811654619, 44.502799063912306], [11.312365195960398, 44.50279142627218], [11.312386542282722, 44.50333114847582], [11.312763625020708, 44.503323509448855], [11.312784975415028, 44.50386323145018], [11.313162061476852, 44.50385559103631], [11.313172738635275, 44.50412545194323], [11.313549826284197, 44.50411781021392], [11.313560505329106, 44.50438767103451], [11.313937594565123, 44.50438002798975], [11.313958956577745, 44.50491974944337], [11.313581863868055, 44.50492739263117], [11.313592543362102, 44.50519725340726], [11.313215448765822, 44.505204895422615], [11.313226126672683, 44.50547475625539], [11.312094836775074, 44.505497675052034], [11.312105509620844, 44.505767536084456], [11.311728410952096, 44.50577517326682], [11.311739082210531, 44.506045034355864], [11.311361981655223, 44.50605267036568], [11.311372651326272, 44.506322531511366], [11.310995548884398, 44.5063301663486], [11.311006216968018, 44.506600027550896], [11.31062911263957, 44.50660766121553], [11.31063977913571, 44.50687752247445], [11.310262672920686, 44.50688515496646], [11.310252008161587, 44.50661529363613], [11.309874903534093, 44.50662292481266], [11.309821590666065, 44.50527361758152], [11.310198686608704, 44.50526598676205], [11.310177359034054, 44.50472626390863], [11.310554451353424, 44.504718631988005], [11.310543786053495, 44.50444877061049], [11.310920876486502, 44.50444113751731], [11.310846211416028, 44.502552107959495], [11.311977445346127, 44.50252920271677]], [[11.306374489486565, 44.50399292816447], [11.306395781427764, 44.504532652533946], [11.30601868920218, 44.50454027069955], [11.306029333659774, 44.50481013293335], [11.30489805087714, 44.50483298018016], [11.304908690273246, 44.50510284261294], [11.30453159397712, 44.50511045594516], [11.30454223178545, 44.505380318434376], [11.304165133603254, 44.50538793059382], [11.304175769823756, 44.505657793139456], [11.303421569538136, 44.50567301386874], [11.303410936791563, 44.50540315118067], [11.302279640456131, 44.505425972730826], [11.302258385831776, 44.50488624688311], [11.303012576590017, 44.50487103404509], [11.303001946027516, 44.50460117124137], [11.303379039446206, 44.504593563027555], [11.303368407295862, 44.50432370028024], [11.305253863468707, 44.504285640907696], [11.305243222783217, 44.50401577850172], [11.306374489486565, 44.50399292816447]], [[11.29730311032887, 44.50363568954059], [11.297313714242993, 44.503905553470105], [11.29693662365342, 44.503913141567004], [11.296926021476136, 44.50364327756648], [11.29730311032887, 44.50363568954059]], [[11.310394487552369, 44.50067070976833], [11.310415814115757, 44.5012104329237], [11.309661674481799, 44.50122569366433], [11.309640354864493, 44.500685970223344], [11.310394487552369, 44.50067070976833]], [[11.311095288485394, 44.49930613690455], [11.311105954417739, 44.49957599842093], [11.310728895393277, 44.49958363147218], [11.310718231197312, 44.499313769884374], [11.311095288485394, 44.49930613690455]]]}}, {"type": "Feature", "properties": {"threshold": "ge_1", "source": "HistorySUHI", "period": "2013-2026", "hotspot_percentile": "top_10_pct", "label": ">= 1 estate"}, "geometry": {"type": "Polygon", "coordinates": [[[11.311134245637831, 44.50983836082195], [11.310757120463308, 44.50984599534387], [11.310778457194395, 44.510385717491005], [11.311155585843606, 44.5103780828262], [11.311134245637831, 44.50983836082195]]]}}, {"type": "Feature", "properties": {"threshold": "ge_1", "source": "HistorySUHI", "period": "2013-2026", "hotspot_percentile": "top_10_pct", "label": ">= 1 estate"}, "geometry": {"type": "Polygon", "coordinates": [[[11.330754836316908, 44.51916220569507], [11.33037765624791, 44.519169906262576], [11.330388418569989, 44.519439763150054], [11.330765600377063, 44.51943206251048], [11.330754836316908, 44.51916220569507]]]}}, {"type": "Feature", "properties": {"threshold": "ge_1", "source": "HistorySUHI", "period": "2013-2026", "hotspot_percentile": "top_10_pct", "label": ">= 1 estate"}, "geometry": {"type": "Polygon", "coordinates": [[[11.297636696101605, 44.52172413287045], [11.297259490678133, 44.52173172441074], [11.297301933181904, 44.522811176640616], [11.297679145559403, 44.52280358481617], [11.29768975829587, 44.523073447765576], [11.298444186081543, 44.523058260240184], [11.29843356986795, 44.52278839743289], [11.298810781798945, 44.522780801874084], [11.298789546341283, 44.52224107635725], [11.298412337887333, 44.522248671773895], [11.298391106502127, 44.52170894605566], [11.298013901376278, 44.52171654008543], [11.298003287645388, 44.521446677133035], [11.297626084109158, 44.52145426984701], [11.297636696101605, 44.52172413287045]]]}}, {"type": "Feature", "properties": {"threshold": "ge_1", "source": "HistorySUHI", "period": "2013-2026", "hotspot_percentile": "top_10_pct", "label": ">= 1 estate"}, "geometry": {"type": "Polygon", "coordinates": [[[11.323329236848318, 44.52228442056325], [11.322952034645262, 44.52229209702989], [11.32296276385997, 44.522561955192806], [11.322585559768076, 44.52256963048656], [11.32260701517195, 44.523109346911475], [11.322984222740711, 44.523101671474066], [11.323005682223242, 44.52364138769594], [11.324514524901387, 44.52361067292418], [11.324503788130947, 44.52334081510809], [11.324880996685689, 44.52333313337516], [11.324870258327335, 44.52306327561612], [11.324493051511052, 44.52307095727715], [11.324460842554616, 44.52226138369522], [11.323706438900915, 44.52227674285193], [11.323695706359906, 44.522006884817856], [11.32331850604568, 44.522014562457336], [11.323329236848318, 44.52228442056325]]]}}, {"type": "Feature", "properties": {"threshold": "ge_1", "source": "HistorySUHI", "period": "2013-2026", "hotspot_percentile": "top_10_pct", "label": ">= 1 estate"}, "geometry": {"type": "Polygon", "coordinates": [[[11.312411673197294, 44.52304625306952], [11.31128004264948, 44.5230691708742], [11.311301394044342, 44.52360889156815], [11.312055821513415, 44.52359361399052], [11.312045142264047, 44.52332375379393], [11.312422354035439, 44.523316113209454], [11.312411673197294, 44.52304625306952]]]}}, {"type": "Feature", "properties": {"threshold": "ge_1", "source": "HistorySUHI", "period": "2013-2026", "hotspot_percentile": "top_10_pct", "label": ">= 1 estate"}, "geometry": {"type": "Polygon", "coordinates": [[[11.31923356499966, 44.52371808749254], [11.319610777398358, 44.5237104231143], [11.319621491718538, 44.523980281848985], [11.31999870570554, 44.52397261615424], [11.319966557980155, 44.52316304012085], [11.319212140287009, 44.523178369835186], [11.31923356499966, 44.52371808749254]]]}}, {"type": "Feature", "properties": {"threshold": "ge_1", "source": "HistorySUHI", "period": "2013-2026", "hotspot_percentile": "top_10_pct", "label": ">= 1 estate"}, "geometry": {"type": "Polygon", "coordinates": [[[11.327639718103336, 44.52624775522257], [11.327262491478658, 44.52625544646026], [11.327251741031588, 44.525985589296184], [11.326874515994877, 44.52599327921706], [11.326820774713802, 44.52464399281402], [11.327197991057332, 44.524636303252954], [11.327187241514679, 44.52436644599974], [11.327564455968917, 44.52435875526584], [11.32757520725013, 44.52462861244709], [11.328329639183442, 44.524613227101], [11.328340394092574, 44.52488308412343], [11.328717611571617, 44.524875389511216], [11.328760639670774, 44.52595481716427], [11.329515088085426, 44.52593942362929], [11.329525848964698, 44.52620928036136], [11.33065752567102, 44.52618618050648], [11.330668291917323, 44.526456037007506], [11.331045518922911, 44.52644833449413], [11.330980913277607, 44.52482919569742], [11.330603696703905, 44.52483689777835], [11.330592931363345, 44.52456704118812], [11.329838501240244, 44.52458244147151], [11.329816977966088, 44.524042727958275], [11.329062554193529, 44.52405812297444], [11.329041038476895, 44.52351840911363], [11.328663829841314, 44.52352610461055], [11.328653073947713, 44.523256247585834], [11.327898659701042, 44.5232716347015], [11.327887907435123, 44.52300177751795], [11.327510701824062, 44.52300946913671], [11.327521452351547, 44.52327932639224], [11.326767037200357, 44.52329470603958], [11.326777784401651, 44.52356456342418], [11.326400574861534, 44.523572251452705], [11.326411320475032, 44.52384210889439], [11.32678853175364, 44.523834420793925], [11.326810026909712, 44.524374135488856], [11.326432812154046, 44.52438182373321], [11.3264220662392, 44.52411196632122], [11.325667639752945, 44.52412733893175], [11.325646155329316, 44.523587623775526], [11.325268945337264, 44.52359530806982], [11.325333389984321, 44.52521445379171], [11.324956169410283, 44.525222137272664], [11.325009868731174, 44.52657142532527], [11.325387097998703, 44.52656374148481], [11.325397840053446, 44.526833598978875], [11.325775070909119, 44.526825913821625], [11.325785814853283, 44.527095771228915], [11.326917511732645, 44.52707270807206], [11.326896013562315, 44.52653299367427], [11.327273242076473, 44.52652530360948], [11.327294743724343, 44.52706501786334], [11.327671975565288, 44.52705732640973], [11.327661222927198, 44.526787469362205], [11.328038452878587, 44.52677977673569], [11.328027698652518, 44.52650991974528], [11.327650470439881, 44.52651761229982], [11.327639718103336, 44.52624775522257]]]}}, {"type": "Feature", "properties": {"threshold": "ge_1", "source": "HistorySUHI", "period": "2013-2026", "hotspot_percentile": "top_10_pct", "label": ">= 1 estate"}, "geometry": {"type": "Polygon", "coordinates": [[[11.323145183529636, 44.527149541690214], [11.322767949881268, 44.52715721820508], [11.322757219847515, 44.526887360222794], [11.32200275557705, 44.52690270937418], [11.322024208839704, 44.5274424256112], [11.321646973001181, 44.527450098463156], [11.321657698119262, 44.527719956631195], [11.323166647526216, 44.527689257466584], [11.323145183529636, 44.527149541690214]]]}}, {"type": "Feature", "properties": {"threshold": "ge_1", "source": "HistorySUHI", "period": "2013-2026", "hotspot_percentile": "top_10_pct", "label": ">= 1 estate"}, "geometry": {"type": "Polygon", "coordinates": [[[11.314262595525516, 44.53165118653415], [11.314639860453545, 44.53164353750723], [11.314618472246751, 44.53110381884767], [11.314995733546326, 44.531096168718804], [11.314985037928665, 44.53082630943837], [11.3146077783683, 44.530833959495645], [11.31457569763268, 44.53002438135052], [11.31419844313984, 44.53003202994798], [11.31417706021072, 44.52949231096725], [11.313799809046158, 44.52949995817653], [11.313778430194834, 44.528960238993335], [11.31340118235849, 44.5289678848145], [11.313379807584749, 44.52842816542887], [11.31300256307656, 44.528435809861946], [11.312981192380194, 44.52789609027392], [11.312603951200094, 44.52790373331895], [11.31259326781559, 44.52763387343117], [11.312216028224615, 44.527641515159736], [11.312162622243424, 44.52629221514078], [11.31253985314011, 44.52628457376975], [11.312518488318492, 44.52574485380136], [11.312141260899352, 44.525752495029366], [11.312109220006464, 44.52494291475104], [11.311731997653702, 44.52495055451969], [11.311721319394255, 44.524680694325774], [11.311344098630428, 44.5246883327781], [11.311322746037986, 44.52414861220279], [11.310945528601723, 44.524156249267364], [11.31093485426865, 44.523886388886], [11.310557638421313, 44.523894024634316], [11.310578983759909, 44.52443374552514], [11.31020176428569, 44.52444138017154], [11.310265793460983, 44.5260605429168], [11.310643023367476, 44.52605290784171], [11.31065369715923, 44.5263227681759], [11.309522001774443, 44.526345669880804], [11.309532670499397, 44.52661553041449], [11.30915543666641, 44.52662316189773], [11.309176771087394, 44.52716288306345], [11.309554008398113, 44.52715525143737], [11.30959668599084, 44.52823469330522], [11.309219441724364, 44.528242325216965], [11.309262114754814, 44.529321767133276], [11.308910168891765, 44.529328886211744], [11.308918659995953, 44.5293394106002], [11.30907666622646, 44.529512925492206], [11.309305181182987, 44.529970214322205], [11.309402875024736, 44.53044850551465], [11.30941761322616, 44.530483857411404], [11.309444990490734, 44.5305746793319], [11.309494698476398, 44.530654147386876], [11.309563810084455, 44.530936119698524], [11.31083517452094, 44.530910391588456], [11.310845851007178, 44.53118025165574], [11.311600376453613, 44.53116497505495], [11.31161105656808, 44.53143483496444], [11.311988320805913, 44.5314271947249], [11.312031049718748, 44.53250663392856], [11.311653778523663, 44.5325142744541], [11.31169650287571, 44.533593713706466], [11.312073781028436, 44.53358607289493], [11.312084464230386, 44.53385593259944], [11.312461743972769, 44.53384829047118], [11.312451059031348, 44.53357843083818], [11.312828336884426, 44.53357078753622], [11.312806963972239, 44.53303106836878], [11.313184238196596, 44.53302342396468], [11.313173550225901, 44.53275356443024], [11.313928094746176, 44.532738272029604], [11.313917403446634, 44.532468412623444], [11.314294673742534, 44.53246076462694], [11.314262595525516, 44.53165118653415]]]}}, {"type": "Feature", "properties": {"threshold": "ge_1", "source": "HistorySUHI", "period": "2013-2026", "hotspot_percentile": "top_10_pct", "label": ">= 1 estate"}, "geometry": {"type": "Polygon", "coordinates": [[[11.318380367219815, 44.530757402894366], [11.31800310901017, 44.53076506415734], [11.318035238054401, 44.531574640234766], [11.318412501481673, 44.53156697875672], [11.318380367219815, 44.530757402894366]]]}}, {"type": "Feature", "properties": {"threshold": "ge_1", "source": "HistorySUHI", "period": "2013-2026", "hotspot_percentile": "top_10_pct", "label": ">= 1 estate"}, "geometry": {"type": "Polygon", "coordinates": [[[11.317042620513098, 44.53510578145223], [11.316665333872852, 44.53511343888134], [11.316686743975163, 44.53565315637959], [11.317064034094601, 44.53564549880718], [11.317074741110577, 44.53591535746237], [11.318583907045095, 44.53588471443313], [11.318573193070614, 44.53561485606468], [11.318950482439057, 44.53560719226585], [11.318929051461666, 44.53506747562784], [11.318551765572389, 44.53507513928323], [11.318530338675135, 44.534535422442424], [11.317398490543187, 44.534558405506914], [11.31740919869811, 44.53482826414982], [11.317031913947565, 44.534835922752514], [11.317042620513098, 44.53510578145223]]]}}, {"type": "Feature", "properties": {"threshold": "ge_1", "source": "HistorySUHI", "period": "2013-2026", "hotspot_percentile": "top_10_pct", "label": ">= 1 estate"}, "geometry": {"type": "Polygon", "coordinates": [[[11.328749192409504, 44.53513763996432], [11.327994624830763, 44.53515303092635], [11.328005382144127, 44.53542288751326], [11.328759953201928, 44.5354074964072], [11.328749192409504, 44.53513763996432]]]}}, {"type": "Feature", "properties": {"threshold": "ge_1", "source": "HistorySUHI", "period": "2013-2026", "hotspot_percentile": "top_10_pct", "label": ">= 1 estate"}, "geometry": {"type": "Polygon", "coordinates": [[[11.329546817376272, 44.536201669127394], [11.328792236484647, 44.53621706564667], [11.328867569426377, 44.53810606001865], [11.329999477070976, 44.538082961858855], [11.329934874210581, 44.53646382516717], [11.329557582251578, 44.536471525366764], [11.329546817376272, 44.536201669127394]]]}}, {"type": "Feature", "properties": {"threshold": "ge_1", "source": "HistorySUHI", "period": "2013-2026", "hotspot_percentile": "top_10_pct", "label": ">= 1 estate"}, "geometry": {"type": "Polygon", "coordinates": [[[11.327476675843537, 44.54110526155465], [11.327099353250743, 44.541112954260875], [11.327067087918028, 44.540303384743765], [11.326689770394488, 44.54031107598858], [11.326668264406766, 44.53977136275894], [11.32629095021236, 44.53977905261437], [11.326280199184634, 44.53950919590531], [11.32401632129243, 44.53955530845209], [11.324027061880496, 44.53982516559267], [11.321763168125972, 44.53987123373482], [11.321752437977658, 44.53960137616315], [11.32099780900196, 44.53961672210329], [11.32100853567034, 44.539886579818564], [11.320631219216859, 44.53989425099226], [11.320641944295673, 44.54016410876446], [11.320264625951781, 44.54017177876447], [11.320275349440987, 44.540441636593606], [11.31989802920668, 44.54044930541989], [11.319930195356424, 44.54125887903353], [11.320307520810955, 44.54125120999194], [11.320318244901738, 44.54152106776168], [11.320695571945992, 44.541513397402795], [11.320706297927323, 44.54178325508594], [11.321460955044811, 44.54176791048799], [11.321471684656903, 44.54203776801267], [11.321849014730107, 44.54203009377359], [11.32190267374898, 44.543379380815225], [11.324166703233567, 44.543333307068515], [11.324155960687117, 44.54306345012103], [11.325287968175003, 44.54304039664779], [11.325277220558496, 44.54277053990118], [11.326031887982996, 44.54275516483497], [11.326021137036802, 44.54248530821739], [11.32715313182204, 44.54246223649221], [11.327142375806092, 44.54219238007566], [11.32751970535933, 44.54218468708148], [11.327476675843537, 44.54110526155465]]]}}, {"type": "Feature", "properties": {"threshold": "ge_1", "source": "HistorySUHI", "period": "2013-2026", "hotspot_percentile": "top_10_pct", "label": ">= 1 estate"}, "geometry": {"type": "Polygon", "coordinates": [[[11.3314977464298, 44.547234942949686], [11.331486968551584, 44.54696508759324], [11.331864327770221, 44.54695737959999], [11.331831989820923, 44.546147813657846], [11.33145463582389, 44.54615552143473], [11.331433081427864, 44.54561581058804], [11.331810431943955, 44.54560810295542], [11.331788874671675, 44.54506839219352], [11.332166221555747, 44.54506068345949], [11.332155441405975, 44.544790828128384], [11.331778096262289, 44.544798536790275], [11.331767318004067, 44.54452868137215], [11.331389974449579, 44.54453638871629], [11.331336094127309, 44.5431871110421], [11.331713428980345, 44.54317940405858], [11.331691874428923, 44.54263969302908], [11.332069205650404, 44.54263198494425], [11.332058426861245, 44.542362129479336], [11.332435756191394, 44.54235442022109], [11.332424975813261, 44.54208456481344], [11.333179630539691, 44.54206914270466], [11.333168846832525, 44.541799287426464], [11.333546172228788, 44.54179157457597], [11.33355695767606, 44.542061429781995], [11.33393428466117, 44.542053715613804], [11.3339127104377, 44.54151400533126], [11.333158063276592, 44.5415294321334], [11.333147279871891, 44.54125957682546], [11.332392635585983, 44.541274998501294], [11.332381855812589, 44.5410051430342], [11.331627214402044, 44.541020559583814], [11.331616438259864, 44.540750703957556], [11.33086179972485, 44.540766115381054], [11.330851027213797, 44.54049625959574], [11.330473709459666, 44.54050396336718], [11.330462938839664, 44.54023410749489], [11.329708306358238, 44.54024951115726], [11.329697539369205, 44.539979655125975], [11.328942909763708, 44.53999505366245], [11.328932146405549, 44.53972519747221], [11.328554833116307, 44.53973289480024], [11.328565594734522, 44.54000275106252], [11.328188279554414, 44.54001044721714], [11.328209799763654, 44.54055015984115], [11.328587118423727, 44.54054246354248], [11.328630167613305, 44.54162188832407], [11.32900749308266, 44.541614190491806], [11.329050551647871, 44.54269361474748], [11.329427883926854, 44.542685915381526], [11.329449417595734, 44.543225627276094], [11.329826753204154, 44.54321792652046], [11.329837522005354, 44.54348778237339], [11.330214859202998, 44.54348008030009], [11.33023640073907, 44.54401979181721], [11.33061374126623, 44.54401208835416], [11.330624514001176, 44.544281944018344], [11.330247171733692, 44.544289647553484], [11.33025794287938, 44.544559503274876], [11.327993875660882, 44.54460569875985], [11.327972354404697, 44.54406598643763], [11.327595012820627, 44.544073681181374], [11.327584254159222, 44.543803824925966], [11.327206914164583, 44.54381151835209], [11.32719615739436, 44.54354166200983], [11.326064141726258, 44.54356473459861], [11.326074893275583, 44.54383459115678], [11.32532021192893, 44.54384996679849], [11.325330960148383, 44.54411982348568], [11.323821588685028, 44.54415056010931], [11.32387529723528, 44.54549984476058], [11.324252649029223, 44.54549216211367], [11.324263392931726, 44.54576201892749], [11.325395452630808, 44.54573896329687], [11.325384703506854, 44.54546910669881], [11.326516756627681, 44.54544604007274], [11.32652751097306, 44.54571589645495], [11.326904863452178, 44.54570820501624], [11.326926376076445, 44.54624791759214], [11.327303731885717, 44.54624022476378], [11.327325248594535, 44.54677993713624], [11.32770260773402, 44.54677224291816], [11.327713368055353, 44.54704209901011], [11.328468089362719, 44.547026706692705], [11.328457325560223, 44.546756850744785], [11.329589401167237, 44.546733753141694], [11.32960017019146, 44.54700360887348], [11.330354889988799, 44.546988204098604], [11.330365662645251, 44.54725805967136], [11.331120385319416, 44.54724264976932], [11.331125074941479, 44.547360085365995], [11.331225095703738, 44.5473654764009], [11.33140078699674, 44.547371448935685], [11.331491780528479, 44.54736452205502], [11.331578230790464, 44.547342500655], [11.331680523164755, 44.547303275878996], [11.331844563412798, 44.54723408964401], [11.3318602369673, 44.54722753863109], [11.3314977464298, 44.547234942949686]]]}}, {"type": "Feature", "properties": {"threshold": "ge_1", "source": "HistorySUHI", "period": "2013-2026", "hotspot_percentile": "top_10_pct", "label": ">= 1 estate"}, "geometry": {"type": "Polygon", "coordinates": [[[11.329803105454282, 44.438428251091125], [11.329049784160611, 44.43844362284428], [11.329060510132338, 44.43871348381441], [11.329813834887629, 44.43869811191738], [11.329803105454282, 44.438428251091125]]]}}, {"type": "Feature", "properties": {"threshold": "ge_1", "source": "HistorySUHI", "period": "2013-2026", "hotspot_percentile": "top_10_pct", "label": ">= 1 estate"}, "geometry": {"type": "Polygon", "coordinates": [[[11.329189233513898, 44.44195181429715], [11.329565916738304, 44.44194412810606], [11.329576646394704, 44.442213988811126], [11.32995333119992, 44.44220630130687], [11.329931868575208, 44.44166658002574], [11.330308549767869, 44.44165889142419], [11.330297816949944, 44.4413890308333], [11.329544457876434, 44.44140440665133], [11.329533728670961, 44.44113454590168], [11.328780372458333, 44.44114991661112], [11.328801824095319, 44.44168963838325], [11.32917850573891, 44.44168195350528], [11.329189233513898, 44.44195181429715]]]}}, {"type": "Feature", "properties": {"threshold": "ge_1", "source": "HistorySUHI", "period": "2013-2026", "hotspot_percentile": "top_10_pct", "label": ">= 1 estate"}, "geometry": {"type": "Polygon", "coordinates": [[[11.3363999946394, 44.443154861313744], [11.336776683659359, 44.443147151179126], [11.33676592050894, 44.442877291902406], [11.335259170449348, 44.442908124704864], [11.335269926675055, 44.44317798427013], [11.334893237052198, 44.44318568943975], [11.334903991697386, 44.44345554906226], [11.336410756209405, 44.44342472064774], [11.3363999946394, 44.443154861313744]]]}}, {"type": "Feature", "properties": {"threshold": "ge_1", "source": "HistorySUHI", "period": "2013-2026", "hotspot_percentile": "top_10_pct", "label": ">= 1 estate"}, "geometry": {"type": "Polygon", "coordinates": [[[11.336432279801711, 44.44396443927115], [11.335678890922177, 44.44397985624948], [11.335689649481932, 44.44424971568314], [11.335312953084795, 44.44425742238251], [11.33535598190571, 44.44533686025706], [11.335732685228203, 44.4453291532692], [11.335754204005726, 44.445868871973026], [11.336507617124122, 44.44585345398472], [11.336496854197152, 44.44558359478452], [11.336873558798766, 44.44557588400049], [11.33686279429119, 44.44530602485758], [11.337616199579193, 44.445290599709836], [11.337562361990187, 44.44394130449407], [11.336808974015337, 44.443956728920064], [11.336798210412555, 44.443686869687944], [11.336421517930175, 44.44369457996687], [11.336432279801711, 44.44396443927115]]]}}, {"type": "Feature", "properties": {"threshold": "ge_1", "source": "HistorySUHI", "period": "2013-2026", "hotspot_percentile": "top_10_pct", "label": ">= 1 estate"}, "geometry": {"type": "Polygon", "coordinates": [[[11.354201807057105, 44.44521984606086], [11.353448411626415, 44.44523538058877], [11.353480934596506, 44.44604494836852], [11.354611043096572, 44.44602164406048], [11.354589350576628, 44.445481932658375], [11.354212651357859, 44.445489701856964], [11.354201807057105, 44.44521984606086]]]}}, {"type": "Feature", "properties": {"threshold": "ge_1", "source": "HistorySUHI", "period": "2013-2026", "hotspot_percentile": "top_10_pct", "label": ">= 1 estate"}, "geometry": {"type": "Polygon", "coordinates": [[[11.339575149720185, 44.44714102526704], [11.339951863503394, 44.44713330411874], [11.339919526162433, 44.44632372864623], [11.338789399943307, 44.44634688771671], [11.338800173711535, 44.44661674643915], [11.338423462938445, 44.446624463718784], [11.338455779954204, 44.44743404001355], [11.339585927404327, 44.447410883800394], [11.339575149720185, 44.44714102526704]]]}}, {"type": "Feature", "properties": {"threshold": "ge_1", "source": "HistorySUHI", "period": "2013-2026", "hotspot_percentile": "top_10_pct", "label": ">= 1 estate"}, "geometry": {"type": "Polygon", "coordinates": [[[11.331265929603473, 44.4467708561666], [11.330512501879458, 44.44678623982844], [11.330523237705036, 44.4470561001222], [11.32976980591628, 44.447071478962286], [11.329780538429103, 44.44734133938513], [11.330157256130256, 44.44733365051384], [11.330178725070235, 44.44787337117101], [11.331308887660956, 44.44785029667664], [11.331319627551485, 44.448120156767], [11.331696349845807, 44.44811246271395], [11.331685608223633, 44.447842602695594], [11.332815769008628, 44.44781951330371], [11.332805022342097, 44.447549653486575], [11.333558458649435, 44.44753425449549], [11.33352620916382, 44.44672467538723], [11.332772783245847, 44.44674007394599], [11.332762037181539, 44.4464702140694], [11.331255190465246, 44.44650099600195], [11.331265929603473, 44.4467708561666]]]}}, {"type": "Feature", "properties": {"threshold": "ge_1", "source": "HistorySUHI", "period": "2013-2026", "hotspot_percentile": "top_10_pct", "label": ">= 1 estate"}, "geometry": {"type": "Polygon", "coordinates": [[[11.348390987401052, 44.45074111958695], [11.349897924677869, 44.45071010927498], [11.349854619962013, 44.44963068364665], [11.3487244380129, 44.44965394237227], [11.348735258769194, 44.449923799019366], [11.348358529417869, 44.44993154951745], [11.348369348594016, 44.45020140622218], [11.347992617359361, 44.450209155551285], [11.348003434955313, 44.450479012313636], [11.348380167921743, 44.450471262912004], [11.348390987401052, 44.45074111958695]]]}}, {"type": "Feature", "properties": {"threshold": "ge_1", "source": "HistorySUHI", "period": "2013-2026", "hotspot_percentile": "top_10_pct", "label": ">= 1 estate"}, "geometry": {"type": "Polygon", "coordinates": [[[11.341954107273695, 44.450063118033874], [11.34120064297051, 44.45007857309398], [11.341222215666521, 44.45061828924034], [11.341598951357303, 44.45061056218642], [11.341631316730357, 44.451420136077445], [11.342384798049645, 44.451404677810984], [11.342395590273464, 44.45167453560023], [11.343525816314035, 44.45165133867159], [11.343515018894495, 44.45138148109942], [11.34389175887359, 44.45137374637907], [11.34384856378079, 44.450294316231094], [11.343471830729062, 44.45030205066191], [11.343461034065873, 44.450032193015325], [11.343084302594661, 44.450039926132256], [11.343073507814498, 44.449770068398436], [11.341943317688823, 44.44979326008301], [11.341954107273695, 44.450063118033874]]]}}, {"type": "Feature", "properties": {"threshold": "ge_1", "source": "HistorySUHI", "period": "2013-2026", "hotspot_percentile": "top_10_pct", "label": ">= 1 estate"}, "geometry": {"type": "Polygon", "coordinates": [[[11.350848767101793, 44.46500471682653], [11.350095115431207, 44.46502023464333], [11.350084282715097, 44.46475037897528], [11.349707458385174, 44.464758135947854], [11.349685796874404, 44.46421842442189], [11.349308975858799, 44.464226180007174], [11.349287318421062, 44.4636864682765], [11.348533682866647, 44.46370197543048], [11.348544508043677, 44.46397183144839], [11.348167688305942, 44.46397958323478], [11.348210983598765, 44.4650590074477], [11.34783415677716, 44.4650667582821], [11.34784497924643, 44.46533661437064], [11.348221807801147, 44.4653288634637], [11.348254281318358, 44.46613843142236], [11.348631114920872, 44.46613067905562], [11.348652768157198, 44.466670390808524], [11.349029605074438, 44.46666263705445], [11.34904043365342, 44.466932492836015], [11.34941727215217, 44.466924737767144], [11.349482257212694, 44.46854387170832], [11.351366499429322, 44.46850507555221], [11.351323140781533, 44.46742565443654], [11.350569458217192, 44.46744117604486], [11.35055862240155, 44.46717132058345], [11.350181782624896, 44.46717907945162], [11.350138447813613, 44.46609965716661], [11.350515280657348, 44.46609189858887], [11.35048277594341, 44.465282331936564], [11.350859603435886, 44.46527457233448], [11.350848767101793, 44.46500471682653]]]}}, {"type": "Feature", "properties": {"threshold": "ge_1", "source": "HistorySUHI", "period": "2013-2026", "hotspot_percentile": "top_10_pct", "label": ">= 1 estate"}, "geometry": {"type": "Polygon", "coordinates": [[[11.355058975097553, 44.46653840804787], [11.354682140611013, 44.466546181677344], [11.354671286185653, 44.46627632697069], [11.353917620222681, 44.46629187035759], [11.353939322292687, 44.46683158004691], [11.3535624856167, 44.4668393500225], [11.35357333514654, 44.46710920491751], [11.353950173555772, 44.46710143486921], [11.3540044321521, 44.468450708757274], [11.354758125847486, 44.46843516420668], [11.35476898148972, 44.46870501879412], [11.35589952609198, 44.468681692432824], [11.35588866524961, 44.468411838063666], [11.356265511412634, 44.4684040601981], [11.356254648989108, 44.468134205886834], [11.35587780455943, 44.468141983679615], [11.355845223402016, 44.46733242043802], [11.355468384020062, 44.467340196770216], [11.355457525671877, 44.46707034225378], [11.35508068787102, 44.467078117270965], [11.355058975097553, 44.46653840804787]]]}}, {"type": "Feature", "properties": {"threshold": "ge_1", "source": "HistorySUHI", "period": "2013-2026", "hotspot_percentile": "top_10_pct", "label": ">= 1 estate"}, "geometry": {"type": "Polygon", "coordinates": [[[11.357783764051547, 44.46864279031817], [11.357406916764166, 44.46865057322568], [11.357417784692304, 44.468920427288715], [11.357794633713072, 44.468912644308375], [11.357783764051547, 44.46864279031817]]]}}, {"type": "Feature", "properties": {"threshold": "ge_1", "source": "HistorySUHI", "period": "2013-2026", "hotspot_percentile": "top_10_pct", "label": ">= 1 estate"}, "geometry": {"type": "Polygon", "coordinates": [[[11.363861499050033, 44.47905014953476], [11.362730760735833, 44.47907355897484], [11.362741657151446, 44.47934341150844], [11.363872400668535, 44.47932000184929], [11.363861499050033, 44.47905014953476]]]}}, {"type": "Feature", "properties": {"threshold": "ge_1", "source": "HistorySUHI", "period": "2013-2026", "hotspot_percentile": "top_10_pct", "label": ">= 1 estate"}, "geometry": {"type": "Polygon", "coordinates": [[[11.365428628096355, 44.489820801086694], [11.363543718814286, 44.48985984385891], [11.363532814705843, 44.489589991980104], [11.363155834126072, 44.48959779673195], [11.363144931905683, 44.4893279447652], [11.361637014999676, 44.48935915104886], [11.361647910279157, 44.48962900330764], [11.359386019927948, 44.48967577587574], [11.359396904948555, 44.489945628557294], [11.358642936806822, 44.48996120961364], [11.358653818509396, 44.4902310624261], [11.358276832474438, 44.49023885116235], [11.358287712594207, 44.49050870403278], [11.359041687982256, 44.49049312517127], [11.359052571725226, 44.49076297788101], [11.360183538869157, 44.49073960004579], [11.360194427970782, 44.49100945252186], [11.360571418448906, 44.49100165735071], [11.36056052761192, 44.49073180494761], [11.363953419424686, 44.49066159311858], [11.363964325879822, 44.49093144486466], [11.364718303627974, 44.490915828414416], [11.364740123938345, 44.49145553156954], [11.365494108016296, 44.49143990985403], [11.36548319431389, 44.4911700584301], [11.366237174309207, 44.49115443188784], [11.366215340421954, 44.49061472928769], [11.36659232671943, 44.49060691429798], [11.366581408270028, 44.490337063048635], [11.366204423707847, 44.490344877965235], [11.36619350714675, 44.490075026627856], [11.36543954103394, 44.490090652585216], [11.365428628096355, 44.489820801086694]]]}}, {"type": "Feature", "properties": {"threshold": "ge_1", "source": "HistorySUHI", "period": "2013-2026", "hotspot_percentile": "top_10_pct", "label": ">= 1 estate"}, "geometry": {"type": "Polygon", "coordinates": [[[11.368187679016284, 44.49273444902312], [11.36856467843148, 44.49272662723183], [11.368575606935845, 44.49299647798098], [11.368952607933364, 44.49298865487319], [11.368941677693499, 44.49271880419724], [11.369318676802315, 44.492710979919366], [11.369307744980182, 44.49244112930171], [11.36893074760684, 44.492448953506376], [11.368919817673376, 44.49217910280057], [11.368542821882285, 44.492186925688756], [11.368553750080295, 44.492456776467755], [11.368176752400576, 44.49246459818585], [11.368187679016284, 44.49273444902312]]]}}, {"type": "Feature", "properties": {"threshold": "ge_1", "source": "HistorySUHI", "period": "2013-2026", "hotspot_percentile": "top_10_pct", "label": ">= 1 estate"}, "geometry": {"type": "Polygon", "coordinates": [[[11.368652110755615, 44.494885432807045], [11.367521070396425, 44.49490889620749], [11.367542919595133, 44.495448597891155], [11.368673970368594, 44.49542513405158], [11.368652110755615, 44.494885432807045]]]}}, {"type": "Feature", "properties": {"threshold": "ge_1", "source": "HistorySUHI", "period": "2013-2026", "hotspot_percentile": "top_10_pct", "label": ">= 1 estate"}, "geometry": {"type": "Polygon", "coordinates": [[[11.36152152259999, 44.49584340135762], [11.361144501186603, 44.49585120032881], [11.361133605865705, 44.49558134826711], [11.360002545916716, 44.49560473750109], [11.36002432629636, 44.49614444204732], [11.359647302536406, 44.49615223611763], [11.359658191219348, 44.49642208844132], [11.359281165570911, 44.49642988134109], [11.359335602595488, 44.49777914310045], [11.360089671099011, 44.49776355532809], [11.360078779916917, 44.49749370315192], [11.36045581220372, 44.4974859074734], [11.36044491943834, 44.49721605535526], [11.360821949836508, 44.497208258506184], [11.360811055487893, 44.49693840644607], [11.361188083997432, 44.49693060842646], [11.361166292286564, 44.49639090440746], [11.361543317171611, 44.49638310529031], [11.36152152259999, 44.49584340135762]]]}}, {"type": "Feature", "properties": {"threshold": "ge_1", "source": "HistorySUHI", "period": "2013-2026", "hotspot_percentile": "top_10_pct", "label": ">= 1 estate"}, "geometry": {"type": "Polygon", "coordinates": [[[11.366144035500675, 44.49817837605161], [11.365389964944052, 44.49819400390925], [11.365411796986063, 44.498733706112425], [11.366165874486764, 44.49871807796229], [11.366144035500675, 44.49817837605161]]]}}, {"type": "Feature", "properties": {"threshold": "ge_1", "source": "HistorySUHI", "period": "2013-2026", "hotspot_percentile": "top_10_pct", "label": ">= 1 estate"}, "geometry": {"type": "Polygon", "coordinates": [[[11.3699800020545, 44.49971926331284], [11.369602957968162, 44.4997270907382], [11.369613893928344, 44.49999694095278], [11.368859801823545, 44.50001259221918], [11.368870734464716, 44.500282442565265], [11.368493686446275, 44.500290266406274], [11.368504617504513, 44.50056011681065], [11.368127567596659, 44.50056793948123], [11.368116638274604, 44.50029808900366], [11.366985492840474, 44.50032154933405], [11.366963645072891, 44.499781847895036], [11.36583250867756, 44.49980529659395], [11.36584342727634, 44.50007514754035], [11.366220474630685, 44.50006733247785], [11.36624231575979, 44.5006070341796], [11.36699641695396, 44.50059140003117], [11.36701826564033, 44.50113110138062], [11.367772373166881, 44.501115461964936], [11.367761445274647, 44.50084561144402], [11.36926965154439, 44.50081431798159], [11.36928058638155, 44.501084168209665], [11.369657639302071, 44.501076341661715], [11.369668576028765, 44.50134619180162], [11.370045630532223, 44.50133836393677], [11.370056569148499, 44.50160821398849], [11.371187736947569, 44.50158472271213], [11.371176793122494, 44.50131487288023], [11.371553847012468, 44.50130704004072], [11.371542901604563, 44.50103719026719], [11.371919953604872, 44.50102935625734], [11.371865220185928, 44.49968010753217], [11.371488176866427, 44.49968794117549], [11.371477232379059, 44.499418091312336], [11.369969064511514, 44.499449413156604], [11.3699800020545, 44.49971926331284]]]}}, {"type": "Feature", "properties": {"threshold": "ge_1", "source": "HistorySUHI", "period": "2013-2026", "hotspot_percentile": "top_10_pct", "label": ">= 1 estate"}, "geometry": {"type": "Polygon", "coordinates": [[[11.36106166414631, 44.50314500005498], [11.360307526804421, 44.503160595720004], [11.360318421193066, 44.50343044758301], [11.36107256200792, 44.503414851772035], [11.36106166414631, 44.50314500005498]]]}}, {"type": "Feature", "properties": {"threshold": "ge_1", "source": "HistorySUHI", "period": "2013-2026", "hotspot_percentile": "top_10_pct", "label": ">= 1 estate"}, "geometry": {"type": "Polygon", "coordinates": [[[11.36152593365118, 44.50529601309176], [11.360771768829787, 44.50531161241208], [11.360815359135062, 44.50639101900547], [11.361192448568994, 44.506383219675314], [11.36117064963735, 44.505843516554414], [11.361547735445019, 44.505835716126334], [11.36152593365118, 44.50529601309176]]]}}, {"type": "Feature", "properties": {"threshold": "ge_1", "source": "HistorySUHI", "period": "2013-2026", "hotspot_percentile": "top_10_pct", "label": ">= 1 estate"}, "geometry": {"type": "Polygon", "coordinates": [[[11.335970614243765, 44.5174351319298], [11.335981401729182, 44.51770498782438], [11.33635857084198, 44.517697268950116], [11.336347781618672, 44.51742741312778], [11.335970614243765, 44.5174351319298]]]}}, {"type": "Feature", "properties": {"threshold": "ge_1", "source": "HistorySUHI", "period": "2013-2026", "hotspot_percentile": "top_10_pct", "label": ">= 1 estate"}, "geometry": {"type": "Polygon", "coordinates": [[[11.336724948842308, 44.5174196930813], [11.336735739803505, 44.5176895488314], [11.33635857084198, 44.517697268950116], [11.336369360216562, 44.51796712475758], [11.337500871860954, 44.51794396045129], [11.337479282835671, 44.517404249255016], [11.336724948842308, 44.5174196930813]]]}}, {"type": "Feature", "properties": {"threshold": "ge_1", "source": "HistorySUHI", "period": "2013-2026", "hotspot_percentile": "top_10_pct", "label": ">= 1 estate"}, "geometry": {"type": "Polygon", "coordinates": [[[11.335981401729182, 44.51770498782438], [11.335604232465135, 44.51771270545417], [11.335615018363882, 44.51798256140609], [11.335992189365848, 44.517974843704074], [11.335981401729182, 44.51770498782438]]]}}, {"type": "Feature", "properties": {"threshold": "ge_1", "source": "HistorySUHI", "period": "2013-2026", "hotspot_percentile": "top_10_pct", "label": ">= 1 estate"}, "geometry": {"type": "Polygon", "coordinates": [[[11.34200527407616, 44.51731148176438], [11.341250943717966, 44.51732695545715], [11.341261755533631, 44.51759681033943], [11.340884588389283, 44.51760454539155], [11.340873778311476, 44.5173346904369], [11.340496612753425, 44.51734242417221], [11.34050742109337, 44.51761227919924], [11.340130253645919, 44.517620011762475], [11.340151867304638, 44.518159721916604], [11.34052903822789, 44.51815198920864], [11.340550655968595, 44.51869169915853], [11.340927830216193, 44.51868396506135], [11.34094945203909, 44.519223674806966], [11.341703807031504, 44.51920820258958], [11.34167136409665, 44.51839863838318], [11.342048536151498, 44.51839090062495], [11.342037720405203, 44.51812104593214], [11.342792060584097, 44.51810556682711], [11.34275960382781, 44.517296003093904], [11.342382439027816, 44.51730374305135], [11.34237162215025, 44.51703388837141], [11.34199445893642, 44.51704162701203], [11.34200527407616, 44.51731148176438]]]}}, {"type": "Feature", "properties": {"threshold": "ge_1", "source": "HistorySUHI", "period": "2013-2026", "hotspot_percentile": "top_10_pct", "label": ">= 1 estate"}, "geometry": {"type": "Polygon", "coordinates": [[[11.339204005552855, 44.52277045017019], [11.338826804475259, 44.52277817912971], [11.338794397345623, 44.52196861376695], [11.337285612380619, 44.52199951629074], [11.337339590253842, 44.52334879326687], [11.337716795413927, 44.52334106914149], [11.337727593181109, 44.523610924419806], [11.33810479992821, 44.52360319897743], [11.33812639939369, 44.52414290934487], [11.338503609466267, 44.52413518251317], [11.338525213014472, 44.52467489267648], [11.33927963965921, 44.524659434989594], [11.339268834332364, 44.52438958006003], [11.339646045688974, 44.52438184942181], [11.339624432012869, 44.52384213966272], [11.340001639741018, 44.523834407924454], [11.339990831391829, 44.52356455309495], [11.339613625402107, 44.523572284760846], [11.339592012635153, 44.52303257491249], [11.339214809970693, 44.523040305189014], [11.339204005552855, 44.52277045017019]]]}}, {"type": "Feature", "properties": {"threshold": "ge_1", "source": "HistorySUHI", "period": "2013-2026", "hotspot_percentile": "top_10_pct", "label": ">= 1 estate"}, "geometry": {"type": "Polygon", "coordinates": [[[11.33152031011474, 44.50996396330956], [11.331498782283475, 44.50942424905587], [11.331875899194461, 44.509416546105655], [11.331865133768018, 44.50914668902861], [11.332996478383842, 44.5091235729296], [11.33300724902177, 44.509393429790336], [11.33376148148502, 44.50937801269291], [11.333793804728032, 44.51018758275308], [11.333416683360312, 44.51019529214028], [11.333427456339507, 44.51046514886942], [11.333804579444477, 44.51045743941008], [11.333815354311978, 44.510727296052195], [11.333438229469735, 44.51073500558369], [11.333459776183304, 44.51127471896763], [11.334214032665974, 44.51125929837188], [11.334257141804699, 44.51233872438413], [11.334634276768927, 44.51233101193127], [11.334709735741757, 44.514220006375034], [11.335086882717436, 44.514212292172665], [11.33515157815755, 44.515831429254256], [11.335528735408056, 44.51582371337437], [11.335539520248282, 44.51609356943039], [11.336293837771143, 44.516078133793016], [11.336304626238123, 44.516347989689706], [11.336681786510447, 44.5163402699322], [11.336692576866476, 44.516610125741785], [11.337824061988998, 44.51658695878607], [11.337813266419607, 44.51631710319327], [11.338190426086644, 44.516309378458175], [11.338158035073405, 44.51549981180739], [11.338535189375868, 44.51549208604478], [11.338524390936525, 44.51522223053707], [11.339278695611878, 44.51520677542341], [11.339267893848625, 44.51493692004545], [11.340399344512813, 44.514913728259415], [11.340388537688131, 44.51464387308359], [11.340765685868911, 44.514636140071964], [11.340754877458151, 44.514366284953624], [11.341132023749804, 44.51435855077004], [11.341121213753011, 44.51408869570921], [11.34149835815554, 44.51408096035372], [11.341487546572763, 44.513811105350385], [11.341864689086178, 44.513803368823], [11.341810624758585, 44.512454093945074], [11.341433490932493, 44.51246183011048], [11.341411869737358, 44.51192211991035], [11.341034739234464, 44.51192985468678], [11.340991505612127, 44.51085043381843], [11.340614381906944, 44.510858167061194], [11.340603575617429, 44.510588311734544], [11.339472208804738, 44.510611503780865], [11.339461407878415, 44.5103416482223], [11.338707166053931, 44.510357103221175], [11.338663977760262, 44.509277680259665], [11.339041091799489, 44.50926995367152], [11.33903029336737, 44.50900009796626], [11.339407405518095, 44.508992370206336], [11.339418205687329, 44.509262225839294], [11.340549546442276, 44.509239034878085], [11.340560351974327, 44.50950889027912], [11.340937466993498, 44.50950115739819], [11.34094827441419, 44.50977101271201], [11.341325391019, 44.5097632785146], [11.341336200328382, 44.510033133741146], [11.342090436557704, 44.51001766146925], [11.342079623773982, 44.50974780638749], [11.342456739924103, 44.50974006845777], [11.342445925554824, 44.50947021343354], [11.342823039816192, 44.50946247433215], [11.342812223861408, 44.50919261936546], [11.34318933623403, 44.50918487909242], [11.343178518693785, 44.50891502418326], [11.343555629177663, 44.50890728273859], [11.34354481005201, 44.508637427886995], [11.344299027090594, 44.5086219414104], [11.344288204642549, 44.50835208668886], [11.34504241760018, 44.50833659538104], [11.345096548728451, 44.50968586811512], [11.345850778449732, 44.509670371106104], [11.345861608605013, 44.509940225463225], [11.346992957259559, 44.50991697040144], [11.34698212189286, 44.50964711626193], [11.34735923607013, 44.509639362159035], [11.347348399118225, 44.50936950807718], [11.347725511406457, 44.509361752802775], [11.347714672869396, 44.50909189877861], [11.349223113554283, 44.50906086553072], [11.349212268220962, 44.50879101178206], [11.350720699524972, 44.508759958919946], [11.35070984739562, 44.50849010544697], [11.351086953104325, 44.50848233919402], [11.351076099390124, 44.50821248577884], [11.350698995418407, 44.50822025195911], [11.350644737814287, 44.50687098429631], [11.352530212728341, 44.50683214277227], [11.352541072629213, 44.50710199597115], [11.353295265003009, 44.507086450508424], [11.353316992209042, 44.50762615657054], [11.353694091641279, 44.507618381827726], [11.353726688803402, 44.50842794059086], [11.354103793294142, 44.508420164385775], [11.3541146610565, 44.50869001720425], [11.354491767131872, 44.50868223968238], [11.354480897632527, 44.50841238693668], [11.355612209733307, 44.508389047125355], [11.3556230844436, 44.50865889965264], [11.356377295222519, 44.50864333341272], [11.356388173559266, 44.508913185779434], [11.35676528045698, 44.5089054007206], [11.356819683113706, 44.51025466196629], [11.356442567530646, 44.510262447389394], [11.356431688431343, 44.5099925950972], [11.355677460281935, 44.510008162065475], [11.355666584809343, 44.50973830961271], [11.355289472243026, 44.5097460911579], [11.355267725229364, 44.509206386062054], [11.353005067475948, 44.509253048334514], [11.353015930484187, 44.50952290132656], [11.352638818588389, 44.50953067409054], [11.352649680011828, 44.509800527140406], [11.352272566226665, 44.509808298733056], [11.352283426065252, 44.51007815184076], [11.351906310390717, 44.510085922262036], [11.351917168644402, 44.51035577542755], [11.34965446097838, 44.51040237226535], [11.3496653089612, 44.510672225852005], [11.347779706371066, 44.51071102270025], [11.347768867074231, 44.510441168750546], [11.347014628448681, 44.51045667863582], [11.347036300245444, 44.510996386810625], [11.347790545819867, 44.510980876635074], [11.347812225173362, 44.51152058446002], [11.34818935120716, 44.51151282736085], [11.348221876589161, 44.512322388768844], [11.348599007682928, 44.51231463020771], [11.348620695505698, 44.512854337593346], [11.348997829922196, 44.51284657764279], [11.34905206082704, 44.51419584548317], [11.349429203778788, 44.51418808392525], [11.349440052153488, 44.514457937376], [11.349817196690674, 44.51445017450117], [11.349838897371502, 44.51498988121271], [11.349461749359179, 44.51499764423283], [11.349450900680285, 44.514727790811875], [11.348696607674528, 44.514743312973934], [11.348685762622852, 44.51447345939282], [11.347931472484026, 44.51448897643248], [11.347920631059479, 44.514219122691266], [11.34678919992395, 44.51424238870086], [11.34681087249969, 44.51478209660384], [11.346056577366085, 44.51479760134568], [11.346067410406642, 44.51506745541992], [11.3456902608744, 44.5150752059969], [11.345668598420357, 44.51453549768848], [11.34529145221145, 44.51454324687611], [11.34530228162496, 44.514813101110285], [11.34492513352664, 44.51482084912612], [11.34493596135437, 44.51509070341791], [11.344558811366628, 44.51509845026192], [11.344569637608531, 44.51536830461132], [11.344192485731364, 44.5153760502835], [11.344203310387389, 44.51564590469049], [11.343826156620791, 44.515653649190796], [11.343815333702434, 44.515383794711326], [11.34306102918938, 44.51539927983398], [11.343050209898056, 44.51512942519472], [11.342673059151632, 44.51513716581711], [11.342705512267653, 44.515946729907526], [11.343082668227101, 44.51593898906785], [11.343093487973505, 44.51620884366245], [11.344602117244973, 44.516177867570185], [11.344612944094042, 44.51644772186005], [11.344990102770215, 44.51643997465355], [11.34500093150884, 44.51670982885602], [11.347641050153923, 44.51665556306015], [11.34765189120879, 44.51692541673992], [11.348029052145206, 44.51691765943323], [11.348050738186533, 44.51745736660292], [11.348427902446524, 44.51744960790662], [11.348514666596468, 44.51960843540875], [11.34813748843313, 44.5196161946859], [11.348159177515203, 44.52015590155769], [11.346273267037793, 44.52019468000149], [11.346240759713291, 44.51938511858281], [11.34661793689861, 44.51937736560078], [11.346585425727518, 44.518567804265736], [11.34507673693046, 44.51859880785643], [11.345044247981617, 44.51778924551701], [11.344667080616402, 44.51779699308599], [11.344677908376298, 44.51806684728652], [11.344300739121387, 44.518074593683544], [11.3443765255257, 44.51996357317782], [11.344753706946479, 44.519955826273346], [11.344764535920953, 44.52022568035477], [11.345896084486418, 44.52020243195662], [11.34590691882702, 44.52047228580561], [11.343643809900973, 44.52051877183601], [11.34363298598898, 44.520248917552024], [11.342501434691158, 44.52027214354832], [11.342490616145193, 44.520002289032114], [11.34173625133102, 44.52001776666203], [11.341747066400796, 44.52028762132308], [11.341369882028143, 44.520295358343624], [11.341391509146344, 44.5208350677659], [11.341768696995267, 44.52082733060055], [11.34179032819632, 44.521367039818465], [11.34254471039193, 44.52135156146434], [11.342555529696362, 44.52162141590615], [11.34406429921984, 44.521590443972876], [11.344118432783205, 44.522939714509434], [11.344495633476017, 44.52293196805217], [11.344506462382462, 44.52320182204233], [11.344883664661783, 44.523194074267884], [11.344926988759594, 44.52427348978964], [11.345304197840669, 44.52426574048048], [11.34533669772415, 44.52507530174792], [11.346845553391027, 44.52504429119351], [11.346780513268433, 44.5234251702657], [11.34715771637457, 44.52341741495066], [11.347190240967103, 44.52422697526386], [11.347944657153716, 44.524211460464215], [11.347998885233311, 44.5255607266291], [11.348376101790993, 44.52555296699917], [11.34839779756453, 44.526092673215636], [11.348775017447261, 44.52608491219569], [11.348785867300805, 44.52635476520896], [11.348031423906013, 44.52637028614932], [11.348042270434417, 44.52664013929293], [11.347665046770235, 44.52664789796851], [11.347697582051936, 44.527457457527795], [11.348074810932188, 44.52744969863441], [11.34808565806897, 44.527719551718455], [11.34846288853586, 44.5277117915076], [11.348473737563506, 44.52798164450412], [11.348850969617025, 44.52797388297578], [11.348861820535578, 44.528243735884786], [11.3518796853944, 44.528181598261355], [11.351890550375465, 44.528451450574], [11.351513316062295, 44.52845922220671], [11.351535043003844, 44.52899892693276], [11.350780566965238, 44.52901446675435], [11.35084573057887, 44.530633581447354], [11.350468481897567, 44.53064134992694], [11.350511920396414, 44.53172075971509], [11.350889176033915, 44.53171299094472], [11.350910899675286, 44.532252695603994], [11.351288158638715, 44.53224492544318], [11.351309886367684, 44.53278462989744], [11.351687148657106, 44.53277685834613], [11.351708880473879, 44.53331656259534], [11.352086146089354, 44.53330878965348], [11.352107881994145, 44.533848493697626], [11.352485150935738, 44.53384071936518], [11.352496020856032, 44.53411057129215], [11.353250561760488, 44.53409501874639], [11.3533049310421, 44.535444277429995], [11.352550372744012, 44.53545983070345], [11.352561243578927, 44.535729682540996], [11.352183962461764, 44.5357374573827], [11.352216570662733, 44.53654701302421], [11.352971143181536, 44.536531461659045], [11.352982016365788, 44.53680131336423], [11.353359304136017, 44.536793535741026], [11.353370179212304, 44.5370633873585], [11.353747468569582, 44.537055608417276], [11.353758345537956, 44.53732545994707], [11.35413563648228, 44.53731767968778], [11.354157394355859, 44.53785738255704], [11.35453468862684, 44.53784960090687], [11.35457821316352, 44.53892900617525], [11.35571011593697, 44.538905652878924], [11.355699229354768, 44.53863580180272], [11.356831125535052, 44.53861243751711], [11.35682023388647, 44.538342586644625], [11.357197530568103, 44.53833479613169], [11.357208423956362, 44.53860464693129], [11.357963020340655, 44.53858906202372], [11.357973917361074, 44.53885891266257], [11.358351217063703, 44.53885111826789], [11.358383914261106, 44.53966066987612], [11.35876121903011, 44.53965287401729], [11.358804824392523, 44.54073227566099], [11.359182135967943, 44.54072447826496], [11.359193039430636, 44.540994328565645], [11.359570352593026, 44.540986529851246], [11.359581257948534, 44.541256380064034], [11.359958572697892, 44.541248580031244], [11.359969479946265, 44.54151843015613], [11.360346796282583, 44.541510628804915], [11.360368614718148, 44.54205032886393], [11.361500573248797, 44.54202691689963], [11.3614787443735, 44.54148721727875], [11.361856060097711, 44.54147941094586], [11.361845144149743, 44.5412095611861], [11.363731711774479, 44.54117051120579], [11.363698938751225, 44.54036096293321], [11.363321630752148, 44.540368775200754], [11.363299786315558, 44.539829076131554], [11.362922481642892, 44.53983688700755], [11.362900641298468, 44.539297187732465], [11.361768736800208, 44.539320612450005], [11.361779651676637, 44.539590462314216], [11.361402348131307, 44.53959826813579], [11.361391434994621, 44.539328418198544], [11.361014133035994, 44.53933622270176], [11.361003221792071, 44.53906637267657], [11.362512421749365, 44.53903514748397], [11.362490585803117, 44.53849544797321], [11.360981399763272, 44.53852667258143], [11.36097048897839, 44.53825682251149], [11.360593193825492, 44.5382646254773], [11.360582284933242, 44.53799477531943], [11.360959578346513, 44.53798697242664], [11.360948667867643, 44.53771712232685], [11.362457833032048, 44.53768589859517], [11.362468750469302, 44.537955748402766], [11.362846043117305, 44.53794793928364], [11.362856962447273, 44.538217789003255], [11.363611550763094, 44.538202166883025], [11.363600627953906, 44.53793231730961], [11.363977920142455, 44.537924504454686], [11.363966995746859, 44.53765465493944], [11.36434428604263, 44.537646840912394], [11.364311508556428, 44.5368372924965], [11.364688793480395, 44.5368294774436], [11.364677866218612, 44.536559628014906], [11.365432432127859, 44.536543994319764], [11.365443362868591, 44.53681384360214], [11.365820647332773, 44.536806024813615], [11.365831579966287, 44.537075874007925], [11.366208866016649, 44.537068053901], [11.366219800542995, 44.53733790300719], [11.366597088179534, 44.53733008158188], [11.36660802459876, 44.53759993059996], [11.36698531382147, 44.537592107856206], [11.367007190599168, 44.53813180570118], [11.366629897897312, 44.538139628591324], [11.366640834776645, 44.53840947756463], [11.366263540181805, 44.53841729928271], [11.366296346521088, 44.53922684633261], [11.36554174643339, 44.53924248647199], [11.365574543714477, 44.540052033826626], [11.365197238221429, 44.54005985224782], [11.365219100362465, 44.540599550555925], [11.364841791236511, 44.54060736787809], [11.364874580378217, 44.541416915447755], [11.364497265879386, 44.54142473174395], [11.364519122593737, 44.54196443019541], [11.364141804461784, 44.54197224539246], [11.364152731308884, 44.54224209466893], [11.363775411283722, 44.54224990869366], [11.363786336544068, 44.54251975802832], [11.362277047951487, 44.542551001965165], [11.36228796640495, 44.542820851577275], [11.361910642133905, 44.542828659520886], [11.361921559000432, 44.54309850919114], [11.36154423283623, 44.543106315962326], [11.361566063548409, 44.54364601540417], [11.361943393192805, 44.54363820848687], [11.361965227997606, 44.544177907722926], [11.362342560969179, 44.54417009941398], [11.362353480341428, 44.544439948936564], [11.363862817656784, 44.54440870295311], [11.363851891323849, 44.54413885372291], [11.364606555581869, 44.5441232234042], [11.364595625921886, 44.543853374305336], [11.364972956080846, 44.54384555735083], [11.364929232013402, 44.54276616109872], [11.365306555058767, 44.54275834319133], [11.365295622685139, 44.542488494164154], [11.365672943837176, 44.54248067508448], [11.365662009876878, 44.54221082611553], [11.366793967192903, 44.54218736162335], [11.366815845706789, 44.542727059107186], [11.367193167985313, 44.542719234972495], [11.367215050592936, 44.543258932250176], [11.367592376198083, 44.54325110672358], [11.367625206480653, 44.54406065230845], [11.368002537152604, 44.54405282531666], [11.368035374036973, 44.54486237054744], [11.3672807020986, 44.54487802372494], [11.367291644553314, 44.5451478722518], [11.366914306613706, 44.54515569704543], [11.366925247481642, 44.54542554563061], [11.365415887228053, 44.54545683264229], [11.365404953321113, 44.54518698376434], [11.365027614614547, 44.545194802330165], [11.365038546781232, 44.54546465128125], [11.36466120618109, 44.545472468674646], [11.36471586061273, 44.54682171357197], [11.365093209914527, 44.54681389581282], [11.365115076241167, 44.547353593520974], [11.365492428870457, 44.547345774369845], [11.365514299291378, 44.54788547187195], [11.365891655248223, 44.547877651328804], [11.365902592429233, 44.54814749998429], [11.3674120216844, 44.54811620506205], [11.367401077541432, 44.54784635669939], [11.368155787767188, 44.54783070191061], [11.368166735391119, 44.54810055012678], [11.36854409201418, 44.54809272079061], [11.368576941028817, 44.548902265129705], [11.368954302719882, 44.54889443432803], [11.368910497378787, 44.547815042139135], [11.368533142649769, 44.547822872647714], [11.368511244381638, 44.547283176317116], [11.369643297665286, 44.54725968149406], [11.369632343540362, 44.54698983352623], [11.370009692587285, 44.54698199950055], [11.369976825913236, 44.54617245572734], [11.36959948208735, 44.5461802895331], [11.369588528576926, 44.54591044150552], [11.368833843944916, 44.545926105233654], [11.368800994776858, 44.54511656062163], [11.369555668967356, 44.5451008973332], [11.369533763329033, 44.54456120114364], [11.369911096713501, 44.544553367777695], [11.369900142384598, 44.544283519733824], [11.370654805212329, 44.544267849411966], [11.370643847556808, 44.54399800149978], [11.371398506289601, 44.543982326342565], [11.371387545307567, 44.54371247856213], [11.371764872703302, 44.5437046391886], [11.371753910134922, 44.5434347914666], [11.372131235636854, 44.54342695092097], [11.372120271482178, 44.54315710325738], [11.372497595090307, 44.543149261539654], [11.372486629349384, 44.54287941393451], [11.373995915283766, 44.54284803490263], [11.374006887984706, 44.54311788221415], [11.374384210823656, 44.54311003426913], [11.374395185418505, 44.54337988149227], [11.374772509843565, 44.54337203222834], [11.374783486332367, 44.543641879363086], [11.375160812343532, 44.54363402878025], [11.375171790726341, 44.54390387582661], [11.374794462975109, 44.543911726482904], [11.374805439771794, 44.54418157358777], [11.375560098600467, 44.54416587088273], [11.375571079031321, 44.54443571782571], [11.375948409954791, 44.54442786453146], [11.375959392279773, 44.544697711386014], [11.376714057144888, 44.54468200091397], [11.376692085688472, 44.54414230748393], [11.377446742976856, 44.54412659232393], [11.377457732108228, 44.54439643889936], [11.378212392260345, 44.544380718610306], [11.378201399648782, 44.544110872181975], [11.378956055704055, 44.54409514705806], [11.378967051795797, 44.54436499333925], [11.379344381332215, 44.54435712883547], [11.37935537931828, 44.54462697502813], [11.378978048041754, 44.54463483960549], [11.379000040996319, 44.545174532093135], [11.379377375753137, 44.54516666736858], [11.379388374201936, 44.54543651351637], [11.37976571054469, 44.5454286474727], [11.37978771138547, 44.54596833957624], [11.380165051054377, 44.545960472139775], [11.380176053446434, 44.546230318095496], [11.38055339470129, 44.546222449339844], [11.380608417677815, 44.547571678526005], [11.380985767479933, 44.54756380815656], [11.380996774278648, 44.547833653875294], [11.381374125666788, 44.54782578218656], [11.381385134360286, 44.54809562781667], [11.38139864905614, 44.548095345804356], [11.381480767202778, 44.54807324306179], [11.382671230702671, 44.547765370350845], [11.383849136248395, 44.54745887277614], [11.384538297638485, 44.547283558564615], [11.385121354115013, 44.54713070393095], [11.385765921340624, 44.54696194064616], [11.386485997372382, 44.54677358106562], [11.387076032784348, 44.546618319896204], [11.387458245059163, 44.546518050686885], [11.387738022216022, 44.54644365950477], [11.387733886544373, 44.54634255079108], [11.388111226448222, 44.546334657050366], [11.388111600700652, 44.546343805183184], [11.388523645814981, 44.54623187184703], [11.389263096728913, 44.546036895576286], [11.389979679051011, 44.54584953326315], [11.38995373340392, 44.54521579348329], [11.390331065417813, 44.54520789256498], [11.390308967746842, 44.54466820453295], [11.389931639213136, 44.544676105303395], [11.389920592350135, 44.54440626119099], [11.389543265401567, 44.544414160642035], [11.389532220433523, 44.54414431644074], [11.388777569551793, 44.54416011145863], [11.388766528218678, 44.54389026709457], [11.388389204285552, 44.54389816266144], [11.38835608643518, 44.54308862925782], [11.386846810034443, 44.54312019818455], [11.386780620270404, 44.541501129200846], [11.387157929163488, 44.54149323928027], [11.387146896337823, 44.54122339447111], [11.3875242033364, 44.54121550337902], [11.387513168925697, 44.54094565862872], [11.38864508377359, 44.54092197810204], [11.388656123403557, 44.54119182263075], [11.389033429783007, 44.54118392655732], [11.38902238841329, 44.5409140821025], [11.389399692898147, 44.54090618485765], [11.389410736007612, 44.54117602923858], [11.38978804207735, 44.541168130674485], [11.389776997228141, 44.54089828636746], [11.390154301403246, 44.540890386631965], [11.39014325496921, 44.540620542383905], [11.390520557249689, 44.540612641477026], [11.390498461366985, 44.54007295308385], [11.390875760013177, 44.54006505107955], [11.39085366127094, 44.5395253627744], [11.391985545841965, 44.53950164973361], [11.391996600354437, 44.539771493671786], [11.392751192772591, 44.5397556786037], [11.392740134780913, 44.5394858348135], [11.39387201702625, 44.539462103093975], [11.393883080236716, 44.539731946662094], [11.39426037574783, 44.53972403352439], [11.394271440853057, 44.53999387700348], [11.394648737948616, 44.53998596254646], [11.39467087210389, 44.54052564931163], [11.395048172523543, 44.5405177334612], [11.395059241573668, 44.54078757674724], [11.395436543577773, 44.54077965957744], [11.39544761452283, 44.54104950277443], [11.396579524822629, 44.541025743570934], [11.396568448658472, 44.54075590059627], [11.39807765325805, 44.54072420452062], [11.398066570290556, 44.540454361827564], [11.398821168178578, 44.54043850646637], [11.398810081887241, 44.54016866390669], [11.398432784760585, 44.540176592135744], [11.398410616123499, 44.53963690682306], [11.398033322320597, 44.5396448336585], [11.39800007574936, 44.53883530535456], [11.396868209064154, 44.53885907772208], [11.396879285880601, 44.539128920727485], [11.39574741257882, 44.53915268211046], [11.395736340980951, 44.53888283888271], [11.395359051309333, 44.53889075677915], [11.395347981606232, 44.53862091346234], [11.39497069351889, 44.53862883003949], [11.39494855805733, 44.53808914321277], [11.393816703301017, 44.538112885028674], [11.393827765735793, 44.53838272867169], [11.391564041598436, 44.53843017912746], [11.391575093751326, 44.53870002319949], [11.389311353597332, 44.53874742927143], [11.389322395467955, 44.539017273772096], [11.388945103160642, 44.5390251704997], [11.388934063029572, 44.53875532592513], [11.388556772306993, 44.53876322133361], [11.388545734070272, 44.53849337667021], [11.388168444932434, 44.5385012707596], [11.388157408590015, 44.53823142600736], [11.387780121036919, 44.53823931877766], [11.387735984172664, 44.53715993932362], [11.38811326476796, 44.53715204684874], [11.38810222919934, 44.536882202021665], [11.388856786446869, 44.536866413484134], [11.388845747554276, 44.53659656878985], [11.38960030070389, 44.53658077541952], [11.389589258487433, 44.53631093085803], [11.390343807539006, 44.53629513265501], [11.39033276199879, 44.5360252882264], [11.389955489289738, 44.53603318787654], [11.389944445643687, 44.53576334335903], [11.389567174519048, 44.53577124169016], [11.38957821642582, 44.53604108628159], [11.389200943407062, 44.53604898344152], [11.389167823369034, 44.53523944940067], [11.388790555413237, 44.53524734509384], [11.388768479640335, 44.53470765551068], [11.390277536621001, 44.53467606585873], [11.390266492010085, 44.5344062213403], [11.390643754128966, 44.53439832088862], [11.390654800479036, 44.53466816533312], [11.39103206418217, 44.534660263562465], [11.391043112426313, 44.53493010791808], [11.391420377713692, 44.53492220482842], [11.391442478145184, 44.53546189334681], [11.39181974675602, 44.53545398886417], [11.391830798943444, 44.53572383302695], [11.392208069138537, 44.53571592722527], [11.39221912322021, 44.53598577129909], [11.393350938093112, 44.53596204620151], [11.393361997547643, 44.53623189003835], [11.393739270601085, 44.53622397910827], [11.393728209407277, 44.53595413534546], [11.394105480566335, 44.53594622324432], [11.394094417788384, 44.53567637954055], [11.394848956162576, 44.53566055175111], [11.394837890061314, 44.535390708180465], [11.395215157276436, 44.53538279249219], [11.3952372931126, 44.535922479470344], [11.395614563650977, 44.53591456238885], [11.395625633541131, 44.536184405781356], [11.396002905663536, 44.53617648738067], [11.396025049388145, 44.5367161739726], [11.396402324833886, 44.5367082541786], [11.396413398668415, 44.53697809737799], [11.396790675698195, 44.53697017626476], [11.396812827311859, 44.53750986247032], [11.396435546803344, 44.537517783731786], [11.396479844936772, 44.538597156259655], [11.39685713240304, 44.53858923470169], [11.396846055897257, 44.53831939166633], [11.39722334146872, 44.538311468937295], [11.397234419713977, 44.53858131189853], [11.397611706869558, 44.538573387850164], [11.397600626884833, 44.53830354496308], [11.39797791214557, 44.5382956197437], [11.397966830576776, 44.53802577691578], [11.398344113942672, 44.53801785052537], [11.39833303078986, 44.53774800775665], [11.399842155741341, 44.53771629004013], [11.399853245851789, 44.53798613251205], [11.40023052844033, 44.53797819989581], [11.400241620445726, 44.53824804227854], [11.400618904618147, 44.5382401083429], [11.400702474472878, 44.54027271809058], [11.400990107804157, 44.54066478271539], [11.401097450620318, 44.540829062379075], [11.401379018881011, 44.541263884468556], [11.402070782384403, 44.54105970944654], [11.40374402344477, 44.54059910842732], [11.404426308619701, 44.54040785726246], [11.404656634485194, 44.54073428003091], [11.405096464322785, 44.541370386039574], [11.405413488050778, 44.541827227417876], [11.405822405605566, 44.54239061142602], [11.40604958502965, 44.54271665646776], [11.406085930437195, 44.54277081469637], [11.40635913630802, 44.54268765192481], [11.406360949199659, 44.54268704654864], [11.40669242091089, 44.542578770983624], [11.407265754512224, 44.54240238547295], [11.407295016998521, 44.54239434127652], [11.407303368617846, 44.54239204055289], [11.407310090084938, 44.54239019732582], [11.407465725840938, 44.542348654261225], [11.408031541751143, 44.54218085880698], [11.408545613846654, 44.54201752830687], [11.40898127220182, 44.54187948196694], [11.409408438176834, 44.54174555631869], [11.410187451754553, 44.54150178785063], [11.410818094840733, 44.541303909715886], [11.411141129761429, 44.54120143496764], [11.411442445575426, 44.54110617002305], [11.412117273911273, 44.5408927221566], [11.412644423561138, 44.540722912081954], [11.413153696057101, 44.54055797876264], [11.41375485495403, 44.540370835513585], [11.4142540823898, 44.54021061094512], [11.414797801693505, 44.54004212392154], [11.41489955556813, 44.540010713083696], [11.414831560376733, 44.539869236618514], [11.414582120066624, 44.539467230484526], [11.414582079362132, 44.53946715932542], [11.414334421158475, 44.53907072349489], [11.41433438157033, 44.53907067931964], [11.413924413124219, 44.53842054555243], [11.413924385741044, 44.538420492116394], [11.413649423863632, 44.53797230948853], [11.413649384276773, 44.537972265312995], [11.41343619077367, 44.53762854663471], [11.413436150815453, 44.537628493464446], [11.413385610597192, 44.53754799920251], [11.413082140726617, 44.537057601888414], [11.412830273757852, 44.536654445704706], [11.412710509850985, 44.53647862824112], [11.411295081679627, 44.53421780004645], [11.411264358025461, 44.534183942382526], [11.4101344335246, 44.53232956339934], [11.409534104916874, 44.53130037308231], [11.409018100657976, 44.53131126471291], [11.409040360823072, 44.53185094661361], [11.409417601255928, 44.53184298450795], [11.409428733311406, 44.53211282536129], [11.409805975326993, 44.53210486193623], [11.409828243383958, 44.53264454344888], [11.409450997890653, 44.53265250702295], [11.409462130414427, 44.53292234783129], [11.408707635481734, 44.532938271393725], [11.408729894041855, 44.53347795326337], [11.406843636590112, 44.53351774112792], [11.406854757409352, 44.53378758241254], [11.406477503712098, 44.533795536325016], [11.406499742340351, 44.53433521899812], [11.408763283052501, 44.534287475955324], [11.40879667346777, 44.53509699851225], [11.409173934924242, 44.535089036757505], [11.409196199459732, 44.53562871823811], [11.409573464238363, 44.53562075508934], [11.409584598479434, 44.53589059573262], [11.409207331961637, 44.53589855895591], [11.40921846461965, 44.5361683996587], [11.407709390030822, 44.53620024039928], [11.407698264329596, 44.53593039939855], [11.406943729577405, 44.535946312149555], [11.40695485180022, 44.536216153299186], [11.406577582450959, 44.53622410788155], [11.406644308627458, 44.53784315491093], [11.407021588412485, 44.53783519988197], [11.407043835197733, 44.53837488195623], [11.40779840125737, 44.53835896786508], [11.407809528362822, 44.5386288087308], [11.407054958824338, 44.53864472297086], [11.407066082606931, 44.538914563970486], [11.406311508965581, 44.538930473378734], [11.40632262942521, 44.53920031451222], [11.405945340631124, 44.539208267422985], [11.405956459507195, 44.5394781086159], [11.404447295813819, 44.53950990810447], [11.4044361838958, 44.539240066614], [11.403681604593093, 44.53925595873827], [11.403670496309894, 44.53898611708411], [11.403293208164365, 44.5389940612041], [11.403270995544213, 44.5384543777021], [11.402893710721868, 44.538462320428245], [11.40288260638484, 44.53819247858045], [11.403259889467753, 44.53818453592862], [11.403237677782057, 44.53764485233666], [11.40286039817793, 44.53765279483986], [11.402849294308044, 44.537382952947056], [11.402472016287566, 44.5373908941308], [11.402438710830085, 44.53658136813957], [11.403193256279474, 44.53656548497285], [11.403182151293146, 44.53629564309441], [11.403936692641121, 44.536279755095975], [11.403925584332056, 44.536009913351215], [11.40430285303317, 44.536001967558725], [11.404313963081465, 44.53627180922914], [11.40469123336601, 44.53626386211723], [11.404680121578492, 44.53599402052118], [11.405811926279457, 44.53597017193814], [11.405800809430167, 44.535700330550256], [11.406178075612884, 44.53569237860686], [11.40612248500912, 44.53434317181448], [11.40574522752199, 44.53435112338585], [11.40573411160799, 44.53408128190797], [11.405356855704031, 44.53408923215995], [11.405345741684922, 44.53381939059268], [11.404968487364142, 44.5338273395253], [11.40495737523988, 44.53355749786866], [11.404580122502285, 44.53356544548195], [11.40456901227282, 44.53329560373593], [11.404191761118412, 44.5333035500299], [11.404180652783696, 44.533033708194544], [11.403803403212478, 44.533041653169214], [11.403781190488182, 44.53250196930483], [11.40340394423908, 44.5325099128859], [11.403381735615477, 44.531970228812895], [11.403004492688426, 44.5319781710004], [11.402960084264885, 44.5308988023772], [11.403714556052837, 44.53088291735185], [11.403703450858643, 44.53061307530721], [11.404835152156407, 44.53058923865589], [11.404824041901785, 44.530319396819294], [11.406332967829494, 44.530287597487465], [11.40628850055054, 44.52920823118135], [11.406665724688267, 44.52920027853402], [11.40662125294912, 44.528120912285594], [11.4069984699768, 44.5281129586912], [11.40698735069326, 44.52784311716602], [11.407364565826557, 44.52783516240134], [11.407386808026521, 44.528374845287836], [11.407764026480853, 44.52836688912956], [11.407766903475025, 44.52843668387262], [11.40830507445805, 44.52821699047365], [11.408509449060231, 44.52813236537736], [11.408507336528174, 44.52808113186645], [11.408639938586107, 44.52807833376788], [11.408880655299702, 44.52797866054601], [11.408840041808686, 44.526993807346926], [11.40997166875498, 44.52696992131879], [11.409982801477941, 44.52723976229317], [11.410360011886262, 44.52723179771996], [11.410365646744046, 44.527368354212676], [11.41055027160103, 44.52729352660213], [11.410809476126166, 44.52720872217076], [11.411429808824394, 44.52695535943545], [11.412510942247541, 44.526509386786536], [11.413052149350943, 44.526283011624436], [11.413972860174827, 44.52589555678048], [11.414388391986295, 44.525715225161335], [11.414404068029109, 44.52570842977009], [11.414420658135947, 44.525701218931204], [11.415052282927654, 44.5259878037281], [11.415737659423467, 44.52636318277994], [11.416146468250053, 44.52659601430847], [11.416427322485443, 44.526755571755], [11.416473785502165, 44.526784494573874], [11.416480143580706, 44.526788519145704], [11.416513684839126, 44.52680928912623], [11.417004969751206, 44.527113057957884], [11.417423995986981, 44.52736749966694], [11.417577213765957, 44.527461446056996], [11.417633469544308, 44.52749585959763], [11.418307129179212, 44.52790777846726], [11.419272161805514, 44.52849771905764], [11.419287117228512, 44.528511806137416], [11.419287181588029, 44.52851184078348], [11.41947782572838, 44.52869128962488], [11.419477853856781, 44.52869136104889], [11.41949071372473, 44.52870346694956], [11.419742868179279, 44.529151615430436], [11.41976607457482, 44.52919261615124], [11.419766732252912, 44.52919337973392], [11.420060067470837, 44.52918716357834], [11.42007624315907, 44.52916126563365], [11.420112940527574, 44.52911660026181], [11.420145805886817, 44.5290748249133], [11.420186519773788, 44.52903233399446], [11.420210074562595, 44.529006411431844], [11.420225685318663, 44.52898922770758], [11.420228341158483, 44.52898498522025], [11.420247390975867, 44.52895421431006], [11.420245689629994, 44.52891315422685], [11.420262802701851, 44.5289127913538], [11.420265058024363, 44.52885848638415], [11.420265358386086, 44.52875214212558], [11.420265780565419, 44.52875048571104], [11.420267988315276, 44.52871659838777], [11.42027645032672, 44.52870760549018], [11.420276482085281, 44.52870746077631], [11.420277462929073, 44.52870653072383], [11.420285345615744, 44.528698135273515], [11.420311332624282, 44.52866895621726], [11.42033291205619, 44.5286582357739], [11.420367382542508, 44.52864913251866], [11.420387126862343, 44.528646364200895], [11.420421214040928, 44.528641374211034], [11.420490010265615, 44.52863091288248], [11.420541737762527, 44.52862644004416], [11.420580346020746, 44.528616969902984], [11.42061304536271, 44.52860673380284], [11.420647527348558, 44.52859456935858], [11.420680771954448, 44.52857805591457], [11.420680916876792, 44.52857790880077], [11.420718802374171, 44.52855464405783], [11.42076640672291, 44.52850868486967], [11.420766515414378, 44.52850857453426], [11.4207706534178, 44.52850426459115], [11.420803199156284, 44.528470283017555], [11.420824678192032, 44.52844378317345], [11.420852842278142, 44.52840884121469], [11.420878834646722, 44.52837585384389], [11.420907149896223, 44.52833970232633], [11.420920156913947, 44.52830737745476], [11.420920377309288, 44.52825803891012], [11.420911928860926, 44.52823031024385], [11.420888433582462, 44.528194798419136], [11.420869361896287, 44.52817097708623], [11.420847350955519, 44.5281439501671], [11.420793923357477, 44.52808825927222], [11.420736106868617, 44.52804053864239], [11.420688872734123, 44.52800158709589], [11.420672821762077, 44.52798991810529], [11.420626871748972, 44.52795674593385], [11.420588062694714, 44.527930687357326], [11.42056252863997, 44.52791369189237], [11.420543765746677, 44.52789944264939], [11.420510966755044, 44.52787476902582], [11.420481880611344, 44.527851925199116], [11.420463415799658, 44.52783757959668], [11.420447861480284, 44.52781754569322], [11.42043811244681, 44.52780519388484], [11.4204311563068, 44.52778947892483], [11.420422922829829, 44.5277714864013], [11.420422075667467, 44.527751041609974], [11.420421207520072, 44.52773434231682], [11.420423509198175, 44.527692701814004], [11.420425671489559, 44.527681105715594], [11.420429975845543, 44.52765712172467], [11.420443212703793, 44.527615762491024], [11.420458125336202, 44.52757718551398], [11.420488000550929, 44.52752553466777], [11.420499790256462, 44.5275048309147], [11.420555031690432, 44.527446088313575], [11.420579050653146, 44.52742045290992], [11.42058413594501, 44.52741349414563], [11.420688794607948, 44.527267837385814], [11.420837552914229, 44.52705546376644], [11.42090213208018, 44.52696181819542], [11.420987232002913, 44.526838308078176], [11.420997479618581, 44.526810768045735], [11.42099811104126, 44.52680899915973], [11.421002178970026, 44.52677992472518], [11.420989202140934, 44.52663381876654], [11.420979053907358, 44.526529847685076], [11.420970370357042, 44.526443301448914], [11.42096250173361, 44.52633269215991], [11.420956993822344, 44.52625748477814], [11.420953798884552, 44.52622776315538], [11.420947230515214, 44.526169782105356], [11.420947738076162, 44.52614225059457], [11.420947817688482, 44.52613020351576], [11.42095063713106, 44.52610896075616], [11.420952676773101, 44.52609258690098], [11.420967097194735, 44.52607069298158], [11.420976337680571, 44.52605650706119], [11.421000674272449, 44.52601729800871], [11.421000875717338, 44.52601699665258], [11.421000994740602, 44.526016832082554], [11.42102232907793, 44.52598504177151], [11.421029650421387, 44.52597586594962], [11.421056542910566, 44.52594185115256], [11.421077172975037, 44.52591978950281], [11.421114231545001, 44.52587965340599], [11.421269566897681, 44.52573195793002], [11.421340804089528, 44.525653565199704], [11.421389741221146, 44.525601572772146], [11.421429672500787, 44.52551568776996], [11.421434809365268, 44.525504514685785], [11.421528868131533, 44.525307281390226], [11.421550405087144, 44.52525731956366], [11.421550897469695, 44.525256750961006], [11.421581286752447, 44.525186282611386], [11.421593020539486, 44.525153624558605], [11.42159514420301, 44.525119549923325], [11.421598185157716, 44.52488659882573], [11.421577093435292, 44.52481493596722], [11.421524424636639, 44.52465544805748], [11.42144527136444, 44.52452794979758], [11.421383504099843, 44.52442825161228], [11.421334420162797, 44.52433701681033], [11.421324601939524, 44.52431994920995], [11.421308237637872, 44.52429189332988], [11.421306882838932, 44.52428896023352], [11.421285200864512, 44.524248584645996], [11.421282867740894, 44.52423722792236], [11.421282757837606, 44.5242370051902], [11.42128277403643, 44.52423678878572], [11.421280470906016, 44.52422554845878], [11.421287673296181, 44.52414428283007], [11.421293727200643, 44.52408995914576], [11.421305605572208, 44.524018587143296], [11.421416708212114, 44.52402433265939], [11.42151423008882, 44.52402424444357], [11.421583513720883, 44.52401080127553], [11.421832738574015, 44.523933394509605], [11.422035012644104, 44.523865103718066], [11.422390836067231, 44.523745552589645], [11.42270511521195, 44.52363805425395], [11.422875049209221, 44.52358772422998], [11.423012123927855, 44.523549164581546], [11.423666915674298, 44.52337789009018], [11.423844356698224, 44.523326859073514], [11.424167148708708, 44.52323934162322], [11.424455421488586, 44.5231602896198], [11.424686149504254, 44.52310128355449], [11.424988015916334, 44.5230162788555], [11.425003606899551, 44.52301172544452], [11.425217838120965, 44.522947604226715], [11.425262464823588, 44.522924986956234], [11.425334858597038, 44.522888302895865], [11.425336543703885, 44.52288736683803], [11.425381123541761, 44.522767838198625], [11.425380514210579, 44.52276710393491], [11.425334852670428, 44.52272902112239], [11.424697499422297, 44.52194727717499], [11.424687460746332, 44.52193521995319], [11.424491716376364, 44.52167211934502], [11.424488873860975, 44.52166820960006], [11.424467267955974, 44.52163909516432], [11.424444135937836, 44.52158775886097], [11.424444108180452, 44.52158769643273], [11.424416393515342, 44.52152569041935], [11.424316282424689, 44.521254940684585], [11.424274729360857, 44.52103075969851], [11.424289392163523, 44.520815521641985], [11.424318367394141, 44.52067986815001], [11.424401058582623, 44.520474429406086], [11.42468973627143, 44.520020988513004], [11.424702506881005, 44.51998851515252], [11.424730314112063, 44.51991722751565], [11.42473615743803, 44.519868525677175], [11.424738426456681, 44.51984891495558], [11.424725824128862, 44.519658940942826], [11.42472224729868, 44.519627327974334], [11.424727542598319, 44.51962515390959], [11.424736066908428, 44.51962165089789], [11.425238043519528, 44.51945681823597], [11.425975125432023, 44.51921552474492], [11.426360902745436, 44.519093668092964], [11.426464009559362, 44.51905373771677], [11.426473136375671, 44.51905020376235], [11.426794206945628, 44.51957144032499], [11.426799614378348, 44.519580147853034], [11.427287002398522, 44.52035128645239], [11.427328893339505, 44.520419778237006], [11.427566198156807, 44.52080771063292], [11.42806529332656, 44.520612552257724], [11.428719373898423, 44.520342064845835], [11.429194029456426, 44.52014459472383], [11.429970128201761, 44.51984199304034], [11.43000993407153, 44.5198254902277], [11.430309768578915, 44.519698274749175], [11.430311762352927, 44.51969599066704], [11.430379742446197, 44.519619011963094], [11.429511690070127, 44.518534364374425], [11.429511636417743, 44.51853428449348], [11.428677661608049, 44.51748526632619], [11.426985831210153, 44.5153568311552], [11.426985778684942, 44.5153567782567], [11.432605790860062, 44.513521559831425], [11.433188482747132, 44.51333140256482], [11.433184832585505, 44.513243732134455], [11.43347615835757, 44.513237521718075], [11.433560871217637, 44.51320987629126], [11.43355071013518, 44.51296585597816], [11.43317359822786, 44.512973895125604], [11.433145992700899, 44.51231081250085], [11.432980661905106, 44.512047018946134], [11.432884830694377, 44.511894109576666], [11.432884803681947, 44.511894065139636], [11.432594620913955, 44.511401787308], [11.432594593901987, 44.51140174287089], [11.432464580085592, 44.51118682280573], [11.43246455307383, 44.5111867783686], [11.432217648964931, 44.51083365452188], [11.431575335412882, 44.510847340256824], [11.431620240959308, 44.511926689886494], [11.431243135212563, 44.511934722513324], [11.431265585456227, 44.5124743973882], [11.430888476078266, 44.51248242892138], [11.430910923477441, 44.51302210388642], [11.430533810468178, 44.51303013432591], [11.430545032666771, 44.51329997186101], [11.429790802702264, 44.513316029158204], [11.429802021584093, 44.51358586682852], [11.429424904628863, 44.513593893686206], [11.4294361219309, 44.51386373141659], [11.42905900308134, 44.51387175710536], [11.429070218803536, 44.51414159489579], [11.428693098059641, 44.51414961941559], [11.428704312201944, 44.51441945726609], [11.428327189563708, 44.51442748061691], [11.428338402126075, 44.51469731852744], [11.427961277593491, 44.51470534070926], [11.427972488575872, 44.514975178679826], [11.427595362148937, 44.51498319969261], [11.42758415290374, 44.514713361647], [11.426452777891713, 44.514737416995715], [11.426463981925345, 44.515007255266426], [11.425709727657539, 44.515023286095136], [11.425698527098296, 44.51475344767442], [11.424944275676786, 44.51476947337679], [11.424977867402244, 44.51557898904369], [11.426109259933996, 44.515554947949155], [11.426120462701594, 44.51582478624978], [11.425366197696233, 44.51584081504025], [11.425377397146299, 44.51611065347581], [11.424623128038302, 44.516126677439665], [11.424645520460125, 44.5166663545656], [11.424268382195987, 44.5166743648312], [11.424301966793792, 44.51748388063222], [11.424679110270134, 44.51747587014176], [11.424712701492938, 44.51828538558266], [11.424335552804171, 44.518293396297985], [11.4243691402272, 44.51910291182848], [11.423991986168824, 44.51911092152443], [11.424014375093792, 44.5196505986195], [11.422128585072057, 44.51969062918408], [11.422106213523275, 44.51915095133987], [11.422483368366127, 44.51914294786535], [11.422472181089384, 44.518873108995585], [11.422849334037805, 44.518865104351676], [11.422838145180346, 44.5185952655418], [11.42321529623434, 44.518587259728534], [11.423192915514974, 44.518047582213505], [11.423570062937042, 44.51803957530583], [11.423558871075205, 44.5177697366007], [11.423936016602882, 44.51776172852372], [11.423902436746511, 44.516952212542954], [11.423525296431126, 44.516960220395134], [11.42353648782225, 44.517230059145355], [11.422027918042312, 44.517262078411775], [11.42201673360084, 44.51699223936195], [11.421639592501204, 44.51700024099316], [11.421650775205256, 44.517270080117875], [11.420519345753506, 44.51729407777089], [11.42053052340199, 44.51756391710511], [11.420153378200505, 44.51757191390919], [11.420164554268219, 44.517841753303216], [11.420541701207181, 44.51783375642432], [11.420552879169085, 44.518103595728505], [11.41979858165946, 44.51811958839171], [11.419776232842336, 44.517579909469035], [11.419399087327504, 44.51758790378465], [11.41941025992025, 44.51785774332831], [11.419033112511297, 44.51786573647449], [11.419055454691662, 44.51840541566634], [11.41867830365104, 44.518413407717844], [11.41868947323859, 44.51868324736601], [11.418312320303807, 44.51869123824803], [11.418356993269516, 44.51977059698963], [11.416848352162756, 44.5198025492708], [11.416837190637134, 44.51953270930894], [11.41646003170684, 44.51954069419369], [11.41643771260033, 44.5190010140755], [11.416060556988858, 44.5190089975665], [11.416015927603558, 44.51792963685113], [11.415638778785944, 44.51793761879909], [11.415583004261075, 44.516588417193596], [11.41520586397439, 44.51659639752392], [11.415194711275968, 44.51632655708311], [11.414817572570318, 44.51633453609457], [11.414772970289503, 44.515255173882544], [11.415150102045818, 44.51524719516972], [11.41513895012915, 44.51497735465384], [11.415516079991848, 44.514969374771546], [11.415482619968225, 44.51415985335785], [11.415859744462898, 44.51415187245548], [11.41584858969724, 44.51388203202888], [11.416225712298363, 44.513874049957124], [11.416214555951944, 44.513604209590206], [11.416591676659518, 44.51359622634906], [11.416569360961676, 44.51305654571961], [11.416192243728311, 44.51306452881134], [11.416169932130265, 44.512524847972436], [11.414661475529583, 44.512556767301604], [11.414650326913254, 44.51228692656096], [11.413896101149115, 44.51230287861213], [11.413907246291373, 44.51257271950205], [11.413153016428181, 44.51258866672638], [11.413141874760003, 44.51231882568725], [11.411256306054234, 44.51235867160467], [11.411245173227373, 44.51208883017766], [11.409736722401439, 44.51212068422107], [11.409747848280153, 44.51239052594615], [11.409370733446632, 44.512398486421446], [11.409381857744254, 44.512668328206], [11.408627624135239, 44.51268424557344], [11.408638745114626, 44.512954087491956], [11.408261626339145, 44.512962044384054], [11.408272745737317, 44.513231886362014], [11.407518504244473, 44.513247796562915], [11.407540736559824, 44.5137874807716], [11.407163612105293, 44.51379543415478], [11.40717472675953, 44.51406527631105], [11.406797600411974, 44.51407322852455], [11.406819826713424, 44.51461291294092], [11.406442696735576, 44.514620864059104], [11.406453808382722, 44.51489070631919], [11.406076676511812, 44.51489865626763], [11.406087786577428, 44.51516849858711], [11.405710652813449, 44.51517644736579], [11.405732869937264, 44.515716132108516], [11.40497859499271, 44.515732026230815], [11.405000805789884, 44.51627171121103], [11.404623664609245, 44.5162796565546], [11.404634768503934, 44.51654949909655], [11.405011911422015, 44.51654155367865], [11.405045229252618, 44.51735108099152], [11.404668081122066, 44.51735902663248], [11.404679185639473, 44.51762886911445], [11.404302035615697, 44.5176368135855], [11.404313138551224, 44.517906656126826], [11.403935986634215, 44.517914599427904], [11.403947087987813, 44.51818444202857], [11.403192780211706, 44.518200325046514], [11.403203878245705, 44.51847016778081], [11.402449566371969, 44.518486045970135], [11.402460661086263, 44.51875588883802], [11.402083503178403, 44.518763826140486], [11.402072410201763, 44.518493983198326], [11.401695253876035, 44.51850191918221], [11.401673071864568, 44.51796223310441], [11.401295918858589, 44.51797016769547], [11.401284829823686, 44.51770032455985], [11.400907678399825, 44.51770825783238], [11.400885504271526, 44.5171685713677], [11.401262652220279, 44.51716063824363], [11.401251563651769, 44.51689079506304], [11.401628709707547, 44.51688286076895], [11.40159543972237, 44.51607333135999], [11.401972580410273, 44.516065396044425], [11.401961488988755, 44.51579555295237], [11.402338627783747, 44.515787616466866], [11.40232753478034, 44.51551777343409], [11.402704671682423, 44.51550983577866], [11.402693577097175, 44.51523999280517], [11.404202116200416, 44.51520823003882], [11.40419101482139, 44.51493838734756], [11.404945279964634, 44.514922498648055], [11.404934175266648, 44.51465265609046], [11.405311305867466, 44.51464470994885], [11.405266881683376, 44.513565339866], [11.404889758031493, 44.51357328571021], [11.404812033863198, 44.511684386967474], [11.4055662566919, 44.51166849507594], [11.405555150387915, 44.51139865248713], [11.405932259831731, 44.511390704749715], [11.405921151946472, 44.51112086222029], [11.407052474132582, 44.51109701176722], [11.407041361192215, 44.51082716944596], [11.407418466539093, 44.510819216881394], [11.407407352017605, 44.51054937461954], [11.40778445547176, 44.51054142088544], [11.407773339369195, 44.51027157868303], [11.408527542336206, 44.510255667631824], [11.40851642291576, 44.5099858255633], [11.408893522428599, 44.50997786824624], [11.408882401427201, 44.50970802623718], [11.411144984808486, 44.50966025665933], [11.411156116230806, 44.50993009822139], [11.411910312916739, 44.509914164928375], [11.411899178020796, 44.509644323515424], [11.413030466668488, 44.50962041447026], [11.41300818692429, 44.509080732046755], [11.41338527935436, 44.50907276002642], [11.413374137979782, 44.508802918866756], [11.412997047286437, 44.508810890812484], [11.412974768479211, 44.50827120829893], [11.413351855699178, 44.50826323650239], [11.413340714793145, 44.507993395297696], [11.41296362930983, 44.508001367019645], [11.412952490296604, 44.50773152572535], [11.412575406393769, 44.507739496128885], [11.412564269273297, 44.50746965474499], [11.412941351439528, 44.50746168441604], [11.412930212738598, 44.507191843091725], [11.414815612544182, 44.50715197316293], [11.414837907468051, 44.507691655050394], [11.416346238392471, 44.50765973612175], [11.416357393035256, 44.50792957674428], [11.417865728404182, 44.50789763761584], [11.417854566814999, 44.50762779729218], [11.418608730087564, 44.50761182041456], [11.418619895149932, 44.50788166058872], [11.419374061269618, 44.50786567858636], [11.4193963988104, 44.50840535859054], [11.418642225744223, 44.508421340892006], [11.418653391276152, 44.50869118102112], [11.417522125293031, 44.5087151453688], [11.417533285771412, 44.50898498570713], [11.41715619506074, 44.50899297141005], [11.417167353958854, 44.509262811808085], [11.416413168594794, 44.50927877963172], [11.416424324175843, 44.509548620164175], [11.41567013471274, 44.50956458316169], [11.41568128697662, 44.50983442382848], [11.41454999639913, 44.509858359219514], [11.41458343849733, 44.51066788180176], [11.414960540723301, 44.51065990435806], [11.4149716901388, 44.51092974511414], [11.415348793945354, 44.51092176635182], [11.415359945254062, 44.51119160701823], [11.415737050641193, 44.511183626937296], [11.41572589759558, 44.51091378634556], [11.41648010442695, 44.51089782260119], [11.416491260946362, 44.51116766304354], [11.416868365864358, 44.51115967923073], [11.416879524277093, 44.51142951958335], [11.417633737117605, 44.5114135480764], [11.41764489916065, 44.511683388264565], [11.418022007083135, 44.511675400570375], [11.418033171019623, 44.511945240668794], [11.418410280522563, 44.51193725165588], [11.41842144635254, 44.51220709166452], [11.418798557435926, 44.512199101332854], [11.41882089303952, 44.51273878115552], [11.41957512168464, 44.51272279646105], [11.419586293195378, 44.51299263620028], [11.420717640199523, 44.512968649604], [11.420728817078077, 44.51323848910376], [11.42110593416984, 44.51323049100878], [11.421139470956987, 44.5140400091934], [11.421893715092976, 44.51402400882217], [11.421882532532948, 44.51375416959203], [11.42225965262867, 44.51374616761519], [11.42224846848831, 44.513476328444895], [11.42262558669014, 44.51346832529889], [11.422603215405667, 44.51292864706302], [11.423357444390623, 44.51291263733849], [11.423346255509559, 44.51264279834784], [11.424854704648917, 44.51261076427034], [11.424865900478034, 44.51288060296124], [11.425620127580103, 44.51286457830855], [11.42560892827697, 44.512594739767586], [11.425986039855507, 44.512586725650216], [11.42596363824632, 44.512047048673175], [11.426340746193905, 44.51203903346182], [11.42631834173897, 44.51149935657463], [11.426695446055687, 44.511491340269316], [11.426673038755185, 44.510951663472035], [11.426295937912194, 44.51095967962732], [11.426284736234358, 44.51068984113112], [11.426661835340523, 44.51068182505083], [11.426639428982368, 44.51014214816334], [11.426262333349783, 44.510150164093616], [11.426251132143037, 44.50988032555231], [11.42587403809018, 44.50988834016369], [11.425862838777189, 44.50961850153236], [11.425485746304068, 44.50962651482489], [11.425508141613557, 44.51016619222247], [11.424753949249421, 44.51018221537577], [11.424765143666058, 44.51045205420196], [11.424010947200617, 44.51046807252956], [11.423999756257567, 44.51019823355349], [11.422868465593242, 44.51022225149083], [11.422879651325895, 44.51049209069165], [11.422502552387334, 44.51050009425785], [11.422547289938615, 44.511579451210416], [11.422170183895796, 44.511587453832234], [11.422181366938673, 44.511857293107695], [11.421427150908876, 44.51187329476917], [11.421438330634613, 44.51214313417933], [11.420684110503986, 44.51215913101459], [11.42067293425217, 44.51188929145472], [11.42029582568879, 44.51189728793155], [11.420284651330595, 44.51162744828184], [11.419907544347504, 44.511635443439864], [11.419896371882885, 44.511365603700334], [11.419519266480089, 44.511373597539574], [11.41950809590899, 44.511103757710224], [11.42026230308416, 44.51108776893737], [11.420251129195911, 44.51081792924262], [11.42100533227076, 44.51080193564365], [11.420994155065468, 44.51053209608351], [11.421748354039877, 44.51051609765852], [11.421737173517645, 44.51024625823306], [11.422114271032944, 44.51023825722956], [11.422069543564348, 44.50915889967696], [11.422446633975902, 44.509150897729064], [11.422435450763945, 44.508881058378236], [11.42469797952013, 44.50883302101941], [11.424686786045031, 44.50856318210305], [11.425063871885355, 44.5085551715981], [11.42505267683055, 44.50828533274166], [11.426938094994565, 44.50824526193454], [11.426949298732422, 44.508515100416034], [11.427703468372005, 44.50849906323647], [11.427714675740173, 44.508768901552855], [11.428091762060937, 44.50876088102231], [11.428080552956146, 44.508491042780975], [11.42845763738316, 44.508483021081666], [11.428435216171808, 44.50794334470401], [11.428812296968504, 44.50793532191104], [11.428801084862013, 44.50766548377473], [11.429178163764991, 44.507657459813046], [11.429155736550515, 44.50711778364548], [11.428778661120544, 44.507125807456994], [11.428767449485564, 44.506855969275584], [11.427636227462168, 44.50688003302244], [11.427625021193698, 44.50661019460083], [11.42800209362217, 44.506602174670675], [11.427990885774362, 44.50633233630904], [11.428745026687094, 44.50631629286764], [11.428733815523598, 44.506046454641115], [11.428757905869324, 44.50604594195122], [11.428363066245147, 44.505561561447145], [11.428314696965254, 44.50567877746798], [11.42829513425728, 44.505726304024385], [11.428237047316516, 44.50580461961644], [11.427868110796817, 44.505864835163244], [11.42776926005061, 44.50588096360492], [11.427466887071866, 44.5060218474603], [11.427466847123943, 44.50602179429447], [11.427271913324914, 44.505544473679144], [11.427195608543423, 44.505357647739984], [11.427203132050696, 44.505538859150285], [11.426449000299584, 44.505554892191846], [11.426437800025539, 44.50528505346998], [11.42568367111909, 44.5053010813868], [11.425672474474682, 44.50503124249993], [11.424918348413064, 44.50504726529209], [11.424907155398206, 44.50477742624027], [11.42528421677118, 44.504769415540984], [11.425250633459244, 44.5039598985202], [11.425627689466546, 44.50395188680216], [11.425515737931697, 44.501253496505576], [11.425545676129577, 44.50125286030744], [11.425416812760174, 44.50103144468274], [11.425416786131851, 44.501031409238266], [11.425416759130401, 44.50103136479916], [11.425126524602907, 44.5006092251973], [11.42511328561009, 44.50061362963852], [11.42404317269811, 44.50096949034009], [11.423995003145068, 44.50098212000938], [11.42399639505833, 44.501015693505984], [11.42385554721083, 44.50101868423345], [11.423621691312514, 44.50107999936867], [11.423630543131088, 44.50129353891243], [11.422876464113127, 44.50130954717058], [11.422898828860667, 44.501849226399116], [11.42252178564453, 44.50185722881269], [11.422555328733251, 44.50266674776745], [11.422178280152163, 44.50267474916208], [11.422189459759075, 44.5029445888585], [11.421812409285149, 44.502952589084416], [11.421790053700263, 44.502412909526846], [11.421413006541885, 44.50242090835948], [11.421401830720548, 44.50215106848331], [11.420270693513823, 44.502175057295304], [11.42025952305733, 44.50190521717964], [11.419882478744626, 44.50191321088838], [11.419860141773436, 44.501373530462416], [11.420991263825613, 44.50134954605439], [11.420968917064744, 44.500809866017185], [11.42059188000923, 44.50081786191373], [11.420569537346688, 44.5002781816668], [11.420192503606446, 44.50028617617024], [11.420181334245953, 44.50001633594943], [11.419804302085042, 44.50002432913459], [11.419781967305463, 44.499484648498324], [11.419404938459746, 44.49949264029045], [11.419360277722108, 44.498413278538564], [11.419737299624662, 44.49840528704555], [11.419726133095772, 44.49813544664481], [11.420103153106076, 44.4981274539832], [11.420114321370695, 44.49839729430916], [11.420491342960185, 44.49838930032936], [11.420502513117098, 44.49865914056548], [11.420879536285764, 44.498651145267466], [11.420871727337849, 44.49846253194751], [11.420854380689175, 44.49846250884002], [11.420529570959124, 44.49844070569146], [11.420502736898545, 44.498404139102426], [11.42049868444684, 44.49839861643238], [11.420495430347051, 44.49839414813923], [11.419561119098871, 44.49711258042057], [11.419456010401195, 44.49696834546168], [11.419437763649931, 44.4969435160056], [11.419398015722242, 44.49688876758823], [11.419397242546445, 44.49688771266962], [11.419393841821392, 44.49688304039249], [11.419392735117325, 44.496881524409226], [11.41924774436723, 44.49668261568121], [11.42078462742222, 44.49635863725555], [11.420767824405559, 44.49595274297835], [11.42114483006128, 44.49594474718517], [11.421133657998935, 44.49567490694845], [11.42124568561381, 44.49567253026079], [11.420336902141266, 44.4946580385745], [11.420357313288882, 44.495151216324174], [11.419980312526494, 44.49515920940639], [11.419941299372585, 44.49421641993593], [11.419583704768222, 44.49381723050946], [11.419547489918198, 44.493817998190266], [11.419545703071725, 44.49377480851751], [11.419108847880516, 44.49328713904179], [11.418394195085, 44.4933022833505], [11.418383036735321, 44.49303244244012], [11.418871419255836, 44.49302209310609], [11.418414900433902, 44.49251247275814], [11.41842521866821, 44.49250924729087], [11.41844576828618, 44.49250282520132], [11.418580960669397, 44.49246056556956], [11.418557359021868, 44.492427855124106], [11.418557345339863, 44.492427828406264], [11.418483405270669, 44.49232535220002], [11.418482284627283, 44.49232380049185], [11.4184765723277, 44.49231583720267], [11.417892090819041, 44.49150238549327], [11.417892064199794, 44.491502350046794], [11.417275533108176, 44.49062083922748], [11.41727551942721, 44.49062081250945], [11.418044901481391, 44.49037044111751], [11.418148646059652, 44.49033663396578], [11.417517521062715, 44.4903500023089], [11.417506367903258, 44.49008016108391], [11.415998491413502, 44.490112085465384], [11.415987345350343, 44.48984224392664], [11.415610377572294, 44.489850221839724], [11.415599233400332, 44.489580380211315], [11.415222267201072, 44.48958835680672], [11.415211124920257, 44.48931851508866], [11.414457195523179, 44.489334464401125], [11.414468334334073, 44.48960430626843], [11.414845300845643, 44.48959633215909], [11.414867582405783, 44.490136015699434], [11.414490612424217, 44.490143989958014], [11.414512891138855, 44.49068367358755], [11.413758943767176, 44.490699618673936], [11.413770079888513, 44.49096946061539], [11.41339310423345, 44.490977431368535], [11.413404238775755, 44.49124727336959], [11.413027261229516, 44.49125524295422], [11.413049527312003, 44.491794927060425], [11.412672546139413, 44.491802895551075], [11.412683677679526, 44.49207273765624], [11.41230669461572, 44.49208070497831], [11.412317824576636, 44.49235054714301], [11.411940839621613, 44.49235851329647], [11.411963096540921, 44.492898197729964], [11.411586107959401, 44.49290616278933], [11.411597234917725, 44.493176005058096], [11.409335289742536, 44.49322376975432], [11.409313056805386, 44.49268408430787], [11.408936068867979, 44.49269204059046], [11.408902725836533, 44.491882512084935], [11.407771776706946, 44.491906372803754], [11.407816213570635, 44.49298574500759], [11.407439223274936, 44.49299369639184], [11.407417008002259, 44.49245401017111], [11.407040021021457, 44.492461960163375], [11.407028915353902, 44.49219211695613], [11.406651929952702, 44.49220006563084], [11.406663033884998, 44.49246990891247], [11.406286046592903, 44.49247785641838], [11.40627494439587, 44.49220801306238], [11.405897958683429, 44.49221595925076], [11.40587575822664, 44.49167627234505], [11.406629722555005, 44.49166037902259], [11.406618619089597, 44.49139053569596], [11.406995599285164, 44.491382587244395], [11.40697338935092, 44.490842900694936], [11.406596412625655, 44.490850848997745], [11.406585309627115, 44.49058100562615], [11.406962284617267, 44.490573057397704], [11.406951180039252, 44.49030321408548], [11.407705126082439, 44.49028731404809], [11.407694018189938, 44.490017470869645], [11.408070989242955, 44.49000951906074], [11.408048770454961, 44.48946983280769], [11.407671802871986, 44.48947778446779], [11.407649588176753, 44.48893809800594], [11.40727262390805, 44.48894604827419], [11.407261518528882, 44.488676204946366], [11.406884555839472, 44.4886841538972], [11.406873452350869, 44.48841431048], [11.406496491240757, 44.48842225811346], [11.406485389642668, 44.48815241460691], [11.406108430111859, 44.48816036092299], [11.406097330404238, 44.487890517327074], [11.405720372452736, 44.487898462325816], [11.405709274635534, 44.487628618640564], [11.404955361735645, 44.48764450476045], [11.404933173507134, 44.48710481704765], [11.404179266924583, 44.487120697898426], [11.404190357491467, 44.487390541910926], [11.403436446817533, 44.48740641793842], [11.403447534070171, 44.4876762620845], [11.401562745992162, 44.48771593077245], [11.401573824725814, 44.48798577527475], [11.400819904937764, 44.48800163419742], [11.400853131660773, 44.48881116805958], [11.400476166329083, 44.488819095878966], [11.400487240478897, 44.4890889405439], [11.400110273257008, 44.48909686719443], [11.400176711005008, 44.49071593531444], [11.400553688637341, 44.490708008218846], [11.400564763873698, 44.4909778527789], [11.401318722142964, 44.49096199470999], [11.401329801004911, 44.49123183910665], [11.40283772262058, 44.49120010775437], [11.40284880857859, 44.49146995183912], [11.40322579032931, 44.491462015818946], [11.403259054341357, 44.492271547760474], [11.403636041142374, 44.492263610274335], [11.403658221398063, 44.492803298011864], [11.403281231126453, 44.49281123564656], [11.403270142656197, 44.49254139171101], [11.40251616511737, 44.49255726310228], [11.402527250117002, 44.49282710718634], [11.402150259379209, 44.49283504109142], [11.402161342798873, 44.49310488523474], [11.401407357386583, 44.493120749463735], [11.40142951775044, 44.493660438002294], [11.401052521340565, 44.49366836840038], [11.40107467885478, 44.494208057027414], [11.400697678818752, 44.494215986330644], [11.400708756073316, 44.494485830695886], [11.399954752064545, 44.4945016857209], [11.399943678280932, 44.49423184120729], [11.399566677779188, 44.494239766780694], [11.399577749827321, 44.49450961136845], [11.399200747434907, 44.49451753577275], [11.399211817902728, 44.494787380419695], [11.398834813619635, 44.49479530365483], [11.398812676310158, 44.494255614197684], [11.398058674220561, 44.494271456641556], [11.398047609269465, 44.49400161174225], [11.39729361003044, 44.49401744906482], [11.397282548705325, 44.493747604002344], [11.396905550588684, 44.49375552072463], [11.396883431874395, 44.493215830406584], [11.395752447007, 44.49323957266951], [11.39576350108042, 44.49350941805819], [11.395009506923275, 44.493525240165326], [11.39502055768076, 44.49379508568709], [11.393889560077094, 44.49381880974535], [11.39387851452594, 44.49354896400158], [11.393124518820251, 44.49356477367613], [11.393113476894767, 44.493294927769455], [11.391982487381824, 44.493318632734955], [11.39199352410101, 44.49358847886345], [11.390485528976388, 44.493620068374106], [11.39049655890841, 44.49388991478325], [11.389742556947457, 44.493905702226684], [11.38978666433731, 44.49498508830448], [11.390163672337218, 44.49497719490896], [11.390174701306682, 44.49524704131714], [11.390551710887594, 44.495239146604405], [11.390562741747267, 44.495508992923746], [11.391316763916453, 44.49549319962047], [11.391338833042257, 44.49603289191867], [11.39058480393047, 44.4960486855175], [11.390595835254, 44.49631853179195], [11.39021881873047, 44.496326426800174], [11.390207789142627, 44.496056580451864], [11.389830774200188, 44.49606447414285], [11.389841802052336, 44.496334320565026], [11.389087768232363, 44.49635010436454], [11.389109817457458, 44.496889797459374], [11.388732796844192, 44.496897687641706], [11.388765866633449, 44.497707227393256], [11.389142892454112, 44.49769933698943], [11.389164943224584, 44.49823902993464], [11.388787913932203, 44.49824692048614], [11.38882098603926, 44.49905646001324], [11.389198020539402, 44.499048569240216], [11.389209046620111, 44.499318415645476], [11.389963118628634, 44.4993026302212], [11.389952089075994, 44.49903278396365], [11.390706156994174, 44.499016993713056], [11.390717190018734, 44.49928683982284], [11.393356435011185, 44.49923153425784], [11.393345389834995, 44.49896168866557], [11.393722422478877, 44.49895378297052], [11.39368928267156, 44.498144246325815], [11.394443337079453, 44.498128431649164], [11.394432287315022, 44.49785858621897], [11.394809312550818, 44.49785067708947], [11.394776158979468, 44.49704114093108], [11.39590721813531, 44.49701740674821], [11.395918274378117, 44.497287251927226], [11.396295295522565, 44.49727933797207], [11.396306353656122, 44.49754918306204], [11.3959293307759, 44.49755709709125], [11.395973557916848, 44.49863647759763], [11.395219497804794, 44.498652302518074], [11.395230551505701, 44.498922147755316], [11.39485351948135, 44.49893005842435], [11.394864571601273, 44.49919990372064], [11.394110503615975, 44.499215721476254], [11.39412155241891, 44.49948556690558], [11.392990444071595, 44.49950928443464], [11.39300148782145, 44.499779130070934], [11.393378525828044, 44.49977122539747], [11.393389571468717, 44.50004107094481], [11.393766611056492, 44.50003316495383], [11.393788706274428, 44.500572855855644], [11.394165749179434, 44.50056494847314], [11.394232048966854, 44.50218402037526], [11.393854995645006, 44.50219192820174], [11.393888142421105, 44.503001464172655], [11.391625787985761, 44.50304888634644], [11.39163682680305, 44.503318732083876], [11.390505642287104, 44.50334242660286], [11.390516676050103, 44.50361227254707], [11.390139612499068, 44.50362016830656], [11.390150644680366, 44.503890014309675], [11.389396513641621, 44.50390580224529], [11.389407542504767, 44.50417564838118], [11.3886534073748, 44.50419143148959], [11.388620331667463, 44.50338189259396], [11.388997394100585, 44.50337400188313], [11.388975340929127, 44.5028343093589], [11.389352399735035, 44.502826417552086], [11.389341371644873, 44.50255657134136], [11.389718428559908, 44.50254867836472], [11.38969636937086, 44.502008986046114], [11.390450475792102, 44.50199319665737], [11.390439442957081, 44.50172335062335], [11.39081649419953, 44.50171545413741], [11.390794425521118, 44.501175762172274], [11.390417377751, 44.501183658510435], [11.390406345379931, 44.500913812431534], [11.390029299191294, 44.500921707452214], [11.39004032982623, 44.501191553605], [11.38966328174684, 44.50119944745594], [11.389652252848034, 44.5009296012293], [11.38889815969775, 44.500945385052695], [11.388887134425767, 44.50067553866337], [11.388133044129523, 44.500691317364755], [11.388111000993522, 44.50015162424593], [11.387733959085812, 44.50015951158362], [11.387755998749642, 44.500699204850065], [11.387001907526484, 44.50071497608992], [11.386990891089537, 44.5004451293166], [11.385482713734758, 44.50047665657821], [11.385493723227265, 44.50074650364654], [11.384739630151593, 44.50076225996329], [11.38472862413132, 44.50049241274752], [11.383974533910777, 44.500508163942484], [11.383963531516974, 44.50023831656435], [11.383586487911451, 44.500246190222775], [11.383575487407954, 44.49997634275601], [11.38319844538431, 44.49998421509718], [11.383209444151726, 44.50025406263761], [11.380947178356518, 44.50030127101143], [11.38095816686143, 44.500571118978684], [11.380581120286854, 44.50057898276201], [11.38062506890212, 44.50165837477581], [11.38100212242143, 44.50165051069813], [11.381013111696534, 44.50192035859061], [11.381390166798042, 44.50191249319567], [11.38140115796346, 44.502182340999596], [11.38328643984074, 44.50214299500192], [11.383275439994032, 44.50187314756615], [11.38440660206151, 44.501849525264646], [11.384417607116962, 44.50211937247934], [11.385171717863145, 44.50210361791269], [11.38520474437286, 44.502913159024764], [11.384827683868048, 44.50292103715108], [11.38484969884011, 44.50346073129845], [11.384472634708295, 44.5034686083285], [11.384483640689394, 44.503738455453465], [11.38372950849016, 44.503754205929795], [11.383718505981847, 44.50348435865744], [11.382964376638467, 44.50350010401152], [11.382975375673988, 44.5037699514312], [11.38222124224107, 44.5037856919577], [11.382265226033331, 44.50486508207608], [11.38264229977273, 44.504857212140145], [11.382664296066816, 44.50539690696233], [11.383418450029207, 44.50538116306446], [11.383429451880657, 44.5056510103058], [11.384183608699272, 44.50563526128534], [11.384194614178128, 44.50590510836436], [11.3849487738528, 44.505889354221246], [11.384959782959154, 44.506159201137876], [11.385713945489718, 44.50614344187204], [11.385724958223658, 44.50641328862624], [11.387610370531084, 44.506373868325795], [11.387621392102618, 44.50664371469616], [11.388375559417497, 44.5066279377215], [11.38838658461685, 44.50689778392927], [11.389140754786812, 44.50688200183157], [11.389151783614079, 44.5071518478767], [11.389905956638959, 44.507136060655874], [11.389916989094225, 44.50740590653831], [11.391048252681617, 44.507382216156444], [11.391037215016283, 44.507112370495705], [11.392545557353044, 44.50708076620152], [11.392556601965095, 44.50735061156652], [11.393310775677952, 44.5073348018084], [11.393321823918226, 44.507604647010474], [11.394830176431949, 44.507573012271905], [11.394819121244916, 44.50730316736584], [11.395573293098643, 44.50728734268145], [11.395562234593276, 44.50701749790847], [11.3963164023536, 44.5070016683968], [11.39630534053, 44.506731823756986], [11.398190748533564, 44.50669222858123], [11.398201819040247, 44.506962072850534], [11.398955984628735, 44.50694622592521], [11.39897813305426, 44.5074859141223], [11.399355219088939, 44.50747798864558], [11.399366295271246, 44.507747832647496], [11.400120470348108, 44.507731977814146], [11.400142630125385, 44.50827166547629], [11.40051972090426, 44.50826373604543], [11.400530802762628, 44.50853357977984], [11.40090789512289, 44.508525649030894], [11.400918978873378, 44.50879549267609], [11.401296072815022, 44.50878756060903], [11.401318244255735, 44.509327247706025], [11.401695341515564, 44.50931931424659], [11.401784047390361, 44.51147806144111], [11.401406936235201, 44.51148599549446], [11.401451285955199, 44.51256536902899], [11.401074167696347, 44.51257330213525], [11.401085253777817, 44.51284314555562], [11.40070813362642, 44.512851077492044], [11.400730302781295, 44.513390764436316], [11.400353179000167, 44.51339869527708], [11.400364262073502, 44.51366853880096], [11.399610010570726, 44.51368439689857], [11.399621090324976, 44.51395424055584], [11.398866834726402, 44.51397009382535], [11.398833606352918, 44.513160562363545], [11.398456483532343, 44.51316848690964], [11.398467557764365, 44.513438330819376], [11.397713308183086, 44.51345417632755], [11.39772437909592, 44.51372402037058], [11.397347252335233, 44.513731941332615], [11.397336183159624, 44.51346209721547], [11.39695905798098, 44.51347001685928], [11.396981193012905, 44.51400970522681], [11.39735832166603, 44.51400178543479], [11.39736939115201, 44.51427162952198], [11.396992260761612, 44.51427954938811], [11.397003328665484, 44.51454939353444], [11.396249063944605, 44.51456522968244], [11.396271193268493, 44.51510491822651], [11.395894057200673, 44.51511283458243], [11.395905120357924, 44.51538267890607], [11.395527982397617, 44.51539059409187], [11.395539043972562, 44.5156604384746], [11.395161904119767, 44.51566835249025], [11.395172964112358, 44.51593819693205], [11.394795822367067, 44.51594610977753], [11.394806880777258, 44.516215954278415], [11.393675449398865, 44.51623968557156], [11.393686502751619, 44.51650953027953], [11.392932210916157, 44.5165253450684], [11.392943260948838, 44.51679518990938], [11.392188965018642, 44.51681099986918], [11.392200011731138, 44.51708084484312], [11.391445711706334, 44.51709664997373], [11.391456755098545, 44.5173664950806], [11.390702450979255, 44.517382295381914], [11.390713491051075, 44.51765214062168], [11.389959182837424, 44.5176679360936], [11.389948146240839, 44.51739809070604], [11.38957099363952, 44.51740598650164], [11.389582028498486, 44.517675831963096], [11.389204874004834, 44.51768372658827], [11.389215907280864, 44.517953572108624], [11.38846159435422, 44.51796935777374], [11.388450564553493, 44.51769951210568], [11.388073409595854, 44.51770740299791], [11.38804032633431, 44.51689786568241], [11.388417476079132, 44.516889975011686], [11.388406446896942, 44.51662012928378], [11.388783594749578, 44.51661223744263], [11.388772563984485, 44.51634239177359], [11.38952685575072, 44.516326604506204], [11.389515821665272, 44.516056758969924], [11.389892965578856, 44.51604886354373], [11.389837788784872, 44.51469963600726], [11.389460653558418, 44.51470753106405], [11.389427554550515, 44.51389799414091], [11.389050424381374, 44.51390588773193], [11.389039393425374, 44.51363604198709], [11.388285136097736, 44.51365182528896], [11.38827410877091, 44.51338197938147], [11.387896981612446, 44.513389869092364], [11.387885956177458, 44.51312002309607], [11.387131704871331, 44.51313579863783], [11.3871096614139, 44.512596106305125], [11.386355416438544, 44.51261187657524], [11.386344398415961, 44.51234203023888], [11.385967277433753, 44.512349913434015], [11.385956261302791, 44.512080067008924], [11.384447782778455, 44.51211158705354], [11.384480810788402, 44.51292112716881], [11.385235060782493, 44.5129053691923], [11.385246073902314, 44.51317521572002], [11.385623200405014, 44.51316733479183], [11.385656245902739, 44.513976874064], [11.385279114188187, 44.51398475521341], [11.38529012792562, 44.514254601681294], [11.384912994319324, 44.514262481660275], [11.384924006473808, 44.51453232818694], [11.384169735323356, 44.51454808455981], [11.384180744157453, 44.51481793121896], [11.383803606613313, 44.51482580761281], [11.383792599516607, 44.51455596087996], [11.383415463555544, 44.51456383595591], [11.383426468914852, 44.51483368276244], [11.382295054893811, 44.514857300746115], [11.382328056260475, 44.515666841739026], [11.381950912732623, 44.51567471213276], [11.381972910939842, 44.51621440620055], [11.382350057942721, 44.51620653565953], [11.382383061622852, 44.51701607642811], [11.382005909407248, 44.517023947190104], [11.382049909522843, 44.518103334966796], [11.38167275020237, 44.518111204779046], [11.381683748879107, 44.51838105175948], [11.382060909937307, 44.518373181873606], [11.382071910506001, 44.51864302876543], [11.382449073147715, 44.51863515756153], [11.382482080992586, 44.51944469792636], [11.381350576964595, 44.51946830846772], [11.381361574674543, 44.51973815544704], [11.380984404618944, 44.51974602321228], [11.380995400745213, 44.52001587025027], [11.380618228797568, 44.5200237368447], [11.380607234409176, 44.51975388973311], [11.379852893527223, 44.51976961904147], [11.379841902768694, 44.51949977176775], [11.379464733834421, 44.519507634481705], [11.379453744967822, 44.51923778711945], [11.379076577617317, 44.51924564851543], [11.379065590642604, 44.51897580106466], [11.377934092880384, 44.518999377565486], [11.37789016737503, 44.51791998673051], [11.37826732649872, 44.517912129435416], [11.378256343769582, 44.517642281762825], [11.377879186383591, 44.5176501389844], [11.377857224862582, 44.51711044344735], [11.37748007079797, 44.51711829927755], [11.377469092006024, 44.5168484514131], [11.37671478689032, 44.51686415919355], [11.376703811727516, 44.51659431116716], [11.376326660676455, 44.51660216311745], [11.376315687405114, 44.51633231500262], [11.375938537937797, 44.51634016563515], [11.37592756655787, 44.51607031743193], [11.375173270636946, 44.51608601481718], [11.375162302885933, 44.51581616645214], [11.374785156432356, 44.51582401320491], [11.374774190572639, 44.5155541647515], [11.37439704570285, 44.51556201018658], [11.37437511791962, 44.5150223130881], [11.37399797637111, 44.515030157132124], [11.373943168289982, 44.5136809137575], [11.378091621308597, 44.51359456488046], [11.37806966093098, 44.51305486904206], [11.37844678862583, 44.513047011826146], [11.378435806930662, 44.51277716395804], [11.378812932734295, 44.51276930557154], [11.37880194945585, 44.51249945776202], [11.379179073368269, 44.51249159820492], [11.379157103798924, 44.51195190268815], [11.379534224082953, 44.511944042034045], [11.379512251655308, 44.51140434660459], [11.37913513484557, 44.51141220711159], [11.37912415059988, 44.511142359300884], [11.378747035373257, 44.51115021849027], [11.378736053018645, 44.51088037059108], [11.377604711626354, 44.51090394047428], [11.377593734636907, 44.51063409233958], [11.37646239707083, 44.51065765080584], [11.376440453975823, 44.51011795405071], [11.374554905660217, 44.51015719254581], [11.37456586844563, 44.51042704129802], [11.374188756584303, 44.510434885338356], [11.374210679142042, 44.51097458294477], [11.373833563652882, 44.51098242588784], [11.373844523425138, 44.51125227474203], [11.373090288511653, 44.51126795704271], [11.373079332213647, 44.51099810804177], [11.371947983902864, 44.511021621942135], [11.371937032969774, 44.51075177270622], [11.371182803469141, 44.510767442272794], [11.371160909011833, 44.51022774346292], [11.370783797505451, 44.510235576233505], [11.370750962181559, 44.50942602768681], [11.371128068476878, 44.5094181951361], [11.371117121938822, 44.50914834566396], [11.37187133059512, 44.509132676977146], [11.371860380736635, 44.50886282763669], [11.372237483097598, 44.50885499150062], [11.372226531655706, 44.508585142218564], [11.372603632126227, 44.50857730491185], [11.37259267910097, 44.50830745568819], [11.37334687610757, 44.508291777489575], [11.373335919762145, 44.508021928397696], [11.373713016298208, 44.508014087505835], [11.373691100594499, 44.507474389424], [11.374068193503309, 44.50746654743497], [11.374057234145095, 44.50719669844502], [11.37443432516349, 44.50718885528547], [11.374390482320093, 44.50610945946988], [11.374013398248563, 44.50611730233588], [11.373991481222054, 44.50557760419167], [11.373614400470192, 44.50558544566706], [11.373592487531354, 44.50504574731635], [11.373969564810022, 44.50503790598773], [11.373947649012447, 44.50449820772402], [11.373570575206877, 44.504506048905895], [11.373559619275015, 44.50423619967825], [11.371674256626495, 44.50427538656405], [11.371663309530698, 44.50400553695478], [11.371286238277019, 44.50401337052729], [11.371264348018729, 44.50347367111734], [11.370887280084558, 44.50348150329948], [11.370865393912823, 44.502941803683214], [11.370488329298096, 44.50294963447505], [11.370477388178717, 44.50267978457125], [11.366706750963866, 44.50275802335208], [11.366717674719224, 44.50302787398802], [11.36558647535839, 44.50305132158895], [11.365553720179252, 44.5022417689781], [11.364799596925101, 44.50225739405467], [11.364810511692339, 44.502527245086085], [11.363679320454503, 44.502550673592296], [11.363657501491257, 44.50201097107606], [11.363280440912169, 44.502018777944556], [11.363269533396279, 44.501748926591], [11.36289247440063, 44.50175673214275], [11.362881568773956, 44.501486880701236], [11.362504511361752, 44.50149468493625], [11.362493607624248, 44.50122483340679], [11.36173949581392, 44.50124043799972], [11.361728595701818, 44.500970586309315], [11.360974486752859, 44.50098618578155], [11.360963590266065, 44.50071633393024], [11.359832430905877, 44.50073972359217], [11.359810648807883, 44.500200019407096], [11.35943359885491, 44.500207813327876], [11.359422709771108, 44.49993796114003], [11.360176806051996, 44.4999223722007], [11.360165913648494, 44.499652520143826], [11.360920005846301, 44.49963692637592], [11.360909110123202, 44.49936707445004], [11.359777976805878, 44.49939046301762], [11.359767086443862, 44.49912061085797], [11.359390043435528, 44.49912840448703], [11.359379154962268, 44.49885855223954], [11.358625071959935, 44.49887413562102], [11.358635956960988, 44.49914398801434], [11.35788186987612, 44.49915956656727], [11.357870988347281, 44.49888971402816], [11.3571169041245, 44.49890528746094], [11.35710602622037, 44.498635434761205], [11.356351944859844, 44.49865100307393], [11.356373693876163, 44.49919070874988], [11.35599664949502, 44.49919849118652], [11.356018395648771, 44.49973819694849], [11.355641347642894, 44.49974597828717], [11.355663090933897, 44.50028568413514], [11.356040142412194, 44.50027790265084], [11.35605101602254, 44.50054775547967], [11.356428069084657, 44.50053997267888], [11.356460696039136, 44.50134953085741], [11.355329520768878, 44.501372876184135], [11.355340391516252, 44.50164272909896], [11.35458627043475, 44.50165828657717], [11.354597137861763, 44.50192813962268], [11.352711823810584, 44.50196701191689], [11.352700965065484, 44.501697158507625], [11.35232390353488, 44.50170492916255], [11.352313046678367, 44.50143507566567], [11.351935986731936, 44.501442845004156], [11.351925131763958, 44.501172991419686], [11.351548073401712, 44.501180759441766], [11.35153722032222, 44.5009109057697], [11.351160163544158, 44.5009186724754], [11.351127610427323, 44.50010911115176], [11.35150466199655, 44.5001013446641], [11.351472105040047, 44.49929178342441], [11.351095058679432, 44.49929954969405], [11.351084208400998, 44.49902969584501], [11.351461253025459, 44.49902192964805], [11.351450401162989, 44.49875207585679], [11.351827443899202, 44.49874430848892], [11.351816590452746, 44.49847445475545], [11.35370179317073, 44.498435599625665], [11.353690931196049, 44.49816574624089], [11.35444500774547, 44.49815019562943], [11.354434142450966, 44.49788034237528], [11.354811178761196, 44.49787256527698], [11.354778578583531, 44.49706300564345], [11.355155609533481, 44.497055227519944], [11.355123005518958, 44.496245667970626], [11.354745979776743, 44.49625344587577], [11.354702516833372, 44.495174032643575], [11.355833572773102, 44.49515069607123], [11.35582270221073, 44.494880842944305], [11.357707783717046, 44.4948419241526], [11.357696904628403, 44.49457207137498], [11.358073918736563, 44.49456428395926], [11.358063038064715, 44.49429443123958], [11.358440050284669, 44.49428664265334], [11.35841828592719, 44.49374693731503], [11.358795294523295, 44.4937391476312], [11.358784410837735, 44.49346929501258], [11.35916141754567, 44.49346150415829], [11.359150532277072, 44.493191651597655], [11.35990454176401, 44.49317606630486], [11.35989365317686, 44.49290621387517], [11.358008636993102, 44.49294516741757], [11.358019516902415, 44.49321502021179], [11.357642511472495, 44.493222807263145], [11.357653389798712, 44.49349266011532], [11.356522367387367, 44.49351601402786], [11.356500621300963, 44.4929763078715], [11.356123616996863, 44.49298408987665], [11.356101874991168, 44.49244438351503], [11.355724874005794, 44.492452164131215], [11.355681398764768, 44.49137275093788], [11.356058392808226, 44.49136497061293], [11.356047522643403, 44.49109511735013], [11.356424514799084, 44.491087335854736], [11.35641364305123, 44.49081748264986], [11.356036652630939, 44.490825264072456], [11.35601491306308, 44.49028555747233], [11.354883951300323, 44.490308893843824], [11.354905680456023, 44.4908486008807], [11.35264373199517, 44.49089524092941], [11.352632877753482, 44.490625386981975], [11.352255887546107, 44.49063315589933], [11.352234182989848, 44.49009344781437], [11.351857196101077, 44.49010121534309], [11.351835495623867, 44.48956150705315], [11.353720411193354, 44.48952265770438], [11.353709552506523, 44.489252803900605], [11.354086533428662, 44.48924503037401], [11.354097393850754, 44.489514884105034], [11.354474376355931, 44.489507109262505], [11.354463514198578, 44.48923725560422], [11.354840494816251, 44.48922947959124], [11.354829631075912, 44.488959625990844], [11.354452652193471, 44.48896740193104], [11.354441790340605, 44.48869754824298], [11.35406481304113, 44.48870532286726], [11.35405395307569, 44.488435469091534], [11.353676977359191, 44.4884432423999], [11.353644403581551, 44.48763368076509], [11.353267432918289, 44.48764145261213], [11.3532457212976, 44.48710174463563], [11.352491786454976, 44.48711728430951], [11.352502638719097, 44.48738713845063], [11.351748699797904, 44.48740267329752], [11.351781247092145, 44.48821223606761], [11.351404272198058, 44.4882200018444], [11.351425967684154, 44.48875971042866], [11.350672010499105, 44.4887752385434], [11.350682854999754, 44.48904509295849], [11.350305874443986, 44.48905285522373], [11.350295031678572, 44.488783000736014], [11.349541073581616, 44.48879852139172], [11.349508556608342, 44.48798895740344], [11.349131582537552, 44.48799671564872], [11.349088235640442, 44.48691729649876], [11.349465202770794, 44.486909538543884], [11.349454364691178, 44.486639683791765], [11.349077399295876, 44.486647441674045], [11.34906656310319, 44.48637758683443], [11.348312635327032, 44.48639309872459], [11.348269305954764, 44.48531367863658], [11.347138433971576, 44.485336936278145], [11.347127607212803, 44.48506708100127], [11.34675065131647, 44.48507483098987], [11.346739826444333, 44.48480497562558], [11.345985917666335, 44.484820471728696], [11.345996739068676, 44.485090327238], [11.345619782717263, 44.48509807349752], [11.345652242629452, 44.48590764015356], [11.34602920418572, 44.48589989367657], [11.346040026194753, 44.48616974912632], [11.347547877842779, 44.48613875049767], [11.347580365600466, 44.48694831588732], [11.347203397710949, 44.4869560676267], [11.347246709905702, 44.488035488227965], [11.346492759790399, 44.488050988557625], [11.34651440985759, 44.488590699059024], [11.34576045219458, 44.48860619470609], [11.345771273985283, 44.48887605007947], [11.345394293191003, 44.48888379611071], [11.345372653231744, 44.488344085204105], [11.344995675756277, 44.48835182984722], [11.344984857739325, 44.48808197429911], [11.34423090580394, 44.488097459710914], [11.344220091408967, 44.48782760400301], [11.343466142337647, 44.48784308429731], [11.343455331564568, 44.48757322842964], [11.341947438544484, 44.487604173810816], [11.34186101333632, 44.4854453240172], [11.339599252547307, 44.485491701322445], [11.339610044758468, 44.48576155803273], [11.339233082362421, 44.485769283305196], [11.339287037011866, 44.48711856699495], [11.33966400808325, 44.487110841361016], [11.339728769065092, 44.48872998086403], [11.339351787582501, 44.48873770693177], [11.339362579873688, 44.48900756353584], [11.338985596504541, 44.48901528843266], [11.338996387211687, 44.489285145094144], [11.337865430990922, 44.48930831254211], [11.337854645489731, 44.489038455663824], [11.337477661515754, 44.48904617558779], [11.337466877901035, 44.48877631862238], [11.33708989551121, 44.48878403723089], [11.337079113782913, 44.48851418017838], [11.336702132977248, 44.48852189747146], [11.336691353135324, 44.48825204033186], [11.335937394541256, 44.48826747104401], [11.335948170912662, 44.48853732832801], [11.33557118965379, 44.48854504189149], [11.335592739379138, 44.48908475655923], [11.335215754498641, 44.48909246902386], [11.335226527852514, 44.4893623264076], [11.335603514468351, 44.48935461387081], [11.335614289708593, 44.48962447116752], [11.335237301357392, 44.48963218377649], [11.335248075013277, 44.4899020411305], [11.334871084775683, 44.48990975256839], [11.334881856847161, 44.490179609979684], [11.333750880022306, 44.49020273705016], [11.333761647038443, 44.49047259466303], [11.333384652726181, 44.490480301272086], [11.333373887445491, 44.490210443587095], [11.332242908809802, 44.490233555738214], [11.33225366888413, 44.49050341363949], [11.331122683684697, 44.490526514817226], [11.33113343870339, 44.49079637291981], [11.330756441599895, 44.49080407089782], [11.330810210276843, 44.49215336154804], [11.331187216058156, 44.49214566320983], [11.331197971981386, 44.492415521223236], [11.33157497934757, 44.4924078215696], [11.33159649511767, 44.49294753740774], [11.331219484280147, 44.49295523720548], [11.331230240655682, 44.49322509517431], [11.330853227931678, 44.49323279380071], [11.330863982722255, 44.49350265182671], [11.330486968111765, 44.49351034928172], [11.330508474673627, 44.49405006543324], [11.330131456440862, 44.49405776178885], [11.330152960134006, 44.49459747802498], [11.32977593827888, 44.494605173281165], [11.329797439103126, 44.49514488960186], [11.32942041362556, 44.495152583758575], [11.329441911580728, 44.495692300163846], [11.329818940530147, 44.49568460586313], [11.329840442559965, 44.49622432206496], [11.330217474830626, 44.496216626376686], [11.330228227807597, 44.49648648438329], [11.330605261663537, 44.49647878737945], [11.33061601652727, 44.49674864529915], [11.330238980935299, 44.496756342375036], [11.330249734213734, 44.49702620035192], [11.329872696734975, 44.49703389625625], [11.329883448428065, 44.497303754290286], [11.329129369546264, 44.49731914251219], [11.32914011791785, 44.49758900067538], [11.328763076514827, 44.497596692992914], [11.328784570237707, 44.498136409418684], [11.328407525211736, 44.49814410063655], [11.328429016064813, 44.49868381714685], [11.328806064563187, 44.49867612578502], [11.328827559491279, 44.499215842091935], [11.330712817085256, 44.49917736590786], [11.330734329978887, 44.499717081435215], [11.329603165456925, 44.499740171308844], [11.32963542030114, 44.50054974513664], [11.33001248050159, 44.50054204953975], [11.330023234154165, 44.50081190738061], [11.330400295940269, 44.500804210467976], [11.330411051480013, 44.50107406822195], [11.331542241142841, 44.501050969805384], [11.33155300204268, 44.50132082732835], [11.332684195557182, 44.50129771750175], [11.332705728228222, 44.501837432070545], [11.332328660401346, 44.50184513673405], [11.332339425226754, 44.50211499406826], [11.331962355512468, 44.502122697560054], [11.331973118752254, 44.50239255495148], [11.330841903494603, 44.502415658180276], [11.33083114546442, 44.50214580057265], [11.330454075146754, 44.502153499089246], [11.330432563011826, 44.501613783685315], [11.329678428870192, 44.50162917669901], [11.329689181389275, 44.501899034552444], [11.32893504317172, 44.50191442273499], [11.328967291214088, 44.502723996638174], [11.329344365607872, 44.502716302952805], [11.329376620216344, 44.50352587650626], [11.328999540612692, 44.50353357040762], [11.329010290713624, 44.503803428301055], [11.328633209222597, 44.50381112103054], [11.328643957737533, 44.50408097898111], [11.327135623320068, 44.504111737748055], [11.32714636503877, 44.50438159597161], [11.326769279321148, 44.50438928262553], [11.326758539339183, 44.50411942433005], [11.326004370925755, 44.50413479376236], [11.32597216230335, 44.503325218355315], [11.325595083080943, 44.50333290098994], [11.325552147304542, 44.50225346661837], [11.325929219580512, 44.50224578427133], [11.325918484276041, 44.5019759257132], [11.326295554664974, 44.50196824219423], [11.326284817774473, 44.50169838369316], [11.32666188627637, 44.501690699002296], [11.326629671298516, 44.50088112362566], [11.325875544563042, 44.500896491332135], [11.325854075609431, 44.50035677405249], [11.326231135579597, 44.50034909096494], [11.32620966375516, 44.499809373769665], [11.326586720102103, 44.499801689582185], [11.326565245407018, 44.499261972471324], [11.326188192532701, 44.49926965651499], [11.326177457147208, 44.498999797865366], [11.326554508285248, 44.49899211389361], [11.32650082493401, 44.49764282078225], [11.326123782476989, 44.49765050439447], [11.326113047994376, 44.49738064565573], [11.324981924928972, 44.49740368881504], [11.324971195805167, 44.49713382984581], [11.323085996369121, 44.49717220987988], [11.323107437405792, 44.49771192852183], [11.32273039359538, 44.497719600941416], [11.322751831760787, 44.498259319667554], [11.323128879043582, 44.49825164710437], [11.323161042627408, 44.499061224866836], [11.32278399013586, 44.49906889764542], [11.322805429803916, 44.49960861622309], [11.322428373689473, 44.49961628790159], [11.322417655516636, 44.499346428548385], [11.322040600988274, 44.49935409891137], [11.322051317424782, 44.499623958336365], [11.321674261009866, 44.499631627527414], [11.32166354630969, 44.49936176803065], [11.320532381372846, 44.499384767926266], [11.320521672031806, 44.49911490819944], [11.320144618488893, 44.499122572272164], [11.320133911034267, 44.49885271245876], [11.319756859077552, 44.49886037521609], [11.31976756479588, 44.4991302351012], [11.319390510952795, 44.49913789668653], [11.319401215084877, 44.499407756628486], [11.318647103475929, 44.499423076211386], [11.318679206354249, 44.50023265637831], [11.318302145115624, 44.500240314519196], [11.318312844638653, 44.500510174616814], [11.318689907613708, 44.500502516404275], [11.318732714151706, 44.50158195635971], [11.319109783922686, 44.5015742966167], [11.319120487668783, 44.50184415649678], [11.321382913562033, 44.5017981714884], [11.32139362787755, 44.502068030923304], [11.321770700070765, 44.502060362330134], [11.321856433895583, 44.504219236700806], [11.321479347809072, 44.504226905868094], [11.321511495261946, 44.505036483727444], [11.321134403814822, 44.50504415186611], [11.321155832727483, 44.505583870508296], [11.320778737656434, 44.505591537546486], [11.320789450601179, 44.50586139691706], [11.320412353643047, 44.50586906278301], [11.320423065001052, 44.50613892221048], [11.320045966155831, 44.50614658690418], [11.32006738584841, 44.50668630585803], [11.319690283379117, 44.50669396945115], [11.319733117617881, 44.50777340746761], [11.3193560080503, 44.507781070103526], [11.31936671524821, 44.50805092964224], [11.318989603793417, 44.50805859110577], [11.31900030940431, 44.50832845070134], [11.3186231960623, 44.50833611099247], [11.318644604260008, 44.508875830282456], [11.318267487293596, 44.50888348947283], [11.318278189880346, 44.50915334916722], [11.317523952022988, 44.5091686639589], [11.317534651285314, 44.50943852378179], [11.317157530394386, 44.509446179383055], [11.31716822806945, 44.509716039262756], [11.31679110529128, 44.509723693691505], [11.316812497616738, 44.51026341354961], [11.316058244661338, 44.51027871896105], [11.316068937574318, 44.510548579011086], [11.315691809134394, 44.510556229922116], [11.315702500459919, 44.5108260900289], [11.31532537013273, 44.51083373976732], [11.315336059870749, 44.51110359993086], [11.31420466277787, 44.51112654189547], [11.314215347453477, 44.51139640225887], [11.313461078500998, 44.51141169082384], [11.31347175985149, 44.51168155131548], [11.311963213199855, 44.51171211380045], [11.311952538799224, 44.51144225302279], [11.310066860804978, 44.51148042777578], [11.310077526518226, 44.511750288910655], [11.309700388733198, 44.511757920199884], [11.309711052858471, 44.51202778139136], [11.309333913186423, 44.51203541150771], [11.309344575723673, 44.51230527275577], [11.30821315059807, 44.51232815585326], [11.308223808072116, 44.51259801730063], [11.307846664327142, 44.51260564258255], [11.30786797624829, 44.513145365575525], [11.307490828878702, 44.513152989755824], [11.30750148332573, 44.513422851301435], [11.307124334069117, 44.51343047430873], [11.307113681359736, 44.51316061269179], [11.306736533691419, 44.51316823438341], [11.306725882869017, 44.512898372680326], [11.306348736789, 44.5129059930563], [11.306327439067358, 44.512366269463044], [11.305950296313227, 44.51237388845208], [11.305939649413911, 44.512104026561936], [11.30443108385517, 44.51213448978988], [11.304441723804226, 44.51240435196512], [11.302933148908421, 44.512434795569106], [11.302943782056259, 44.51270465801441], [11.302189490238579, 44.51271987249287], [11.302200120060233, 44.512989735065744], [11.301822972190198, 44.51299734050964], [11.301844228805273, 44.51353706575329], [11.301467077310878, 44.51354467009517], [11.301477704104228, 44.51381453276594], [11.301100550723131, 44.5138221359346], [11.301089925667496, 44.513552273192666], [11.300712773875146, 44.5135598750458], [11.300702150706169, 44.51329001221793], [11.299947850150057, 44.51330521204882], [11.299937230605359, 44.51303534906389], [11.299560081841628, 44.51304294704169], [11.29953884667417, 44.512503220885215], [11.299161701236859, 44.512510817476475], [11.299151085614023, 44.51224095430493], [11.299528229313733, 44.51223335778476], [11.299506995039424, 44.511693631539444], [11.300261275041999, 44.51167843505057], [11.300250654653066, 44.51140857204791], [11.300627792693493, 44.51140097200815], [11.300617170715961, 44.51113110906179], [11.300994306869967, 44.51112350784889], [11.300877455834396, 44.508155015243986], [11.302008806070251, 44.5081322064877], [11.30199817893078, 44.5078623436482], [11.301243949063556, 44.50787755058756], [11.301233325547424, 44.507607687590934], [11.30085621212757, 44.50761528912328], [11.300845590497525, 44.50734542604072], [11.299714254556076, 44.50736822295972], [11.299724870974643, 44.507638086255625], [11.298970642795128, 44.50765327812324], [11.29900248252059, 44.508462868348616], [11.298625362995987, 44.50847046262944], [11.298614751342614, 44.50820059916473], [11.296729160174724, 44.50823855155126], [11.296739763141849, 44.508508415371125], [11.296362642724974, 44.50851600218697], [11.296373244103469, 44.50878586606304], [11.294864754000782, 44.5088162011686], [11.29487534857866, 44.50908606531376], [11.29449822394428, 44.50909364605064], [11.29453000335703, 44.50990323861012], [11.29490713320351, 44.50989565766042], [11.294917728375543, 44.51016552174639], [11.295671991097679, 44.51015035597237], [11.295682589893126, 44.510420219901604], [11.296059722768748, 44.51041263507725], [11.296080924280371, 44.51095236274936], [11.295703787929813, 44.51095994771567], [11.295735586099356, 44.51176953932575], [11.2953584443876, 44.511777123260686], [11.295347846586704, 44.5115072593345], [11.294970706463925, 44.51151484195417], [11.294981302527262, 44.51178470595132], [11.294604160518364, 44.51179228739765], [11.294614754992676, 44.51206215145095], [11.29499189873916, 44.51205456993369], [11.295013091608645, 44.512594297853994], [11.295390238681806, 44.51258671495047], [11.295400837077056, 44.51285657881747], [11.295777985739278, 44.512848994598635], [11.295799186450939, 44.51338872214627], [11.296176338439919, 44.5133811365411], [11.296186940756408, 44.51365100022172], [11.297318401044514, 44.51362823572693], [11.297329008722883, 44.51389809917972], [11.297706163592574, 44.51389050845498], [11.297695554176467, 44.51362064507322], [11.298072707159676, 44.51361305317513], [11.298083318313518, 44.513882916485834], [11.298460472885687, 44.5138753232723], [11.29847108592606, 44.514145186497146], [11.298848242087184, 44.51413759196815], [11.298869472089923, 44.514677318231286], [11.299623790916817, 44.514662125155716], [11.299634409617079, 44.51493198812289], [11.300388731324096, 44.51491678992739], [11.300399353648924, 44.515186652737526], [11.300776516016889, 44.515179051702006], [11.300787140228513, 44.515448914426194], [11.301164304185383, 44.51544131207509], [11.301174930283855, 44.51571117471333], [11.301929261226377, 44.51569596613541], [11.301939890949646, 44.51596582861651], [11.302694224771827, 44.51595061491837], [11.302715491617235, 44.516490339551424], [11.303092661780576, 44.51648273069322], [11.303113932698315, 44.51702245512459], [11.304245452721405, 44.516999620655696], [11.304234811974009, 44.5167297586611], [11.3046119832787, 44.5167221447537], [11.304590698755584, 44.51618242086256], [11.30421353092679, 44.51619003462747], [11.304170970622563, 44.5151105863824], [11.304925292227955, 44.51509535817814], [11.304914649049218, 44.51482549622234], [11.306423283517887, 44.51479502516582], [11.30644458392712, 44.5153347484923], [11.306821745646674, 44.51532712747449], [11.306832397813123, 44.51559698904419], [11.307209561121171, 44.51558936671063], [11.307198907216875, 44.515319505212254], [11.307576068637704, 44.51531188170559], [11.307565413144966, 44.51504202026375], [11.307942572678579, 44.515034395584], [11.307931915597443, 44.51476453419868], [11.308309073243851, 44.51475690834588], [11.308298414574368, 44.51448704701711], [11.309052725943316, 44.51447179172105], [11.309042063947796, 44.51420193052021], [11.309796371243333, 44.51418667038937], [11.30981770233483, 44.51472639249061], [11.310949172582996, 44.51470349253293], [11.310938501749233, 44.51443363170402], [11.311315656461685, 44.51442599596746], [11.31130498403981, 44.51415613519518], [11.310927831065076, 44.51416377086029], [11.310917160530526, 44.51389391000172], [11.311294311767565, 44.51388627440806], [11.311283639644948, 44.51361641360612], [11.314300830251332, 44.513555284632034], [11.314290144377258, 44.513285424387306], [11.314667290791496, 44.513277777737564], [11.314677978403195, 44.51354763791075], [11.315432274257365, 44.513532340735125], [11.315421583170426, 44.5132624807051], [11.316175874949796, 44.51324717869535], [11.316229349260084, 44.51459647798109], [11.31660650361317, 44.514588824751634], [11.316617200662808, 44.514858684492665], [11.317371512394487, 44.514843374157365], [11.317360811869396, 44.51457351455962], [11.318869426581351, 44.5145428792431], [11.318890841683434, 44.51508259785037], [11.319645155089681, 44.51506727243907], [11.319655866341437, 44.515337131577034], [11.320033024557068, 44.51532946693306], [11.320043737696784, 44.51559932598446], [11.320420897499995, 44.51559166002434], [11.320485189919877, 44.51721081359053], [11.320862360000033, 44.51720314595551], [11.32088379548451, 44.517742863548634], [11.321260968890314, 44.517735194525606], [11.321271688595957, 44.51800505322814], [11.321648863589454, 44.51799738288883], [11.321659585183413, 44.51826724150473], [11.322036761764597, 44.518259569849114], [11.3220582088796, 44.51879928689279], [11.322435388786529, 44.51879161384906], [11.32245683997915, 44.51933133068975], [11.322834023211884, 44.519323656257825], [11.322844750771903, 44.51959351458408], [11.323599120262363, 44.51957816184289], [11.32357765834028, 44.51903844546287], [11.323954839383608, 44.51903076736911], [11.323933374587229, 44.518491051073404], [11.324310552003961, 44.518483371878816], [11.324299818093465, 44.518213513780545], [11.324676993621674, 44.518205833413305], [11.324666258123681, 44.517935975372055], [11.325043431763376, 44.51792829383219], [11.325054168999364, 44.51819815180156], [11.325808519303074, 44.51818278484453], [11.325797778591111, 44.51791292701896], [11.3261749517791, 44.5179052417456], [11.326164209479767, 44.5176353839771], [11.32578703802974, 44.51764306917854], [11.325754817249155, 44.516833495568136], [11.32537765086228, 44.51684117930938], [11.325356174570514, 44.51630146335104], [11.324601848296544, 44.51631682681262], [11.324591113852135, 44.51604696866741], [11.324968275326562, 44.516039287630704], [11.324946803413672, 44.515499571439456], [11.324569645414819, 44.5155072523324], [11.324558911421907, 44.51523739414262], [11.323804598448241, 44.51525275205161], [11.323836790451802, 44.516062327007546], [11.324213952227206, 44.51605464845968], [11.324235417790854, 44.516594364879], [11.32310392158625, 44.51661739722038], [11.32309319394275, 44.51634753880261], [11.32271602997822, 44.51635521368901], [11.322705304222964, 44.516085355184586], [11.32232814184589, 44.51609302875474], [11.322274524014079, 44.514743735650775], [11.32189737017549, 44.51475140761753], [11.32188664879786, 44.51448154888041], [11.32150949654665, 44.514489219531015], [11.32149877705701, 44.514219360707266], [11.321875927570549, 44.514211690128434], [11.321865206493552, 44.51394183136161], [11.322619503594375, 44.513926486614515], [11.322608779192446, 44.51365662797644], [11.3233630722166, 44.51364127839565], [11.323373800093758, 44.513911136890094], [11.324128095991508, 44.51389578218834], [11.324138827494345, 44.51416564052425], [11.324515976955176, 44.514157961235014], [11.324526710346127, 44.51442781948419], [11.324903861394128, 44.51442013887875], [11.324914596673242, 44.51468999704121], [11.325668901793032, 44.5146746319535], [11.325658163038574, 44.51440477393483], [11.326789614375983, 44.51438171718635], [11.326800358343442, 44.514651574989266], [11.327177510225676, 44.51464388684582], [11.327188256081456, 44.51491374456192], [11.327565409550713, 44.514906055102166], [11.32757615729486, 44.51517591273146], [11.327953312351138, 44.515168221955356], [11.327964061983703, 44.515438079497834], [11.328718375119543, 44.51542269406855], [11.328739881787874, 44.51596240882096], [11.329871360787376, 44.51593932091209], [11.32984984369251, 44.51539960659178], [11.330604155320344, 44.515384208718714], [11.330593393523746, 44.51511435168036], [11.330970547373635, 44.51510665094932], [11.330873682355382, 44.5126779375839], [11.330119405781309, 44.51269333650464], [11.330108647230892, 44.51242347924561], [11.32973151045506, 44.51243117676757], [11.329677728652415, 44.5110818898894], [11.330054856741258, 44.511074192727605], [11.330044099095803, 44.51080433537942], [11.3304212252965, 44.51079663704548], [11.330410466064565, 44.51052677975447], [11.330787590377128, 44.510519080248415], [11.330776829558761, 44.51024922301459], [11.331153951983188, 44.510241522336415], [11.33114318957844, 44.509971665159796], [11.33152031011474, 44.50996396330956]], [[11.414395838376867, 44.51526315135121], [11.414384689934751, 44.51499331068603], [11.414761820110108, 44.514985333292], [11.414772970289503, 44.515255173882544], [11.414395838376867, 44.51526315135121]], [[11.406607515779816, 44.49112069235434], [11.40623053716379, 44.49112863948842], [11.40621943574477, 44.49085879605746], [11.406596412625655, 44.490850848997745], [11.406607515779816, 44.49112069235434]], [[11.39668337638134, 44.4975412677894], [11.396694436405692, 44.49781111279032], [11.39631741194468, 44.49781902813704], [11.396306353656122, 44.49754918306204], [11.39668337638134, 44.4975412677894]], [[11.346148254627883, 44.48886830280503], [11.346159078305533, 44.48913815809101], [11.34653606053169, 44.489130409500866], [11.346546886096338, 44.48940026469947], [11.345792918021735, 44.489415760781554], [11.345771273985283, 44.48887605007947], [11.346148254627883, 44.48886830280503]], [[11.329763781346333, 44.51324074871614], [11.328255211885143, 44.51327152722548], [11.328244461720676, 44.51300166963612], [11.327867320716052, 44.513009361080755], [11.327845824314256, 44.51246964571354], [11.328222961843888, 44.51246195441284], [11.328212212131564, 44.51219209677892], [11.328589347773029, 44.51218440430596], [11.32857859647398, 44.511914546729166], [11.328955730227282, 44.511906853083964], [11.328966483263759, 44.51217671058877], [11.329343618603733, 44.51216901562732], [11.329354373528421, 44.51243887304527], [11.32973151045506, 44.51243117676757], [11.329763781346333, 44.51324074871614]], [[11.385703824315001, 44.542874016788055], [11.385692797675343, 44.542604171758455], [11.386070113991876, 44.54259628527876], [11.38608114237145, 44.54286613023456], [11.386458460273236, 44.54285824243567], [11.38648052097628, 44.543397932154754], [11.386103199594594, 44.54340582010128], [11.386125257436412, 44.543945509908134], [11.385747932420053, 44.54395339675682], [11.385758959832934, 44.5442232417116], [11.385004305856206, 44.54423901182016], [11.385015329943608, 44.54450885690755], [11.38426067186832, 44.54452462218172], [11.384271692630135, 44.544794467401665], [11.383894361620541, 44.54480234824427], [11.383905380796792, 44.545072193523], [11.383150714833768, 44.54508795161913], [11.38316173068425, 44.545357797030356], [11.383539065483173, 44.54534991853132], [11.383583137390918, 44.54642929973178], [11.382828453716847, 44.54644505607405], [11.382762367664647, 44.54482598329903], [11.383139699137773, 44.54481810619294], [11.383095637898649, 44.54373872433862], [11.382718313385809, 44.54374660114987], [11.382707300202236, 44.54347675557519], [11.383839268057281, 44.5434531216262], [11.383828249808207, 44.54318327625772], [11.384960211052618, 44.54315963132098], [11.38494918773821, 44.54288978615879], [11.385703824315001, 44.542874016788055]], [[11.381765512854267, 44.538905125750844], [11.381776519933345, 44.539174971727135], [11.381399224534224, 44.5391828435497], [11.381410230028033, 44.5394526895847], [11.381032932734946, 44.539460560235646], [11.381043936643437, 44.53973040632934], [11.380289338115025, 44.53974614404265], [11.380256337290303, 44.538936605274934], [11.381765512854267, 44.538905125750844]], [[11.385937785499799, 44.53935814464209], [11.385560490060366, 44.53936603023628], [11.385549465430781, 44.53909618501218], [11.385926759130614, 44.53908829949177], [11.385937785499799, 44.53935814464209]], [[11.383285699985995, 44.539143471984254], [11.383274685948523, 44.53887362630271], [11.382520099710206, 44.538889378517275], [11.38250908930633, 44.53861953267339], [11.38288638076313, 44.53861165726243], [11.38287536877411, 44.53834181147727], [11.383252658336938, 44.53833393489476], [11.38324164476282, 44.53806408916835], [11.382864356939514, 44.53807196567715], [11.382853345259338, 44.53780211986207], [11.383985203047416, 44.537778486821196], [11.383996219946072, 44.53804833241513], [11.385882655200117, 44.53800891874091], [11.385915732916056, 44.538818454326496], [11.3855384409558, 44.53882633977312], [11.385549465430781, 44.53909618501218], [11.383285699985995, 44.539143471984254]], [[11.413080346187904, 44.538247429769896], [11.413091497644999, 44.53851726959193], [11.412714215140516, 44.53852524476681], [11.412703065422807, 44.538255404870135], [11.41232578450136, 44.538263378725254], [11.412314636679367, 44.53799353873898], [11.412691915861451, 44.537985564958475], [11.412669617207783, 44.53744588509011], [11.413046892754869, 44.53743791021374], [11.413058043742842, 44.5377077500808], [11.413435320872866, 44.53769977388469], [11.413457626796621, 44.5382394534245], [11.413080346187904, 44.538247429769896]], [[11.36998171808268, 44.53698978434519], [11.369992670004054, 44.53725963271897], [11.370369956105849, 44.53725179884146], [11.370380909920318, 44.53752164712701], [11.370758197608017, 44.53751381193096], [11.370780109176884, 44.53805350831062], [11.371157400190036, 44.53804567172268], [11.371179315852649, 44.53858536789593], [11.370802021360312, 44.53859320463052], [11.370812977682492, 44.538863052768086], [11.370058384757641, 44.53887872264809], [11.370047431914726, 44.53860887436391], [11.369670136961526, 44.5386167073627], [11.369648235215685, 44.53807701060293], [11.369270943588118, 44.53808484220986], [11.369238097339732, 44.53727529673837], [11.368860810777258, 44.537283126880254], [11.368838917524984, 44.53674342967806], [11.369593483538466, 44.5367277684422], [11.36960443356679, 44.536997616904216], [11.36998171808268, 44.53698978434519]], [[11.373769879074505, 44.52799856592715], [11.373813743916973, 44.529077958076805], [11.374190976154534, 44.52907011270471], [11.374223881617327, 44.52987965643984], [11.373846644163432, 44.52988750203218], [11.37385761121981, 44.53015734998742], [11.373480371873303, 44.530165194408276], [11.373491337344612, 44.53043504242199], [11.373114096105487, 44.530442885671334], [11.373146988225278, 44.53125242984302], [11.373524234681117, 44.531244586373475], [11.37353520076749, 44.53151443432743], [11.37391244880851, 44.531506589539546], [11.37392341678763, 44.531776437405156], [11.375055165204728, 44.53175289535149], [11.375044192008696, 44.531483047706175], [11.376175933824054, 44.53145949466824], [11.376164955565077, 44.53118964722839], [11.378428424605127, 44.531142507980114], [11.378417436066679, 44.53087266096641], [11.378794678628633, 44.53086480014134], [11.37877269853627, 44.5303251062162], [11.379527176242425, 44.53030938112561], [11.379516182949766, 44.530039534287766], [11.379893419832815, 44.53003166994872], [11.379871430232388, 44.52949197637537], [11.38062589658086, 44.5294762442571], [11.380614898534429, 44.5292063975952], [11.382878283445521, 44.52915917180597], [11.3828892919243, 44.52942901802595], [11.382512059752823, 44.529436892176584], [11.382567095768254, 44.53078612342057], [11.382189854748471, 44.53079399669472], [11.382200860675733, 44.53106384297232], [11.382578103434383, 44.531055969624504], [11.382600119229703, 44.53159566198749], [11.382222872993246, 44.53160353548266], [11.382244885928099, 44.53214322793318], [11.383376634608066, 44.532119603270736], [11.383387646523959, 44.532389449252484], [11.383764897514135, 44.53238157180138], [11.383775911323447, 44.53265141769448], [11.386039424454397, 44.53260412640106], [11.386050448852272, 44.53287397183668], [11.386427702238857, 44.532866085523246], [11.38648283524257, 44.53421531210789], [11.384973785987023, 44.53424685136731], [11.384984806094998, 44.53451669693446], [11.384607541655555, 44.53452457871047], [11.384596523286747, 44.53425473306956], [11.383841997422701, 44.53427049273892], [11.383853012313166, 44.5345403385273], [11.383475747410268, 44.53454821656814], [11.383530815483308, 44.535897445654285], [11.383153541729719, 44.5359053228186], [11.383164554068342, 44.53617516866467], [11.383541829561254, 44.53616729142664], [11.383552843793654, 44.53643713718405], [11.383930120871458, 44.53642925862717], [11.383963169713574, 44.537238795588465], [11.382076756689248, 44.5372781770269], [11.382087764581682, 44.537548023019255], [11.381333194812312, 44.53756376702569], [11.38134419938015, 44.5378336131504], [11.380212338350294, 44.53785722004197], [11.38023433751179, 44.53839691268835], [11.37985704671425, 44.53840477930901], [11.379835051031812, 44.537865086515396], [11.379457763559104, 44.53787295174362], [11.379446767688721, 44.537603105250795], [11.379069481801311, 44.53761096916022], [11.379036500333683, 44.53680142937127], [11.37865921951046, 44.53680929181478], [11.378648227735654, 44.53653944511498], [11.378270948497699, 44.53654730623976], [11.37824896888924, 44.53600761264823], [11.377871692975914, 44.53601547238073], [11.37784971746254, 44.53547577858231], [11.377472444873783, 44.53548363692262], [11.377450473455282, 44.534943942917344], [11.377073204191031, 44.53495179986548], [11.377051236867192, 44.53441210565339], [11.376673970927385, 44.53441996120942], [11.376652007697999, 44.533880266790526], [11.376274745082574, 44.53388812095449], [11.376263765438019, 44.533618273649125], [11.375509243223606, 44.53363397809495], [11.375498267211277, 44.53336413062769], [11.375121007612321, 44.53337198090958], [11.37511003349302, 44.53310213335392], [11.373978258990272, 44.53312567650908], [11.374033105038219, 44.5344749152395], [11.373655837867128, 44.53448276083491], [11.373677773884555, 44.535022456369305], [11.374055044534158, 44.53501461062707], [11.374066014512872, 44.53528445829845], [11.373688742123978, 44.53529230411411], [11.373721647765109, 44.53610184725886], [11.372967092089851, 44.5361175355952], [11.37295612686773, 44.53584768774842], [11.372578850538812, 44.535855529975485], [11.372556924034537, 44.53531583409034], [11.372179651030555, 44.535323674925515], [11.372157728619808, 44.53478397883389], [11.371780458940696, 44.53479181827721], [11.371769499705142, 44.53452197013564], [11.371392231611607, 44.53452980826052], [11.371381274268964, 44.53425996003066], [11.371004007761014, 44.53426779683712], [11.370982097015085, 44.53372810018593], [11.370227570495143, 44.53374376977033], [11.37020566732033, 44.53320407276615], [11.369828407308304, 44.533211905544164], [11.369817457690376, 44.53294205694638], [11.36944019926393, 44.53294988840607], [11.36940735654862, 44.53214034230327], [11.369030103185898, 44.53214817229813], [11.369019157660183, 44.53187832349406], [11.369396409283874, 44.53187049357248], [11.369374515214899, 44.53133079606609], [11.368997267069197, 44.53133862584114], [11.368986322003924, 44.53106877699227], [11.36672284034134, 44.531115729059], [11.366668169483876, 44.52976648239401], [11.367422646595985, 44.529750837416906], [11.367411709406799, 44.52948098818554], [11.367788945993993, 44.529473163902864], [11.367767068598132, 44.52893346554173], [11.36738983548851, 44.52894128967798], [11.3673788987594, 44.528671440401816], [11.367001667235172, 44.528679263220006], [11.366990732398147, 44.528409413855684], [11.36661350245932, 44.52841723535583], [11.366635368809215, 44.528956934215884], [11.366258135239594, 44.52896475461753], [11.366290930697836, 44.529774303015195], [11.36515921342006, 44.529797757409376], [11.365170140329475, 44.5300676070649], [11.36479289919155, 44.530075422779625], [11.364803824515295, 44.53034527249333], [11.363294851476272, 44.53037652319545], [11.363305769997536, 44.53064637318669], [11.362928524616038, 44.530654182822964], [11.362950358639957, 44.53119388290683], [11.362573109627444, 44.531201691444295], [11.362584025130031, 44.53147154153692], [11.36220677422545, 44.53147934890246], [11.36221768814207, 44.531749199053216], [11.361463182395752, 44.53176481019543], [11.361452271957198, 44.5314949598986], [11.361075020593573, 44.53150276352919], [11.361053203653439, 44.530963062744725], [11.360675955614854, 44.53097086498429], [11.360654142764476, 44.53043116399414], [11.360276898050868, 44.530438964842745], [11.360255089290035, 44.52989926364693], [11.359877847901341, 44.52990706310462], [11.359888750466407, 44.53017691378299], [11.359511507185932, 44.53018471206873], [11.35952240816495, 44.53045456280515], [11.359145162992693, 44.53046235991892], [11.359156062385619, 44.530732210713374], [11.358024320735055, 44.53075559480383], [11.358002532535714, 44.530215892762364], [11.357625288491201, 44.53022368482342], [11.357614396359587, 44.5299538337074], [11.357991638665185, 44.529946041719256], [11.357969851382395, 44.52940633958834], [11.358347090057485, 44.52939854650111], [11.358336194906377, 44.5291286954862], [11.357958957970126, 44.5291364885005], [11.357937171603835, 44.52859678628009], [11.35605100201993, 44.52863573194923], [11.356061886432714, 44.52890558343133], [11.355684650319164, 44.52891336890338], [11.355673767645188, 44.528643517348435], [11.35491929843793, 44.52865908441218], [11.354897540502863, 44.52811938096622], [11.352634150086097, 44.52816605140677], [11.352623281779865, 44.5278961992247], [11.351868820565679, 44.527911745933814], [11.35185795588931, 44.52764189359137], [11.351480726792422, 44.52764966500591], [11.351469864007107, 44.527379812575845], [11.351092636496617, 44.52738758267283], [11.351049193833123, 44.52630817251273], [11.351426414388996, 44.52630040270658], [11.351404690493792, 44.52576069768254], [11.351781907420198, 44.52575292677704], [11.351760180657141, 44.52521322183884], [11.35025132594607, 44.52524429741066], [11.35026218229735, 44.525514150178005], [11.349884966500433, 44.525521916031764], [11.349906676182542, 44.5260616216671], [11.34952945675629, 44.52606938642141], [11.349518603577714, 44.52579953353854], [11.34914138573786, 44.52580729697542], [11.349119683314333, 44.52526759101967], [11.348742468799422, 44.52527535306651], [11.3487207704615, 44.52473564690591], [11.348343559271465, 44.52474340756274], [11.348321865018935, 44.52420370119733], [11.34869907273206, 44.524195940685736], [11.348655679098552, 44.52311652806665], [11.34827847833895, 44.52312428828777], [11.348267632049165, 44.522854435023135], [11.348644831070446, 44.522846674874636], [11.348623135470541, 44.52230696844594], [11.34900033086316, 44.52229920719804], [11.34898948155311, 44.522029354033975], [11.349743868405476, 44.52201382794961], [11.349733015771113, 44.52174397491594], [11.352373352792382, 44.52168959492438], [11.352405947654782, 44.52249915245408], [11.352783143263329, 44.52249137868726], [11.352804877409868, 44.52303108348706], [11.353182076342598, 44.52302330833011], [11.353203814575282, 44.52356301292478], [11.353581016832262, 44.523555236377646], [11.35364624561858, 44.525174349367376], [11.354777882766326, 44.52515101094765], [11.35476700570542, 44.524881159038344], [11.355144216044536, 44.52487337714846], [11.355165973795826, 44.52541308080652], [11.355920400970334, 44.52539751300124], [11.355909518541434, 44.52512766132534], [11.356286730161328, 44.525119875628455], [11.356297614328712, 44.525389727231484], [11.356674827534476, 44.525381940217], [11.356685713592983, 44.525651791732265], [11.359703427650002, 44.52558945022259], [11.359757929775036, 44.526938704658384], [11.360135152037445, 44.52693090600347], [11.360146054659621, 44.5272007567729], [11.360523278507785, 44.5271929568002], [11.360534183021493, 44.52746280748174], [11.360911408455406, 44.52745500619123], [11.360922314860693, 44.527724856784836], [11.36129954188035, 44.527717054176506], [11.361310450177262, 44.527986904682194], [11.36395104720158, 44.5279322510574], [11.363940126733864, 44.52766240106315], [11.364694578171392, 44.527646774684534], [11.364672730740777, 44.52710707494368], [11.364295508575863, 44.52711488860916], [11.364284586828912, 44.526845038643245], [11.363907366249455, 44.52685285099083], [11.363852768504417, 44.52550360057185], [11.364229980391226, 44.52549578858979], [11.364219059563084, 44.52522593853432], [11.364973479400382, 44.525210310982274], [11.364962555248509, 44.52494046105812], [11.365339763198984, 44.52493264548817], [11.365317911877977, 44.524392945741376], [11.366072320365774, 44.52437731115998], [11.366094178640319, 44.52491701061418], [11.366471386131131, 44.524909191310144], [11.366482317236688, 44.52517904094167], [11.366859526312645, 44.52517122031978], [11.366870459309911, 44.525441069863206], [11.36724766997101, 44.5254332479234], [11.367258604860035, 44.5257030973787], [11.368390241138657, 44.525679623871405], [11.368379301034263, 44.525409774635754], [11.368756511081921, 44.52540194771712], [11.368712745244732, 44.52432255091817], [11.369089948185422, 44.52431472304783], [11.36906806271067, 44.52377502470529], [11.369822461178487, 44.52375936552371], [11.36981151519471, 44.523489516476566], [11.370188712460143, 44.52348168509212], [11.370177764891597, 44.523211836103336], [11.370554960265288, 44.52320400354756], [11.37054401111202, 44.52293415461712], [11.370921204593975, 44.52292632089004], [11.370910253856032, 44.522656472017985], [11.371287445446256, 44.52264863711964], [11.371276493123691, 44.52237878830595], [11.371653682822188, 44.52237095223635], [11.371609868115119, 44.52129155712558], [11.371232685369025, 44.52129939290189], [11.371221733814245, 44.52102954401352], [11.370844552652644, 44.521037378471995], [11.37083360298943, 44.5207675294954], [11.370456423412325, 44.520775362636066], [11.37044547564063, 44.52050551357122], [11.370068297648025, 44.520513345394086], [11.370046406041046, 44.519973647073066], [11.369669231370901, 44.51998147750489], [11.36965828753554, 44.51971162824869], [11.370035460467756, 44.51970379789013], [11.370013569781563, 44.519164099479504], [11.370390739084534, 44.51915626802307], [11.370368845536488, 44.518616569699276], [11.369991679709198, 44.518624401009156], [11.369969790250648, 44.518084702479065], [11.369592627745497, 44.518092532398], [11.369581684984151, 44.51782268303729], [11.369204524063338, 44.51783051163858], [11.369215465086922, 44.51810036107255], [11.368838302274948, 44.5181081885027], [11.368849241714143, 44.518378037994985], [11.368472077011003, 44.51838586425399], [11.36848301486576, 44.51865571380458], [11.36810584827145, 44.5186635388924], [11.36811678454172, 44.518933388501274], [11.367739616056232, 44.5189412124179], [11.367750550741965, 44.51921106208506], [11.366996209835344, 44.519226706331395], [11.367007141198595, 44.519496556130036], [11.366629968777476, 44.51950437645973], [11.366640898556067, 44.519774226316606], [11.366263724243778, 44.51978204547501], [11.366274652437662, 44.52005189539014], [11.36740618012862, 44.520028433962], [11.3674389812716, 44.5208379829592], [11.3666846192029, 44.520853625594896], [11.366695549747739, 44.52112347537715], [11.366318366745444, 44.5211312949014], [11.366340224818725, 44.521670994567486], [11.36596303818702, 44.52167881299353], [11.365973965715389, 44.521948662877335], [11.365596777192344, 44.52195648013198], [11.365607703135778, 44.52222633007402], [11.364853322153822, 44.522241960995885], [11.364864244774092, 44.52251181106926], [11.364109859703179, 44.52252743715901], [11.364120779000176, 44.522797287363694], [11.363743584496845, 44.52280509861478], [11.36373266693806, 44.522535248337014], [11.36297828094862, 44.522550866959214], [11.362956453243005, 44.5220111660666], [11.362579263495102, 44.52201897336469], [11.362568351609976, 44.521749122822946], [11.361813975131506, 44.521764733539314], [11.361803066875634, 44.52149488283656], [11.362557439877843, 44.521479272266276], [11.362535616872558, 44.520939571108194], [11.362158433924115, 44.52094737686952], [11.362136615006861, 44.52040767550568], [11.362513794479218, 44.52039986989043], [11.362491972697807, 44.51986016861298], [11.362869148541202, 44.51985236189933], [11.362858236142008, 44.51958251131129], [11.36323541009445, 44.519574703426215], [11.363202668601144, 44.51876515179176], [11.363579837186862, 44.51875734288145], [11.363558006814058, 44.51821764186334], [11.363935171771061, 44.51820983185477], [11.363924255076412, 44.517939981396424], [11.363547091857209, 44.51794779133191], [11.363536177053392, 44.51767794078557], [11.36391333853482, 44.51767013092316], [11.363902422146278, 44.51740028043496], [11.363525262402602, 44.517408090224286], [11.363503433560101, 44.516868389056974], [11.363880589828346, 44.51686057941382], [11.363869673898952, 44.51659072888085], [11.36462398250093, 44.516575106007664], [11.364613063249276, 44.51630525560599], [11.36649882338649, 44.51626617701285], [11.366487895599837, 44.51599632696193], [11.367242195107204, 44.51598068696081], [11.367220333043234, 44.51544098710689], [11.367597479091907, 44.515433165386256], [11.36756468193281, 44.51462361571301], [11.369073243744502, 44.51459231726638], [11.369084182927503, 44.51486216687952], [11.369461324734544, 44.51485433908401], [11.369472265808406, 44.51512418860898], [11.36984940919955, 44.51511635949596], [11.369871295282513, 44.515656058354544], [11.370248441995287, 44.515648227850726], [11.370259387004465, 44.515918077184345], [11.370636535301347, 44.51591024536297], [11.370669376462427, 44.51671979305437], [11.37104652981865, 44.5167119597688], [11.37105747891696, 44.516981808896105], [11.372566097757128, 44.516950463017274], [11.372577053959633, 44.51722031183631], [11.372954210023384, 44.517212472182415], [11.37299804332043, 44.51829186701579], [11.372620880305778, 44.51829970696313], [11.37264279440056, 44.5188394044369], [11.373019960890812, 44.51883156434283], [11.373030919906476, 44.519101412983964], [11.373785255901666, 44.519085728915826], [11.373840070663864, 44.520434971163546], [11.374594423423243, 44.52041928138367], [11.37458345668749, 44.520149433110824], [11.374960631098602, 44.5201415864276], [11.37494966277869, 44.51987173821323], [11.375326835298102, 44.51986389035899], [11.375337805355931, 44.520133738499915], [11.375714979459453, 44.52012588932778], [11.37573692351244, 44.5206655854179], [11.374228212271968, 44.52069697522715], [11.374239177577252, 44.520966823543546], [11.373861997644724, 44.52097466795805], [11.37387296136573, 44.5212445163329], [11.374250143036281, 44.52123667184498], [11.374283040335857, 44.52204621665967], [11.374660227066865, 44.522038370707], [11.374682162844937, 44.52257806702859], [11.375436542798095, 44.52256237109585], [11.375447514394127, 44.52283221908735], [11.375824705878127, 44.52282436918069], [11.375835679366176, 44.52309421708379], [11.37659006534893, 44.5230785133898], [11.376601042467245, 44.52334836113101], [11.376978236965966, 44.523340507343654], [11.376989215976417, 44.52361035499642], [11.37736641205942, 44.523602499890956], [11.377377392962055, 44.52387234745528], [11.378886182707138, 44.52384091429327], [11.378864207150029, 44.52330121973793], [11.379241400724762, 44.52329335848301], [11.379230411439115, 44.52302351125648], [11.379984794649951, 44.52300778516007], [11.379962809588326, 44.52246809095647], [11.380339997486285, 44.522460226188585], [11.38035099167816, 44.522730073224274], [11.380728181160096, 44.52272220713823], [11.38075017348262, 44.523261901017534], [11.38301332799351, 44.52321467748194], [11.383002321326181, 44.52294483099166], [11.383756701452487, 44.52292908000392], [11.383767711596121, 44.52319892634682], [11.384522094581234, 44.523183170233416], [11.384533108355585, 44.5234530164139], [11.384910301354685, 44.523445136416626], [11.384932332843075, 44.52398482858525], [11.3856867253307, 44.52396906456193], [11.385675706032856, 44.523699218632615], [11.38643009442605, 44.52368344977847], [11.386408049341178, 44.523143758170036], [11.386785239829626, 44.52313587202367], [11.386796264032943, 44.52340571776156], [11.387173456104977, 44.52339783029685], [11.387151404376635, 44.52285813895369], [11.38677421578088, 44.522866026270805], [11.3867631918867, 44.52259618050298], [11.386386004874486, 44.522604066501756], [11.386374982872951, 44.52233422064518], [11.385997797444281, 44.522342105325635], [11.386008817707731, 44.522611951255996], [11.385631630386461, 44.52261983476569], [11.385576539304504, 44.52127060459544], [11.38670807473421, 44.52124695143942], [11.386752168147085, 44.5223263347202], [11.387883723042018, 44.52230266947812], [11.387872694242809, 44.52203282390182], [11.3882498771605, 44.522024933072586], [11.388260907697758, 44.52229477857506], [11.38863809219884, 44.52228688642747], [11.388660157213494, 44.522826577239805], [11.38828296923625, 44.52283446953509], [11.388316062703977, 44.52364400586291], [11.387561675856652, 44.52365978716287], [11.387572703845514, 44.52392963272321], [11.387195508451704, 44.523937521580145], [11.387206534856968, 44.52420736719935], [11.387583731989, 44.52419947826859], [11.387594760287117, 44.524469323799025], [11.38721756141684, 44.52447721280359], [11.387261669202411, 44.52555659507093], [11.38424401705019, 44.52561966466188], [11.384255030476082, 44.52588951078147], [11.383123403155167, 44.52591314156214], [11.383156428713422, 44.526722680494565], [11.382779214082369, 44.52673055515314], [11.382790221172007, 44.52700040150773], [11.38241300464812, 44.52700827499525], [11.382424010153573, 44.52727812140856], [11.382046791736842, 44.527285993724995], [11.382057795658064, 44.52755584019702], [11.381680575348488, 44.527563711342374], [11.381691577685425, 44.52783355787309], [11.380937133126325, 44.527849296576775], [11.380948132140324, 44.52811914323981], [11.380193683487104, 44.52813487711162], [11.380182687950326, 44.527865030301356], [11.379805465131048, 44.527872895296476], [11.379783477997178, 44.527333201483906], [11.379029038850524, 44.52734892744548], [11.379018048991902, 44.52707908036963], [11.378640830925965, 44.52708694140971], [11.378629842959963, 44.52681709424534], [11.377120976109879, 44.52684852566405], [11.377131957121751, 44.52711837312255], [11.376754738285703, 44.527126227938865], [11.376765717712987, 44.52739607545592], [11.375634055065534, 44.52741963265675], [11.375601132892426, 44.52661008939948], [11.375223916917799, 44.52661793908987], [11.375201973048728, 44.52607824336338], [11.374447547591927, 44.52609393871616], [11.374436579365067, 44.52582409068365], [11.374059368144422, 44.52583193641955], [11.37403743562892, 44.525292240162855], [11.37290581147506, 44.52531576946193], [11.37288389000488, 44.524776072705144], [11.372506685122953, 44.52478391316871], [11.372495726356737, 44.52451406469454], [11.372118523059504, 44.524521903840096], [11.37212948008737, 44.52479175238762], [11.371752274898151, 44.52479959036186], [11.371763230341273, 44.5250694389678], [11.371386023260065, 44.5250772757707], [11.371396977118394, 44.52534712443504], [11.37064255901842, 44.525362794453414], [11.370653509553474, 44.52563264324944], [11.369899087362452, 44.525648308435606], [11.369910034574128, 44.5259181573633], [11.369532821509894, 44.52592598816259], [11.369543767136573, 44.52619583714862], [11.369166552180374, 44.52620366677646], [11.369188440417108, 44.52674336485025], [11.369942877130146, 44.52672770405676], [11.369931929457971, 44.526457855173874], [11.370309145845704, 44.52645002298327], [11.37029819658852, 44.52618017415873], [11.371052625426364, 44.526164506189915], [11.371041672845735, 44.525894657497076], [11.37255052172443, 44.52586330691603], [11.372561481258966, 44.52613315531552], [11.372938694832998, 44.526125314485085], [11.372971579574198, 44.5269348593738], [11.373348798210083, 44.5269270170785], [11.373370725616551, 44.527466713449535], [11.372993503503514, 44.527474555891594], [11.373004465698731, 44.52774440412807], [11.372627241693369, 44.52775224539874], [11.372638202303659, 44.528022093693664], [11.373769879074505, 44.52799856592715]], [[11.370238522312908, 44.53401361825001], [11.370615787388875, 44.53400578400703], [11.370626741099436, 44.53427563239849], [11.36987220731549, 44.53429129978598], [11.369850307004796, 44.53375160269494], [11.370227570495143, 44.53374376977033], [11.370238522312908, 44.53401361825001]], [[11.36673377497281, 44.53138557834722], [11.366356525753275, 44.53139339940752], [11.366345592860782, 44.53112355004611], [11.36672284034134, 44.531115729059], [11.36673377497281, 44.53138557834722]], [[11.383745691463227, 44.52265923364607], [11.3852544429107, 44.52262771703084], [11.385265459852441, 44.52289756309378], [11.383756701452487, 44.52292908000392], [11.383745691463227, 44.52265923364607]], [[11.372539562343565, 44.525593458501596], [11.37291677244068, 44.52558561781792], [11.372927733559994, 44.52585546615898], [11.37255052172443, 44.52586330691603], [11.372539562343565, 44.525593458501596]], [[11.35748767157368, 44.53616819802327], [11.357531248113101, 44.53724760131768], [11.357153958542687, 44.537255392784246], [11.357164851319903, 44.53752524364348], [11.356787559857155, 44.5375330339377], [11.356798451047526, 44.537802884854926], [11.356421157692438, 44.537810673976765], [11.35639937894362, 44.53727097198165], [11.356022088915015, 44.537278759712464], [11.356011201509226, 44.53700890861967], [11.355633913067505, 44.537016695032385], [11.355612142193008, 44.53647699265634], [11.355234857077692, 44.53648477767811], [11.35521309029275, 44.53594507509674], [11.357099496947853, 44.53590613826444], [11.357110388961328, 44.53617598919822], [11.35748767157368, 44.53616819802327]], [[11.40008634652372, 44.53447024755659], [11.400075256695697, 44.53420040496405], [11.400829772707386, 44.5341845380748], [11.400863053092623, 44.53499406536205], [11.401240316082454, 44.53498612982717], [11.401251411594474, 44.53525597215202], [11.401628676167865, 44.53524803529784], [11.40163977357465, 44.53551787753344], [11.402017039731598, 44.53550993935993], [11.402039238490437, 44.5360496236376], [11.401661968855073, 44.53605756195966], [11.401695262942887, 44.53686708848656], [11.40131798793409, 44.53687502578635], [11.401295795198488, 44.53633534130154], [11.400918523512656, 44.5363432772077], [11.400896334877931, 44.535803592514405], [11.400519066515, 44.53581152702699], [11.400507974170198, 44.53554168458362], [11.400130707390929, 44.535549617776894], [11.400108526646294, 44.53500993269671], [11.399731263189846, 44.535017864496496], [11.399709086545517, 44.53447817920794], [11.40008634652372, 44.53447024755659]], [[11.387680816573763, 44.535810714669374], [11.387669783518145, 44.53554086969362], [11.388047053677465, 44.53553297766182], [11.388058088472352, 44.53580282256373], [11.387680816573763, 44.535810714669374]], [[11.388036019037317, 44.535263132744966], [11.388413287302658, 44.53525523954194], [11.388424323682047, 44.53552508438495], [11.388047053677465, 44.53553297766182], [11.388036019037317, 44.535263132744966]], [[11.395958620077392, 44.5350971140171], [11.395969691241051, 44.535366957380454], [11.395592424336357, 44.53537487555886], [11.395581354911887, 44.5351050321214], [11.395958620077392, 44.5350971140171]], [[11.359707748197842, 44.53504202304216], [11.359740459849206, 44.53585157440125], [11.358985899784438, 44.53586717030237], [11.358964098821573, 44.535327469119345], [11.35934137545159, 44.53531967193731], [11.359330473460076, 44.53504982139639], [11.359707748197842, 44.53504202304216]], [[11.389500926329944, 44.53415217382733], [11.38951196730772, 44.53442201850854], [11.38913470472429, 44.53442991522512], [11.389123665485647, 44.53416007047001], [11.389500926329944, 44.53415217382733]], [[11.367942104945493, 44.533251050758636], [11.367953046021189, 44.533520899707796], [11.367575783349096, 44.533528725088786], [11.367564844012566, 44.533258876066405], [11.367942104945493, 44.533251050758636]], [[11.393862135282617, 44.5300096583021], [11.393817898750326, 44.528930282079315], [11.39532680098525, 44.52889862892568], [11.395315735285402, 44.52862878512874], [11.395692958717683, 44.52862086880245], [11.395659757333418, 44.52781133754395], [11.395282539116803, 44.52781925364802], [11.39527147403758, 44.52754940979117], [11.394517040615943, 44.52756523811698], [11.39450597916884, 44.52729539409703], [11.393751548603788, 44.527311217295875], [11.393729433128696, 44.526771528914914], [11.393352221090504, 44.526779438499226], [11.39334116532395, 44.52650959421228], [11.392963954869163, 44.52651750247789], [11.392952900996026, 44.52624765810197], [11.392575692124652, 44.526255565048906], [11.39255358832008, 44.52571587610415], [11.39217638277048, 44.52572378165846], [11.392154283062395, 44.525184092505874], [11.39253148513535, 44.52517618709952], [11.392509382570445, 44.52463649803499], [11.392886581011904, 44.52462859153197], [11.39289763395514, 44.524898435997734], [11.393274833979882, 44.52489052817612], [11.393285888816374, 44.525160372552904], [11.394040291877383, 44.52514455302778], [11.394062408968633, 44.5256842414404], [11.394439613743188, 44.52567632966283], [11.39447279575811, 44.52648586194733], [11.394850005592682, 44.52647794870298], [11.394861068312915, 44.526747792693804], [11.395615490993515, 44.52673196232294], [11.395626557345734, 44.52700180615066], [11.397512620023548, 44.52696220807091], [11.397479395356347, 44.526152677654395], [11.396724981181311, 44.52616852017565], [11.39670283913294, 44.5256288328599], [11.396325635289243, 44.52563675210533], [11.396314566236207, 44.52536690835088], [11.396691768341599, 44.52535898917956], [11.396636416713216, 44.52400977055315], [11.396259223298985, 44.524017689353975], [11.396248155177114, 44.52374784550964], [11.395870963345853, 44.52375576299182], [11.39581563375467, 44.522406543175094], [11.395438450458707, 44.522414459042324], [11.395349945083824, 44.520255705964125], [11.39572711447632, 44.52024779068945], [11.395716050264625, 44.51997794656133], [11.396847552297801, 44.51995419349311], [11.396836483027847, 44.5196843495723], [11.397213648324088, 44.51967642946822], [11.397191506774254, 44.519136741729845], [11.397568668439778, 44.51912882052963], [11.397557596159968, 44.518858976712096], [11.397180436232158, 44.5188668978382], [11.397169365845272, 44.518597053931565], [11.396415048999431, 44.51861289230251], [11.39640398224309, 44.5183430482327], [11.396026825325091, 44.51835096547759], [11.396015760461559, 44.5180811213187], [11.395638605126077, 44.518089037245204], [11.395616479339624, 44.517549348734356], [11.395993631199875, 44.51754143295601], [11.395982566801724, 44.517271588752195], [11.397491165740952, 44.517239913492325], [11.397480094547733, 44.51697006956992], [11.397857242157013, 44.51696214771839], [11.397846169381493, 44.51669230385514], [11.398223315098017, 44.51668438083348], [11.398212240740246, 44.51641453702939], [11.399343671745696, 44.51639076072145], [11.399354751315917, 44.516660604303055], [11.400109041351215, 44.516644747061534], [11.400131207907728, 44.51718443388303], [11.399754059492734, 44.51719236327431], [11.399765141266524, 44.517462206736774], [11.39901084049536, 44.517478061934895], [11.399032997558685, 44.51801774911161], [11.39941015149712, 44.51800982198633], [11.399421231999398, 44.51827966547802], [11.400175542885448, 44.5182638073462], [11.400230965104113, 44.51961302383796], [11.400608129002512, 44.51960509253451], [11.40061921565024, 44.51987493571367], [11.401373546456224, 44.5198590692252], [11.401384636734964, 44.52012891224093], [11.402138970394555, 44.52011304062641], [11.402150064304394, 44.520382883478625], [11.402527232638692, 44.52037494573051], [11.4025383284419, 44.52064478849347], [11.404047007174457, 44.520613024759875], [11.404069213150422, 44.521152709646344], [11.404823558534186, 44.521136820015755], [11.404879093577723, 44.52248603122612], [11.404501912274036, 44.522493977035374], [11.404513018011931, 44.522763819306824], [11.403758651461436, 44.52277970734055], [11.403769753878981, 44.52304954974566], [11.403015383229755, 44.52306543295002], [11.403059780551832, 44.52414480301507], [11.403436972906663, 44.52413686173791], [11.403459175977803, 44.52467654653186], [11.403836371653322, 44.5246686038615], [11.403869682642163, 44.525478130717005], [11.40424688337668, 44.525470186579064], [11.404257989089283, 44.52574002875992], [11.405012393567697, 44.525724136601504], [11.405023502912607, 44.52599397861865], [11.404646299012974, 44.52600192539452], [11.40466851469344, 44.52654160953255], [11.404291307161394, 44.5265495552125], [11.404302413496879, 44.52681939733337], [11.404679622767294, 44.526811451579064], [11.404701839382263, 44.527351135627136], [11.403947413732068, 44.527367026188436], [11.403969624016234, 44.52790671047391], [11.402083539781605, 44.527946415838066], [11.40209463646474, 44.52821625832985], [11.40171741741243, 44.52822419574278], [11.401728512512626, 44.52849403829386], [11.400596849206746, 44.52851784328698], [11.400585759322173, 44.52824800051317], [11.399831319817807, 44.528263864136385], [11.399820233565777, 44.52799402119915], [11.400574669593096, 44.52797815772437], [11.400563580019517, 44.52770831492058], [11.400940796061452, 44.52770038139034], [11.400929704904893, 44.527430538645795], [11.400552490601429, 44.527438472101814], [11.40054140133883, 44.52716862926805], [11.399786975742353, 44.52718449229752], [11.399798061528053, 44.52745433527972], [11.399043631832916, 44.52747019347878], [11.399054714297097, 44.52774003659437], [11.399431930960853, 44.52773210804302], [11.399443015318935, 44.52800195106944], [11.39868857835901, 44.52801780707583], [11.398666416752246, 44.52747812071125], [11.398289201516208, 44.527486046698996], [11.398322438943882, 44.528295576445885], [11.39794521833696, 44.528303501411386], [11.397956296051657, 44.52857334470455], [11.397579073550844, 44.528581268499444], [11.397601225969026, 44.52912095518908], [11.3972239998357, 44.52912887788749], [11.397268299581109, 44.53020825138355], [11.39802276560185, 44.53019240414881], [11.39805600247408, 44.53100193366868], [11.397678764325091, 44.531009858130915], [11.397723075374316, 44.53208923091091], [11.396968584699591, 44.53210507669387], [11.396979659372423, 44.53237491999969], [11.3966024120632, 44.53238284109791], [11.396591339129282, 44.53211299771797], [11.392441627613598, 44.532200046818076], [11.392408467126476, 44.531390514144775], [11.392031224911255, 44.53139842000782], [11.392009122172475, 44.530858731336124], [11.391631883279961, 44.53086663580633], [11.391609784638604, 44.53032694692681], [11.393118725368502, 44.53029532216858], [11.39310766932523, 44.53002547800229], [11.393862135282617, 44.5300096583021]], [[11.40261614900514, 44.531716269735405], [11.402627249605693, 44.53198611194302], [11.402250006367304, 44.53199405164073], [11.4022389075056, 44.531724209358835], [11.40261614900514, 44.531716269735405]], [[11.401040623469045, 44.530128965416694], [11.401062809048275, 44.53066865059102], [11.400308338559324, 44.530684518039955], [11.400297249169416, 44.53041467531181], [11.399920015430425, 44.530422607094785], [11.399908927934732, 44.53015276427744], [11.400286159935002, 44.53014483256868], [11.40027507085608, 44.52987498981057], [11.400652300962168, 44.52986705693121], [11.400641210300067, 44.52959721423234], [11.40139566656835, 44.5295813448877], [11.40141785500277, 44.53012102997347], [11.401040623469045, 44.530128965416694]], [[11.384808502909674, 44.53019916606465], [11.384797485273882, 44.52992932025813], [11.384420250396976, 44.529937200780424], [11.384398219066343, 44.52939750897502], [11.384775450465764, 44.52938962860021], [11.38478646779258, 44.52965947443664], [11.385163700776245, 44.529651592743235], [11.3851747199963, 44.529921438490966], [11.385551954564201, 44.529913555478956], [11.385562975677542, 44.530183401137954], [11.384808502909674, 44.53019916606465]], [[11.39067860215595, 44.52602523627876], [11.390689645443777, 44.52629508111341], [11.391066855089738, 44.52628718038988], [11.391077900270826, 44.526557025135624], [11.391455111500333, 44.52654912309346], [11.391488253188228, 44.527358657019064], [11.391111036743332, 44.52736655928306], [11.391122082543921, 44.527636403968934], [11.390744864205631, 44.527644305062125], [11.390755908422562, 44.52791414980696], [11.390378688190873, 44.52792204972934], [11.390367645712484, 44.527652204910595], [11.388858770191806, 44.527683791856965], [11.388880841394943, 44.52822348207065], [11.38850361865074, 44.528231375843106], [11.388448450496066, 44.52688214982731], [11.38807123628981, 44.52689004198572], [11.388060204861457, 44.52662019666382], [11.38843741732925, 44.52661230457925], [11.388415351459724, 44.526072614038235], [11.388792560295977, 44.52606472085669], [11.388770491568485, 44.525525030403536], [11.389902106718623, 44.525501343834094], [11.389924185876314, 44.52604103384395], [11.39067860215595, 44.52602523627876]], [[11.4100594362202, 44.51994608815706], [11.4100705666233, 44.52021592944705], [11.41044773168559, 44.52020796556691], [11.410458863982514, 44.52047780676737], [11.410836030626493, 44.520469841568335], [11.410847164817287, 44.52073968267925], [11.411224333042952, 44.5207317161613], [11.411235469127666, 44.52100155718266], [11.41161263893501, 44.520993589345764], [11.411623776913691, 44.52126343027756], [11.412000948302708, 44.5212554611217], [11.412045508730644, 44.52233482440055], [11.411668330390055, 44.522342793854705], [11.411746304986396, 44.52423167953691], [11.412123495493168, 44.52422370956075], [11.412156920734553, 44.52503323154713], [11.411779725013337, 44.52504120174703], [11.411802005812284, 44.525580883145416], [11.411047606948433, 44.52559682010977], [11.411058744105711, 44.52586666093558], [11.410681542701287, 44.525874627625385], [11.410692678276448, 44.526144468510736], [11.409183864144532, 44.52617632312198], [11.40915047874657, 44.52536679952672], [11.408773280038233, 44.52537475984449], [11.408751027362825, 44.52483507722367], [11.40912822259475, 44.52482711705486], [11.409117094752881, 44.52455727579644], [11.409494288090615, 44.524549314457566], [11.409483158666625, 44.52427947325862], [11.408728775311422, 44.52429539454284], [11.408717649519716, 44.524025553179925], [11.408340459346233, 44.524033511880745], [11.408329335448617, 44.52376367042835], [11.407574958109974, 44.523779583947466], [11.407552717734903, 44.52323990069987], [11.406798346724877, 44.52325580894314], [11.406753881749646, 44.522176441672514], [11.40750823885568, 44.522160534024664], [11.407497119525637, 44.521890692318365], [11.407874296106879, 44.52188273670219], [11.407852054438687, 44.52134305339348], [11.408229227388219, 44.52133509668177], [11.408162495698798, 44.51971604684234], [11.409671144230277, 44.51968420933883], [11.409682272739603, 44.51995405071832], [11.4100594362202, 44.51994608815706]], [[11.406809463358336, 44.523525650723286], [11.406432275881453, 44.52353360305258], [11.406421160986056, 44.52326376119802], [11.406798346724877, 44.52325580894314], [11.406809463358336, 44.523525650723286]], [[11.389125625188003, 44.52497744575977], [11.389136660903272, 44.52524729094988], [11.388759457436814, 44.525255185154506], [11.388748423459853, 44.52498533989052], [11.389125625188003, 44.52497744575977]], [[11.358528207936729, 44.524533432931804], [11.358539102229466, 44.524803284127294], [11.358161893264064, 44.5248110772196], [11.358140108308163, 44.524271374667876], [11.358894519132578, 44.52425578753028], [11.358905415010957, 44.52452563866773], [11.358528207936729, 44.524533432931804]], [[11.392454128869753, 44.523287275111635], [11.392465179300007, 44.52355711972626], [11.392842370788678, 44.52354921351917], [11.392853423112033, 44.52381905804482], [11.392476229885201, 44.52382696432589], [11.392487280625335, 44.52409680891056], [11.391732890230491, 44.524112617886914], [11.3916997489039, 44.52330308364421], [11.392454128869753, 44.523287275111635]], [[11.422206890433024, 44.52157950116553], [11.422195703482366, 44.52130966235612], [11.423327209245016, 44.521285646402], [11.423338401409085, 44.5215554849867], [11.423715571420631, 44.52154747710497], [11.423749154067902, 44.522356992544076], [11.423371978842816, 44.52236500065061], [11.423383171634578, 44.52263483917518], [11.423005994514664, 44.5226428461122], [11.423017185725435, 44.52291268469668], [11.422640006710692, 44.52292069046417], [11.422628817237845, 44.522650851804784], [11.421874462213589, 44.52266685945665], [11.421863276373434, 44.52239702063245], [11.419977394758206, 44.52243701761006], [11.41996621776433, 44.52216717839658], [11.421474916418513, 44.522135183602735], [11.421463732629878, 44.521865344673614], [11.421840905163615, 44.52185734293898], [11.421829719793944, 44.52158750406969], [11.422206890433024, 44.52157950116553]], [[11.358118323963168, 44.52373167205649], [11.35809654022906, 44.52319196938546], [11.358850937146782, 44.52317638283128], [11.358861832414078, 44.5234462340284], [11.359239032382098, 44.52343843881141], [11.359260826851658, 44.52397814101501], [11.357752012156373, 44.52400931499851], [11.357741121798592, 44.52373946361244], [11.358118323963168, 44.52373167205649]], [[11.417703165082354, 44.522215133254555], [11.417691998672467, 44.52194529357733], [11.417314824415257, 44.52195328162339], [11.417303659899789, 44.52168344185641], [11.417680832419133, 44.52167545388508], [11.41766966632236, 44.521405614177816], [11.41804683694731, 44.52139762503684], [11.418058004781924, 44.521667464669356], [11.418435176988135, 44.52165947420921], [11.418457516602848, 44.52219915327961], [11.417703165082354, 44.522215133254555]], [[11.392654504998955, 44.51896185429204], [11.392643455464544, 44.51869200949686], [11.39339777541163, 44.51867619601275], [11.393386722556748, 44.518406351350585], [11.393763880560165, 44.51839844281601], [11.393797044802858, 44.5192079765356], [11.393419881586295, 44.519215885292176], [11.393430934906084, 44.519485729909434], [11.393053769796783, 44.519493637495636], [11.393064821533752, 44.51976348217191], [11.392687654531708, 44.51977138858773], [11.39269870468581, 44.520041233323006], [11.39232153579102, 44.52004913856839], [11.392343633088299, 44.52058882814199], [11.391966460562886, 44.52059673229089], [11.391977507705993, 44.5208665771292], [11.390091634066593, 44.52090607957679], [11.390080595613004, 44.520636234368844], [11.38932624854953, 44.520652026488946], [11.389293144544533, 44.519842490331996], [11.390801817198078, 44.5198109020008], [11.390790775887911, 44.5195410568808], [11.39116794192654, 44.519533156760914], [11.391156899033392, 44.51926331169987], [11.391534063179412, 44.51925541040952], [11.391523018703335, 44.518985565407455], [11.392654504998955, 44.51896185429204]], [[11.352511517849065, 44.51574506366045], [11.352500654812708, 44.51547521086567], [11.354009254977983, 44.515444110919724], [11.353998385143509, 44.51517425840106], [11.355884123233006, 44.5151353558356], [11.355840610668393, 44.51405594706804], [11.356217750878741, 44.51404816311341], [11.3562068713814, 44.51377831095709], [11.356584009701757, 44.51377052583108], [11.356573128619505, 44.51350067373271], [11.358081673425446, 44.51346952107782], [11.358103449642039, 44.51400922467661], [11.358480588936839, 44.51400143325654], [11.358513259619118, 44.514810988324164], [11.358136115111828, 44.514818779962994], [11.358157892854985, 44.51535848341269], [11.357780744719916, 44.51536627395304], [11.357802519598517, 44.5159059774889], [11.35704821592003, 44.51592155512823], [11.357059100113002, 44.51619140701956], [11.356681946307198, 44.516199194045605], [11.35669282891509, 44.5164690459949], [11.355938517370419, 44.516484616459664], [11.355927638237885, 44.51621476436466], [11.355550483974428, 44.51622254765768], [11.355561361369276, 44.516492399825516], [11.355184205215627, 44.51650018194702], [11.355195081025268, 44.516770034172765], [11.354817922981423, 44.516777815122715], [11.354839671582658, 44.51731751967512], [11.35370818610993, 44.517340855495476], [11.353697316946386, 44.51707100300836], [11.352565835315458, 44.517094327410874], [11.352554971517558, 44.51682447469059], [11.351800653144169, 44.51684001792488], [11.35178979297405, 44.51657016504425], [11.35141263529668, 44.516577934722115], [11.35139091888863, 44.51603822877074], [11.351768073090593, 44.51603045923829], [11.351757213377253, 44.515760606312945], [11.352511517849065, 44.51574506366045]], [[11.360656223003772, 44.51179584793868], [11.36067802171061, 44.512335550695255], [11.360300893756465, 44.5123433491429], [11.360279098524176, 44.511803646240374], [11.360656223003772, 44.51179584793868]], [[11.319527341231401, 44.51209882094187], [11.319548760581478, 44.5126385395295], [11.318794478452766, 44.51265386365013], [11.31878377217769, 44.51238400422033], [11.319160911579589, 44.51237634285385], [11.31915020371712, 44.51210648348091], [11.319527341231401, 44.51209882094187]], [[11.360224613117012, 44.51045438872307], [11.360257303902996, 44.5112639432782], [11.359880182745078, 44.51127174018983], [11.3599019738918, 44.51181144329793], [11.358393473835015, 44.511842619086714], [11.358382585134267, 44.51157276724839], [11.35800546147562, 44.51158055801232], [11.357994574664756, 44.51131070608618], [11.35837169658617, 44.511302915395156], [11.358339031857778, 44.51049335974598], [11.358716148415008, 44.51048556802957], [11.35870525874037, 44.510215716189606], [11.359836602284586, 44.51019233379466], [11.359847497170596, 44.51046218541583], [11.360224613117012, 44.51045438872307]], [[11.298364962217965, 44.51144655358242], [11.29837557391924, 44.511716416940516], [11.296867010342872, 44.511746780055056], [11.296845800989338, 44.51120705275577], [11.297977213469533, 44.51118428271249], [11.297987823284519, 44.51145414615645], [11.298364962217965, 44.51144655358242]], [[11.358951688375639, 44.50696970093437], [11.35894079894863, 44.506699848973476], [11.35856370686163, 44.506707640913085], [11.358552819324064, 44.50643778886436], [11.35666736528406, 44.50647672953916], [11.356678244137655, 44.50674658195228], [11.355169871213157, 44.506777712392875], [11.355158999306786, 44.50650785968843], [11.355536091029778, 44.506500079016995], [11.355525217539032, 44.50623022637048], [11.355148127552825, 44.50623800696909], [11.35513725595127, 44.50596815423484], [11.355514344200719, 44.50596037370904], [11.355492597981371, 44.50542066834145], [11.355869682604945, 44.50541288671737], [11.355858807987223, 44.505143034084035], [11.355481725100335, 44.5051508156353], [11.35547085237172, 44.50488096291424], [11.354716689614035, 44.50489652213956], [11.354705820511121, 44.504626669258], [11.354328740640357, 44.504634446932094], [11.354317873426432, 44.504364593962855], [11.353940795139946, 44.50437237032032], [11.35392992981496, 44.5041025172634], [11.354684082762393, 44.50408696345017], [11.354673214116573, 44.50381711052389], [11.355050288625188, 44.50380933182432], [11.355039418395185, 44.50353947895593], [11.355793563482155, 44.503523917971016], [11.355782689931498, 44.503254065233335], [11.356159760509836, 44.503246282948], [11.356148885375116, 44.50297643026824], [11.359165430619717, 44.502914127792536], [11.359154541745822, 44.5026442756809], [11.359908673058143, 44.50262868777022], [11.359919565404919, 44.502898539735995], [11.36218196609514, 44.50285174571622], [11.362203772084362, 44.503391448727264], [11.362580841804188, 44.50338364522478], [11.362624462562886, 44.50446305077577], [11.363001539075956, 44.50445524573739], [11.363034261460022, 44.50526479952487], [11.363411343030018, 44.50525699302352], [11.363422252533848, 44.50552684418313], [11.363799335687567, 44.505519036364866], [11.363821158627422, 44.506058738493195], [11.364198245101559, 44.50605092928492], [11.36420915853766, 44.50632078025361], [11.36458624659553, 44.50631296972836], [11.364597161921372, 44.50658282060906], [11.364974251562971, 44.50657500876683], [11.36499608614728, 44.50711471033725], [11.365750271918431, 44.50709908262859], [11.365739351076172, 44.50682923199708], [11.366493532761364, 44.506813599459015], [11.366504457077191, 44.50708344994425], [11.367258641623366, 44.50706781228421], [11.367269569565945, 44.507337662608194], [11.367646663346052, 44.50732984183911], [11.367668523164479, 44.5078695422959], [11.3672914259107, 44.507877363211335], [11.36730235431288, 44.508147213490524], [11.365793956818463, 44.5081784850054], [11.3657830353638, 44.50790863443359], [11.365405937344248, 44.50791644912926], [11.365416857062026, 44.5081862997742], [11.364662657089928, 44.50820192557987], [11.364673573486963, 44.508471776356124], [11.364296471534429, 44.508479587466105], [11.36430738634756, 44.50874943830052], [11.363930282505068, 44.5087572482396], [11.363941195734245, 44.50902709913216], [11.363186984116368, 44.50904271542444], [11.363197894024546, 44.50931256644824], [11.362820786249175, 44.50932037280141], [11.362831694573275, 44.50959022388333], [11.361323254994662, 44.50962143714781], [11.361334156523466, 44.50989128850691], [11.360202820023517, 44.509914685611754], [11.360191923705909, 44.50964483403372], [11.359814812970777, 44.509652630507595], [11.359760342359024, 44.50830337202896], [11.360137444409169, 44.50829557591985], [11.360104758664074, 44.507486020872584], [11.360481855350777, 44.50747822373838], [11.360470958671039, 44.50720837209909], [11.359716768618592, 44.50722396497762], [11.359705875565261, 44.5069541131775], [11.358951688375639, 44.50696970093437]], [[11.334526491081709, 44.50963244717632], [11.334504935757538, 44.509092734046895], [11.335636277201408, 44.5090695918219], [11.33565784294851, 44.509609304518186], [11.335280725810717, 44.50961701998169], [11.335291507173835, 44.50988687637972], [11.334914388147704, 44.5098945906713], [11.334903608521774, 44.50962473420106], [11.334526491081709, 44.50963244717632]], [[11.408748961569977, 44.50646992095843], [11.40873784259509, 44.50620007875434], [11.407983692040382, 44.50621599005997], [11.40796146150412, 44.50567630530906], [11.407584389465992, 44.50568425894736], [11.407528824534008, 44.504335046435465], [11.407151761022094, 44.504342998457965], [11.407140650239363, 44.50407315583618], [11.406763588308028, 44.504081106540596], [11.406752479417351, 44.50381126382941], [11.406375419066602, 44.50381921321575], [11.40636431206793, 44.50354937041519], [11.404479016660668, 44.50358909832005], [11.404456820492967, 44.50304941193044], [11.404833876413141, 44.50304146898545], [11.404811677395285, 44.502501782684526], [11.405188729687445, 44.50249383864457], [11.40515542711911, 44.50168430930374], [11.405532474047218, 44.5016763642432], [11.40552137176622, 44.50140652117395], [11.404767281226595, 44.50142240990275], [11.40475618257337, 44.50115256666984], [11.404002094883603, 44.50116845027573], [11.404013190064667, 44.501438293657294], [11.403636144250397, 44.50144623366919], [11.403625050805417, 44.50117639021334], [11.403248006571731, 44.50118432890738], [11.403270190144998, 44.50172401595267], [11.402516094266808, 44.50173988990713], [11.402527182814381, 44.50200973355582], [11.402150132905982, 44.50201766874192], [11.402161219872825, 44.50228751244989], [11.401784168072842, 44.50229544646662], [11.401773082842169, 44.50202560268442], [11.401018982248408, 44.50204146683859], [11.401007900645423, 44.50177162289295], [11.400630851851677, 44.50177955303041], [11.400575454847148, 44.50043033270637], [11.40132953491851, 44.50041447192995], [11.401318452511497, 44.5001446279686], [11.401695490578165, 44.500136695789315], [11.401684406590519, 44.499866851887205], [11.403569585912983, 44.4998271727092], [11.403558493400968, 44.4995573291634], [11.403935527063156, 44.49954938967157], [11.403924432970717, 44.49927954618508], [11.404301464741483, 44.49927160552406], [11.40429036906866, 44.49900176209687], [11.405044428671808, 44.49898587719304], [11.405055527816398, 44.49925572047158], [11.406186621261865, 44.4992318835668], [11.40619772576974, 44.49950172660729], [11.405443660156573, 44.499517619269334], [11.405465862695543, 44.500057305602766], [11.406219935252453, 44.5000414126433], [11.40624214535781, 44.50058109861931], [11.40661918487475, 44.500573150125554], [11.406630291896942, 44.500842993016676], [11.407384373935752, 44.500827092149784], [11.407406595391418, 44.50136677758949], [11.407783639649315, 44.501358825141914], [11.407794752346849, 44.50162866776484], [11.408548843867464, 44.50161275899014], [11.408604427053293, 44.50296197113549], [11.408227372690135, 44.502969926516826], [11.408282951090486, 44.50431913865941], [11.408660014134998, 44.50431118290585], [11.408671132018874, 44.50458102521493], [11.409048196643882, 44.50457306814322], [11.409070436351945, 44.50511275256745], [11.409447504293826, 44.50510479410311], [11.409503114974239, 44.5064540045288], [11.408748961569977, 44.50646992095843]], [[11.408537727697775, 44.501342916516066], [11.409668858601757, 44.50131904425062], [11.409657737379744, 44.501049201984934], [11.41078886167258, 44.501025318750976], [11.410811114688808, 44.501565002820385], [11.408548843867464, 44.50161275899014], [11.408537727697775, 44.501342916516066]], [[11.39287845870381, 44.50599348070446], [11.392889504433144, 44.50626332605538], [11.39213534430371, 44.50627913273415], [11.392124302047531, 44.506009287235294], [11.39287845870381, 44.50599348070446]], [[11.416212394875044, 44.50442164748025], [11.416201242264844, 44.504151806662534], [11.416578302031445, 44.504143824791875], [11.416589456377935, 44.5044136655349], [11.416966517724463, 44.504405682345876], [11.416977673963622, 44.50467552299918], [11.416600610880785, 44.50468350626291], [11.41663407532753, 44.50549302835687], [11.415502869513654, 44.50551697135807], [11.415514019432736, 44.50578681225007], [11.414005735880483, 44.50581871913818], [11.413994592907086, 44.50554887794761], [11.413617523364879, 44.50555685148571], [11.41358410059103, 44.50474732760013], [11.413961164924098, 44.50473935428587], [11.413950022575493, 44.50446951303528], [11.414704147300366, 44.50445356282496], [11.414693001635346, 44.50418372170861], [11.41582418234191, 44.504159787289545], [11.41583533321582, 44.50442962818193], [11.416212394875044, 44.50442164748025]], [[11.366007224626042, 44.50412290994542], [11.36598538298939, 44.50358320848542], [11.36636245291592, 44.503575392472165], [11.366351530590762, 44.50330554179292], [11.366728598627715, 44.50329772460904], [11.3667504469041, 44.5038374258063], [11.367127518260867, 44.50382960723235], [11.367149370622858, 44.50436930822359], [11.367526445299502, 44.5043614882595], [11.367537373446806, 44.50463133865956], [11.367914449706813, 44.50462351737848], [11.367925379743891, 44.504893367690414], [11.368302457587253, 44.50488554509232], [11.368313389514155, 44.50515539531613], [11.368690468940867, 44.505147571401004], [11.368723270851019, 44.50595712176322], [11.36759201648132, 44.50598059043592], [11.36758108756801, 44.505710740110494], [11.367204004208338, 44.50571856044048], [11.367182150314619, 44.505178859598495], [11.366805070275053, 44.505186678538294], [11.366794145294566, 44.50491682802174], [11.366039988229227, 44.504932462023504], [11.366018145674008, 44.50439276065304], [11.365641070384832, 44.50440057564191], [11.365630151073411, 44.50413072486117], [11.366007224626042, 44.50412290994542]], [[11.329850487264979, 44.50594690057086], [11.329796714870875, 44.50459761226955], [11.330173801119866, 44.50458991559237], [11.330195313098764, 44.50512963081342], [11.330949492091454, 44.505114233439144], [11.330960251780702, 44.50538409088329], [11.330583160622954, 44.50539179026445], [11.33059391872621, 44.50566164776577], [11.330216825680814, 44.50566934597503], [11.330227582198031, 44.505939203533536], [11.329850487264979, 44.50594690057086]], [[11.415746130601061, 44.5022709006224], [11.41575728038086, 44.502540741619896], [11.416134329886557, 44.50253276144094], [11.416145481558793, 44.502802602348744], [11.415768430316952, 44.50281058260237], [11.415779580409339, 44.503080423569834], [11.41540252727503, 44.50308840265452], [11.415369082675193, 44.50227887948312], [11.415746130601061, 44.5022709006224]], [[11.3335567991788, 44.504250732537834], [11.33356757057261, 44.5045205895219], [11.3328134006395, 44.50453600402266], [11.332791864949701, 44.50399628975116], [11.333168946518331, 44.503988583266974], [11.333158177163183, 44.503718726181035], [11.333912336374167, 44.50370330962529], [11.33393388218215, 44.50424302349376], [11.3335567991788, 44.504250732537834]], [[11.333890791170262, 44.503163595697366], [11.334267867075987, 44.503155885698], [11.334257092963966, 44.50288602878389], [11.334634166982065, 44.50287831761285], [11.334623391284516, 44.50260846075602], [11.335000463414996, 44.502600748413336], [11.334946578510616, 44.501251464267035], [11.335323641807593, 44.50124375104144], [11.335258974489456, 44.49962461000829], [11.335636027217246, 44.49961689597208], [11.335614469180676, 44.499077182319766], [11.335991518284867, 44.49906946718428], [11.335980737757016, 44.49879961040802], [11.336357784973876, 44.498791894101075], [11.336347002860956, 44.49852203738216], [11.336724048190492, 44.498514319903805], [11.336713264492554, 44.49824446324223], [11.33709030793477, 44.49823674459247], [11.33705795253959, 44.497427174735215], [11.337434990622304, 44.497419455058555], [11.337424204056882, 44.497149598481975], [11.337801240252338, 44.49714187763399], [11.337812028553815, 44.49741173413833], [11.338189066334099, 44.497404011974524], [11.33821064686291, 44.49794372479404], [11.338587687964115, 44.497936001242095], [11.338674030019467, 44.500094851347], [11.339051084859022, 44.500087125973124], [11.339061880033084, 44.500356982097], [11.339438936457626, 44.50034925540713], [11.339449733519347, 44.500619111443825], [11.339826791528871, 44.50061138343794], [11.339837590478306, 44.50088123938745], [11.340214650072802, 44.50087351006553], [11.340225450909998, 44.50114336592781], [11.340602512089466, 44.50113563528983], [11.340613314814467, 44.50140549106489], [11.340990377578901, 44.501397759110816], [11.34100118219176, 44.50166761479865], [11.340624117690908, 44.50167534682508], [11.340634920718783, 44.501945202570404], [11.339880787789884, 44.50196066303668], [11.339869988234907, 44.501690807146694], [11.337230530371425, 44.501744879093835], [11.337241317771168, 44.50201473548984], [11.336864250020556, 44.50202245515088], [11.336885821800696, 44.50256216804273], [11.335754607222688, 44.50258531999652], [11.33576538812991, 44.50285517663679], [11.335388314565062, 44.502862891539294], [11.335399093886839, 44.503132748236894], [11.3350220184343, 44.50314046196777], [11.335043574057947, 44.50368017546272], [11.333912336374167, 44.50370330962529], [11.333890791170262, 44.503163595697366]], [[11.34477181886589, 44.501590226128], [11.34476099688895, 44.50132037116436], [11.345138057985992, 44.50131262552918], [11.345127234424385, 44.501042770623116], [11.346258411595963, 44.501019526472724], [11.346269240366663, 44.50128938116127], [11.346646300856651, 44.50128163055118], [11.346657131515533, 44.5015514851523], [11.347411255512778, 44.50153598005586], [11.347422089796293, 44.50180583449699], [11.348176216658835, 44.50179032428049], [11.348187054567074, 44.50206017856158], [11.348564119506886, 44.502052421515124], [11.348607479605079, 44.503131838200225], [11.348230407719347, 44.50313959553704], [11.348241246387257, 44.50340944974368], [11.347864172613043, 44.503417205909265], [11.347875009696326, 44.50368706017359], [11.347497934033624, 44.50369481516795], [11.347508769532233, 44.50396466948995], [11.347131691981039, 44.50397242331304], [11.347142525894927, 44.504242277692704], [11.34488004697948, 44.50428877494571], [11.344869223485377, 44.50401892013094], [11.34411506610607, 44.50403440911947], [11.344082606953664, 44.503224844150985], [11.343705533246268, 44.50323258656212], [11.343694715568693, 44.502962731470404], [11.344071787539544, 44.502954989131716], [11.344028511399726, 44.501875568905795], [11.34440557627297, 44.501867825613154], [11.344394755880748, 44.501597970591924], [11.34477181886589, 44.501590226128]], [[11.350148308136081, 44.50391035790099], [11.350137460481367, 44.50364050408723], [11.35051453508012, 44.50363274038613], [11.350503685840916, 44.50336288663012], [11.352011975768601, 44.50333181967836], [11.352044544781315, 44.50414138002952], [11.350536234014793, 44.50417244785346], [11.35052538447141, 44.50390259412725], [11.350148308136081, 44.50391035790099]], [[11.397148897374358, 44.49969211026876], [11.39713783452878, 44.49942226544675], [11.397514869094953, 44.49941434716862], [11.397559128351698, 44.50049372607036], [11.397182086841541, 44.500501644644885], [11.397193150307427, 44.500771489406965], [11.39681610690613, 44.50077940681204], [11.396827168791015, 44.501049251633226], [11.396450123498575, 44.5010571678688], [11.396472244261286, 44.501596857614416], [11.395341097037074, 44.501620599304], [11.395330041786616, 44.50135075421652], [11.394952994138052, 44.5013586655518], [11.394930887574253, 44.50081897518386], [11.39455384324297, 44.500826885127516], [11.394531740771049, 44.500287194551646], [11.394908781630207, 44.500279284756026], [11.39489772889058, 44.50000943951964], [11.395651806672035, 44.49999361634581], [11.395640750615343, 44.49972377124253], [11.397148897374358, 44.49969211026876]], [[11.412596124306004, 44.4990965963837], [11.412584990444325, 44.49882675459414], [11.413339043191405, 44.498810814978434], [11.413327906014185, 44.498540973323045], [11.413704930417774, 44.49853300172463], [11.41369379166089, 44.498263160128815], [11.414070814172575, 44.49825518736158], [11.414048533655725, 44.49771550427413], [11.414425552539795, 44.49770753041273], [11.414403269176175, 44.49716784741447], [11.41478028443271, 44.497159872458916], [11.41476914124951, 44.496890031011894], [11.415146154614215, 44.496882054887635], [11.415135009851587, 44.49661221350024], [11.414757998222498, 44.496620189549866], [11.414735712637036, 44.49608050658078], [11.415489728796683, 44.49606455353675], [11.415478582767141, 44.495794712178956], [11.41585558887709, 44.49578673386664], [11.415866736642174, 44.496056575149765], [11.416243744331409, 44.496048595519476], [11.416232594830792, 44.495778754311004], [11.416609600628215, 44.4957707735121], [11.416587298624812, 44.4952310911995], [11.416210296298381, 44.49523907184906], [11.416176849671789, 44.49442954804352], [11.415799852395406, 44.49443752722581], [11.41577755889642, 44.4938978444644], [11.415400564934558, 44.49390582225414], [11.415411709870565, 44.49417566371701], [11.414657718007495, 44.494191615716105], [11.414668859628918, 44.494461457313236], [11.413914863670392, 44.494477404488634], [11.413970556765301, 44.49582661299526], [11.412085520750251, 44.49586646104125], [11.412074390496683, 44.49559661899707], [11.411697384561089, 44.495604584801804], [11.411686256199046, 44.495334742668085], [11.411309251842987, 44.495342707154975], [11.411298125372417, 44.495072864931714], [11.410921122595903, 44.49508082810082], [11.410909998016757, 44.49481098578804], [11.410532996819791, 44.49481894763936], [11.410510751600155, 44.49427926281978], [11.412395738671147, 44.49423944187581], [11.412384607618186, 44.49396959981613], [11.41276160282904, 44.49396163197218], [11.41272820540021, 44.49315210592681], [11.41385917447841, 44.49312819560679], [11.413848037108338, 44.4928583537854], [11.413094061349508, 44.49287429509276], [11.413082927606057, 44.49260445310718], [11.414213885804385, 44.49258053950515], [11.414236163858972, 44.49312022301373], [11.414613153083401, 44.4931122491775], [11.414624294080191, 44.49338209083467], [11.41500128488377, 44.493374115680616], [11.415012427772037, 44.49364395724814], [11.415766412381277, 44.49362800306116], [11.415755266022366, 44.49335816164293], [11.416132256357335, 44.49335018275929], [11.416143404451564, 44.49362002410287], [11.417274379724796, 44.49359607976876], [11.417296686794112, 44.494135761962745], [11.41767368170992, 44.49412777788222], [11.417695992875352, 44.49466745986675], [11.418072991105582, 44.49465947439354], [11.418117622254664, 44.495738837883486], [11.418494627270345, 44.49573085086811], [11.418516947254323, 44.49627053237349], [11.418893955584641, 44.49626254396532], [11.418927441940589, 44.49707206588653], [11.419304455321218, 44.49706407601075], [11.419315619488417, 44.49733391654635], [11.416676510389717, 44.49738982008955], [11.416665358372025, 44.49711997903085], [11.41591132926507, 44.49713594013215], [11.415922477811451, 44.497405781340206], [11.415545461287904, 44.49741376010048], [11.415567755378078, 44.49795344262091], [11.41519073522689, 44.497961420287105], [11.415201880770613, 44.49823126159944], [11.414824858727462, 44.4982392380969], [11.414847146812043, 44.498778920825806], [11.415224172326743, 44.498770944179086], [11.415257610832688, 44.499580467935964], [11.414503549232062, 44.49959642043382], [11.414514692241418, 44.49986626180536], [11.412252493276338, 44.49991408990325], [11.412241360682355, 44.499644248084145], [11.411487296583827, 44.49966018068649], [11.411498425705997, 44.49993002265467], [11.410367323180543, 44.49995391245564], [11.4103784472509, 44.50022375463235], [11.410001411027919, 44.50023171548684], [11.409990288693505, 44.49996187323564], [11.409613254050562, 44.49996983277215], [11.409591013321256, 44.49943014807576], [11.409968044492379, 44.49942218868821], [11.409956922625664, 44.49915234639197], [11.411088009995952, 44.49912846099201], [11.411076883077605, 44.49885861890429], [11.411830937072992, 44.4988426892361], [11.411842067463011, 44.49911253117475], [11.412596124306004, 44.4990965963837]], [[11.403769132003532, 44.49550173580006], [11.40379131599018, 44.49604142317781], [11.403414304892985, 44.496049361703875], [11.403403214557525, 44.49577951794821], [11.402272185540149, 44.49580332584357], [11.402261100566873, 44.49553348185013], [11.401884092319218, 44.49554141525434], [11.401861926309884, 44.49500172707403], [11.402992940173435, 44.49497792357691], [11.40300402830703, 44.49524776745181], [11.403381034352945, 44.4952398303919], [11.403392124377511, 44.495509674177555], [11.403769132003532, 44.49550173580006]], [[11.33547435667396, 44.495569042130015], [11.33546357984634, 44.49529918508825], [11.335086554895854, 44.495306897969535], [11.335065005165522, 44.49476718369705], [11.335819047971986, 44.49475175697971], [11.335829826233335, 44.49502161397901], [11.336206849145807, 44.49501389868294], [11.336217629294106, 44.49528375559518], [11.335840604645766, 44.49529147096347], [11.335851383209281, 44.495561327933025], [11.33547435667396, 44.495569042130015]], [[11.332339754908507, 44.49266227631453], [11.332361277922956, 44.49320199183467], [11.331984265651345, 44.49320969419129], [11.331962746108275, 44.492669978527], [11.332339754908507, 44.49266227631453]], [[11.333858556975274, 44.4929013125098], [11.3338693255007, 44.49317116997401], [11.333492313832618, 44.49317887730429], [11.333481547042883, 44.492909019767964], [11.333858556975274, 44.4929013125098]], [[11.333449247579162, 44.49209944706979], [11.333460013916158, 44.49236930465072], [11.333083007304165, 44.492377010521245], [11.33307224270279, 44.492107152868215], [11.333449247579162, 44.49209944706979]]]}}, {"type": "Feature", "properties": {"threshold": "ge_1", "source": "HistorySUHI", "period": "2013-2026", "hotspot_percentile": "top_10_pct", "label": ">= 1 estate"}, "geometry": {"type": "Polygon", "coordinates": [[[11.376611376489075, 44.55143602144181], [11.376611647712316, 44.55144268217524], [11.376639764500052, 44.55143543034842], [11.376611376489075, 44.55143602144181]]]}}, {"type": "Feature", "properties": {"threshold": "ge_1", "source": "HistorySUHI", "period": "2013-2026", "hotspot_percentile": "top_10_pct", "label": ">= 1 estate"}, "geometry": {"type": "Polygon", "coordinates": [[[11.372126723725716, 44.552609605635126], [11.372060920173253, 44.550990522036656], [11.37168354578656, 44.550998363391024], [11.371661615981036, 44.55045866859196], [11.37128424492198, 44.55046650855379], [11.37129520800715, 44.55073635603416], [11.370917835053628, 44.55074419482358], [11.370965468129237, 44.55191676494234], [11.370985186468777, 44.551936682370076], [11.371060100006622, 44.55205018734524], [11.371060661959204, 44.552051003903095], [11.371131185228363, 44.552217273681194], [11.371218427874913, 44.552487958252236], [11.3712658126039, 44.55262749281848], [11.371371953908834, 44.552625287978515], [11.371380344392772, 44.552831788241875], [11.371995329622983, 44.55264823911737], [11.372007754402429, 44.552645100130654], [11.372069788993285, 44.55262813767947], [11.372117180238416, 44.552616106784434], [11.372144206813665, 44.55260924208831], [11.372126723725716, 44.552609605635126]]]}}, {"type": "Feature", "properties": {"threshold": "ge_1", "source": "HistorySUHI", "period": "2013-2026", "hotspot_percentile": "top_10_pct", "label": ">= 1 estate"}, "geometry": {"type": "Polygon", "coordinates": [[[11.36976380317972, 44.5502280081547], [11.369386433092796, 44.55023584181432], [11.369375479018444, 44.54996599393744], [11.36899811051855, 44.549973826278006], [11.369009062852234, 44.55024367422816], [11.368631692458061, 44.550251505396226], [11.368653594104853, 44.55079120139831], [11.36903096798044, 44.550783370083685], [11.369041920774967, 44.55105321798905], [11.368664545158635, 44.551061049376955], [11.368701482555537, 44.55197120206318], [11.369827205483036, 44.55178955411498], [11.36976380317972, 44.5502280081547]]]}}, {"type": "Feature", "properties": {"threshold": "ge_1", "source": "HistorySUHI", "period": "2013-2026", "hotspot_percentile": "top_10_pct", "label": ">= 1 estate"}, "geometry": {"type": "Polygon", "coordinates": [[[11.367920741191051, 44.551346556525566], [11.367165985401895, 44.55136221072715], [11.367155041157613, 44.55109236247042], [11.36677766477355, 44.55110018762924], [11.366733896294255, 44.55002079416018], [11.36635652671961, 44.550028617780335], [11.366345586724112, 44.54975876930254], [11.365968218736691, 44.54976659160373], [11.36595728063527, 44.54949674303781], [11.364825180974574, 44.54952020224726], [11.36481424824842, 44.549250353446894], [11.363682152429588, 44.5492738012251], [11.363758648178072, 44.55116274405014], [11.364136025789238, 44.551154928857926], [11.3641469561072, 44.55142477770011], [11.363769576755233, 44.551432592965455], [11.363791434369402, 44.55197229075131], [11.364168817203044, 44.551964475339695], [11.364179747980932, 44.5522343241371], [11.364934516670004, 44.55221868942999], [11.364945451082992, 44.55248853806618], [11.36532283693839, 44.552480718770646], [11.365323110056979, 44.552487457519], [11.365346686073128, 44.552483601596606], [11.366003523780785, 44.55238484334756], [11.366331959514188, 44.55233481427377], [11.367692183920452, 44.552125505117885], [11.36795074864466, 44.55208618288583], [11.367920741191051, 44.551346556525566]]]}}, {"type": "Feature", "properties": {"threshold": "ge_1", "source": "HistorySUHI", "period": "2013-2026", "hotspot_percentile": "top_10_pct", "label": ">= 1 estate"}, "geometry": {"type": "Polygon", "coordinates": [[[11.365410331691661, 44.55463950673742], [11.365535015832672, 44.55463692281733], [11.365398664492737, 44.55435163794871], [11.365410331691661, 44.55463950673742]]]}}, {"type": "Feature", "properties": {"threshold": "ge_1", "source": "HistorySUHI", "period": "2013-2026", "hotspot_percentile": "top_10_pct", "label": ">= 1 estate"}, "geometry": {"type": "Polygon", "coordinates": [[[11.365820549608715, 44.55544123063223], [11.365917894673165, 44.55543921292878], [11.365883915163149, 44.555366917107854], [11.365811385053023, 44.55521516397548], [11.365820549608715, 44.55544123063223]]]}}, {"type": "Feature", "properties": {"threshold": "ge_1", "source": "HistorySUHI", "period": "2013-2026", "hotspot_percentile": "top_10_pct", "label": ">= 1 estate"}, "geometry": {"type": "Polygon", "coordinates": [[[11.426885754670872, 44.488800825533566], [11.426879434826755, 44.48864850494594], [11.426804749777181, 44.48853247005205], [11.426120646167735, 44.48854701218327], [11.42610945404486, 44.488277172589406], [11.424978588942281, 44.4883012021602], [11.424967402180629, 44.48803136232645], [11.423836540871354, 44.48805538048596], [11.423825359470799, 44.48778554041244], [11.423448407122363, 44.48779354390483], [11.423426048260858, 44.48725386356292], [11.423049099225222, 44.48726186566262], [11.423015567312099, 44.48645234481244], [11.422638623323863, 44.48646034544463], [11.4226162729676, 44.48592066465299], [11.422239332291998, 44.485928663892594], [11.422205813135923, 44.48511914236789], [11.420698069682697, 44.48515112599989], [11.420675738237675, 44.48461144430975], [11.419544939411676, 44.4846354185354], [11.419556099852414, 44.48490525961233], [11.418802229717294, 44.4849212363649], [11.418813386845363, 44.4851910775763], [11.418436449808702, 44.48519906416309], [11.418425294415174, 44.48492922287696], [11.415409806372022, 44.48499307023168], [11.4154209478891, 44.485262912115275], [11.415044009446227, 44.48527088751652], [11.41509971070069, 44.48662009708249], [11.415476657816766, 44.4866121213081], [11.415487800270776, 44.486881963101624], [11.416241697503839, 44.486866007674834], [11.41625284358348, 44.487135849304046], [11.416629793700436, 44.4871278696516], [11.416652089797898, 44.48766755271565], [11.41702904322814, 44.48765957167094], [11.41704019324604, 44.48792941310577], [11.417794103107285, 44.48791344713809], [11.417805256751095, 44.4881832884085], [11.418182213182066, 44.48817530348552], [11.41817105780344, 44.487905462289824], [11.419301920953735, 44.48788150028732], [11.419290760527094, 44.487611659300825], [11.41891380803483, 44.48761964780319], [11.418869174831276, 44.486540283408075], [11.419246120384644, 44.48653229520472], [11.419223801251858, 44.48599261306655], [11.420354626565569, 44.485968641447776], [11.420343462029948, 44.48569880058048], [11.42072040175367, 44.48569080762996], [11.420731568023896, 44.48596064842247], [11.421108509325725, 44.48595265415428], [11.42113084580494, 44.48649233554461], [11.420753901033837, 44.486500329962404], [11.420776234669782, 44.487040011442254], [11.420022337719331, 44.487055996848355], [11.42004466504235, 44.487595678567295], [11.419667712862942, 44.48760366955554], [11.419678875024365, 44.48787351046726], [11.420432782696276, 44.487857527098285], [11.420443948483745, 44.48812736784543], [11.420066992991224, 44.48813536022617], [11.420078157200361, 44.48840520103307], [11.418947284579588, 44.488429170941856], [11.41896960305808, 44.48896885295919], [11.418592641735252, 44.48897684059234], [11.418614957369519, 44.48951652269911], [11.418237992420464, 44.48952450923872], [11.418269935274996, 44.49029710955906], [11.420018140887594, 44.48972742337985], [11.424065489828449, 44.488957575054], [11.4240681126711, 44.488963812160335], [11.424073305114723, 44.48897621548275], [11.424249807290472, 44.48939751504036], [11.424465029557503, 44.48991121363488], [11.424465030676012, 44.48991124061887], [11.4245229605751, 44.49011912214656], [11.424551831337178, 44.49022275880973], [11.424609188907917, 44.49020353535114], [11.42464561740023, 44.490190950194894], [11.424661250550836, 44.49018580174998], [11.424781504270706, 44.49014504941542], [11.424823125432907, 44.49013091348588], [11.425794543021288, 44.48978122605491], [11.425788452676226, 44.48963438188309], [11.42616541622788, 44.48962637040839], [11.426166288795514, 44.48964740633998], [11.426439421885377, 44.489549084866646], [11.427277402090576, 44.48926680927178], [11.426976236066333, 44.4887989007966], [11.426885754670872, 44.488800825533566]]]}}, {"type": "Feature", "properties": {"threshold": "ge_1", "source": "HistorySUHI", "period": "2013-2026", "hotspot_percentile": "top_10_pct", "label": ">= 1 estate"}, "geometry": {"type": "Polygon", "coordinates": [[[11.398499294402564, 44.54179564771417], [11.39774467880658, 44.541811501326514], [11.397733596957133, 44.54154165861923], [11.396978984219034, 44.54155750710194], [11.396990062588953, 44.54182734995753], [11.395480828289552, 44.54185903227549], [11.395469756878716, 44.54158918912344], [11.394590014958302, 44.54160764666367], [11.394862548583987, 44.54204364867492], [11.395202466095787, 44.542603206962845], [11.395445171942196, 44.54297836217492], [11.395494276818694, 44.543034479642884], [11.395504753588112, 44.54303088383576], [11.396031581472567, 44.54285158765741], [11.39675685995851, 44.54260003634729], [11.397131526818704, 44.54247063493683], [11.397757749789896, 44.542259427085945], [11.397837901980493, 44.54223258137667], [11.397861743242187, 44.542224608467926], [11.397945466885826, 44.54219676039982], [11.398508085983147, 44.5420096430776], [11.398499294402564, 44.54179564771417]]]}}, {"type": "Feature", "properties": {"threshold": "ge_1", "source": "HistorySUHI", "period": "2013-2026", "hotspot_percentile": "top_10_pct", "label": ">= 1 estate"}, "geometry": {"type": "Polygon", "coordinates": [[[11.394326768706842, 44.54134309417436], [11.39394946275767, 44.541351007756354], [11.393960527054213, 44.54162085121965], [11.393205911210877, 44.541636674795726], [11.393216972183005, 44.5419065183921], [11.392839662288857, 44.54191442838615], [11.392845869410053, 44.54206587911379], [11.392878717431232, 44.54205467118741], [11.393636208680768, 44.54179997072378], [11.393676463240094, 44.5417864330498], [11.393810706180759, 44.54174085596041], [11.394335893669384, 44.54156560481423], [11.394326768706842, 44.54134309417436]]]}}, {"type": "Feature", "properties": {"threshold": "ge_1", "source": "HistorySUHI", "period": "2013-2026", "hotspot_percentile": "top_10_pct", "label": ">= 1 estate"}, "geometry": {"type": "Polygon", "coordinates": [[[11.392096097943089, 44.542200088441604], [11.392101012138744, 44.54232002853172], [11.392475858383564, 44.542192128921144], [11.392096097943089, 44.542200088441604]]]}}, {"type": "Feature", "properties": {"threshold": "ge_1", "source": "HistorySUHI", "period": "2013-2026", "hotspot_percentile": "top_10_pct", "label": ">= 1 estate"}, "geometry": {"type": "Polygon", "coordinates": [[[11.390975212023768, 44.54249364771175], [11.39098347376875, 44.542695382118886], [11.391259976922168, 44.54260062025315], [11.391621607515356, 44.54248010498545], [11.390975212023768, 44.54249364771175]]]}}, {"type": "Feature", "properties": {"threshold": "ge_1", "source": "HistorySUHI", "period": "2013-2026", "hotspot_percentile": "top_10_pct", "label": ">= 1 estate"}, "geometry": {"type": "Polygon", "coordinates": [[[11.331756887537614, 44.525353500504536], [11.331379667788699, 44.52536120521922], [11.331390437059387, 44.52563106162068], [11.332144879883446, 44.5256156508023], [11.332123334538606, 44.52507593827292], [11.331746116679323, 44.5250836441603], [11.331756887537614, 44.525353500504536]]]}}, {"type": "Feature", "properties": {"threshold": "ge_1", "source": "HistorySUHI", "period": "2013-2026", "hotspot_percentile": "top_10_pct", "label": ">= 1 estate"}, "geometry": {"type": "Polygon", "coordinates": [[[11.336768673444759, 44.52795177917788], [11.336391438274056, 44.52795950079742], [11.336380645039368, 44.52768964546803], [11.336003411456137, 44.52769736577042], [11.335917084936483, 44.52553852202182], [11.335539865111626, 44.52554624050148], [11.335518288471935, 44.52500652927115], [11.334386638521377, 44.52502967680812], [11.334365072918045, 44.52448996508509], [11.333987859442537, 44.52449767829682], [11.333998640430066, 44.52476753423796], [11.333244209548482, 44.52478295707147], [11.33323343203804, 44.524513100986006], [11.33361064581586, 44.524505390263805], [11.333599866718014, 44.524235534235636], [11.334731501928971, 44.52421239481696], [11.334699149896073, 44.523402827292855], [11.334321943525659, 44.523410541460585], [11.334289598068784, 44.52260097358607], [11.334666799224022, 44.522593259634895], [11.33464523286532, 44.52205354778859], [11.33426803518674, 44.52206126159539], [11.33425725397247, 44.52179140557775], [11.33388005788102, 44.521799118067726], [11.33386927855619, 44.521529261963046], [11.33349208405187, 44.52153697313622], [11.333481306616427, 44.52126711694451], [11.333104113699246, 44.52127482680091], [11.3330717875142, 44.52046525792011], [11.333448975216768, 44.52045754828015], [11.33343819838576, 44.52018769202896], [11.332683826305853, 44.52020310992002], [11.332673053102214, 44.51993325350968], [11.331164314082514, 44.51996407406844], [11.331175080333594, 44.52023393076719], [11.330797893463078, 44.52024163286753], [11.330808658126944, 44.52051148962348], [11.330431469367324, 44.520519190551305], [11.330442232443925, 44.52078904736448], [11.330065041795194, 44.520796747119746], [11.330075803284485, 44.5210666039901], [11.330830187907482, 44.521051203090806], [11.330840953024158, 44.52132105980219], [11.331218146847503, 44.52131335741354], [11.331239681010244, 44.52185307064753], [11.331994075157116, 44.52183766184796], [11.332004845941567, 44.522107518298476], [11.332382044526796, 44.522099811959606], [11.332392817200605, 44.522369668323144], [11.332015616877044, 44.52237737473413], [11.332026387963545, 44.52264723115489], [11.33240359002546, 44.5226395246718], [11.332414363001373, 44.5229093810056], [11.333168770148784, 44.52289396416108], [11.333179546752552, 44.52316382033573], [11.333933956772347, 44.52314839836814], [11.33395551738694, 44.523688110384214], [11.333201100413412, 44.523703532640454], [11.333211877470507, 44.52397338877051], [11.332457456415586, 44.52398880619211], [11.332468230146793, 44.52425866245157], [11.33209101765422, 44.524266369367375], [11.332101789797969, 44.52453622568409], [11.33247900402907, 44.52452851869617], [11.332500552246835, 44.52506823114075], [11.332877769803991, 44.525060522763795], [11.332888545878085, 44.52533037889165], [11.333642984016262, 44.52531495825909], [11.33366454357228, 44.52585467018161], [11.333287321101494, 44.5258623812646], [11.33329809936757, 44.52613223727572], [11.331789201018669, 44.52616306944803], [11.331864604427539, 44.52805206312923], [11.333373551461996, 44.52802122893721], [11.333384330937214, 44.528291084829384], [11.332629854244463, 44.528306504559524], [11.33264063039306, 44.52857636058113], [11.331886149618096, 44.52859177547579], [11.331896922439967, 44.52886163162677], [11.332274164641909, 44.52885392472978], [11.332295714216748, 44.529393636842904], [11.332672959745512, 44.52938592855671], [11.332683736498558, 44.52965578451883], [11.333060983615193, 44.52964807491551], [11.333082541052692, 44.53018778665088], [11.333459791496228, 44.53018007565825], [11.33349213400334, 44.530989642933314], [11.333869389512941, 44.53098193047917], [11.333880172390131, 44.53125178613562], [11.334257429487655, 44.53124407236427], [11.334268214255204, 44.531513927933645], [11.334645472940641, 44.53150621284505], [11.334656259598596, 44.53177606832738], [11.337297078334203, 44.53172202733985], [11.337286279502116, 44.53145217236322], [11.337663536976805, 44.531444447314165], [11.337652736557024, 44.53117459239496], [11.338029992141136, 44.53116686617316], [11.337954381269933, 44.52927788182823], [11.337577137859011, 44.52928560754395], [11.337555539593938, 44.52874589745262], [11.336801059273505, 44.52876134486008], [11.336768673444759, 44.52795177917788]]]}}, {"type": "Feature", "properties": {"threshold": "ge_1", "source": "HistorySUHI", "period": "2013-2026", "hotspot_percentile": "top_10_pct", "label": ">= 1 estate"}, "geometry": {"type": "Polygon", "coordinates": [[[11.356330267746566, 44.52619928195118], [11.35595304917258, 44.526207067939495], [11.355974815403734, 44.52674677115712], [11.356729259353463, 44.526731197644246], [11.356718372684373, 44.526461346188626], [11.356341152524426, 44.52646913349458], [11.356330267746566, 44.52619928195118]]]}}, {"type": "Feature", "properties": {"threshold": "ge_1", "source": "HistorySUHI", "period": "2013-2026", "hotspot_percentile": "top_10_pct", "label": ">= 1 estate"}, "geometry": {"type": "Polygon", "coordinates": [[[11.345800598817698, 44.52722637978759], [11.346177826719348, 44.52721862719102], [11.346166988580235, 44.526948773714274], [11.346921440450192, 44.52693326493171], [11.346899757673226, 44.52639355822384], [11.346522535291568, 44.52640131309239], [11.346533374865393, 44.52667116652635], [11.343892801768796, 44.52672541625922], [11.343903629323828, 44.52699527018594], [11.343149175023497, 44.52701075905111], [11.34321412267675, 44.528629883168485], [11.343591360335507, 44.52862213892353], [11.343580533608323, 44.52835228501364], [11.343957769376424, 44.52834453959625], [11.343968597842448, 44.52861439343365], [11.344723072400782, 44.52859889871916], [11.344701408665276, 44.528059191319464], [11.34507864223898, 44.52805144223989], [11.34505697563347, 44.52751173492566], [11.345811435370058, 44.52749623332199], [11.345800598817698, 44.52722637978759]]]}}, {"type": "Feature", "properties": {"threshold": "ge_1", "source": "HistorySUHI", "period": "2013-2026", "hotspot_percentile": "top_10_pct", "label": ">= 1 estate"}, "geometry": {"type": "Polygon", "coordinates": [[[11.335648201278277, 44.53769744794162], [11.336780095539657, 44.53767428274987], [11.336769296854868, 44.537404427955934], [11.337523888792587, 44.537388978412736], [11.337534690956755, 44.537658833062096], [11.338289285767903, 44.53764337839305], [11.338278480124362, 44.5373735238883], [11.339033070850002, 44.53735806438265], [11.339011453058948, 44.53681835561788], [11.339388744715125, 44.5368106241418], [11.339377934307363, 44.536540769809434], [11.339000644390786, 44.53654850121317], [11.338989835874203, 44.536278646793576], [11.338235259065518, 44.536294105720565], [11.338256869291882, 44.53683381483418], [11.336747699939602, 44.53686471832345], [11.336715305702434, 44.53605515376315], [11.336338018204515, 44.536062876305465], [11.336316426282599, 44.5355231663797], [11.337070994168869, 44.53550772033892], [11.337060194956008, 44.535237865498274], [11.33781475875752, 44.53522241462117], [11.337825561449371, 44.535492269317245], [11.338202844862394, 44.53548454193856], [11.33821364944525, 44.53575439654744], [11.339345503993657, 44.53573120672307], [11.339334694192276, 44.53546135233119], [11.340089259654293, 44.53544588636686], [11.340078446525544, 44.535176032104815], [11.340455727289633, 44.53516829732721], [11.34044491257307, 44.53489844312267], [11.340067633548431, 44.5349061778279], [11.3400460080491, 44.53436646922944], [11.340423283594912, 44.53435873466895], [11.34041246933331, 44.534088880419766], [11.340035195526875, 44.534096614907874], [11.340013570937302, 44.53355690622012], [11.339636300457926, 44.533564639318335], [11.33964711093757, 44.53383449374202], [11.338138020547008, 44.53386541397285], [11.338148824220806, 44.53413526867099], [11.337394274637687, 44.534150721460094], [11.337383474442627, 44.53388086661735], [11.337006201163247, 44.533888591071864], [11.336995402858987, 44.53361873614195], [11.336240859324672, 44.533634181170996], [11.336230064650493, 44.53336432608168], [11.335852794395592, 44.53337204665623], [11.335842001612097, 44.533102191479806], [11.33508746412689, 44.53311762874902], [11.335076674973315, 44.53284777341326], [11.333944872828713, 44.53287091976203], [11.333955656764408, 44.533140775314386], [11.333201117766587, 44.533156200132304], [11.333190337309492, 44.5328863444356], [11.332813069323109, 44.53289405490472], [11.332802290756467, 44.53262419912099], [11.331293224256825, 44.53265502825765], [11.331303995866321, 44.53292488432985], [11.329794919992699, 44.53295569383291], [11.329784155340386, 44.5326858374724], [11.329029619976355, 44.53270123460903], [11.32904038115006, 44.53297109111363], [11.328285841703797, 44.532986483413794], [11.328339632442143, 44.5343357664341], [11.329094189282227, 44.53432037341373], [11.329137238504487, 44.5353997989863], [11.329514523656112, 44.53539210032015], [11.329546817376272, 44.536201669127394], [11.329924107595657, 44.53619396899985], [11.329934874210581, 44.53646382516717], [11.330312166018597, 44.53645612372227], [11.33033370318072, 44.536995835868154], [11.330710998317024, 44.536988133033816], [11.330732539562616, 44.537527844976076], [11.331487136340854, 44.537512435283084], [11.331497910669682, 44.53778229108772], [11.332629809922935, 44.537759166991876], [11.332619030374929, 44.537489311403625], [11.33337362564184, 44.53747388925736], [11.333362842765615, 44.53720403379856], [11.334494729312729, 44.53718089145584], [11.334483941368726, 44.53691103619872], [11.33523852816442, 44.536895601888126], [11.33526011116239, 44.537435312098616], [11.335637407812579, 44.53742759293091], [11.335648201278277, 44.53769744794162]]]}}, {"type": "Feature", "properties": {"threshold": "ge_1", "source": "HistorySUHI", "period": "2013-2026", "hotspot_percentile": "top_10_pct", "label": ">= 1 estate"}, "geometry": {"type": "Polygon", "coordinates": [[[11.343549772617104, 44.53699534923785], [11.343172480890287, 44.537003094484376], [11.343161652934784, 44.53673324089101], [11.342784362795719, 44.5367409848198], [11.342816841898893, 44.5375505457726], [11.343194137256837, 44.53754280162643], [11.343204965667889, 44.537812655175124], [11.343582262613653, 44.53780490971115], [11.343549772617104, 44.53699534923785]]]}}, {"type": "Feature", "properties": {"threshold": "ge_1", "source": "HistorySUHI", "period": "2013-2026", "hotspot_percentile": "top_10_pct", "label": ">= 1 estate"}, "geometry": {"type": "Polygon", "coordinates": [[[11.343820564359827, 44.54374168242147], [11.345707238203879, 44.543702928444716], [11.345696396010196, 44.54343307565866], [11.346073728582736, 44.5434253211992], [11.34606288480094, 44.543155468470815], [11.346817546009426, 44.543139955960406], [11.346806698899426, 44.54287010336228], [11.347938684350744, 44.54284682547303], [11.347927832172541, 44.542576973077836], [11.348305158611849, 44.542569211363016], [11.34827259777023, 44.54175965430598], [11.34789527655109, 44.54176741580292], [11.34787357356439, 44.541227710878495], [11.347496255673057, 44.54123547098472], [11.347442009568999, 44.539886208049936], [11.347819318760772, 44.53987844830677], [11.347808468256565, 44.539608595747744], [11.348185775556335, 44.53960083483182], [11.348196627800379, 44.539870687318235], [11.34857393668779, 44.53986292508429], [11.348584790823885, 44.540132777483166], [11.349716721792282, 44.5401094830911], [11.349781881124445, 44.54172859586359], [11.350159201582287, 44.54172082813934], [11.350170063744063, 44.54199068014326], [11.35130202942354, 44.54196736927961], [11.351280294812316, 44.54142766569313], [11.350902976551529, 44.54143543708104], [11.350881246029818, 44.54089573328952], [11.350503931096556, 44.54090350328656], [11.350493067804178, 44.54063365129576], [11.350115754458486, 44.540641419974676], [11.350094031810528, 44.54010171580295], [11.350471341676457, 44.54009394726941], [11.350449616158102, 44.539554243183474], [11.351204228473593, 44.53953870267108], [11.351193362463336, 44.539268850751206], [11.351570666652728, 44.539261078699674], [11.35155979905509, 44.53899122683762], [11.351937101352314, 44.53898345361349], [11.351904494254672, 44.538173898156096], [11.351527197176587, 44.53818167116201], [11.351483730138787, 44.537102263385904], [11.351106439866825, 44.537110034855615], [11.351084710741368, 44.53657033073273], [11.350707423796166, 44.53657810081176], [11.350685698759158, 44.53603839648385], [11.350308415140653, 44.536046165172266], [11.35028669419188, 44.535506460639354], [11.349909413900008, 44.535514227937185], [11.3498985553935, 44.535244375575715], [11.349143997831833, 44.535259906290435], [11.349111433662243, 44.53445034868062], [11.348734159871235, 44.534458111952276], [11.348723307191811, 44.53418825931324], [11.348346034987959, 44.53419602126711], [11.348313483080688, 44.5333864630427], [11.347936215942568, 44.53339422353357], [11.347925367350374, 44.53312437068969], [11.347548101799374, 44.53313212986284], [11.3475264085498, 44.5325924239852], [11.347149146325131, 44.53260018176806], [11.347138301667677, 44.532330328734304], [11.34676104103012, 44.53233808519952], [11.34672851318758, 44.53152852579114], [11.346351257615389, 44.53153628079358], [11.346340417044383, 44.531266427555096], [11.345208654633103, 44.53128968487458], [11.345219489986825, 44.5315595383307], [11.343710464354995, 44.53159053094971], [11.343753779462705, 44.53266994578535], [11.344131043055166, 44.532662199208204], [11.344206862515303, 44.53455117409001], [11.344584138130982, 44.53454342576024], [11.344649142600398, 44.536162546071836], [11.345026428500885, 44.53615479606179], [11.345058938005408, 44.53696435579901], [11.345436228972623, 44.53695660432614], [11.345447067517679, 44.537226457469565], [11.345824360072504, 44.537218704678864], [11.345835200509189, 44.53748855773487], [11.346212494651626, 44.53748080362633], [11.346223336979987, 44.537750656594866], [11.346600632710029, 44.537742901168464], [11.346611476930118, 44.53801275404955], [11.347366071413294, 44.53799723931569], [11.347376919264855, 44.53826709203668], [11.34775421801796, 44.5382593327292], [11.347765067761365, 44.538529185362705], [11.347387767268541, 44.53853694474281], [11.347398615424362, 44.53880679743401], [11.347021313039662, 44.53881455564139], [11.347032159607847, 44.53908440839031], [11.34665485533127, 44.539092165424925], [11.34667654544436, 44.53963187102326], [11.346299237536075, 44.53963962695767], [11.346288394143306, 44.53936977409337], [11.345911087822776, 44.53937752870985], [11.345900246321873, 44.539107675758096], [11.34476833166755, 44.539130931917654], [11.344822514594686, 44.54048019761564], [11.345199828330744, 44.54047244644516], [11.345221506045315, 44.541012152475055], [11.345598823109249, 44.541004399914065], [11.345609663934523, 44.54127425283415], [11.345986982586396, 44.54126649895516], [11.346019511194505, 44.542076057408366], [11.345642187322564, 44.54208381150502], [11.34566387034147, 44.542623517211155], [11.343777231300697, 44.54266226973736], [11.343766398415736, 44.54239241652912], [11.343389071891815, 44.54240016322532], [11.343313258130912, 44.54051118984334], [11.342558628987636, 44.540526678484625], [11.342547802537752, 44.54025682493985], [11.342170489478276, 44.54026456731991], [11.34215966492012, 44.5399947136878], [11.341405041825585, 44.54001019456678], [11.34139422089899, 44.539740340774934], [11.342148840513767, 44.539724860040806], [11.34212719215646, 44.53918515270218], [11.342504498256483, 44.53917741061193], [11.342482847026776, 44.53863770335866], [11.341728241634101, 44.538653186004034], [11.34171741972648, 44.538383332210195], [11.34134011854224, 44.53839107159242], [11.341361759029704, 44.538930779310085], [11.340229844127991, 44.53895399041916], [11.3402406593799, 44.53922384447286], [11.33948604520739, 44.539239312463486], [11.339496857131287, 44.53950916664705], [11.339119548077736, 44.53951689884664], [11.33915197953952, 44.54032646152514], [11.339529293812758, 44.54031872910847], [11.339540106343183, 44.54058858323251], [11.339162790329999, 44.54059631572154], [11.339173601272092, 44.54086616990307], [11.338796283367325, 44.540873901218994], [11.338807092721037, 44.54114375545797], [11.33842977292468, 44.54115148560079], [11.338440580689966, 44.54142133989725], [11.338063259002013, 44.54142906886691], [11.338084871507181, 44.541968777559816], [11.337707546187552, 44.54197650542864], [11.337718350927364, 44.5422463598251], [11.338095677987095, 44.54223863188397], [11.338106484618564, 44.54250848619323], [11.338483813266862, 44.54250075693425], [11.338494621790035, 44.54277061115632], [11.338871952026894, 44.54276288057949], [11.338882762441822, 44.54303273471432], [11.339260094267239, 44.543025002819604], [11.339249282112142, 44.54275514875711], [11.339626612045757, 44.542747415689206], [11.339637425941016, 44.54301726967932], [11.340014757463132, 44.54300953529351], [11.340047205279513, 44.543819096957485], [11.340424541870567, 44.54381136110895], [11.340435359852998, 44.544081214894796], [11.340812698032586, 44.5440734777283], [11.340823517907015, 44.544343331426845], [11.341200857675135, 44.544335592942346], [11.34121167944161, 44.5446054465536], [11.341589020798255, 44.544597706751084], [11.341578197291483, 44.54432785321225], [11.342332876068765, 44.54431237001527], [11.34235453019533, 44.54485207678828], [11.342731872836818, 44.54484433317648], [11.342710215229651, 44.544304626548396], [11.34308755423867, 44.54429688183592], [11.34307672392263, 44.544027028572025], [11.342322049233251, 44.544042516606446], [11.34231122254958, 44.54377266318272], [11.342688558229959, 44.54376491986076], [11.342677729957911, 44.54349506649463], [11.343809730867145, 44.54347182927278], [11.343820564359827, 44.54374168242147]], [[11.341157572126917, 44.5432561783485], [11.341168393286324, 44.54352603201928], [11.340791058738958, 44.543533770286544], [11.340780239319752, 44.54326391654334], [11.341157572126917, 44.5432561783485]]]}}, {"type": "Feature", "properties": {"threshold": "ge_1", "source": "HistorySUHI", "period": "2013-2026", "hotspot_percentile": "top_10_pct", "label": ">= 1 estate"}, "geometry": {"type": "Polygon", "coordinates": [[[11.353090756595163, 44.53949982959628], [11.352713451275765, 44.53950760670196], [11.352724324397643, 44.53977745831597], [11.354233551719293, 44.53974634212995], [11.354222671638219, 44.53947649080711], [11.354599976347444, 44.53946870872002], [11.35458909467918, 44.539198857455084], [11.35383448858769, 44.5392144202383], [11.353823610551519, 44.538944568812845], [11.353446309016682, 44.538952348263635], [11.353457185313102, 44.53922219976189], [11.353079881885987, 44.53922997804015], [11.353090756595163, 44.53949982959628]]]}}, {"type": "Feature", "properties": {"threshold": "ge_1", "source": "HistorySUHI", "period": "2013-2026", "hotspot_percentile": "top_10_pct", "label": ">= 1 estate"}, "geometry": {"type": "Polygon", "coordinates": [[[11.358115592533897, 44.54236696961042], [11.358492914854756, 44.54235917426752], [11.35846021307158, 44.54154962310669], [11.358082895970677, 44.54155741823076], [11.358071997421963, 44.541287567741044], [11.35844931278293, 44.541279772689926], [11.358438412647143, 44.54100992225824], [11.356929157245995, 44.541041094698514], [11.357005412687066, 44.54293004944906], [11.356628086274831, 44.54293783995588], [11.356638978780293, 44.54320769064779], [11.356261650475203, 44.543215479982], [11.35629432368773, 44.54402503218692], [11.356671657213253, 44.544017242634034], [11.356660764249499, 44.54374739198688], [11.357038095882084, 44.54373960126135], [11.357027201330958, 44.54346975067215], [11.357404531070612, 44.54346195877401], [11.357393634932157, 44.543192108242835], [11.357770962778886, 44.543184315172105], [11.357749167480256, 44.542644614210836], [11.358126491694003, 44.54263682004048], [11.358115592533897, 44.54236696961042]]]}}, {"type": "Feature", "properties": {"threshold": "ge_1", "source": "HistorySUHI", "period": "2013-2026", "hotspot_percentile": "top_10_pct", "label": ">= 1 estate"}, "geometry": {"type": "Polygon", "coordinates": [[[11.349502294132451, 44.54416503114963], [11.349124957708929, 44.54417279703694], [11.349146674485544, 44.54471250119781], [11.349524014389576, 44.54470473516514], [11.349502294132451, 44.54416503114963]]]}}, {"type": "Feature", "properties": {"threshold": "ge_1", "source": "HistorySUHI", "period": "2013-2026", "hotspot_percentile": "top_10_pct", "label": ">= 1 estate"}, "geometry": {"type": "Polygon", "coordinates": [[[11.3450176045943, 44.5453375510463], [11.344640259383752, 44.54534530227683], [11.344629421498711, 44.54507544936249], [11.34312004609816, 44.5451064415383], [11.34313087702179, 44.54537629474265], [11.34275353105148, 44.54538403974502], [11.34281850934065, 44.54700315909336], [11.343195865753628, 44.54699541365614], [11.343206697740635, 44.547265266756284], [11.345093486228865, 44.54722652052202], [11.345082645539247, 44.546956667784436], [11.345460001040347, 44.546948914872985], [11.345449158762278, 44.54667906219308], [11.345826512370824, 44.546671308108486], [11.34580482478997, 44.54613160284909], [11.345427474662326, 44.546139356788565], [11.345405791170606, 44.545599651324494], [11.345028444371712, 44.54560740387321], [11.3450176045943, 44.5453375510463]]]}}, {"type": "Feature", "properties": {"threshold": "ge_1", "source": "HistorySUHI", "period": "2013-2026", "hotspot_percentile": "top_10_pct", "label": ">= 1 estate"}, "geometry": {"type": "Polygon", "coordinates": [[[11.361664309331157, 44.54607466215394], [11.36090961825893, 44.546090273566676], [11.360920531741803, 44.546360123277026], [11.361675226294743, 44.546344511718196], [11.361664309331157, 44.54607466215394]]]}}, {"type": "Feature", "properties": {"threshold": "ge_1", "source": "HistorySUHI", "period": "2013-2026", "hotspot_percentile": "top_10_pct", "label": ">= 1 estate"}, "geometry": {"type": "Polygon", "coordinates": [[[11.363605664190857, 44.54738485766882], [11.363983017433355, 44.547377043500354], [11.36396116154923, 44.546837345353346], [11.364338511157623, 44.546829530085475], [11.364305723259804, 44.54601998297244], [11.362418999790957, 44.54605904575872], [11.362440840832686, 44.546598744580066], [11.363195537641294, 44.54658312291003], [11.36321738625729, 44.54712282137933], [11.363594737912596, 44.54711500852965], [11.363605664190857, 44.54738485766882]]]}}, {"type": "Feature", "properties": {"threshold": "ge_1", "source": "HistorySUHI", "period": "2013-2026", "hotspot_percentile": "top_10_pct", "label": ">= 1 estate"}, "geometry": {"type": "Polygon", "coordinates": [[[11.356015002232942, 44.54646147695984], [11.35563765273929, 44.54646926467748], [11.355702990652123, 44.548088368754186], [11.35645771037241, 44.548072791198685], [11.356446816857371, 44.54780294070228], [11.356069458814146, 44.54781073003], [11.3560585671924, 44.54754087944579], [11.357190635642178, 44.54751750794423], [11.357168842414112, 44.54697780716846], [11.357546194777477, 44.5469700143224], [11.357513500860316, 44.546160463265686], [11.356004111374947, 44.54619162630107], [11.356015002232942, 44.54646147695984]]]}}, {"type": "Feature", "properties": {"threshold": "ge_1", "source": "HistorySUHI", "period": "2013-2026", "hotspot_percentile": "top_10_pct", "label": ">= 1 estate"}, "geometry": {"type": "Polygon", "coordinates": [[[11.343217529879565, 44.547535119841534], [11.341708089392014, 44.54756609469587], [11.341740565833074, 44.54837565473188], [11.342117931404594, 44.548367912669555], [11.342128758929272, 44.54863776591268], [11.342506126089592, 44.54863002253213], [11.342516955506813, 44.5488998756879], [11.343271692853126, 44.548884385044516], [11.343217529879565, 44.547535119841534]]]}}, {"type": "Feature", "properties": {"threshold": "ge_1", "source": "HistorySUHI", "period": "2013-2026", "hotspot_percentile": "top_10_pct", "label": ">= 1 estate"}, "geometry": {"type": "Polygon", "coordinates": [[[11.339454738991325, 44.54788237339993], [11.339077375838757, 44.547890106597094], [11.339109816181757, 44.54869966810885], [11.339487184556287, 44.548691934694595], [11.339454738991325, 44.54788237339993]]]}}, {"type": "Feature", "properties": {"threshold": "ge_1", "source": "HistorySUHI", "period": "2013-2026", "hotspot_percentile": "top_10_pct", "label": ">= 1 estate"}, "geometry": {"type": "Polygon", "coordinates": [[[11.356835070003388, 44.54806500055238], [11.35645771037241, 44.548072791198685], [11.356468604040234, 44.5483426416802], [11.356845965411772, 44.548334850960984], [11.356835070003388, 44.54806500055238]]]}}, {"type": "Feature", "properties": {"threshold": "ge_1", "source": "HistorySUHI", "period": "2013-2026", "hotspot_percentile": "top_10_pct", "label": ">= 1 estate"}, "geometry": {"type": "Polygon", "coordinates": [[[11.35846444148588, 44.55100217597536], [11.358087063318912, 44.55100997240701], [11.358097965630828, 44.55127982243279], [11.35847534553861, 44.551272025928185], [11.358486249744278, 44.55154187586611], [11.359618393772411, 44.55151847865828], [11.359629303353598, 44.55178832836234], [11.360384068755703, 44.55177272384848], [11.360373155692809, 44.551502874290435], [11.361882677696672, 44.551471650604505], [11.361860838103597, 44.55093195202801], [11.361483461313922, 44.550939759672154], [11.361461625814975, 44.55040006088986], [11.359197382751224, 44.550446879716056], [11.359208289979616, 44.550716729552775], [11.358453537586085, 44.550732326007626], [11.35846444148588, 44.55100217597536]]]}}, {"type": "Feature", "properties": {"threshold": "ge_1", "source": "HistorySUHI", "period": "2013-2026", "hotspot_percentile": "top_10_pct", "label": ">= 1 estate"}, "geometry": {"type": "Polygon", "coordinates": [[[11.361636326958221, 44.55471764947722], [11.36352333124104, 44.55467859368213], [11.36351240256543, 44.554408744872774], [11.363135003756446, 44.55441655845065], [11.36310222387247, 44.553607011713716], [11.36272483013338, 44.55361482382631], [11.362713905552903, 44.55334497481104], [11.36120433602855, 44.55337621050973], [11.361248007413089, 44.5544556076504], [11.361625406988134, 44.5544478003024], [11.361636326958221, 44.55471764947722]]]}}, {"type": "Feature", "properties": {"threshold": "ge_1", "source": "HistorySUHI", "period": "2013-2026", "hotspot_percentile": "top_10_pct", "label": ">= 1 estate"}, "geometry": {"type": "Polygon", "coordinates": [[[11.356243745538842, 44.55212833734964], [11.356232851472667, 44.55185848700399], [11.355855467166034, 44.55186627617922], [11.355844574993535, 44.55159642574577], [11.355467192275013, 44.55160421360225], [11.355456301996144, 44.55133436308101], [11.355078920865738, 44.551342149618755], [11.355068032480448, 44.55107229900975], [11.354690652938164, 44.551080084228786], [11.354679766446402, 44.550810233532026], [11.354302388492245, 44.550818017432356], [11.35428061944835, 44.550278315848445], [11.35314849511471, 44.550301659637505], [11.353126737125875, 44.549761957557095], [11.352749365524277, 44.54976973618288], [11.352738488499439, 44.549499885047524], [11.352361118485993, 44.54950766235475], [11.352350243354392, 44.54923781113171], [11.350463399703168, 44.54927667861722], [11.350485132711853, 44.5498163817758], [11.35010776004287, 44.54982415168097], [11.350118625035078, 44.55009400331061], [11.348986500891654, 44.55011730576928], [11.348975641121706, 44.549847453921586], [11.34822089441266, 44.54986298251959], [11.348231750701085, 44.55013283451259], [11.347476999901453, 44.55014835827259], [11.347498705971894, 44.55068806250444], [11.347876084929439, 44.550680301102105], [11.347886939933835, 44.55095015312307], [11.34826432047997, 44.550942390402234], [11.348275177377475, 44.55121224233566], [11.348652559512194, 44.55120447829631], [11.348663418302863, 44.55147433014218], [11.34904080202616, 44.5514665647843], [11.349051662710037, 44.55173641654261], [11.34942904802191, 44.55172864986617], [11.349447549592865, 44.552188265431546], [11.349699689235011, 44.55220607386678], [11.350036792118365, 44.552214321584586], [11.350366045329089, 44.552203032444936], [11.35062519269056, 44.55217068875596], [11.350702987417971, 44.55214883110882], [11.351516964051894, 44.55202962639874], [11.351520481148464, 44.552029112822936], [11.351639251707356, 44.55200246731962], [11.35168653929662, 44.551991833434606], [11.351799243703736, 44.551957435543095], [11.351937388343822, 44.551890446442535], [11.352398254234641, 44.551611441802656], [11.352398280118633, 44.55161145927426], [11.352607787653128, 44.55202684748442], [11.352607801320397, 44.55202687421027], [11.352849594698174, 44.55252600404551], [11.35300692049637, 44.55285077648726], [11.353144231729363, 44.55313375753868], [11.353144245397159, 44.553133784264425], [11.353172405210962, 44.55318831710283], [11.353172419241464, 44.553188352823625], [11.353233933035579, 44.553309140691766], [11.353233960008655, 44.55330918514825], [11.353255183041073, 44.55334186784655], [11.353261989352026, 44.55335235949044], [11.353268741356539, 44.553362753225905], [11.353282594935795, 44.55338409164432], [11.354194764469455, 44.55288196544886], [11.354197607126377, 44.55288096155957], [11.354405027068383, 44.55280785043769], [11.35453031910089, 44.55276340449905], [11.354535855249216, 44.55276144479301], [11.354543103806042, 44.552758864602374], [11.354702912630271, 44.552702120273835], [11.354706114154524, 44.55270158610194], [11.354876909101204, 44.552670623146355], [11.355139055936295, 44.552602485376426], [11.355144773369037, 44.55260096302336], [11.355101216412693, 44.55249125688679], [11.355100349001258, 44.55248910517879], [11.355595576181273, 44.55236017070299], [11.356532784980443, 44.55212237061885], [11.356243745538842, 44.55212833734964]]]}}, {"type": "Feature", "properties": {"threshold": "ge_1", "source": "HistorySUHI", "period": "2013-2026", "hotspot_percentile": "top_10_pct", "label": ">= 1 estate"}, "geometry": {"type": "Polygon", "coordinates": [[[11.347186438281469, 44.55231493543473], [11.347175585997723, 44.55204508334299], [11.346043421641879, 44.5520683574262], [11.346054268702714, 44.55233820973573], [11.345676878538814, 44.5523459653442], [11.345694428320204, 44.552782613007345], [11.345992758959216, 44.552694785929866], [11.346767367979252, 44.552468421108564], [11.347296377737974, 44.552312674471395], [11.347186438281469, 44.55231493543473]]]}}, {"type": "Feature", "properties": {"threshold": "ge_1", "source": "HistorySUHI", "period": "2013-2026", "hotspot_percentile": "top_10_pct", "label": ">= 1 estate"}, "geometry": {"type": "Polygon", "coordinates": [[[11.372299844848735, 44.45456803112291], [11.37192309203819, 44.45457585998347], [11.371934021486831, 44.45484571188563], [11.37118051194228, 44.45486136602835], [11.371191438079899, 44.455131218062064], [11.370814681345909, 44.45513904334416], [11.370858380498698, 44.45621845162272], [11.371235144161252, 44.45621062604769], [11.371246071064318, 44.45648047800676], [11.371622836305976, 44.45647265111678], [11.37161190767071, 44.45620279923095], [11.37198867102705, 44.45619497117251], [11.371999601394513, 44.456464822985076], [11.372376366329902, 44.45645699361166], [11.372343570490433, 44.45564743834892], [11.372720330076154, 44.45563960795361], [11.372709396703874, 44.45536975624279], [11.372332638850272, 44.45537758656482], [11.372299844848735, 44.45456803112291]]]}}, {"type": "Feature", "properties": {"threshold": "ge_1", "source": "HistorySUHI", "period": "2013-2026", "hotspot_percentile": "top_10_pct", "label": ">= 1 estate"}, "geometry": {"type": "Polygon", "coordinates": [[[11.374768274597313, 44.459648205723646], [11.374014704835936, 44.459663879889426], [11.374003763968156, 44.459394028622526], [11.373626980589982, 44.45940186376932], [11.373637919725288, 44.45967171510954], [11.373261134461366, 44.4596795490878], [11.373272072017446, 44.45994940048642], [11.37289528486777, 44.45995723329612], [11.37292809325788, 44.46076678762226], [11.373304885605208, 44.46075895459266], [11.373315823774313, 44.461028805931555], [11.372939029694384, 44.46103663903445], [11.372949966284128, 44.46130649043171], [11.373703557755968, 44.46129082283736], [11.373714497964245, 44.46156067407306], [11.3748448892202, 44.4615371631471], [11.37482299856116, 44.46099746110079], [11.375199791874534, 44.460989621788336], [11.375188845042468, 44.460719770816134], [11.375942427743873, 44.46070408861223], [11.375920527609699, 44.460164386916524], [11.37516695183848, 44.46018006882692], [11.37515600546655, 44.45991021780991], [11.374779219083381, 44.45991805682895], [11.374768274597313, 44.459648205723646]]]}}, {"type": "Feature", "properties": {"threshold": "ge_1", "source": "HistorySUHI", "period": "2013-2026", "hotspot_percentile": "top_10_pct", "label": ">= 1 estate"}, "geometry": {"type": "Polygon", "coordinates": [[[11.377449591305334, 44.46067270930172], [11.37669600983156, 44.46068840144075], [11.376717917509813, 44.46122810278311], [11.377471505913928, 44.46121241035037], [11.377449591305334, 44.46067270930172]]]}}, {"type": "Feature", "properties": {"threshold": "ge_1", "source": "HistorySUHI", "period": "2013-2026", "hotspot_percentile": "top_10_pct", "label": ">= 1 estate"}, "geometry": {"type": "Polygon", "coordinates": [[[11.37067826199765, 44.461083611571595], [11.370301466845559, 44.46109143598107], [11.370377941289265, 44.462980399037875], [11.37075474857036, 44.46297257411585], [11.37067826199765, 44.461083611571595]]]}}, {"type": "Feature", "properties": {"threshold": "ge_1", "source": "HistorySUHI", "period": "2013-2026", "hotspot_percentile": "top_10_pct", "label": ">= 1 estate"}, "geometry": {"type": "Polygon", "coordinates": [[[11.378444342884098, 44.46659371721126], [11.377690685780275, 44.46660941754982], [11.377679725328084, 44.466339567331794], [11.376926071076088, 44.466355262554906], [11.376915114243593, 44.466085412175055], [11.375784636913354, 44.46610894547349], [11.375729881048644, 44.46475969224908], [11.37535306362993, 44.464767533830724], [11.375309268631725, 44.46368813068878], [11.37493245799115, 44.46369597073488], [11.374921511357957, 44.463426119838694], [11.37454470229683, 44.4634339585694], [11.37453375754983, 44.46316410758493], [11.374156950068153, 44.46317194500028], [11.374146007207294, 44.46290209392752], [11.373769201305073, 44.46290993002755], [11.373758260330307, 44.46264007886652], [11.37338145600755, 44.462647913651246], [11.373370516918829, 44.46237806240196], [11.372993714175538, 44.462385895871385], [11.37297183992334, 44.46184619318141], [11.37259504049222, 44.46185402526227], [11.372584105328668, 44.46158417382159], [11.372207307477002, 44.461592004587224], [11.372196374199323, 44.46132215305834], [11.371819577927118, 44.46132998250875], [11.371830509472142, 44.46159983411092], [11.371453711314112, 44.461607662392666], [11.371464641279623, 44.46187751405314], [11.37108784123576, 44.461885341166195], [11.371131555698344, 44.462964747951816], [11.37150836267319, 44.462956920545786], [11.371519293404475, 44.46322677213161], [11.371896101958967, 44.46321894341031], [11.371907034576244, 44.463488794907946], [11.372283844710376, 44.463480964871366], [11.37229477921369, 44.46375081628081], [11.372671590927453, 44.46374298492891], [11.372704400555392, 44.46455253884777], [11.373081217314596, 44.46454470603395], [11.373092155896677, 44.46481455723707], [11.373468974235545, 44.464806723107856], [11.373479914703864, 44.465076574222735], [11.373856734622397, 44.46506873877813], [11.373900504960798, 44.46614814279499], [11.375407810829662, 44.46611678742205], [11.375418760729897, 44.466386638095514], [11.376172416209961, 44.466370952809484], [11.376183369729816, 44.46664080332121], [11.37656019897272, 44.46663295874158], [11.376582109939143, 44.46717265957342], [11.376958942494781, 44.467164813604796], [11.376980857541609, 44.467704514230036], [11.377357693410039, 44.46769666687238], [11.377368652896973, 44.46796651708913], [11.377745490345037, 44.46795866841583], [11.377756451718769, 44.468228518544215], [11.378133290746458, 44.46822066855526], [11.378144254007037, 44.46849051859523], [11.378521094614346, 44.4684826672906], [11.378510129620523, 44.4682128173241], [11.378886968340941, 44.46820496485073], [11.37887600176755, 44.46793511494275], [11.379252838601078, 44.46792726130066], [11.379219934603405, 44.467117711707566], [11.378843102969375, 44.46712556512918], [11.378832137010644, 44.46685571516145], [11.378455306956072, 44.466863567267424], [11.378444342884098, 44.46659371721126]]]}}, {"type": "Feature", "properties": {"threshold": "ge_1", "source": "HistorySUHI", "period": "2013-2026", "hotspot_percentile": "top_10_pct", "label": ">= 1 estate"}, "geometry": {"type": "Polygon", "coordinates": [[[11.370361700089225, 44.47189332683487], [11.369984835306225, 44.471901151688925], [11.369995762425182, 44.47217100314829], [11.370749495305263, 44.472155352051324], [11.37072763428606, 44.471615649410616], [11.3703507713898, 44.47162347543382], [11.370361700089225, 44.47189332683487]]]}}, {"type": "Feature", "properties": {"threshold": "ge_1", "source": "HistorySUHI", "period": "2013-2026", "hotspot_percentile": "top_10_pct", "label": ">= 1 estate"}, "geometry": {"type": "Polygon", "coordinates": [[[11.391864794301187, 44.471984950894225], [11.391487934819375, 44.47199284671019], [11.391498961059348, 44.47226269394726], [11.391875822274676, 44.472254798057406], [11.391864794301187, 44.471984950894225]]]}}, {"type": "Feature", "properties": {"threshold": "ge_1", "source": "HistorySUHI", "period": "2013-2026", "hotspot_percentile": "top_10_pct", "label": ">= 1 estate"}, "geometry": {"type": "Polygon", "coordinates": [[[11.385491158085811, 44.472928556014814], [11.385114290779851, 44.47293643093191], [11.385103293701855, 44.47266658247044], [11.385480159274206, 44.47265870762703], [11.385469160616728, 44.47238885922429], [11.385092296777964, 44.472396733994], [11.385081300008173, 44.47212688550261], [11.38470443774887, 44.47213475895628], [11.38469344286672, 44.47186491037625], [11.384316582186884, 44.47187278251389], [11.384294596351806, 44.47133308516164], [11.382787165960329, 44.47136456069954], [11.382798151866846, 44.471634409677684], [11.382421292150545, 44.47164227552994], [11.38244326095834, 44.47218197358859], [11.382820124141727, 44.47217410758912], [11.382842097032421, 44.47271380544074], [11.383218963529032, 44.47270593805167], [11.383229951938944, 44.472975786881435], [11.383606820015192, 44.47296791817632], [11.383617810312733, 44.4732377669175], [11.383240940502837, 44.473245635696244], [11.383251929220723, 44.473515484496104], [11.384382543389355, 44.47349187421171], [11.384393537462307, 44.473761722775684], [11.384770410277445, 44.47375385012238], [11.384781406238176, 44.47402369859771], [11.38402765698641, 44.47403944280923], [11.3840606353906, 44.47484898858752], [11.385568154082867, 44.47481749431056], [11.385557154192288, 44.47454764602747], [11.385934031746267, 44.47453976942574], [11.38594503337062, 44.47480961763513], [11.386321912504199, 44.474801739717215], [11.386299905942138, 44.47426204343093], [11.38592303027608, 44.47426992120139], [11.385879025937005, 44.473190528154454], [11.385502157051548, 44.47319840438765], [11.385491158085811, 44.472928556014814]]]}}, {"type": "Feature", "properties": {"threshold": "ge_1", "source": "HistorySUHI", "period": "2013-2026", "hotspot_percentile": "top_10_pct", "label": ">= 1 estate"}, "geometry": {"type": "Polygon", "coordinates": [[[11.373043514151911, 44.4729179214729], [11.371912901757051, 44.47294141927759], [11.371923838157073, 44.47321127031097], [11.370793219181794, 44.473234757153556], [11.37082601369763, 44.47404431082348], [11.3719566482767, 44.47402082332152], [11.371967585289772, 44.47429067429517], [11.37272134437712, 44.47427500960154], [11.3727322850111, 44.474544860413666], [11.373109166058626, 44.47453702612981], [11.373131051254257, 44.475076727562644], [11.373884819824651, 44.47506105497412], [11.37389576612026, 44.47533090552147], [11.374272651909253, 44.47532306729008], [11.374261703879762, 44.47505321681608], [11.375015471529695, 44.47503753677244], [11.374938815346, 44.4731485840633], [11.374561943734214, 44.47315642419279], [11.37455099519834, 44.47288657367265], [11.374174125166812, 44.472894412486355], [11.374163178518025, 44.472624561877915], [11.37303257270412, 44.472648070644475], [11.373043514151911, 44.4729179214729]]]}}, {"type": "Feature", "properties": {"threshold": "ge_1", "source": "HistorySUHI", "period": "2013-2026", "hotspot_percentile": "top_10_pct", "label": ">= 1 estate"}, "geometry": {"type": "Polygon", "coordinates": [[[11.387009631668336, 44.47316689200046], [11.386632763245423, 44.47317477196085], [11.386709796729704, 44.47506370860381], [11.388594197981739, 44.47502429379602], [11.388583184066679, 44.47475444611787], [11.387452548979658, 44.47477809850866], [11.387441540420225, 44.47450825059422], [11.387064663483073, 44.47451613216579], [11.38705365681165, 44.47424628416264], [11.387430532015056, 44.474238402664824], [11.387419523764155, 44.473968554720464], [11.387042650294466, 44.47397643614453], [11.387009631668336, 44.47316689200046]]]}}, {"type": "Feature", "properties": {"threshold": "ge_1", "source": "HistorySUHI", "period": "2013-2026", "hotspot_percentile": "top_10_pct", "label": ">= 1 estate"}, "geometry": {"type": "Polygon", "coordinates": [[[11.389336940019685, 44.47473867164502], [11.388960062120365, 44.47474655950267], [11.388971077769206, 44.47501640710702], [11.389347957402302, 44.475008519175546], [11.389336940019685, 44.47473867164502]]]}}, {"type": "Feature", "properties": {"threshold": "ge_1", "source": "HistorySUHI", "period": "2013-2026", "hotspot_percentile": "top_10_pct", "label": ">= 1 estate"}, "geometry": {"type": "Polygon", "coordinates": [[[11.382929994753765, 44.474872596249185], [11.382553114233495, 44.47488046298478], [11.382586073218052, 44.47569000951208], [11.38296295893986, 44.47568214255565], [11.382929994753765, 44.474872596249185]]]}}, {"type": "Feature", "properties": {"threshold": "ge_1", "source": "HistorySUHI", "period": "2013-2026", "hotspot_percentile": "top_10_pct", "label": ">= 1 estate"}, "geometry": {"type": "Polygon", "coordinates": [[[11.384448510138116, 44.47511096537119], [11.383694746708027, 44.475126707687075], [11.383716729921488, 44.475666404915216], [11.384470500286973, 44.475650662304716], [11.384448510138116, 44.47511096537119]]]}}, {"type": "Feature", "properties": {"threshold": "ge_1", "source": "HistorySUHI", "period": "2013-2026", "hotspot_percentile": "top_10_pct", "label": ">= 1 estate"}, "geometry": {"type": "Polygon", "coordinates": [[[11.383738713751097, 44.47620610208356], [11.383361824869485, 44.47621397167231], [11.383350834611576, 44.47594412302198], [11.382597059854161, 44.47595985832462], [11.382608046644236, 44.4762297071222], [11.382984935833857, 44.47622184001854], [11.382995924511844, 44.47649168872754], [11.38374970589696, 44.4764759506453], [11.383738713751097, 44.47620610208356]]]}}, {"type": "Feature", "properties": {"threshold": "ge_1", "source": "HistorySUHI", "period": "2013-2026", "hotspot_percentile": "top_10_pct", "label": ">= 1 estate"}, "geometry": {"type": "Polygon", "coordinates": [[[11.392795034401226, 44.47628670598503], [11.39128748582649, 44.47631829646305], [11.391298512805088, 44.47658814353453], [11.39092162354111, 44.4765960381216], [11.390932648940307, 44.47686588525199], [11.391309539938216, 44.47685799059106], [11.391320567225879, 44.47712783763261], [11.392828136607742, 44.477096246267735], [11.392795034401226, 44.47628670598503]]]}}, {"type": "Feature", "properties": {"threshold": "ge_1", "source": "HistorySUHI", "period": "2013-2026", "hotspot_percentile": "top_10_pct", "label": ">= 1 estate"}, "geometry": {"type": "Polygon", "coordinates": [[[11.3890812427484, 44.477714882327476], [11.38832744834083, 44.47773065593897], [11.38833846221979, 44.478000503526324], [11.389092260095454, 44.47798472976723], [11.3890812427484, 44.477714882327476]]]}}, {"type": "Feature", "properties": {"threshold": "ge_1", "source": "HistorySUHI", "period": "2013-2026", "hotspot_percentile": "top_10_pct", "label": ">= 1 estate"}, "geometry": {"type": "Polygon", "coordinates": [[[11.38833846221979, 44.478000503526324], [11.387961563050423, 44.47800838854199], [11.387972575349655, 44.47827823618817], [11.388349476253103, 44.478270351098736], [11.38833846221979, 44.478000503526324]]]}}, {"type": "Feature", "properties": {"threshold": "ge_1", "source": "HistorySUHI", "period": "2013-2026", "hotspot_percentile": "top_10_pct", "label": ">= 1 estate"}, "geometry": {"type": "Polygon", "coordinates": [[[11.385744173298207, 44.47913506480595], [11.38536726611254, 44.47914294141815], [11.385400268906894, 44.47995248568089], [11.385777181295209, 44.47994460884757], [11.385744173298207, 44.47913506480595]]]}}, {"type": "Feature", "properties": {"threshold": "ge_1", "source": "HistorySUHI", "period": "2013-2026", "hotspot_percentile": "top_10_pct", "label": ">= 1 estate"}, "geometry": {"type": "Polygon", "coordinates": [[[11.375420779161171, 44.48502198893264], [11.375797726925423, 44.48501414433141], [11.375786768166755, 44.48474429461531], [11.376163714042672, 44.48473644884455], [11.376152753702874, 44.48446659918696], [11.37652969769046, 44.4844587522467], [11.376496812388707, 44.48364920340454], [11.376873751018662, 44.48364135544169], [11.376851824783087, 44.48310165628576], [11.377228759790183, 44.48309380722693], [11.3772177951683, 44.48282395769999], [11.377594728287162, 44.48281610747178], [11.377583762084406, 44.48254625800336], [11.377960693315039, 44.48253840660577], [11.377949725531458, 44.48226855719589], [11.378326654873868, 44.48226070462894], [11.378304716298889, 44.48172100591132], [11.378681642018622, 44.48171315224854], [11.378692612963706, 44.48198300154134], [11.379823394403644, 44.481959432875726], [11.3798124182552, 44.48168958380349], [11.380189343359772, 44.48168172516956], [11.380178365630728, 44.4814118761559], [11.38055528884703, 44.48140401635274], [11.380544309537436, 44.4811341673977], [11.38092123086547, 44.48112630642532], [11.380910249975376, 44.48085645752887], [11.381287169415144, 44.48084859538731], [11.3812761869446, 44.480578746549504], [11.381653104496113, 44.48057088323878], [11.381642120445164, 44.48030103445959], [11.382019036108424, 44.480293169979724], [11.38200805047712, 44.48002332125918], [11.382384964252132, 44.4800154556102], [11.382395951617724, 44.48028530425713], [11.382772866973042, 44.48027743729182], [11.382783856226926, 44.480547285850186], [11.383914606571647, 44.480523677277006], [11.383903612114851, 44.48025382893957], [11.384280526853994, 44.48024595700338], [11.384258534934116, 44.47970626043097], [11.383881623663498, 44.47971413221983], [11.383848642142025, 44.47890458702806], [11.383471735919947, 44.47891245735329], [11.383460744121749, 44.47864260885247], [11.382706934683807, 44.478658345627665], [11.382695946507921, 44.47838849696464], [11.381942139922295, 44.478404228622026], [11.381920170968906, 44.477864530956694], [11.38078947034063, 44.4778881186815], [11.380800449538059, 44.478157967742355], [11.378539033723202, 44.47820511008228], [11.378517096291391, 44.477665411063306], [11.378893995843432, 44.47765755726023], [11.37888302562403, 44.477387707801824], [11.379259923288267, 44.47737985282966], [11.37924895148856, 44.4771100034298], [11.381133428832674, 44.477070710297575], [11.381122448516678, 44.476800861250474], [11.381499341789956, 44.476792998969856], [11.381444433848426, 44.47544375387799], [11.381067549244792, 44.47545161579076], [11.381045590613102, 44.47491191750223], [11.382176233559269, 44.47488832847788], [11.382154265140255, 44.474348630571036], [11.381023632596847, 44.47437221915392], [11.381034611528047, 44.47464206833556], [11.380657731972052, 44.474649928785134], [11.380668709323297, 44.47491977802538], [11.37991494628221, 44.47493549534417], [11.37992592031961, 44.47520534471655], [11.379549036834534, 44.47521320158573], [11.379560009291858, 44.475483051016674], [11.377298694749943, 44.47553016657989], [11.377320619318946, 44.476069866278756], [11.3769437295563, 44.47607771467067], [11.376954690337284, 44.476347564571135], [11.376577798687077, 44.476355411793925], [11.376621636410997, 44.47743481154014], [11.376998534997288, 44.47742696402362], [11.377064306595804, 44.47904606275408], [11.376687397604659, 44.47905391071123], [11.376709319231372, 44.47959361031541], [11.376332406618138, 44.479601457176734], [11.376354325390718, 44.48014115686801], [11.376731241472532, 44.480133309859816], [11.376742202823538, 44.48040315960961], [11.378249872551663, 44.48037175885572], [11.378271809589386, 44.48091145772278], [11.378648730105887, 44.48090360428049], [11.378670671227292, 44.481443302940804], [11.376786049763774, 44.48148255845936], [11.376797011882902, 44.481752408134454], [11.376420085394765, 44.48176025558323], [11.376431045933053, 44.48203010531682], [11.376054117556832, 44.482037951596226], [11.376021241606137, 44.4812284021304], [11.37564431827969, 44.48123624694675], [11.375622405215912, 44.480696547081365], [11.374868565039959, 44.48071223269217], [11.374846659527773, 44.48017253247344], [11.374092825675227, 44.480188212819755], [11.374059978963913, 44.47937866193945], [11.373683067010347, 44.47938650002845], [11.373672120147706, 44.47911664963178], [11.372541388569372, 44.47914015622258], [11.372574214009049, 44.47994970802767], [11.372951129891371, 44.47994187352016], [11.372973017753237, 44.48048157450226], [11.373726855995091, 44.48046590146573], [11.373737803624834, 44.480735751787705], [11.374114724250003, 44.48072791333196], [11.374125673767567, 44.48099776356563], [11.373748751408007, 44.48100560209474], [11.373792544075027, 44.482085003173566], [11.373415614624207, 44.48209284075326], [11.373426561440041, 44.482362691058974], [11.372672698609133, 44.48237836263653], [11.372716473530039, 44.48345776429663], [11.373093411960523, 44.48344992883598], [11.373104357808842, 44.48371977914035], [11.372727417643713, 44.48372761467432], [11.37273836191077, 44.483997465037085], [11.372361419857587, 44.48400529940147], [11.372394248374935, 44.484814850620076], [11.372771195632273, 44.48480701603574], [11.372782140512895, 44.48507686633876], [11.371274343624323, 44.485108197511614], [11.371241530259612, 44.48429864567818], [11.370487641303958, 44.4843143033673], [11.370509509788166, 44.48485400489755], [11.370132561610967, 44.4848618320242], [11.370143494348161, 44.48513168284019], [11.369766544282953, 44.48513950879712], [11.369788406747377, 44.48567921053076], [11.370542313663849, 44.485663557080976], [11.370553248595586, 44.485933407778916], [11.370930203558803, 44.485925579116284], [11.370941140378678, 44.486195429726024], [11.371695053314982, 44.486179768525226], [11.371684113025362, 44.48590991806203], [11.372061067528653, 44.48590208567042], [11.372050125657518, 44.48563223526558], [11.37318098304264, 44.485608730852746], [11.373191930118299, 44.48587858103763], [11.375076698032132, 44.48583938178994], [11.375065742282324, 44.48556953197187], [11.375442693669715, 44.48556168846679], [11.375420779161171, 44.48502198893264]]]}}, {"type": "Feature", "properties": {"threshold": "ge_1", "source": "HistorySUHI", "period": "2013-2026", "hotspot_percentile": "top_10_pct", "label": ">= 1 estate"}, "geometry": {"type": "Polygon", "coordinates": [[[11.367674293593039, 44.48005144353611], [11.367297375566055, 44.48005926064525], [11.367341047840316, 44.48113866694374], [11.367717972804904, 44.481130849542], [11.36772889299047, 44.48140070100617], [11.368105819536476, 44.48139288228847], [11.36812766383574, 44.48193258502568], [11.369258452962182, 44.4819091209766], [11.369225671132588, 44.4810995675071], [11.368848746780316, 44.481107389880016], [11.368815971532188, 44.480297836056565], [11.368439052230018, 44.480305656967126], [11.368428129187885, 44.480035805589594], [11.36805121146699, 44.48004362518423], [11.368040290312274, 44.4797737737186], [11.367663374172661, 44.47978159199731], [11.367674293593039, 44.48005144353611]]]}}, {"type": "Feature", "properties": {"threshold": "ge_1", "source": "HistorySUHI", "period": "2013-2026", "hotspot_percentile": "top_10_pct", "label": ">= 1 estate"}, "geometry": {"type": "Polygon", "coordinates": [[[11.385854205351967, 44.48183354442117], [11.38698497801258, 44.4818099049166], [11.386962959961819, 44.48127020955563], [11.38658603936465, 44.48127809048577], [11.386575032305053, 44.4810082427091], [11.385821194116676, 44.48102400069366], [11.38581019068, 44.480754152754564], [11.384679437443943, 44.48077778018972], [11.384712432607325, 44.481587324625416], [11.385843201452657, 44.48156369652695], [11.385854205351967, 44.48183354442117]]]}}, {"type": "Feature", "properties": {"threshold": "ge_1", "source": "HistorySUHI", "period": "2013-2026", "hotspot_percentile": "top_10_pct", "label": ">= 1 estate"}, "geometry": {"type": "Polygon", "coordinates": [[[11.390333189739069, 44.4806595311685], [11.389579358106406, 44.48067531386006], [11.389590378886304, 44.48094516106139], [11.38883654316722, 44.48096093892972], [11.388847560632897, 44.48123078626373], [11.388093720827515, 44.48124655930873], [11.388137778359098, 44.482325949085556], [11.391530115056398, 44.48225492857837], [11.391519084832094, 44.48198508182119], [11.39189600862477, 44.48197718451371], [11.391884976820656, 44.48170733781545], [11.391131132549507, 44.481723131039885], [11.391109076342524, 44.48118343730291], [11.390732157443821, 44.48119133190324], [11.390721131306483, 44.48092148493843], [11.390344213987582, 44.480929378222136], [11.390333189739069, 44.4806595311685]]]}}, {"type": "Feature", "properties": {"threshold": "ge_1", "source": "HistorySUHI", "period": "2013-2026", "hotspot_percentile": "top_10_pct", "label": ">= 1 estate"}, "geometry": {"type": "Polygon", "coordinates": [[[11.371738816006845, 44.4872591702287], [11.371361852675614, 44.48726700174373], [11.371372791996942, 44.48753685220555], [11.371749757063165, 44.487529020617224], [11.371738816006845, 44.4872591702287]]]}}, {"type": "Feature", "properties": {"threshold": "ge_1", "source": "HistorySUHI", "period": "2013-2026", "hotspot_percentile": "top_10_pct", "label": ">= 1 estate"}, "geometry": {"type": "Polygon", "coordinates": [[[11.39058678654811, 44.486866009615824], [11.390209830913854, 44.48687390328171], [11.390187779241806, 44.48633420967024], [11.388679969038355, 44.48636577131324], [11.388713025960078, 44.487175312594054], [11.389089983947198, 44.48716742382629], [11.389112026137026, 44.48770711779104], [11.389488987439497, 44.4876992276326], [11.389511033717111, 44.48823892138982], [11.389887998334995, 44.48823102984068], [11.38989902344054, 44.488500876623], [11.391029921571914, 44.488477194295704], [11.39109610668155, 44.49009627334564], [11.391473082826563, 44.49008837630707], [11.391484115954453, 44.49035822268911], [11.391861093679973, 44.4903503243335], [11.391872128697672, 44.49062017062666], [11.393003066151644, 44.49059646787928], [11.392936827133479, 44.48897739122656], [11.393313795564756, 44.48896948826823], [11.393291713659854, 44.4884297960788], [11.392160818311902, 44.48845350078096], [11.392138747435716, 44.487913808088], [11.391007861105512, 44.48793750115932], [11.390985801257484, 44.48739780796308], [11.39060884230804, 44.4874057030197], [11.39058678654811, 44.486866009615824]]]}}, {"type": "Feature", "properties": {"threshold": "ge_1", "source": "HistorySUHI", "period": "2013-2026", "hotspot_percentile": "top_10_pct", "label": ">= 1 estate"}, "geometry": {"type": "Polygon", "coordinates": [[[11.381982697617236, 44.48866633966225], [11.381605728024933, 44.48867420518077], [11.381627702357239, 44.48921390194447], [11.382004675419703, 44.48920603627873], [11.381982697617236, 44.48866633966225]]]}}, {"type": "Feature", "properties": {"threshold": "ge_1", "source": "HistorySUHI", "period": "2013-2026", "hotspot_percentile": "top_10_pct", "label": ">= 1 estate"}, "geometry": {"type": "Polygon", "coordinates": [[[11.382813585635747, 44.490539541761244], [11.383190566911864, 44.49053167199798], [11.383179571957863, 44.490261823992874], [11.38355655134467, 44.4902539530601], [11.38352356220181, 44.489444409176], [11.382015664551966, 44.48947588456455], [11.382026653838254, 44.489745732835395], [11.381272700618807, 44.48976146321817], [11.381294672712746, 44.490301160009444], [11.382802592416951, 44.490269693682485], [11.382813585635747, 44.490539541761244]]]}}, {"type": "Feature", "properties": {"threshold": "ge_1", "source": "HistorySUHI", "period": "2013-2026", "hotspot_percentile": "top_10_pct", "label": ">= 1 estate"}, "geometry": {"type": "Polygon", "coordinates": [[[11.388457269338636, 44.49015151780822], [11.388834246565436, 44.490143629471525], [11.388790164182932, 44.489064241725565], [11.388413193896561, 44.48907212976702], [11.388402175422133, 44.4888022827193], [11.388025206716376, 44.488810169443866], [11.388014190131404, 44.48854032230739], [11.386883288292879, 44.48856397480129], [11.386872277067324, 44.48829412742851], [11.386118345206636, 44.48830988939496], [11.386129352962165, 44.488579736915234], [11.385752385065373, 44.4885876161076], [11.385818424427965, 44.49020670135746], [11.386195402735364, 44.49019882172269], [11.386206411570926, 44.49046866913824], [11.386960371193165, 44.49045290599178], [11.38697138365344, 44.490722753244874], [11.387725346128684, 44.49070698497829], [11.387747378453243, 44.49124667914446], [11.387370393822339, 44.491254564046905], [11.387381408480953, 44.49152441118134], [11.38775839484713, 44.4915165262051], [11.387769411395427, 44.49178637325081], [11.38814639934249, 44.49177848695758], [11.388157417780517, 44.49204833391452], [11.388911396681943, 44.492032557450855], [11.388922418745082, 44.49230240424517], [11.389299409699412, 44.49229451407469], [11.389288385900937, 44.49202466735421], [11.389665374965421, 44.49201677601434], [11.3896322992912, 44.49120723598459], [11.389255315432566, 44.49121512710292], [11.389244292252117, 44.490945280322556], [11.388867309974218, 44.49095317012387], [11.388856288683485, 44.49068332325472], [11.388479307986326, 44.49069121173906], [11.388457269338636, 44.49015151780822]]]}}, {"type": "Feature", "properties": {"threshold": "ge_1", "source": "HistorySUHI", "period": "2013-2026", "hotspot_percentile": "top_10_pct", "label": ">= 1 estate"}, "geometry": {"type": "Polygon", "coordinates": [[[11.371892004750933, 44.4910370743093], [11.372268992220903, 44.49102924052497], [11.372258047435551, 44.490759390403866], [11.373012018444644, 44.49074371925224], [11.37300107034214, 44.49047386926285], [11.372624086649584, 44.49048170538695], [11.372613140435782, 44.49021185530929], [11.372236158325057, 44.49021969011687], [11.372247102803605, 44.49048954026784], [11.371870118804225, 44.49049737390554], [11.371892004750933, 44.4910370743093]]]}}, {"type": "Feature", "properties": {"threshold": "ge_1", "source": "HistorySUHI", "period": "2013-2026", "hotspot_percentile": "top_10_pct", "label": ">= 1 estate"}, "geometry": {"type": "Polygon", "coordinates": [[[11.371892004750933, 44.4910370743093], [11.371515017127585, 44.4910449068504], [11.371525958595676, 44.49131475710317], [11.371902947954363, 44.49130692448877], [11.371892004750933, 44.4910370743093]]]}}, {"type": "Feature", "properties": {"threshold": "ge_1", "source": "HistorySUHI", "period": "2013-2026", "hotspot_percentile": "top_10_pct", "label": ">= 1 estate"}, "geometry": {"type": "Polygon", "coordinates": [[[11.381726594475756, 44.49164253664099], [11.38134960564234, 44.49165040172598], [11.381338618748442, 44.49138055341259], [11.380961631496348, 44.49138841718078], [11.380950646491732, 44.49111856877883], [11.380573660820964, 44.49112643123024], [11.38055169474415, 44.490586734234356], [11.379420747219875, 44.490610313688144], [11.379431724975557, 44.49088016241421], [11.379054740424447, 44.49088801981933], [11.379065716598715, 44.49115786860397], [11.378688730158478, 44.491165724839405], [11.378699704751282, 44.49143557368264], [11.379076692926827, 44.49142771737367], [11.379098646044598, 44.49196741486824], [11.378721654398364, 44.49197527132423], [11.37874360466076, 44.49251496890605], [11.378366609389905, 44.49252282426583], [11.378377583016423, 44.49279267310783], [11.37649259567829, 44.49283193162513], [11.376481630728975, 44.49256208241576], [11.375727638188614, 44.49257777697289], [11.37574956129909, 44.49311747567041], [11.375372561327508, 44.493125321230906], [11.375405441938991, 44.493934869385406], [11.375782447117151, 44.49392702360466], [11.375793409363807, 44.494196872886214], [11.376170416123887, 44.49418902578871], [11.376181380259792, 44.494458874981866], [11.377689412705427, 44.49442747386467], [11.377678441627163, 44.49415762496535], [11.378055447618602, 44.49414977165117], [11.378066420432448, 44.494419620477004], [11.378820435425055, 44.49440390997165], [11.378809459140049, 44.49413406129283], [11.379186464670012, 44.49412620424868], [11.379197442690593, 44.49439605285397], [11.381082476709645, 44.494356748615516], [11.381071490011227, 44.494086900378015], [11.382956511502561, 44.49404756542436], [11.38296750687875, 44.49431741329376], [11.384475528240035, 44.494285922656516], [11.384486530712612, 44.49455577021631], [11.385240543939172, 44.494540017290355], [11.385174510590923, 44.49292093259177], [11.384797514467747, 44.49292880923416], [11.384775508056507, 44.49238911406755], [11.382513548904429, 44.49243634692938], [11.38250255634238, 44.492166498881666], [11.382125564346339, 44.49217436660033], [11.382114573673721, 44.49190451846403], [11.38173758325899, 44.49191238486585], [11.381726594475756, 44.49164253664099]]]}}, {"type": "Feature", "properties": {"threshold": "ge_1", "source": "HistorySUHI", "period": "2013-2026", "hotspot_percentile": "top_10_pct", "label": ">= 1 estate"}, "geometry": {"type": "Polygon", "coordinates": [[[11.372356556026538, 44.49318804095614], [11.371979554673244, 44.49319587532693], [11.371968610396072, 44.49292602525199], [11.37121461070031, 44.49294169011709], [11.371236492465984, 44.493481390545206], [11.370482485214726, 44.4934970507302], [11.37051529859992, 44.49430660170003], [11.369761280321905, 44.49432225735123], [11.369772214952324, 44.494592107791135], [11.369395203847763, 44.49459993382493], [11.36941707009706, 44.49513963480644], [11.369794084672975, 44.49513180862619], [11.369805019763211, 44.49540165902132], [11.37018203592156, 44.49539383152441], [11.370214847319225, 44.49620338240047], [11.370591868531543, 44.49619555344038], [11.370602807706517, 44.49646540362926], [11.370979830501302, 44.49645757335247], [11.37099077156544, 44.49672742345316], [11.37136779594269, 44.49671959185962], [11.37138968200278, 44.497259291869625], [11.372897791864494, 44.497227952474354], [11.372832093865522, 44.49560885402469], [11.373209110532494, 44.495601016507244], [11.373132457700581, 44.49371206814976], [11.373886466275081, 44.493696390411635], [11.373875513013385, 44.49342654073324], [11.374252515334817, 44.49341870007256], [11.374230605800998, 44.4928790008177], [11.37234561001387, 44.49291819095451], [11.372356556026538, 44.49318804095614]]]}}, {"type": "Feature", "properties": {"threshold": "ge_1", "source": "HistorySUHI", "period": "2013-2026", "hotspot_percentile": "top_10_pct", "label": ">= 1 estate"}, "geometry": {"type": "Polygon", "coordinates": [[[11.376214273589618, 44.49526842247171], [11.375460246030734, 44.495284116010794], [11.375482168742904, 44.49582381455636], [11.376236203244614, 44.495808120723574], [11.376214273589618, 44.49526842247171]]]}}, {"type": "Feature", "properties": {"threshold": "ge_1", "source": "HistorySUHI", "period": "2013-2026", "hotspot_percentile": "top_10_pct", "label": ">= 1 estate"}, "geometry": {"type": "Polygon", "coordinates": [[[11.381613337300765, 44.49812675676266], [11.382367398123158, 44.49811102181603], [11.382389386710114, 44.49865071738587], [11.38276642036202, 44.498642847900044], [11.382777416622629, 44.4989126955889], [11.383154451856358, 44.49890482478591], [11.383132456017375, 44.498365129540545], [11.383509487625044, 44.49835725764137], [11.38349848820088, 44.49808741006992], [11.38312145832912, 44.49809528189544], [11.383088466189287, 44.49728573887039], [11.382711441370965, 44.497293609231484], [11.382700446035134, 44.497023761452894], [11.381569375862988, 44.49704736485458], [11.381613337300765, 44.49812675676266]]]}}, {"type": "Feature", "properties": {"threshold": "ge_1", "source": "HistorySUHI", "period": "2013-2026", "hotspot_percentile": "top_10_pct", "label": ">= 1 estate"}, "geometry": {"type": "Polygon", "coordinates": [[[11.378252981801962, 44.49900704822961], [11.377875944566316, 44.49901490286669], [11.377864970873446, 44.49874505422142], [11.376733863451664, 44.498768610450995], [11.37674483193653, 44.4990384593167], [11.376367794085734, 44.499046308979615], [11.376400695254688, 44.49985585570744], [11.376023652041994, 44.49986370434714], [11.37603461766967, 44.500133553299975], [11.375657572567158, 44.50014140076953], [11.375701429670345, 44.50122079672519], [11.376078481717535, 44.50121294896191], [11.376100414663796, 44.50175264670321], [11.37647747002974, 44.50174479754938], [11.376488438469739, 44.50201464632418], [11.37724255221289, 44.50199894413859], [11.377231580300348, 44.50172909551073], [11.377985689955754, 44.50171338849744], [11.37796373964715, 44.50117369149086], [11.378340790771636, 44.50116583626574], [11.378318837606056, 44.50062613934639], [11.378695885104325, 44.500618283024664], [11.378651973675098, 44.49953888930066], [11.37827493312124, 44.49954674532831], [11.378252981801962, 44.49900704822961]]]}}, {"type": "Feature", "properties": {"threshold": "ge_1", "source": "HistorySUHI", "period": "2013-2026", "hotspot_percentile": "top_10_pct", "label": ">= 1 estate"}, "geometry": {"type": "Polygon", "coordinates": [[[11.383663495753707, 44.50213512207137], [11.38328643984074, 44.50214299500192], [11.383297439841645, 44.50241284242271], [11.383674497490887, 44.5024049694185], [11.383663495753707, 44.50213512207137]]]}}, {"type": "Feature", "properties": {"threshold": "ge_1", "source": "HistorySUHI", "period": "2013-2026", "hotspot_percentile": "top_10_pct", "label": ">= 1 estate"}, "geometry": {"type": "Polygon", "coordinates": [[[11.379171757793479, 44.503039059802205], [11.378794694822782, 44.50304691802931], [11.378783715349565, 44.50277706975525], [11.377275468873348, 44.5028084899325], [11.377308386918111, 44.50361803559193], [11.37806252088227, 44.50360232754974], [11.378073497344365, 44.50387217592599], [11.379204702345822, 44.50384860431411], [11.379171757793479, 44.503039059802205]]]}}, {"type": "Feature", "properties": {"threshold": "ge_1", "source": "HistorySUHI", "period": "2013-2026", "hotspot_percentile": "top_10_pct", "label": ">= 1 estate"}, "geometry": {"type": "Polygon", "coordinates": [[[11.380134621496246, 44.508150449791685], [11.37975752583819, 44.508158311903934], [11.379768511863812, 44.50842815973195], [11.380145609258703, 44.508420297546145], [11.380134621496246, 44.508150449791685]]]}}, {"type": "Feature", "properties": {"threshold": "ge_1", "source": "HistorySUHI", "period": "2013-2026", "hotspot_percentile": "top_10_pct", "label": ">= 1 estate"}, "geometry": {"type": "Polygon", "coordinates": [[[11.378304038596559, 44.509538988375056], [11.37868114355498, 44.50953113087091], [11.37865918084718, 44.508991434878226], [11.377150773985516, 44.50902285684274], [11.37717272279784, 44.50956255342351], [11.377549828217964, 44.50955469965135], [11.377560804591877, 44.509824547845824], [11.378315018444415, 44.50980883642251], [11.378304038596559, 44.509538988375056]]]}}, {"type": "Feature", "properties": {"threshold": "ge_1", "source": "HistorySUHI", "period": "2013-2026", "hotspot_percentile": "top_10_pct", "label": ">= 1 estate"}, "geometry": {"type": "Polygon", "coordinates": [[[11.391180716735564, 44.51062036291782], [11.391557825130693, 44.51061246274907], [11.391568866544763, 44.510882308141284], [11.394962850765399, 44.510811149976675], [11.394951793718452, 44.51054130525032], [11.395328900564598, 44.51053339264159], [11.395317841935709, 44.51026354797428], [11.395694946889881, 44.51025563419562], [11.395683886679096, 44.509985789587404], [11.393421265050698, 44.51003325315554], [11.393410215416393, 44.50976340808821], [11.393033113006265, 44.509771314255005], [11.393022065263752, 44.509501469098716], [11.392644964435638, 44.509509373947594], [11.392633918584867, 44.50923952870236], [11.39112552067163, 44.50927113536253], [11.39111448192311, 44.50900128980656], [11.389983187073783, 44.50902498151856], [11.389972153690517, 44.50875513572595], [11.389595056834862, 44.50876303040152], [11.38960608848129, 44.509032876268016], [11.389228989734145, 44.50904076977352], [11.389240019798358, 44.50931061569892], [11.388862919159717, 44.50931850803434], [11.38889600506939, 44.51012804594231], [11.389273110918786, 44.51012015338533], [11.389306203430957, 44.510929690937026], [11.388929092370587, 44.51093758371558], [11.389028362624025, 44.51336619622729], [11.390536868474317, 44.513334614989375], [11.390503756151656, 44.51252507850672], [11.390880877015837, 44.51251718030865], [11.390836722470103, 44.51143779841783], [11.390459608554378, 44.51144569632028], [11.390437535684093, 44.51090600513726], [11.390814646125735, 44.510898107382616], [11.39079257040034, 44.510358416287524], [11.391169677213258, 44.5103505174367], [11.391180716735564, 44.51062036291782]]]}}, {"type": "Feature", "properties": {"threshold": "ge_1", "source": "HistorySUHI", "period": "2013-2026", "hotspot_percentile": "top_10_pct", "label": ">= 1 estate"}, "geometry": {"type": "Polygon", "coordinates": [[[11.382895294392663, 44.51106369898396], [11.381009724422663, 44.51110304469311], [11.381020717353863, 44.51137289213592], [11.381397833393278, 44.51136502540857], [11.381419823192283, 44.51190472010211], [11.381796942551818, 44.51189685198346], [11.3818079394197, 44.51216669923418], [11.382185060362229, 44.51215882979779], [11.382196059121467, 44.51242867695993], [11.38295030401828, 44.51241293420756], [11.382939301784674, 44.51214308719275], [11.383316422264546, 44.512135214024084], [11.38330541844803, 44.511865367068], [11.384059655470644, 44.511849617145764], [11.384048648334142, 44.5115797703221], [11.383671531637104, 44.51158764583157], [11.383660526392012, 44.511317798919244], [11.382906296009311, 44.511333546058594], [11.382895294392663, 44.51106369898396]]]}}, {"type": "Feature", "properties": {"threshold": "ge_1", "source": "HistorySUHI", "period": "2013-2026", "hotspot_percentile": "top_10_pct", "label": ">= 1 estate"}, "geometry": {"type": "Polygon", "coordinates": [[[11.38154077810864, 44.51487303984751], [11.381163639484784, 44.514880907531875], [11.381152644549898, 44.51461106028343], [11.380398370314595, 44.51462679177231], [11.380409361774651, 44.514896639167965], [11.380032222688422, 44.51490450311967], [11.380043212565136, 44.51517435057396], [11.381551774935106, 44.515142887007364], [11.38154077810864, 44.51487303984751]]]}}, {"type": "Feature", "properties": {"threshold": "ge_1", "source": "HistorySUHI", "period": "2013-2026", "hotspot_percentile": "top_10_pct", "label": ">= 1 estate"}, "geometry": {"type": "Polygon", "coordinates": [[[11.384177939737627, 44.52400058763018], [11.38380074295328, 44.52400846528573], [11.38381175371443, 44.52427831156879], [11.38418895223702, 44.52427043383952], [11.384177939737627, 44.52400058763018]]]}}, {"type": "Feature", "properties": {"threshold": "ge_1", "source": "HistorySUHI", "period": "2013-2026", "hotspot_percentile": "top_10_pct", "label": ">= 1 estate"}, "geometry": {"type": "Polygon", "coordinates": [[[11.373616371498878, 44.52422069152097], [11.373993572443025, 44.5242128474702], [11.373982607030934, 44.5239429992597], [11.372851008952223, 44.52396652745792], [11.372872929500314, 44.52450622430433], [11.373250132490211, 44.52449838266947], [11.373261094733122, 44.5247682309969], [11.373638299307657, 44.52476038804399], [11.373616371498878, 44.52422069152097]]]}}, {"type": "Feature", "properties": {"threshold": "ge_1", "source": "HistorySUHI", "period": "2013-2026", "hotspot_percentile": "top_10_pct", "label": ">= 1 estate"}, "geometry": {"type": "Polygon", "coordinates": [[[11.382658146281955, 44.5237622442657], [11.381903754800671, 44.52377798822802], [11.38191475671629, 44.524047834894425], [11.38153755900601, 44.52405570508233], [11.381559559823488, 44.524595398517604], [11.380805156987133, 44.5246111354541], [11.380816154150606, 44.52488098229655], [11.380438950762809, 44.52488884897146], [11.380449946342136, 44.525158695872584], [11.380072741061822, 44.52516656137644], [11.380094729206236, 44.52570625528103], [11.380471937963314, 44.52569838962997], [11.38048293400517, 44.52596823648623], [11.38123735453359, 44.52595250130282], [11.381226355014904, 44.525682654593794], [11.381603563309369, 44.525674785208686], [11.381581561257933, 44.52513509189305], [11.382335970430605, 44.5251193496834], [11.382346974855912, 44.52538919620138], [11.3831013868881, 44.52537344886574], [11.38305735620611, 44.52429406329349], [11.382680157220435, 44.52430193728891], [11.382658146281955, 44.5237622442657]]]}}, {"type": "Feature", "properties": {"threshold": "ge_1", "source": "HistorySUHI", "period": "2013-2026", "hotspot_percentile": "top_10_pct", "label": ">= 1 estate"}, "geometry": {"type": "Polygon", "coordinates": [[[11.37823065448567, 44.52628525944645], [11.378607867490166, 44.526277399871745], [11.378596879986363, 44.526007552662534], [11.379351302056238, 44.52599182992611], [11.379340311229642, 44.52572198284908], [11.379717520295006, 44.5257141196874], [11.379695535627357, 44.525174425635626], [11.378563918399307, 44.525198010945196], [11.378574905440935, 44.52546785819926], [11.378197697651732, 44.52547571755333], [11.37823065448567, 44.52628525944645]]]}}, {"type": "Feature", "properties": {"threshold": "ge_1", "source": "HistorySUHI", "period": "2013-2026", "hotspot_percentile": "top_10_pct", "label": ">= 1 estate"}, "geometry": {"type": "Polygon", "coordinates": [[[11.389169768977508, 44.526056826430455], [11.388792560295977, 44.52606472085669], [11.3888035948918, 44.52633456606082], [11.389180805311737, 44.52632667156071], [11.389169768977508, 44.526056826430455]]]}}, {"type": "Feature", "properties": {"threshold": "ge_1", "source": "HistorySUHI", "period": "2013-2026", "hotspot_percentile": "top_10_pct", "label": ">= 1 estate"}, "geometry": {"type": "Polygon", "coordinates": [[[11.370861598895956, 44.53075976753653], [11.370107110635036, 44.53077543550811], [11.37011806076363, 44.531045284152064], [11.369740814663912, 44.531053116343756], [11.369751763207098, 44.53132296504607], [11.37088350626244, 44.531299464516295], [11.37090541424332, 44.5318391614363], [11.37128266509923, 44.53183132528982], [11.371293621059095, 44.532101173654105], [11.371670873500392, 44.53209333618929], [11.371681831352927, 44.53236318446531], [11.372436339252603, 44.53234750565402], [11.372425377921994, 44.53207765752473], [11.373179881728777, 44.53206197388024], [11.373157952572695, 44.53152227787035], [11.372780704224155, 44.531530120168334], [11.372758779160955, 44.530990423951934], [11.372381534136583, 44.53099826485819], [11.372359613166052, 44.5304585684353], [11.370850645443108, 44.530489919024255], [11.370861598895956, 44.53075976753653]]]}}, {"type": "Feature", "properties": {"threshold": "ge_1", "source": "HistorySUHI", "period": "2013-2026", "hotspot_percentile": "top_10_pct", "label": ">= 1 estate"}, "geometry": {"type": "Polygon", "coordinates": [[[11.394149733229488, 44.53702559790958], [11.39377245511319, 44.53703351030688], [11.39378351692746, 44.53730335400979], [11.394160796783133, 44.537295441538454], [11.394149733229488, 44.53702559790958]]]}}, {"type": "Feature", "properties": {"threshold": "ge_1", "source": "HistorySUHI", "period": "2013-2026", "hotspot_percentile": "top_10_pct", "label": ">= 1 estate"}, "geometry": {"type": "Polygon", "coordinates": [[[11.374072727422025, 44.544736965769495], [11.373318060401452, 44.54475265880422], [11.373307090257459, 44.54448281143551], [11.372929758256536, 44.54449065601117], [11.37291879000652, 44.544220808554115], [11.371032136395694, 44.54426001238277], [11.371043095945033, 44.54452986020668], [11.370665763021526, 44.54453769730921], [11.370676720984402, 44.544807545191524], [11.370299386167046, 44.54481538112185], [11.370343212594463, 44.54589477279502], [11.370720554372742, 44.54588693657139], [11.37074247198905, 44.54642663217171], [11.371119817094241, 44.54641879455583], [11.371141738806038, 44.54695848994972], [11.371519087238203, 44.546950650941525], [11.371541013045698, 44.54749034612899], [11.374559822812087, 44.54742758804635], [11.374526892562537, 44.54661804700449], [11.374904237869732, 44.546610196859135], [11.37489325968746, 44.546340349888744], [11.375270603100377, 44.54633249857127], [11.375226684949917, 44.54525311083419], [11.374472011892113, 44.54526881163589], [11.374461036219829, 44.54499896451733], [11.374083701200213, 44.54500681297643], [11.374072727422025, 44.544736965769495]]]}}, {"type": "Feature", "properties": {"threshold": "ge_1", "source": "HistorySUHI", "period": "2013-2026", "hotspot_percentile": "top_10_pct", "label": ">= 1 estate"}, "geometry": {"type": "Polygon", "coordinates": [[[11.37796696474275, 44.54762673623439], [11.377212262516242, 44.547642455797465], [11.377168306478728, 44.54656306982935], [11.376036272867411, 44.54658663894945], [11.37606922400124, 44.54739617910961], [11.375691873934963, 44.547404033212246], [11.375735803975005, 44.5484834201772], [11.376113161003033, 44.54847556578057], [11.37612414563862, 44.54874541241095], [11.376501504253087, 44.54873755669514], [11.376512490783256, 44.54900740323707], [11.376889850984155, 44.54899954620203], [11.376900839408956, 44.5492693926555], [11.37727820119628, 44.54926153430124], [11.377289031302125, 44.54952744318134], [11.378235107736876, 44.549262137438696], [11.378235132527818, 44.54926212791968], [11.378279992336909, 44.54924955303553], [11.378296448406864, 44.549244960989824], [11.379106681163893, 44.54901002711807], [11.379529045338877, 44.548887527172816], [11.379509367319722, 44.54840482015543], [11.3791320116791, 44.54841268576315], [11.379121013273869, 44.5481428397062], [11.378743659219447, 44.54815070399466], [11.378732662708895, 44.54788085784918], [11.377977957618258, 44.547896582541966], [11.37796696474275, 44.54762673623439]]]}}, {"type": "Feature", "properties": {"threshold": "ge_1", "source": "HistorySUHI", "period": "2013-2026", "hotspot_percentile": "top_10_pct", "label": ">= 1 estate"}, "geometry": {"type": "Polygon", "coordinates": [[[11.399413770216245, 44.46291393828451], [11.399790569102134, 44.46290601758379], [11.399779508262798, 44.46263617153971], [11.400156305261072, 44.46262824967119], [11.400123118475179, 44.46181871167141], [11.398992742608717, 44.46184247288412], [11.399003799517997, 44.46211231912138], [11.398627005520064, 44.46212023711595], [11.398649116338195, 44.46265992969372], [11.399402711109543, 44.462644092166286], [11.399413770216245, 44.46291393828451]]]}}, {"type": "Feature", "properties": {"threshold": "ge_1", "source": "HistorySUHI", "period": "2013-2026", "hotspot_percentile": "top_10_pct", "label": ">= 1 estate"}, "geometry": {"type": "Polygon", "coordinates": [[[11.393085377355337, 44.464937331397145], [11.392331749599052, 44.4649531278816], [11.39234277702124, 44.465222975286146], [11.39196596117843, 44.46523087173923], [11.391988013020528, 44.46577056665122], [11.392364832329173, 44.465762670050346], [11.392375860214925, 44.46603251740999], [11.393883142835817, 44.466000918290185], [11.393905212934769, 44.466540612373166], [11.395035683674829, 44.46651689954774], [11.39502464334908, 44.466247052735625], [11.394647821656713, 44.46625495817889], [11.394625744935203, 44.465715264361805], [11.394248926554061, 44.46572316841505], [11.394237890158225, 44.46545332141009], [11.393861073355357, 44.46546122414731], [11.393850038847054, 44.46519137705343], [11.39309640824328, 44.46520717865387], [11.393085377355337, 44.464937331397145]]]}}, {"type": "Feature", "properties": {"threshold": "ge_1", "source": "HistorySUHI", "period": "2013-2026", "hotspot_percentile": "top_10_pct", "label": ">= 1 estate"}, "geometry": {"type": "Polygon", "coordinates": [[[11.39476925468478, 44.46922327310239], [11.393638731487084, 44.46924698442029], [11.393627696547128, 44.46897713746203], [11.392120337051788, 44.46900873486589], [11.39213136505878, 44.46927858211983], [11.391754523065309, 44.46928647843917], [11.391787602813608, 44.47009602033282], [11.392164450006966, 44.47008812379181], [11.392175478632106, 44.47035797098587], [11.391421780624183, 44.47037376297344], [11.391432805937129, 44.47064361030031], [11.390679103844475, 44.470659397466534], [11.390701148000216, 44.471199092370846], [11.391078002590604, 44.471191199261156], [11.391111075183053, 44.47200074128381], [11.391487934819375, 44.47199284671019], [11.391454857026515, 44.47118330490916], [11.391831711307923, 44.47117540931487], [11.39182068395256, 44.47090556209181], [11.393328092599019, 44.47087396758726], [11.393339126888034, 44.47114381451466], [11.39446968694965, 44.47112010537039], [11.394458647460421, 44.47085025866485], [11.394835498771531, 44.47084235320615], [11.39476925468478, 44.46922327310239]]]}}, {"type": "Feature", "properties": {"threshold": "ge_1", "source": "HistorySUHI", "period": "2013-2026", "hotspot_percentile": "top_10_pct", "label": ">= 1 estate"}, "geometry": {"type": "Polygon", "coordinates": [[[11.393914655247599, 44.47599315351105], [11.39353777053361, 44.476001056647945], [11.393559845142937, 44.47654074991889], [11.39318295680651, 44.47654865196116], [11.393205028566685, 44.477088345320134], [11.39358192037097, 44.477080443129964], [11.393592958217006, 44.47735028971305], [11.394723637903557, 44.47732657546535], [11.394712594855635, 44.47705672910418], [11.395089486041046, 44.477048821943825], [11.395056352624074, 44.47623928299245], [11.394679466640385, 44.47624718993084], [11.394635297853165, 44.47516780415676], [11.39425841865003, 44.47517570955671], [11.394236338652355, 44.47463601643189], [11.39385946276202, 44.47464392044146], [11.393914655247599, 44.47599315351105]]]}}, {"type": "Feature", "properties": {"threshold": "ge_1", "source": "HistorySUHI", "period": "2013-2026", "hotspot_percentile": "top_10_pct", "label": ">= 1 estate"}, "geometry": {"type": "Polygon", "coordinates": [[[11.402316857816176, 44.478517418864506], [11.402693756305187, 44.47850948640812], [11.402682676068379, 44.47823964167818], [11.402305779313393, 44.47824757406035], [11.402272544736551, 44.477438039557946], [11.402649436289606, 44.47743010739846], [11.402594039763667, 44.47608088329918], [11.401840273841115, 44.476096745633406], [11.401829198469322, 44.47582690062015], [11.401075435393565, 44.47584275783603], [11.401097579357058, 44.47638244814433], [11.40147446444018, 44.47637452000925], [11.4015076867508, 44.47718405513674], [11.401130796466017, 44.4771919834944], [11.401152941981167, 44.47773167365284], [11.400776048073313, 44.477739600916316], [11.400787119329664, 44.47800944604725], [11.399279535211011, 44.47804114297214], [11.399301664316935, 44.47858083378228], [11.398924764431497, 44.4785887550553], [11.398935827482978, 44.478858600512034], [11.398558925708429, 44.47886652061657], [11.398569987180847, 44.47913636613242], [11.39819308351718, 44.47914428506845], [11.398204143410492, 44.479414130643434], [11.398581048808285, 44.4794062116333], [11.398592110590743, 44.47967605711919], [11.398969017567662, 44.479668136792306], [11.398957954051056, 44.479398291380534], [11.400465573471452, 44.479366597943084], [11.400454503173421, 44.4790967528129], [11.400831405906615, 44.479088826421126], [11.400842477938756, 44.47935867147714], [11.401219382250895, 44.47935074376856], [11.401208308484646, 44.479080898786734], [11.402339015287511, 44.47905710842786], [11.402316857816176, 44.478517418864506]]]}}, {"type": "Feature", "properties": {"threshold": "ge_1", "source": "HistorySUHI", "period": "2013-2026", "hotspot_percentile": "top_10_pct", "label": ">= 1 estate"}, "geometry": {"type": "Polygon", "coordinates": [[[11.405066058935358, 44.48116030759408], [11.405819888265764, 44.48114442255615], [11.405853176190071, 44.48195395442346], [11.408114691665652, 44.481906268146375], [11.408103585129522, 44.48163642465183], [11.408480502096507, 44.48162847266386], [11.408469393981749, 44.48135862922872], [11.40809247874904, 44.48136658114228], [11.408081372524208, 44.48109673761774], [11.406573716974169, 44.48112853254743], [11.406562617841919, 44.48085868871038], [11.405054966740085, 44.48089046345969], [11.405066058935358, 44.48116030759408]]]}}, {"type": "Feature", "properties": {"threshold": "ge_1", "source": "HistorySUHI", "period": "2013-2026", "hotspot_percentile": "top_10_pct", "label": ">= 1 estate"}, "geometry": {"type": "Polygon", "coordinates": [[[11.41344719572859, 44.48314403821973], [11.411939493403679, 44.48317590512491], [11.411983993596888, 44.48425527567439], [11.413868655802085, 44.484215437444895], [11.413835254406369, 44.48340591067363], [11.413458327480685, 44.48341388058141], [11.41344719572859, 44.48314403821973]]]}}, {"type": "Feature", "properties": {"threshold": "ge_1", "source": "HistorySUHI", "period": "2013-2026", "hotspot_percentile": "top_10_pct", "label": ">= 1 estate"}, "geometry": {"type": "Polygon", "coordinates": [[[11.39763831508499, 44.484017339937616], [11.3980152502767, 44.48400942215329], [11.398004189482632, 44.483739576758865], [11.398381122784784, 44.48373165780582], [11.398370060411214, 44.48346181247052], [11.398746991823813, 44.483453892348756], [11.398735927870787, 44.48318404707259], [11.399112857393838, 44.48317612578212], [11.399057531282448, 44.4818268995472], [11.399434451978356, 44.481818977384634], [11.399401252969426, 44.48100944168629], [11.39902433747646, 44.48101736362647], [11.399002209047778, 44.48047767293774], [11.397871472044176, 44.480501430857394], [11.397860413265091, 44.48023158526826], [11.39710659128953, 44.48024741751977], [11.397117646600158, 44.48051726325707], [11.3963638205364, 44.48053309068598], [11.39637487253344, 44.48080293655641], [11.395997957534957, 44.48081084848087], [11.3960090079526, 44.481080694410366], [11.395255174022482, 44.48109651467919], [11.395266221126361, 44.48136636074175], [11.394889302194743, 44.48137426908609], [11.394900347719098, 44.481644115207686], [11.394523426898335, 44.48165202238328], [11.39453447084312, 44.4819218685639], [11.394157548133206, 44.48192977457072], [11.39416859049837, 44.48219962081035], [11.393791665899306, 44.4822075256484], [11.39381374762503, 44.482747218230664], [11.393059891024967, 44.48276302447426], [11.393070928650978, 44.483032870890845], [11.39269399838442, 44.483040772222374], [11.392716070631485, 44.483580465158525], [11.39233913674122, 44.4835883653951], [11.392350171362205, 44.483858211914644], [11.39197323558273, 44.4838661109823], [11.391995301819462, 44.48440580412432], [11.391618362416166, 44.484413702096944], [11.391640425802128, 44.48495339532691], [11.392017368674717, 44.48494549720647], [11.392039436148519, 44.485485190228744], [11.392416382335854, 44.485477290717576], [11.392438453897707, 44.48601698353213], [11.392815403399855, 44.48600908263017], [11.392837479049966, 44.486548775236976], [11.393214431866985, 44.48654087294419], [11.393247551706953, 44.48735041152028], [11.393624509573774, 44.487342507762655], [11.393635551564783, 44.48761235385077], [11.394012511011734, 44.48760444877618], [11.394034598927885, 44.48814414075957], [11.395919411189556, 44.48810459600148], [11.395930464054583, 44.48837444160067], [11.396307427777225, 44.488366528845944], [11.396318482532132, 44.48863637435611], [11.396695447834807, 44.48862846028429], [11.396684391344932, 44.48835861484818], [11.397061354757676, 44.48835069960739], [11.396983951523278, 44.486461781653695], [11.397360902636985, 44.48645386568842], [11.397349843917194, 44.48618402028063], [11.396972894538257, 44.48619193617184], [11.3969286681478, 44.485112554094606], [11.397682552873041, 44.48509672166189], [11.39763831508499, 44.484017339937616]], [[11.395731536183368, 44.483517218524], [11.395720486106338, 44.48324737265524], [11.396474347477117, 44.48323154871642], [11.396485401023162, 44.483501394437106], [11.395731536183368, 44.483517218524]], [[11.396463294085985, 44.482961702980774], [11.396840222804538, 44.4829537892212], [11.39685127793015, 44.4832236348828], [11.396474347477117, 44.48323154871642], [11.396463294085985, 44.482961702980774]]]}}, {"type": "Feature", "properties": {"threshold": "ge_1", "source": "HistorySUHI", "period": "2013-2026", "hotspot_percentile": "top_10_pct", "label": ">= 1 estate"}, "geometry": {"type": "Polygon", "coordinates": [[[11.407815510779276, 44.483803123528745], [11.40668471685227, 44.483826970093354], [11.406718019849288, 44.48463650106471], [11.407848829387033, 44.48461265383066], [11.407815510779276, 44.483803123528745]]]}}, {"type": "Feature", "properties": {"threshold": "ge_1", "source": "HistorySUHI", "period": "2013-2026", "hotspot_percentile": "top_10_pct", "label": ">= 1 estate"}, "geometry": {"type": "Polygon", "coordinates": [[[11.414245587775099, 44.48420746607058], [11.413868655802085, 44.484215437444895], [11.413879789912736, 44.48448527967196], [11.414256723620253, 44.484477308223056], [11.414245587775099, 44.48420746607058]]]}}, {"type": "Feature", "properties": {"threshold": "ge_1", "source": "HistorySUHI", "period": "2013-2026", "hotspot_percentile": "top_10_pct", "label": ">= 1 estate"}, "geometry": {"type": "Polygon", "coordinates": [[[11.399223521248086, 44.48587457712839], [11.399977414520773, 44.48585872933618], [11.399966343968002, 44.485588884417275], [11.399589399143924, 44.48559680886068], [11.399578330480983, 44.485326963852636], [11.398824443836824, 44.48534280886247], [11.398857639882813, 44.48615234428648], [11.39923458848656, 44.48614442218061], [11.399223521248086, 44.48587457712839]]]}}, {"type": "Feature", "properties": {"threshold": "ge_1", "source": "HistorySUHI", "period": "2013-2026", "hotspot_percentile": "top_10_pct", "label": ">= 1 estate"}, "geometry": {"type": "Polygon", "coordinates": [[[11.401463044376232, 44.48528732957748], [11.401086101907582, 44.485295258918285], [11.401097177509213, 44.485565103629646], [11.400720233150672, 44.48557303180175], [11.400753455682784, 44.4863825660685], [11.401130405245476, 44.486374637673826], [11.40114148146803, 44.48664448232525], [11.401518432610253, 44.48663655261345], [11.401529510722831, 44.48690639717567], [11.401906463444575, 44.486898466146705], [11.401895383597212, 44.48662862165869], [11.402272334428886, 44.486620689460985], [11.402261253002052, 44.48635084503221], [11.40263820194366, 44.48634291166581], [11.402593870850593, 44.48526353409777], [11.402216928847762, 44.485271467167216], [11.402205848197438, 44.485001622663496], [11.401451967195184, 44.485017484925336], [11.401463044376232, 44.48528732957748]]]}}, {"type": "Feature", "properties": {"threshold": "ge_1", "source": "HistorySUHI", "period": "2013-2026", "hotspot_percentile": "top_10_pct", "label": ">= 1 estate"}, "geometry": {"type": "Polygon", "coordinates": [[[11.407194889522366, 44.48705714466453], [11.407571841647004, 44.48704919491702], [11.407582947827127, 44.48731903826044], [11.407959901530901, 44.48731108719558], [11.407948793615988, 44.48704124392658], [11.408325745429293, 44.48703329169319], [11.408314635935298, 44.4867634484836], [11.408691585858138, 44.486755495081695], [11.408669363867796, 44.486215808766374], [11.407538524040563, 44.486239664796834], [11.407549629753726, 44.48650950818523], [11.4071726810986, 44.48651745778395], [11.407194889522366, 44.48705714466453]]]}}, {"type": "Feature", "properties": {"threshold": "ge_1", "source": "HistorySUHI", "period": "2013-2026", "hotspot_percentile": "top_10_pct", "label": ">= 1 estate"}, "geometry": {"type": "Polygon", "coordinates": [[[11.41136360154009, 44.487509314263036], [11.410986647503536, 44.48751727658894], [11.41100889186921, 44.48805696186065], [11.41138584937542, 44.48804899938575], [11.41136360154009, 44.487509314263036]]]}}, {"type": "Feature", "properties": {"threshold": "ge_1", "source": "HistorySUHI", "period": "2013-2026", "hotspot_percentile": "top_10_pct", "label": ">= 1 estate"}, "geometry": {"type": "Polygon", "coordinates": [[[11.394045643118146, 44.48841398672881], [11.393668678466383, 44.48842189202533], [11.393679721076449, 44.48869173805357], [11.394056687463195, 44.48868383268307], [11.394045643118146, 44.48841398672881]]]}}, {"type": "Feature", "properties": {"threshold": "ge_1", "source": "HistorySUHI", "period": "2013-2026", "hotspot_percentile": "top_10_pct", "label": ">= 1 estate"}, "geometry": {"type": "Polygon", "coordinates": [[[11.417816410551229, 44.48845312966389], [11.417439452229091, 44.488461113418616], [11.417461756828578, 44.48900079603377], [11.417838718620475, 44.48899281212963], [11.417816410551229, 44.48845312966389]]]}}, {"type": "Feature", "properties": {"threshold": "ge_1", "source": "HistorySUHI", "period": "2013-2026", "hotspot_percentile": "top_10_pct", "label": ">= 1 estate"}, "geometry": {"type": "Polygon", "coordinates": [[[11.396828137801284, 44.49186660434936], [11.397205123770457, 44.49185868814563], [11.397216184010356, 44.49212853331295], [11.397593171559782, 44.49212061579195], [11.397604233690005, 44.492390460870205], [11.397981222819684, 44.492382542031905], [11.39799228684028, 44.49265238702108], [11.398746268105029, 44.49263654546667], [11.398713066096693, 44.491827010898916], [11.397582109584606, 44.49185077069872], [11.397571047764476, 44.491580925590505], [11.397948031688333, 44.49157300697451], [11.397936968288017, 44.49130316192541], [11.397183003755716, 44.49131899776604], [11.397194063685578, 44.491588842963324], [11.396817079451662, 44.49159675909297], [11.396828137801284, 44.49186660434936]]]}}, {"type": "Feature", "properties": {"threshold": "ge_1", "source": "HistorySUHI", "period": "2013-2026", "hotspot_percentile": "top_10_pct", "label": ">= 1 estate"}, "geometry": {"type": "Polygon", "coordinates": [[[11.394189231678553, 44.49192198296634], [11.393435257106828, 44.49193779423964], [11.393468386232124, 44.492747331917435], [11.394599363475407, 44.492723612476844], [11.394577266825072, 44.49218392115051], [11.39420027803614, 44.49219182872595], [11.394189231678553, 44.49192198296634]]]}}, {"type": "Feature", "properties": {"threshold": "ge_1", "source": "HistorySUHI", "period": "2013-2026", "hotspot_percentile": "top_10_pct", "label": ">= 1 estate"}, "geometry": {"type": "Polygon", "coordinates": [[[11.41887673478843, 44.51408798044937], [11.417745364590022, 44.51411194928229], [11.417790019960979, 44.515191309344154], [11.419675670919684, 44.515151353573394], [11.419664498155944, 44.51488151395433], [11.420418753968661, 44.51486552308678], [11.420396401962277, 44.51432584410285], [11.419642153098364, 44.51434183467114], [11.419630980804518, 44.514071995007015], [11.419253857874775, 44.514079988350225], [11.419242687474702, 44.513810148596264], [11.418865566125502, 44.51381814062062], [11.41887673478843, 44.51408798044937]]]}}, {"type": "Feature", "properties": {"threshold": "ge_1", "source": "HistorySUHI", "period": "2013-2026", "hotspot_percentile": "top_10_pct", "label": ">= 1 estate"}, "geometry": {"type": "Polygon", "coordinates": [[[11.408674248811966, 44.53212874847673], [11.409051491139723, 44.53212078754146], [11.409040360823072, 44.53185094661361], [11.408663120234143, 44.531858907474394], [11.408651991812365, 44.53158906645706], [11.407897513644016, 44.53160498429506], [11.407930888944495, 44.53241450774892], [11.408685377545838, 44.532398589464066], [11.408674248811966, 44.53212874847673]]]}}, {"type": "Feature", "properties": {"threshold": "ge_1", "source": "HistorySUHI", "period": "2013-2026", "hotspot_percentile": "top_10_pct", "label": ">= 1 estate"}, "geometry": {"type": "Polygon", "coordinates": [[[11.405256835142259, 44.53166065751469], [11.404502354167551, 44.531676552945], [11.404535682519162, 44.53248607840795], [11.405290173927009, 44.53247018253141], [11.405256835142259, 44.53166065751469]]]}}, {"type": "Feature", "properties": {"threshold": "ge_1", "source": "HistorySUHI", "period": "2013-2026", "hotspot_percentile": "top_10_pct", "label": ">= 1 estate"}, "geometry": {"type": "Polygon", "coordinates": [[[11.406044664711526, 44.53245428167522], [11.405667419397195, 44.532462232725784], [11.405678534376007, 44.532732074293634], [11.406055781429236, 44.532724123168684], [11.406044664711526, 44.53245428167522]]]}}, {"type": "Feature", "properties": {"threshold": "ge_1", "source": "HistorySUHI", "period": "2013-2026", "hotspot_percentile": "top_10_pct", "label": ">= 1 estate"}, "geometry": {"type": "Polygon", "coordinates": [[[11.399109766995279, 44.53827183661443], [11.398355197250906, 44.53828769327912], [11.398366280714562, 44.53855753601787], [11.399120853937859, 44.53854167920479], [11.399109766995279, 44.53827183661443]]]}}, {"type": "Feature", "properties": {"threshold": "ge_1", "source": "HistorySUHI", "period": "2013-2026", "hotspot_percentile": "top_10_pct", "label": ">= 1 estate"}, "geometry": {"type": "Polygon", "coordinates": [[[11.398366280714562, 44.53855753601787], [11.397988993869763, 44.53856546255662], [11.39800007574936, 44.53883530535456], [11.39837736433365, 44.538827378741644], [11.398366280714562, 44.53855753601787]]]}}, {"type": "Feature", "properties": {"threshold": "ge_1", "source": "HistorySUHI", "period": "2013-2026", "hotspot_percentile": "top_10_pct", "label": ">= 1 estate"}, "geometry": {"type": "Polygon", "coordinates": [[[11.405179647334034, 44.53895432815219], [11.404425072133607, 44.538970225108535], [11.4044361838958, 44.539240066614], [11.40519076257521, 44.5392241695089], [11.405179647334034, 44.53895432815219]]]}}, {"type": "Feature", "properties": {"threshold": "ge_1", "source": "HistorySUHI", "period": "2013-2026", "hotspot_percentile": "top_10_pct", "label": ">= 1 estate"}, "geometry": {"type": "Polygon", "coordinates": [[[11.399941972334307, 44.540144871747984], [11.399564675674126, 44.540152803712814], [11.399575765444721, 44.54042264612409], [11.399953063844528, 44.540414714085045], [11.399941972334307, 44.540144871747984]]]}}]}