{"type": "FeatureCollection", "features": [{"type": "Feature", "properties": {"threshold": "ge_8", "source": "HistorySUHI", "period": "2013-2026", "hotspot_percentile": "top_10_pct", "label": ">= 8 estati"}, "geometry": {"type": "Polygon", "coordinates": [[[11.261753023190643, 44.49192199594091], [11.262130045736718, 44.49191452558111], [11.262150920646544, 44.492454267750446], [11.264036048541435, 44.49241689659887], [11.26401515627205, 44.49187715512902], [11.264392177939936, 44.49186967730798], [11.264360835426382, 44.49106006520253], [11.26549188392829, 44.49103762490829], [11.265481431509157, 44.49076775438698], [11.266612473484942, 44.490745303111396], [11.266597793880711, 44.49036647212714], [11.266567716933062, 44.49037281003732], [11.26592972457093, 44.49050752359798], [11.265870909157133, 44.490520016282325], [11.264759510290515, 44.490756377371106], [11.264071832933858, 44.49090575916801], [11.26402761636276, 44.490906501057246], [11.264027317187702, 44.49090657000878], [11.263959783252089, 44.49092161130197], [11.263710083219534, 44.49097751773258], [11.263603981618202, 44.491001155850256], [11.263011787659206, 44.49113312642855], [11.262969254214168, 44.491142594070325], [11.26275959947422, 44.49118945821045], [11.261882949016837, 44.491395894723205], [11.261831446964605, 44.49140078626849], [11.26178185670769, 44.491391694888236], [11.26177407614351, 44.49139441478231], [11.261733181781844, 44.49140887608481], [11.261753023190643, 44.49192199594091]]]}}, {"type": "Feature", "properties": {"threshold": "ge_8", "source": "HistorySUHI", "period": "2013-2026", "hotspot_percentile": "top_10_pct", "label": ">= 8 estati"}, "geometry": {"type": "Polygon", "coordinates": [[[11.248309982627083, 44.496508786532736], [11.248085752084423, 44.496471830087984], [11.247625484259013, 44.49639263162503], [11.247620620462834, 44.496448696507294], [11.247626428498739, 44.49647643617802], [11.247636645733776, 44.496522047850256], [11.248309982627083, 44.496508786532736]]]}}, {"type": "Feature", "properties": {"threshold": "ge_8", "source": "HistorySUHI", "period": "2013-2026", "hotspot_percentile": "top_10_pct", "label": ">= 8 estati"}, "geometry": {"type": "Polygon", "coordinates": [[[11.249110592103703, 44.49676309630074], [11.249487649125596, 44.496755667040226], [11.249498029957133, 44.497025540252466], [11.250252147037221, 44.497010677861006], [11.250262531487218, 44.497280550919434], [11.251393711224893, 44.49725824779508], [11.251404101029927, 44.49752812063007], [11.252912345586896, 44.49749836543929], [11.252901948835948, 44.49722849288276], [11.253126301354925, 44.49722406494222], [11.253050209858175, 44.49721580913725], [11.252011004100543, 44.497110746205614], [11.251600376953368, 44.49707284269105], [11.251243109876064, 44.49703305719311], [11.251108944809754, 44.49701818384988], [11.251046337037486, 44.497005275333166], [11.250952415456858, 44.496985980208606], [11.250850644759513, 44.49696602053116], [11.250584411354504, 44.496921125077186], [11.250443904354585, 44.496888523839054], [11.249959398463917, 44.49679347291092], [11.249216923949527, 44.496656068195776], [11.249140828010551, 44.49664269517222], [11.249105725251596, 44.49663654848294], [11.249110592103703, 44.49676309630074]]]}}, {"type": "Feature", "properties": {"threshold": "ge_8", "source": "HistorySUHI", "period": "2013-2026", "hotspot_percentile": "top_10_pct", "label": ">= 8 estati"}, "geometry": {"type": "Polygon", "coordinates": [[[11.239513764995026, 44.50235331941659], [11.239513546819852, 44.50234762320929], [11.239500265541894, 44.5023535842202], [11.239513764995026, 44.50235331941659]]]}}, {"type": "Feature", "properties": {"threshold": "ge_8", "source": "HistorySUHI", "period": "2013-2026", "hotspot_percentile": "top_10_pct", "label": ">= 8 estati"}, "geometry": {"type": "Polygon", "coordinates": [[[11.240257615740237, 44.50206864689231], [11.240253101072412, 44.5019508132592], [11.24020315747229, 44.50198386798052], [11.240056186845239, 44.50207259907696], [11.240257615740237, 44.50206864689231]]]}}, {"type": "Feature", "properties": {"threshold": "ge_8", "source": "HistorySUHI", "period": "2013-2026", "hotspot_percentile": "top_10_pct", "label": ">= 8 estati"}, "geometry": {"type": "Polygon", "coordinates": [[[11.235773760567762, 44.50323686046219], [11.235773172628216, 44.5032214850662], [11.235719585056652, 44.50323532979143], [11.235721296826272, 44.50323788760416], [11.235773760567762, 44.50323686046219]]]}}, {"type": "Feature", "properties": {"threshold": "ge_8", "source": "HistorySUHI", "period": "2013-2026", "hotspot_percentile": "top_10_pct", "label": ">= 8 estati"}, "geometry": {"type": "Polygon", "coordinates": [[[11.271231553581163, 44.5125297753005], [11.271210580249983, 44.51199003842693], [11.27083343066854, 44.511997541408654], [11.270822945961184, 44.5117276728795], [11.270068649832718, 44.511742674969426], [11.270079131064676, 44.51201254363897], [11.269701981042305, 44.51202004288752], [11.269722940471606, 44.5125597803227], [11.269345786826822, 44.512567278467216], [11.269366743368277, 44.51310701598368], [11.269743900488642, 44.51309951769882], [11.26976486109343, 44.51363925501592], [11.270519181844657, 44.51362425443214], [11.270508697993098, 44.51335438592134], [11.270885856410393, 44.51334688383297], [11.270875370968003, 44.513077015377625], [11.270498214288528, 44.5130845173958], [11.270487730730947, 44.512814648855475], [11.270864885672628, 44.51280714690753], [11.270854400524259, 44.51253727842266], [11.271231553581163, 44.5125297753005]]]}}, {"type": "Feature", "properties": {"threshold": "ge_8", "source": "HistorySUHI", "period": "2013-2026", "hotspot_percentile": "top_10_pct", "label": ">= 8 estati"}, "geometry": {"type": "Polygon", "coordinates": [[[11.269000062854266, 44.51338438183036], [11.269377221859374, 44.513376884719776], [11.269366743368277, 44.51310701598368], [11.268989586100997, 44.5131145130241], [11.269000062854266, 44.51338438183036]]]}}, {"type": "Feature", "properties": {"threshold": "ge_8", "source": "HistorySUHI", "period": "2013-2026", "hotspot_percentile": "top_10_pct", "label": ">= 8 estati"}, "geometry": {"type": "Polygon", "coordinates": [[[11.26699881159489, 44.520176064240225], [11.266977871750392, 44.51963632650916], [11.267732271329999, 44.5196213427522], [11.267721798151152, 44.519351474004765], [11.268476193666555, 44.51933648540919], [11.268465717157815, 44.51906661678726], [11.26997449947218, 44.51903662494029], [11.269890637066117, 44.51687767767891], [11.26951345561397, 44.51688517694623], [11.269502975212761, 44.51661530840197], [11.26912579535181, 44.51662280635452], [11.269104838466447, 44.51608306908139], [11.268727661934797, 44.51609056564904], [11.268706709113227, 44.51555082817658], [11.268329535910812, 44.51555832335937], [11.268308587152827, 44.51501858568761], [11.267931417279588, 44.5150260794856], [11.267910472584976, 44.51448634161456], [11.268287638982278, 44.51447884795682], [11.268277165117283, 44.514208979069295], [11.268654329629799, 44.51420148423719], [11.268633378864573, 44.51366174655816], [11.26901053975443, 44.513654250621876], [11.269000062854266, 44.51338438183036], [11.2682457444034, 44.51339937231818], [11.268256217827847, 44.51366924124997], [11.266747572212726, 44.5136992075726], [11.266758038832464, 44.51396907677007], [11.266380875323856, 44.51397656530963], [11.266391340352426, 44.51424643456243], [11.26601417495917, 44.514253921927576], [11.266024638396523, 44.514523791235696], [11.265647471118612, 44.514531277426414], [11.265689319383092, 44.51561075479161], [11.265312145006451, 44.51561824001801], [11.265343527530794, 44.51642784809719], [11.264966347793186, 44.51643533228913], [11.264987266733138, 44.516975071074896], [11.26461008337255, 44.516982554162325], [11.264620541324312, 44.517252423603125], [11.26424335607889, 44.51725990551595], [11.26425381243906, 44.517529775012], [11.263876625308798, 44.5175372557502], [11.263887080077332, 44.51780712530152], [11.263509891062224, 44.51781460486508], [11.26354125103247, 44.518624213640535], [11.263164056655876, 44.518631692169386], [11.263195412730155, 44.5194413010221], [11.262818212991867, 44.51944877851619], [11.262849565169804, 44.5202583874461], [11.262472360069607, 44.52026586390537], [11.26248280935016, 44.52053573358915], [11.26210560236494, 44.5205432088736], [11.262116050053478, 44.52081307861258], [11.261738841183226, 44.52082055272219], [11.261759733522654, 44.521360292295846], [11.262136945870049, 44.521352818046324], [11.262147393998088, 44.521622687741086], [11.263279035376971, 44.52160025731379], [11.263268582033122, 44.52133038782895], [11.264777428198386, 44.52130046344513], [11.264766968046832, 44.52103059422557], [11.265521386772397, 44.52101562470492], [11.265510923290435, 44.52074575561071], [11.265888130694616, 44.52073826905327], [11.265867200693846, 44.520198530960705], [11.26699881159489, 44.520176064240225]]]}}, {"type": "Feature", "properties": {"threshold": "ge_8", "source": "HistorySUHI", "period": "2013-2026", "hotspot_percentile": "top_10_pct", "label": ">= 8 estati"}, "geometry": {"type": "Polygon", "coordinates": [[[11.27010031072088, 44.52227504406138], [11.270110795947197, 44.522544912225534], [11.269733577988438, 44.522552412966775], [11.269754545404773, 44.523092149391225], [11.271640651114911, 44.52305463253441], [11.271630158639757, 44.52278476468066], [11.272384596416712, 44.52276974936442], [11.27236360495317, 44.52223001389367], [11.27198638961557, 44.522237522033684], [11.271975895843168, 44.521967654205895], [11.270844254163451, 44.52199017094628], [11.270854742719996, 44.52226003898479], [11.27010031072088, 44.52227504406138]]]}}, {"type": "Feature", "properties": {"threshold": "ge_8", "source": "HistorySUHI", "period": "2013-2026", "hotspot_percentile": "top_10_pct", "label": ">= 8 estati"}, "geometry": {"type": "Polygon", "coordinates": [[[11.243746640668949, 44.5241464497944], [11.243757004910165, 44.52441632277042], [11.244134241649434, 44.52440890757949], [11.24415497404584, 44.52494865334863], [11.245286693825259, 44.52492639988941], [11.245297065458548, 44.52519627254365], [11.246051548062365, 44.52518143054022], [11.246020423164898, 44.52437181295005], [11.24564318715267, 44.52437923436592], [11.245632814216746, 44.524109361736976], [11.244501110524237, 44.524131618306356], [11.24449074295051, 44.52386174545441], [11.244113509834467, 44.52386916175152], [11.24412387566927, 44.52413903467287], [11.243746640668949, 44.5241464497944]]]}}, {"type": "Feature", "properties": {"threshold": "ge_8", "source": "HistorySUHI", "period": "2013-2026", "hotspot_percentile": "top_10_pct", "label": ">= 8 estati"}, "geometry": {"type": "Polygon", "coordinates": [[[11.275161741095076, 44.526225429266866], [11.275172251134054, 44.52649529629594], [11.274795009006294, 44.5265028142753], [11.274805517453641, 44.526772681359965], [11.274051029278054, 44.526787713724325], [11.274061534394683, 44.52705758093489], [11.273684288346873, 44.52706509531986], [11.273694791871744, 44.52733496258601], [11.273317543937578, 44.52734247579626], [11.273359552553472, 44.528421944994385], [11.276000333694128, 44.528369324407095], [11.275989819145135, 44.528099457622154], [11.276744323237523, 44.528084412103695], [11.276733805357729, 44.52781454544479], [11.277111055443578, 44.527807020888375], [11.277058459561665, 44.526457687724246], [11.276681218171047, 44.52646521192859], [11.276670701176153, 44.526195345181044], [11.275161741095076, 44.526225429266866]]]}}, {"type": "Feature", "properties": {"threshold": "ge_8", "source": "HistorySUHI", "period": "2013-2026", "hotspot_percentile": "top_10_pct", "label": ">= 8 estati"}, "geometry": {"type": "Polygon", "coordinates": [[[11.280936234712263, 44.529081036117496], [11.280915159657983, 44.52854130445352], [11.279406143463751, 44.528571445856905], [11.279437735396478, 44.529381044176915], [11.280569513416507, 44.52935843935738], [11.280558977406931, 44.52908857347702], [11.280936234712263, 44.529081036117496]]]}}, {"type": "Feature", "properties": {"threshold": "ge_8", "source": "HistorySUHI", "period": "2013-2026", "hotspot_percentile": "top_10_pct", "label": ">= 8 estati"}, "geometry": {"type": "Polygon", "coordinates": [[[11.275099813815734, 44.5343289537352], [11.275477106384669, 44.5343214337153], [11.275466592070668, 44.534051567114496], [11.275089301241424, 44.534059087064016], [11.275099813815734, 44.5343289537352]]]}}, {"type": "Feature", "properties": {"threshold": "ge_8", "source": "HistorySUHI", "period": "2013-2026", "hotspot_percentile": "top_10_pct", "label": ">= 8 estati"}, "geometry": {"type": "Polygon", "coordinates": [[[11.27511032653747, 44.534598820391615], [11.275099813815734, 44.5343289537352], [11.27472252109937, 44.53433647250975], [11.27473303208139, 44.534606339236525], [11.27511032653747, 44.534598820391615]]]}}, {"type": "Feature", "properties": {"threshold": "ge_8", "source": "HistorySUHI", "period": "2013-2026", "hotspot_percentile": "top_10_pct", "label": ">= 8 estati"}, "geometry": {"type": "Polygon", "coordinates": [[[11.274492371040411, 44.53812212385495], [11.274502882346278, 44.53839199044534], [11.274125563236723, 44.538399507784355], [11.274136072949918, 44.53866937443032], [11.273004109516712, 44.53869191918525], [11.273012968505412, 44.538919508826716], [11.273054520884884, 44.5389797087525], [11.273128293388218, 44.539086711294765], [11.273145014071769, 44.53916055921369], [11.27316880797296, 44.53917683011997], [11.27321714001744, 44.53920973520348], [11.273529333416953, 44.539089914975], [11.273571036772026, 44.53915041865501], [11.273677259531231, 44.539117100238556], [11.273746517658129, 44.53921728622614], [11.273779768341203, 44.53921662398247], [11.273781780423151, 44.53926829590684], [11.274464661773957, 44.540256124275814], [11.274737360193086, 44.54065073608598], [11.275617892877522, 44.54032828880277], [11.27561897547651, 44.54032990568241], [11.275722737527191, 44.5402847780849], [11.276232359484215, 44.54105827627518], [11.276872019485406, 44.541045521123614], [11.276850973189104, 44.54050578906814], [11.277228305187485, 44.54049826244708], [11.277217780520468, 44.54022839646763], [11.277972440593906, 44.54021333962962], [11.277982968741398, 44.54048320546818], [11.277605637038258, 44.54049073458042], [11.277616163593146, 44.54076060047466], [11.27950282933333, 44.540722942105006], [11.279513364737255, 44.54099280763206], [11.279890699182394, 44.54098527215079], [11.279880162038198, 44.54071540669426], [11.280257494595283, 44.540707870037906], [11.280215340535435, 44.53962840834611], [11.280592665983889, 44.53962087072631], [11.280582126098272, 44.53935100533694], [11.280959449658765, 44.53934346654214], [11.280948908180847, 44.53907360120856], [11.281326229853379, 44.53906606123877], [11.281315686783207, 44.53879619596096], [11.281693006567789, 44.53878865481623], [11.28168246190541, 44.53851878959421], [11.283191732604411, 44.53848861284251], [11.283181181129777, 44.538218747888116], [11.283935812111444, 44.538203652180535], [11.283925257304778, 44.537933787352614], [11.28467988421435, 44.53791868680442], [11.28466932607576, 44.53764882210302], [11.285801260109613, 44.53762616215176], [11.285790696899264, 44.53735629764765], [11.287299933243895, 44.53732606722586], [11.287289363222046, 44.53705620298984], [11.288043977025232, 44.53704108044783], [11.288033403671863, 44.536771216338536], [11.288410708611169, 44.536763653270185], [11.288400133666228, 44.53649378921689], [11.288777436717382, 44.5364862249739], [11.288766860180921, 44.5362163609766], [11.289144161343929, 44.53620879555901], [11.28912300523641, 44.5356690676616], [11.290254897396567, 44.53564636436148], [11.290244314346097, 44.535376500603064], [11.290998904898018, 44.53536135898456], [11.290977732283523, 44.5348216317067], [11.29135502385741, 44.534814059171154], [11.29134443603319, 44.5345441955809], [11.292476304644898, 44.53452147071504], [11.29246571175027, 44.534251607322645], [11.294352147766972, 44.53421370799486], [11.294341546322915, 44.53394384494233], [11.294718831340749, 44.53393626141189], [11.2947082283058, 44.53366639841552], [11.296217359931726, 44.53363605212501], [11.296206750087336, 44.53336618939783], [11.296961311528614, 44.5333510089231], [11.296950698354008, 44.53308114632317], [11.297327977111909, 44.533073554289], [11.297317362346663, 44.53280369174531], [11.297694639216237, 44.532796098536956], [11.297684022860398, 44.53252623604951], [11.298438572674005, 44.53251104603933], [11.298427952988206, 44.53224118367922], [11.29918249872729, 44.53222598883044], [11.299171875711636, 44.53195612659773], [11.300303687984774, 44.53193332519905], [11.300293059900016, 44.53166346316488], [11.301424865613729, 44.53164065077315], [11.301414232460033, 44.53137078893766], [11.302168765378353, 44.531355574593114], [11.302158128895174, 44.53108571288518], [11.303667185984576, 44.5310552695393], [11.303656542693501, 44.530785408101444], [11.304411066864272, 44.53077017910027], [11.304400420243983, 44.530500317790114], [11.305532200162663, 44.5304774651639], [11.305489594304479, 44.529398020630474], [11.30511234143757, 44.529405639132456], [11.305101692085527, 44.52913577789076], [11.304724440808387, 44.52914339507642], [11.304713793344755, 44.52887353374861], [11.303959293820737, 44.52888876424228], [11.303969937806203, 44.52915862571261], [11.303215434206983, 44.52917385136865], [11.303194153341614, 44.528634128128225], [11.302439656101875, 44.528649348519224], [11.302429019371088, 44.52837948673435], [11.300920030058126, 44.52840991229135], [11.300909400432603, 44.528140050206964], [11.300532154470696, 44.52814765341252], [11.300542782357185, 44.52841751556808], [11.29903379006333, 44.528447916224756], [11.299023169133001, 44.52817805378471], [11.29977766209981, 44.528162856088635], [11.299767037840379, 44.527892993776], [11.297880813001528, 44.52793097832315], [11.297870197586063, 44.52766111564025], [11.297492953910627, 44.52766870874361], [11.297482340382999, 44.52739884597485], [11.29710509829772, 44.52740643776219], [11.297052041586493, 44.52605712334107], [11.297429274977222, 44.52604953190895], [11.297397437519557, 44.525239943291744], [11.29702020934527, 44.52524753451076], [11.297009598895764, 44.5249776715377], [11.295877918696606, 44.525000437512325], [11.295835499250874, 44.52392098461989], [11.296212719177822, 44.523913397490574], [11.296202112949489, 44.523643534301456], [11.295824894761193, 44.523651121359784], [11.295803686227911, 44.523111394795144], [11.295049256359725, 44.523126564893374], [11.295038655793284, 44.522856701446905], [11.294661442374801, 44.52286428455785], [11.29467204120266, 44.52313414807529], [11.294294825896973, 44.5231417300124], [11.294337215740004, 44.52422118421799], [11.293959993331123, 44.52422876519407], [11.293991782057509, 44.525038355905686], [11.294746237159076, 44.525023192282994], [11.294756837175942, 44.525293055682035], [11.295134066242564, 44.525285471932385], [11.29518707725076, 44.52663478835071], [11.294809839489874, 44.526642372455214], [11.2948204403986, 44.526912235765444], [11.294443200750134, 44.526919818695944], [11.294453800068561, 44.52718968206234], [11.29369931684786, 44.52720484433033], [11.293709912836954, 44.52747470782382], [11.293332669264734, 44.52748228716126], [11.293322075014622, 44.52721242359686], [11.292944833032829, 44.527220001618396], [11.292934240670236, 44.52695013796828], [11.292179759739007, 44.52696529013459], [11.29210564170376, 44.52507624317686], [11.292860098290822, 44.52506109200308], [11.292849507116408, 44.52479122823456], [11.293226733448414, 44.524783650851234], [11.29320554806765, 44.52424392341165], [11.292073879058528, 44.524266651401604], [11.292084466458476, 44.52453651534148], [11.291707241419763, 44.52454408891928], [11.291738999294054, 44.52535368086279], [11.29098453833867, 44.52536882470892], [11.290995121115992, 44.52563868880222], [11.290617888676863, 44.52564625892877], [11.290628469863728, 44.5259161230781], [11.28911953166829, 44.52594639141828], [11.289108957436873, 44.5256765269857], [11.288354490927132, 44.52569165354459], [11.288365061680807, 44.525961518118734], [11.286856119927293, 44.52599175658032], [11.28686668387359, 44.52626162142266], [11.286112208630128, 44.526276733325176], [11.286154451984913, 44.527356193112325], [11.286531696636583, 44.527348637500715], [11.286584512857633, 44.52869796154842], [11.286961766056578, 44.528690404338214], [11.28698289706023, 44.52923013371233], [11.287360153589342, 44.5292225751156], [11.287370721052609, 44.52949243970975], [11.287747979172726, 44.52948487979718], [11.287800827408276, 44.530834202192345], [11.287423560591815, 44.53084176245865], [11.287455266093733, 44.53165135593053], [11.28707799391097, 44.5316589151639], [11.287099128174429, 44.53219864421268], [11.286721852364618, 44.532206202342316], [11.286711286898237, 44.53193633775458], [11.28633401267971, 44.531943894568286], [11.286344576406643, 44.532213759226735], [11.285967300300525, 44.53222131486593], [11.285977862436127, 44.53249117958029], [11.284846028010744, 44.53251383923862], [11.284856585075957, 44.53278370415025], [11.283724744099631, 44.53280635281339], [11.28371419225295, 44.5325364876898], [11.28333691337104, 44.53254403468307], [11.283326363411819, 44.53227416947408], [11.282949086121453, 44.5322817151515], [11.282927990125762, 44.53174198454795], [11.281796167804004, 44.53176461368525], [11.281806710509542, 44.53203447920617], [11.281429434367116, 44.53204201983208], [11.281439975481023, 44.53231188540879], [11.281062697451294, 44.532319424860034], [11.28107323697352, 44.53258929049252], [11.280695957056482, 44.53259682876906], [11.280706494986978, 44.532866694457326], [11.280329213182627, 44.532874231559155], [11.280339749521342, 44.533144097303165], [11.279585181990273, 44.53315916791207], [11.279595714997575, 44.53342903378234], [11.279218429270871, 44.53343656728937], [11.279228960686266, 44.53370643321536], [11.278097097401266, 44.53372902647615], [11.278107623745418, 44.533998892598795], [11.276221173286782, 44.53403652347948], [11.27618962079163, 44.53322692401077], [11.275812335476225, 44.53323444623977], [11.275854398806151, 44.53431391245008], [11.275477106384669, 44.5343214337153], [11.275487620846121, 44.534591300301344], [11.275864915007318, 44.53458377896574], [11.275875431355965, 44.53485364546662], [11.27549813545503, 44.534861166872616], [11.275508650211394, 44.535131033429124], [11.275885947852093, 44.53512351195273], [11.275896464495704, 44.53539337842408], [11.27551916511522, 44.53540089997086], [11.275529680166507, 44.53567076649783], [11.275152378898747, 44.53567828686959], [11.275162892357663, 44.53594815345216], [11.274408285900163, 44.535963190600214], [11.27441879602679, 44.53623305730875], [11.273664185499973, 44.53624808961583], [11.273685199235786, 44.53678782326993], [11.274062508052697, 44.536780307598434], [11.274073016881577, 44.537050174333004], [11.274450327291055, 44.537042657345715], [11.274471348870915, 44.537582390629865], [11.274848662612941, 44.53757487225641], [11.274869688262488, 44.538114605340766], [11.274492371040411, 44.53812212385495]], [[11.274796101069116, 44.536225539287074], [11.274806613083028, 44.53649540591048], [11.274429306300812, 44.53650292400251], [11.27441879602679, 44.53623305730875], [11.274796101069116, 44.536225539287074]], [[11.279334282963633, 44.53640509166264], [11.278202367486003, 44.53642768703784], [11.278170784910447, 44.535618089024446], [11.278548084997805, 44.53561055868955], [11.27855861411517, 44.53588042463831], [11.278935915794687, 44.53587289298755], [11.278925384937509, 44.53560302710927], [11.279679984373832, 44.535587960212546], [11.279701053195172, 44.53612769167235], [11.279323750071217, 44.536135225884415], [11.279334282963633, 44.53640509166264]], [[11.288816308347716, 44.52784300650046], [11.289193555440093, 44.52783544203226], [11.289204130857797, 44.528105306346525], [11.289958628075759, 44.528090173533435], [11.290000945142538, 44.529169630076105], [11.289623689651242, 44.529177197388414], [11.289634267549639, 44.5294470615579], [11.288879752643707, 44.529462192588895], [11.288869178223676, 44.5291923282778], [11.288491922287456, 44.52919989185488], [11.288481349754871, 44.528930027458216], [11.28810409540956, 44.52893758971944], [11.288082954267413, 44.528397860740206], [11.287705703252133, 44.52840542161485], [11.287673997867826, 44.5275958278228], [11.288805734817347, 44.52757314210062], [11.288816308347716, 44.52784300650046]]]}}, {"type": "Feature", "properties": {"threshold": "ge_8", "source": "HistorySUHI", "period": "2013-2026", "hotspot_percentile": "top_10_pct", "label": ">= 8 estati"}, "geometry": {"type": "Polygon", "coordinates": [[[11.271002055227692, 44.53576092876253], [11.27099156105433, 44.5354910613918], [11.270614259758737, 44.53549856674849], [11.270603767472368, 44.53522869929279], [11.27098106702814, 44.53522119400635], [11.270970573149118, 44.53495132660612], [11.271347870817932, 44.53494382014452], [11.271337375346306, 44.53467395279977], [11.271714671128164, 44.53466644516307], [11.271725168339556, 44.534936312437566], [11.272479762941138, 44.534921293287525], [11.27245876170657, 44.53438155900488], [11.272836055306989, 44.534374047702386], [11.272815051182056, 44.53383431350127], [11.272437761061031, 44.533841824663185], [11.272427260959141, 44.53357195747019], [11.272804549340504, 44.53356444637857], [11.272731040573188, 44.531675376106264], [11.272353764368766, 44.53168288670587], [11.272332766668075, 44.53114315206891], [11.271955493795334, 44.53115066128275], [11.27192400356668, 44.53034105900577], [11.271546735764929, 44.53034856676361], [11.271536241055788, 44.530078699238175], [11.27191350711819, 44.53007119155059], [11.271903010816894, 44.52980132408064], [11.27228027499278, 44.52979381521817], [11.272259279353186, 44.52925408037452], [11.27188201865587, 44.52926158909647], [11.271871522796136, 44.52899172158222], [11.271117004438478, 44.52900673515022], [11.271106512204387, 44.528736867480745], [11.270729254544076, 44.52874437232682], [11.270718764196323, 44.52847450457233], [11.270341508128114, 44.5284820081031], [11.270331019666655, 44.528212140263626], [11.269576510567399, 44.528227143449435], [11.269586995550481, 44.528497011429316], [11.267323454289592, 44.528541991525486], [11.26733392898436, 44.52881185991153], [11.266956669854068, 44.52881935230648], [11.266967142956467, 44.52908922074786], [11.266589881940051, 44.529096711967796], [11.26666318559375, 44.53098579113526], [11.267040458785665, 44.53097829942459], [11.267050933063066, 44.53124816774797], [11.26742820784755, 44.53124067472198], [11.267449160321993, 44.531780411184215], [11.268203716408141, 44.53176542111596], [11.268235156658957, 44.532575025277836], [11.268612439700222, 44.53256752816537], [11.268622921817357, 44.53283739611965], [11.268245637036502, 44.532844893302276], [11.268256117561023, 44.53311476131196], [11.267501544079174, 44.53312975208161], [11.267512021271385, 44.53339962021682], [11.267889309825431, 44.53339212538451], [11.267899788904241, 44.53366199343483], [11.267522498610527, 44.53366948833728], [11.267552687972735, 44.534447063342654], [11.267569992251286, 44.53442465138625], [11.268387857603637, 44.53336534113326], [11.26841183518148, 44.533334265033936], [11.268497694456679, 44.53322306096136], [11.269056507779228, 44.532499250630394], [11.269086739650078, 44.53254559796996], [11.2690918219086, 44.532553311155866], [11.26917758980799, 44.53244856319944], [11.269466804753472, 44.532872397144835], [11.269847871927547, 44.53346743283226], [11.270117709504085, 44.53388174755583], [11.270493759363658, 44.53447039893323], [11.270501413019453, 44.534482733228096], [11.270501440270737, 44.534482786701325], [11.270714396801615, 44.534826192951215], [11.270707129049052, 44.53487558140581], [11.27066155466095, 44.53492383228625], [11.270562689930985, 44.53495493097451], [11.270562392988918, 44.53495506291627], [11.270231529621624, 44.535105125805515], [11.270225502922964, 44.53514209305072], [11.27025830729711, 44.535205988863275], [11.27033493632111, 44.535308705277394], [11.27059323061047, 44.535655648270115], [11.270673913497065, 44.535767455172106], [11.271002055227692, 44.53576092876253]], [[11.269670880708494, 44.53065595473696], [11.270048150985245, 44.5306484531348], [11.270069127224064, 44.531188188673724], [11.269691853468467, 44.531195690416276], [11.269670880708494, 44.53065595473696]]]}}, {"type": "Feature", "properties": {"threshold": "ge_8", "source": "HistorySUHI", "period": "2013-2026", "hotspot_percentile": "top_10_pct", "label": ">= 8 estati"}, "geometry": {"type": "Polygon", "coordinates": [[[11.266830763825775, 44.535303683660565], [11.266833668675497, 44.535378521253314], [11.26689238047354, 44.535302460013696], [11.266830763825775, 44.535303683660565]]]}}, {"type": "Feature", "properties": {"threshold": "ge_8", "source": "HistorySUHI", "period": "2013-2026", "hotspot_percentile": "top_10_pct", "label": ">= 8 estati"}, "geometry": {"type": "Polygon", "coordinates": [[[11.2628791271677, 44.54051352973074], [11.262881668364015, 44.54057910193018], [11.262890370136622, 44.540565558634505], [11.2629243721916, 44.5405126327742], [11.2628791271677, 44.54051352973074]]]}}, {"type": "Feature", "properties": {"threshold": "ge_8", "source": "HistorySUHI", "period": "2013-2026", "hotspot_percentile": "top_10_pct", "label": ">= 8 estati"}, "geometry": {"type": "Polygon", "coordinates": [[[11.262512248114366, 44.5407908776658], [11.262521360605461, 44.5410260492926], [11.262707140316547, 44.54080578617531], [11.2627232414464, 44.54078669552283], [11.262512248114366, 44.5407908776658]]]}}, {"type": "Feature", "properties": {"threshold": "ge_8", "source": "HistorySUHI", "period": "2013-2026", "hotspot_percentile": "top_10_pct", "label": ">= 8 estati"}, "geometry": {"type": "Polygon", "coordinates": [[[11.26214536558033, 44.54106822448043], [11.262160316069803, 44.541454108925365], [11.262491575200636, 44.54106136330013], [11.26214536558033, 44.54106822448043]]]}}, {"type": "Feature", "properties": {"threshold": "ge_8", "source": "HistorySUHI", "period": "2013-2026", "hotspot_percentile": "top_10_pct", "label": ">= 8 estati"}, "geometry": {"type": "Polygon", "coordinates": [[[11.281568761282504, 44.545272958549255], [11.281516030403424, 44.54392363371205], [11.280006617522771, 44.54395379119744], [11.280038234719477, 44.54476338699075], [11.280415593383179, 44.544755849276406], [11.280426134485014, 44.545025714440754], [11.280803494741505, 44.54501817541008], [11.280814037731846, 44.5452880404891], [11.281568761282504, 44.545272958549255]]]}}, {"type": "Feature", "properties": {"threshold": "ge_8", "source": "HistorySUHI", "period": "2013-2026", "hotspot_percentile": "top_10_pct", "label": ">= 8 estati"}, "geometry": {"type": "Polygon", "coordinates": [[[11.252446495003952, 44.553953566943726], [11.252452953358663, 44.554120910091754], [11.252577281059203, 44.55395098591889], [11.252446495003952, 44.553953566943726]]]}}, {"type": "Feature", "properties": {"threshold": "ge_8", "source": "HistorySUHI", "period": "2013-2026", "hotspot_percentile": "top_10_pct", "label": ">= 8 estati"}, "geometry": {"type": "Polygon", "coordinates": [[[11.252079483082495, 44.554230883471504], [11.252093756309266, 44.55460077277519], [11.252105620087045, 44.55458650839544], [11.25216113674027, 44.55451974878414], [11.252376781293504, 44.55422501782569], [11.252079483082495, 44.554230883471504]]]}}, {"type": "Feature", "properties": {"threshold": "ge_8", "source": "HistorySUHI", "period": "2013-2026", "hotspot_percentile": "top_10_pct", "label": ">= 8 estati"}, "geometry": {"type": "Polygon", "coordinates": [[[11.251722879707694, 44.55477806893859], [11.251732783846466, 44.555034764092994], [11.251876572115883, 44.5548619035775], [11.251950024663167, 44.55477358811446], [11.251722879707694, 44.55477806893859]]]}}, {"type": "Feature", "properties": {"threshold": "ge_8", "source": "HistorySUHI", "period": "2013-2026", "hotspot_percentile": "top_10_pct", "label": ">= 8 estati"}, "geometry": {"type": "Polygon", "coordinates": [[[11.286541251032222, 44.48899748548733], [11.286551799914633, 44.489267352143244], [11.286174800814303, 44.489274902765175], [11.2861958955515, 44.48981463617397], [11.286949900546722, 44.48979953340407], [11.28691824824912, 44.48898993369269], [11.286541251032222, 44.48899748548733]]]}}, {"type": "Feature", "properties": {"threshold": "ge_8", "source": "HistorySUHI", "period": "2013-2026", "hotspot_percentile": "top_10_pct", "label": ">= 8 estati"}, "geometry": {"type": "Polygon", "coordinates": [[[11.309655020197155, 44.49150303547559], [11.30890100526425, 44.49151828858904], [11.30892231125162, 44.49205801318081], [11.308545300089774, 44.49206563801514], [11.308587906913347, 44.4931450873062], [11.308964925018293, 44.49313746218645], [11.308986232797633, 44.49367718660035], [11.309363254224932, 44.49366956009438], [11.309352598524736, 44.49339969796622], [11.309729618066816, 44.49339207028814], [11.309718960780154, 44.493122208216526], [11.310095978437019, 44.49311457936637], [11.31006400226599, 44.49230499327678], [11.309686989816461, 44.492312621912774], [11.309655020197155, 44.49150303547559]]]}}, {"type": "Feature", "properties": {"threshold": "ge_8", "source": "HistorySUHI", "period": "2013-2026", "hotspot_percentile": "top_10_pct", "label": ">= 8 estati"}, "geometry": {"type": "Polygon", "coordinates": [[[11.280688154448153, 44.493705895442055], [11.280709201836434, 44.49424563049516], [11.280332169128451, 44.49425316249176], [11.280342691307794, 44.494523030066645], [11.281473794197371, 44.49450043013452], [11.281442212477408, 44.49369082800008], [11.280688154448153, 44.493705895442055]]]}}, {"type": "Feature", "properties": {"threshold": "ge_8", "source": "HistorySUHI", "period": "2013-2026", "hotspot_percentile": "top_10_pct", "label": ">= 8 estati"}, "geometry": {"type": "Polygon", "coordinates": [[[11.28223839305991, 44.49475522450265], [11.282217331192927, 44.494215490072776], [11.281840299075167, 44.494223027043766], [11.281861357470001, 44.494762761614695], [11.28223839305991, 44.49475522450265]]]}}, {"type": "Feature", "properties": {"threshold": "ge_8", "source": "HistorySUHI", "period": "2013-2026", "hotspot_percentile": "top_10_pct", "label": ">= 8 estati"}, "geometry": {"type": "Polygon", "coordinates": [[[11.284155188744197, 44.49552712076366], [11.28377814868427, 44.49553466430554], [11.283799225917022, 44.49607439802309], [11.284930356070609, 44.49605176324291], [11.284919812171788, 44.49578189660334], [11.284165729022877, 44.49579698755923], [11.284155188744197, 44.49552712076366]]]}}, {"type": "Feature", "properties": {"threshold": "ge_8", "source": "HistorySUHI", "period": "2013-2026", "hotspot_percentile": "top_10_pct", "label": ">= 8 estati"}, "geometry": {"type": "Polygon", "coordinates": [[[11.284940900117231, 44.496321629867694], [11.285317944942395, 44.496314082383], [11.28530739915956, 44.49604421582885], [11.284930356070609, 44.49605176324291], [11.284940900117231, 44.496321629867694]]]}}, {"type": "Feature", "properties": {"threshold": "ge_8", "source": "HistorySUHI", "period": "2013-2026", "hotspot_percentile": "top_10_pct", "label": ">= 8 estati"}, "geometry": {"type": "Polygon", "coordinates": [[[11.285768826393133, 44.49819559862529], [11.285747729432835, 44.497655865850454], [11.285370676074086, 44.49766341493203], [11.285349583177897, 44.49712368195677], [11.28497253314395, 44.49713122965335], [11.285004167500999, 44.49794082930597], [11.284627112110227, 44.497948375970715], [11.284637655455166, 44.498218242562636], [11.285768826393133, 44.49819559862529]]]}}, {"type": "Feature", "properties": {"threshold": "ge_8", "source": "HistorySUHI", "period": "2013-2026", "hotspot_percentile": "top_10_pct", "label": ">= 8 estati"}, "geometry": {"type": "Polygon", "coordinates": [[[11.295205791169627, 44.49827632843324], [11.295195199058385, 44.49800646383798], [11.294818145931009, 44.49801404415423], [11.29482873630591, 44.498283908820426], [11.295205791169627, 44.49827632843324]]]}}, {"type": "Feature", "properties": {"threshold": "ge_8", "source": "HistorySUHI", "period": "2013-2026", "hotspot_percentile": "top_10_pct", "label": ">= 8 estati"}, "geometry": {"type": "Polygon", "coordinates": [[[11.313681297124695, 44.497903365918695], [11.313304249565181, 44.49791100724706], [11.31333627682103, 44.49872059068768], [11.313713329589342, 44.49871294914478], [11.31373468531417, 44.49925267122135], [11.314488797347018, 44.499237384118345], [11.314478115937092, 44.49896752323053], [11.315232223898345, 44.49895223129573], [11.31522153916554, 44.498682370536194], [11.315598591185207, 44.498674722774815], [11.315555846806769, 44.497595279874574], [11.313670619935827, 44.49763350481367], [11.313681297124695, 44.497903365918695]]]}}, {"type": "Feature", "properties": {"threshold": "ge_8", "source": "HistorySUHI", "period": "2013-2026", "hotspot_percentile": "top_10_pct", "label": ">= 8 estati"}, "geometry": {"type": "Polygon", "coordinates": [[[11.332608835962464, 44.49940871604268], [11.332598070909716, 44.49913885863192], [11.332975121221999, 44.49913115344573], [11.33296435458392, 44.498861296092215], [11.333341403009046, 44.49885358973447], [11.333330634785682, 44.498583732438206], [11.332953588096762, 44.498591438723835], [11.332942821760529, 44.4983215813406], [11.333319866713268, 44.49831387512709], [11.333309098791792, 44.498044017801085], [11.332932055575213, 44.49805172394248], [11.332921289540815, 44.49778186652952], [11.333298331021261, 44.49777416046024], [11.333287563401667, 44.497504303104506], [11.332910523657329, 44.49751200910167], [11.332899757924753, 44.497242151658966], [11.332145681455549, 44.49725755977834], [11.332134919346009, 44.49698770217658], [11.331380845745501, 44.49700310517746], [11.331391604382901, 44.49727296292335], [11.331014565620347, 44.49728066263048], [11.33102532267246, 44.49755052043358], [11.33064828202302, 44.49755821896915], [11.330669793107342, 44.498097934674824], [11.331046837229056, 44.498090235995164], [11.331057594733547, 44.498360093753675], [11.331434640440634, 44.49835239375833], [11.331445399832115, 44.498622251429914], [11.332199494266185, 44.49860684756417], [11.33223178376302, 44.49941642005731], [11.331854731412696, 44.499424122828245], [11.331865493143779, 44.49969398036832], [11.331488438906307, 44.49970168196764], [11.3315099593484, 44.50024139714733], [11.33113290148744, 44.500249097647085], [11.331143660198379, 44.500518955286694], [11.331520719795703, 44.50051125471488], [11.331531480393851, 44.50078111226757], [11.33190854157672, 44.50077341037994], [11.331897779242187, 44.500503552899325], [11.333028956676344, 44.50048043999032], [11.333018189283608, 44.500210582711134], [11.333395246390127, 44.5002028759928], [11.333384477412, 44.499933018770875], [11.333007422041806, 44.499940725417076], [11.332985888011004, 44.49940101078438], [11.332608835962464, 44.49940871604268]]]}}, {"type": "Feature", "properties": {"threshold": "ge_8", "source": "HistorySUHI", "period": "2013-2026", "hotspot_percentile": "top_10_pct", "label": ">= 8 estati"}, "geometry": {"type": "Polygon", "coordinates": [[[11.325423354419693, 44.49901516207784], [11.325412622657199, 44.49874530326959], [11.325035572804032, 44.498752983438415], [11.324981924928972, 44.49740368881504], [11.324227842133336, 44.497419044703186], [11.324238567935257, 44.49768890380127], [11.323484481065927, 44.49770425485861], [11.323495203545855, 44.49797411408549], [11.323118158149546, 44.49798178782052], [11.323128879043582, 44.49825164710437], [11.32350592617609, 44.49824397329751], [11.323538094968663, 44.49905355084455], [11.323161042627408, 44.499061224866836], [11.323182485768083, 44.499600943300905], [11.322805429803916, 44.49960861622309], [11.32281614986335, 44.499878475489666], [11.323193207563866, 44.49987080249567], [11.323225373853026, 44.50068037999086], [11.323979499221492, 44.50066502984074], [11.323990225091373, 44.50093488883246], [11.324367289286522, 44.50092721181993], [11.324356561680203, 44.50065735290005], [11.325110686146457, 44.500641995287396], [11.325099955217702, 44.500372136496395], [11.325477015488792, 44.50036445589631], [11.325434086332626, 44.49928502087123], [11.325057033006916, 44.49929270118382], [11.325046302830266, 44.499022842318546], [11.325423354419693, 44.49901516207784]]]}}, {"type": "Feature", "properties": {"threshold": "ge_8", "source": "HistorySUHI", "period": "2013-2026", "hotspot_percentile": "top_10_pct", "label": ">= 8 estati"}, "geometry": {"type": "Polygon", "coordinates": [[[11.309220657800738, 44.49961415123973], [11.3091993434493, 44.499074427478085], [11.3076911173575, 44.4991049267748], [11.307701767513032, 44.49937478894846], [11.30694765009851, 44.499390031277066], [11.306968943911796, 44.499929755865196], [11.30659188150781, 44.49993737530649], [11.306623818137702, 44.500746962291444], [11.307377953215305, 44.500731721737225], [11.307388602530127, 44.501001583893284], [11.3085198092364, 44.50097871351941], [11.308509154712008, 44.500708851577386], [11.308886221578893, 44.50070122570317], [11.308875565467366, 44.50043136381767], [11.309252630448379, 44.50042373677103], [11.309241972749765, 44.50015387494209], [11.30961903584491, 44.50014624672306], [11.30959771742303, 44.499606523163465], [11.309220657800738, 44.49961415123973]]]}}, {"type": "Feature", "properties": {"threshold": "ge_8", "source": "HistorySUHI", "period": "2013-2026", "hotspot_percentile": "top_10_pct", "label": ">= 8 estati"}, "geometry": {"type": "Polygon", "coordinates": [[[11.289278546989143, 44.50109612185514], [11.289310245309464, 44.50190571850938], [11.28968732497264, 44.5018981558583], [11.289697893112383, 44.50216802130935], [11.290829136423055, 44.50214532568033], [11.29078684391285, 44.50106586463691], [11.289278546989143, 44.50109612185514]]]}}, {"type": "Feature", "properties": {"threshold": "ge_8", "source": "HistorySUHI", "period": "2013-2026", "hotspot_percentile": "top_10_pct", "label": ">= 8 estati"}, "geometry": {"type": "Polygon", "coordinates": [[[11.314239909166623, 44.50248335864689], [11.31421854637581, 44.50194363706936], [11.312710251653739, 44.50197420418596], [11.312742275224986, 44.502783787388175], [11.313496433305199, 44.502768505888554], [11.313485755158492, 44.502498644978985], [11.314239909166623, 44.50248335864689]]]}}, {"type": "Feature", "properties": {"threshold": "ge_8", "source": "HistorySUHI", "period": "2013-2026", "hotspot_percentile": "top_10_pct", "label": ">= 8 estati"}, "geometry": {"type": "Polygon", "coordinates": [[[11.296926021476136, 44.50364327756648], [11.296904817567455, 44.50310354952099], [11.297281902946587, 44.50309596163712], [11.297271299478421, 44.502826097663196], [11.297648382972138, 44.502818508606424], [11.297627173008289, 44.50227878075618], [11.297250092988026, 44.50228636967092], [11.297239489965792, 44.50201650565257], [11.29648533295275, 44.50203167960837], [11.296474733552497, 44.50176181543323], [11.29609765655975, 44.5017694004743], [11.296087059044735, 44.50149953621337], [11.295709983640077, 44.5015071199396], [11.295699388010249, 44.501237255592905], [11.29494524022861, 44.50125241917186], [11.294934648220531, 44.500982554668454], [11.294557575843582, 44.50099013452121], [11.29456816611505, 44.50125999909555], [11.29419109185303, 44.50126757777537], [11.294212269368053, 44.50180730702151], [11.29383519148429, 44.50181488459931], [11.293888129185948, 44.50316420781023], [11.293511042470067, 44.50317178449866], [11.293553388355733, 44.50425124308466], [11.293176294544036, 44.504258818812716], [11.293208050305843, 44.50506841280954], [11.295093543933888, 44.505030520665585], [11.295082949846776, 44.50476065636937], [11.29546004638997, 44.50475307427946], [11.295449450714452, 44.5044832100394], [11.296203639881346, 44.50446804226951], [11.296182442028396, 44.5039283140289], [11.29655953291521, 44.50392072841993], [11.296548932474769, 44.50365086434841], [11.296926021476136, 44.50364327756648]]]}}, {"type": "Feature", "properties": {"threshold": "ge_8", "source": "HistorySUHI", "period": "2013-2026", "hotspot_percentile": "top_10_pct", "label": ">= 8 estati"}, "geometry": {"type": "Polygon", "coordinates": [[[11.33311510125227, 44.50263929768865], [11.33236095533029, 44.50265470869206], [11.332371720608425, 44.50292456598168], [11.331994645684478, 44.50293226968976], [11.332005409376924, 44.50320212703659], [11.333136638905795, 44.503179011964576], [11.33311510125227, 44.50263929768865]]]}}, {"type": "Feature", "properties": {"threshold": "ge_8", "source": "HistorySUHI", "period": "2013-2026", "hotspot_percentile": "top_10_pct", "label": ">= 8 estati"}, "geometry": {"type": "Polygon", "coordinates": [[[11.308583739519408, 44.50259788486033], [11.308605050808724, 44.50313760852206], [11.307096719329492, 44.503168102149075], [11.307054125135274, 44.50208865362491], [11.305545819054576, 44.50211912620868], [11.30555646043259, 44.50238898864713], [11.305179381802754, 44.50239660375467], [11.305190021593264, 44.50266646624956], [11.305567101959788, 44.50265885107074], [11.305577743636164, 44.50292871347954], [11.305954825590213, 44.502921096985574], [11.305976112864009, 44.50346082161618], [11.30748445308179, 44.50343034263085], [11.307516405953171, 44.504239928609906], [11.307893495844777, 44.504232305539766], [11.307946762301254, 44.50558161485176], [11.308323860727953, 44.505573990180906], [11.308334516204262, 44.50584385192748], [11.309465815798852, 44.50582097023674], [11.30943383418568, 44.50501138559491], [11.309810928540893, 44.50500375609082], [11.309714976140235, 44.50257500200736], [11.309337897416043, 44.5025826308689], [11.309327238522126, 44.50231276915854], [11.308950161385171, 44.50232039670483], [11.308960818542426, 44.502590258486556], [11.308583739519408, 44.50259788486033]]]}}, {"type": "Feature", "properties": {"threshold": "ge_8", "source": "HistorySUHI", "period": "2013-2026", "hotspot_percentile": "top_10_pct", "label": ">= 8 estati"}, "geometry": {"type": "Polygon", "coordinates": [[[11.31461698594609, 44.50247571361507], [11.314627669302753, 44.50274557431004], [11.315004747669104, 44.5027379279628], [11.3150261183051, 44.503277649165135], [11.314649036465383, 44.5032852956555], [11.314659720271354, 44.50355515630597], [11.314282636545144, 44.503562801623985], [11.314325366319668, 44.50464224436373], [11.313948275496566, 44.50464988872397], [11.313980319189323, 44.50545947083765], [11.314357415223038, 44.505451826262785], [11.31436809849036, 44.505721686866146], [11.314745196111224, 44.50571404097576], [11.314755881265258, 44.50598390149272], [11.315887178439793, 44.505960956142836], [11.315876488074952, 44.50569109584058], [11.316253585096492, 44.50568344497421], [11.316200126835959, 44.504334143598406], [11.315823038498708, 44.50434179410681], [11.31573752696905, 44.50218291056131], [11.315360452375566, 44.50219055925314], [11.315371139055708, 44.502460419819826], [11.31461698594609, 44.50247571361507]]]}}, {"type": "Feature", "properties": {"threshold": "ge_8", "source": "HistorySUHI", "period": "2013-2026", "hotspot_percentile": "top_10_pct", "label": ">= 8 estati"}, "geometry": {"type": "Polygon", "coordinates": [[[11.29774383516897, 44.50524728319966], [11.297754441712053, 44.50551714696933], [11.298885743407114, 44.505494370204104], [11.298896355309894, 44.50576423374581], [11.299650559170122, 44.50574904287333], [11.299629328565393, 44.50520931605941], [11.29774383516897, 44.50524728319966]]]}}, {"type": "Feature", "properties": {"threshold": "ge_8", "source": "HistorySUHI", "period": "2013-2026", "hotspot_percentile": "top_10_pct", "label": ">= 8 estati"}, "geometry": {"type": "Polygon", "coordinates": [[[11.30568416860546, 44.505627336752596], [11.305705455389747, 44.506167061229384], [11.306836763331322, 44.50614420544927], [11.306815466125126, 44.50560448140025], [11.307192564999816, 44.50559686046143], [11.307171264916889, 44.50505713649576], [11.305662882418007, 44.50508761221653], [11.30567352543713, 44.50535747449198], [11.30529642770241, 44.50536509038344], [11.305307069133788, 44.50563495271535], [11.30568416860546, 44.505627336752596]]]}}, {"type": "Feature", "properties": {"threshold": "ge_8", "source": "HistorySUHI", "period": "2013-2026", "hotspot_percentile": "top_10_pct", "label": ">= 8 estati"}, "geometry": {"type": "Polygon", "coordinates": [[[11.312482608139966, 44.50575989765809], [11.312493282872316, 44.506029758604186], [11.311739082210531, 44.506045034355864], [11.311760425176212, 44.50658475648949], [11.311383321146907, 44.506592392642226], [11.311393991117123, 44.50686225375825], [11.311016885201198, 44.50686988873837], [11.31102755358394, 44.507139749911026], [11.31215887609411, 44.50711684102408], [11.312148202500191, 44.5068469800658], [11.312525307967286, 44.506839341353505], [11.312514632785971, 44.5065694804519], [11.313268839797107, 44.50655419943814], [11.313258161291449, 44.5062843386647], [11.313635262835476, 44.50627669636327], [11.313613902799345, 44.505736974914925], [11.312482608139966, 44.50575989765809]]]}}, {"type": "Feature", "properties": {"threshold": "ge_8", "source": "HistorySUHI", "period": "2013-2026", "hotspot_percentile": "top_10_pct", "label": ">= 8 estati"}, "geometry": {"type": "Polygon", "coordinates": [[[11.31065044578139, 44.50714738371853], [11.310661112576607, 44.50741724494779], [11.311038222116247, 44.50740961106884], [11.31102755358394, 44.507139749911026], [11.31065044578139, 44.50714738371853]]]}}, {"type": "Feature", "properties": {"threshold": "ge_8", "source": "HistorySUHI", "period": "2013-2026", "hotspot_percentile": "top_10_pct", "label": ">= 8 estati"}, "geometry": {"type": "Polygon", "coordinates": [[[11.3102733378293, 44.50715501628197], [11.309896229727691, 44.507162647601334], [11.309885566556147, 44.50689278621441], [11.309131353378627, 44.50690804497812], [11.30912069383067, 44.506638183433594], [11.308743588754789, 44.506645810877956], [11.308764904526017, 44.50718553409498], [11.308010686977767, 44.507200785537016], [11.308000032491606, 44.50693092379319], [11.307622925230495, 44.506938547576745], [11.307612272630761, 44.50666868574677], [11.306858061134665, 44.506683929439006], [11.30684741215835, 44.50641406745155], [11.306470307923393, 44.50642168736027], [11.306480955162666, 44.50669154941903], [11.305726742770892, 44.5067067856469], [11.305790608495666, 44.5083259585438], [11.306167725188974, 44.50831834062418], [11.30617837173596, 44.508588202650515], [11.309949547827836, 44.50851195431357], [11.309938883908808, 44.508242093000774], [11.310315998958933, 44.50823446139574], [11.310294668095073, 44.507694738868516], [11.310671779521371, 44.507687106162216], [11.310661112576607, 44.50741724494779], [11.310284002887427, 44.50742487758265], [11.3102733378293, 44.50715501628197]]]}}, {"type": "Feature", "properties": {"threshold": "ge_8", "source": "HistorySUHI", "period": "2013-2026", "hotspot_percentile": "top_10_pct", "label": ">= 8 estati"}, "geometry": {"type": "Polygon", "coordinates": [[[11.327134528309122, 44.51356445583283], [11.32710229345353, 44.512754882417106], [11.327479433022003, 44.512747193532974], [11.327457940396533, 44.512207477992106], [11.32783507633939, 44.512199788007635], [11.32782432851521, 44.51192993028688], [11.328201462569949, 44.511922239130136], [11.328190713159039, 44.5116523814665], [11.328567845325663, 44.511644689137505], [11.328557094328074, 44.511374831530986], [11.329311354734353, 44.51135944328437], [11.329300600412779, 44.511089585807], [11.329677728652415, 44.5110818898894], [11.329666972744286, 44.51081203246918], [11.330044099095803, 44.51080433537942], [11.330033341601165, 44.51053447801638], [11.330410466064565, 44.51052677975447], [11.330399706983469, 44.5102569224486], [11.330776829558761, 44.51024922301459], [11.330766068891254, 44.50997936576591], [11.33114318957844, 44.509971665159796], [11.33110014146824, 44.50889223630469], [11.331854368492499, 44.50887683193669], [11.331843603367899, 44.50860697482992], [11.332597826314244, 44.50859156562975], [11.332608594913069, 44.508861422592325], [11.332985707896912, 44.508853716054006], [11.332996478383842, 44.5091235729296], [11.333750707372783, 44.50910815597645], [11.33373993341159, 44.50883829924511], [11.334494158322094, 44.508822877459885], [11.334483381037744, 44.50855302085801], [11.335237601869691, 44.508537594240835], [11.335226821262285, 44.50826773776844], [11.33673525416408, 44.50823686989413], [11.33672446675965, 44.507967013695726], [11.337101572870045, 44.50795929368927], [11.33711236201151, 44.50822914981543], [11.337866577252571, 44.508213705925876], [11.337877370019399, 44.50848356189264], [11.34277977690683, 44.50838305437606], [11.342768961558555, 44.50811319934983], [11.343900277376822, 44.5080899756678], [11.3438894569692, 44.50782012084401], [11.344266560201614, 44.507812377201084], [11.344255738208723, 44.50754252243487], [11.34614124340982, 44.50750378592258], [11.34618456703147, 44.50858320344813], [11.34769299625111, 44.508552190685585], [11.347682158169881, 44.50828233661675], [11.349944787018591, 44.50823578058762], [11.349933938667442, 44.507965926939534], [11.350311041206437, 44.50795816331994], [11.350245943871895, 44.50633904155456], [11.352508493383322, 44.506292436329815], [11.352519352979712, 44.50656228955848], [11.352896445769066, 44.50655451759456], [11.352907307254522, 44.50682437073561], [11.353284401628436, 44.50681659745501], [11.353295265003009, 44.507086450508424], [11.35367236096148, 44.507078675911124], [11.353683226225218, 44.507348528876875], [11.35406032376824, 44.50734075296286], [11.354071190921191, 44.50761060584095], [11.35444829004876, 44.50760282861019], [11.354459159090974, 44.50787268140059], [11.355967561024917, 44.507841559746595], [11.35594580919769, 44.507301854733335], [11.355568712416636, 44.507309636867156], [11.355557838468577, 44.507039784265345], [11.355180743271939, 44.5070475650824], [11.355169871213157, 44.506777712392875], [11.354415683836335, 44.50679327014955], [11.35439394712321, 44.5062535644346], [11.35477103741421, 44.50624578632381], [11.35472755886932, 44.50516637500622], [11.35435047552524, 44.505174152825866], [11.354339608006628, 44.504904299886434], [11.353585444334795, 44.504919851648616], [11.353574580441823, 44.504649998548736], [11.353197500114103, 44.50465777249127], [11.353175776258276, 44.504118066101334], [11.352421622092526, 44.504133609963965], [11.35243248047109, 44.504403463311846], [11.350170003901718, 44.50445006548384], [11.350159155942865, 44.50418021169986], [11.349404999342818, 44.50419573566113], [11.349394155009245, 44.503925881716995], [11.349771231648685, 44.50391812043091], [11.34976038573055, 44.503648266544495], [11.34938331082769, 44.503656027757955], [11.349372466798151, 44.50338617378403], [11.348995393479836, 44.50339393368105], [11.349006235772814, 44.503663787727604], [11.348252085207108, 44.50367930393542], [11.348262924178902, 44.50394915811227], [11.34788584693153, 44.50395691442303], [11.347896684318656, 44.50422676865757], [11.347519605182741, 44.50423452379707], [11.347530440985148, 44.50450437808929], [11.34715335996069, 44.5045121320575], [11.34716419417833, 44.50478198640738], [11.344901694422886, 44.50482848453062], [11.344890870625315, 44.50455862974562], [11.343759623908902, 44.50458186179745], [11.3437704424964, 44.50485171679987], [11.343393358217547, 44.504859458401846], [11.343404175219987, 44.505129313461815], [11.341141655942934, 44.505175737386494], [11.341152462676495, 44.505445592866], [11.338889927524994, 44.50549197244408], [11.33887913121204, 44.50522211653054], [11.338502043227027, 44.5052298420342], [11.338491248802177, 44.5049599860335], [11.336982902296144, 44.504990875319876], [11.336961327794198, 44.50445116269572], [11.336584244263024, 44.50445888176308], [11.336562673839323, 44.503919168934985], [11.336185593630319, 44.50392688661401], [11.336164027284651, 44.50338717358198], [11.335786950397756, 44.50339488987271], [11.335808513270148, 44.503934603049174], [11.335054352096405, 44.503950032187895], [11.33506513028596, 44.50421988889821], [11.334688047735755, 44.50422760167393], [11.334677271282882, 44.50395774489145], [11.33430019031829, 44.50396545635114], [11.334310965034476, 44.50423531320579], [11.33393388218215, 44.50424302349376], [11.333955428594225, 44.50478273730273], [11.333578342117423, 44.504790446491114], [11.33358911381324, 44.50506030344544], [11.333212025448669, 44.50506801146203], [11.333255106794732, 44.506147439419244], [11.333632202106607, 44.506139731114125], [11.333664519912302, 44.506949301709525], [11.33253321789151, 44.506972423542074], [11.332522450349401, 44.50670256647545], [11.33214535111081, 44.50671027119285], [11.332123819953251, 44.506170556870785], [11.331746724037552, 44.506178260200016], [11.331735960422026, 44.50590840294459], [11.330604676980283, 44.50593150525225], [11.330615435385177, 44.506201362723864], [11.329861242196102, 44.506216758186554], [11.329850487264979, 44.50594690057086], [11.329096296946586, 44.50596229091361], [11.329074794484058, 44.50542257534962], [11.328697702572477, 44.50543026851104], [11.32866545521945, 44.50462069483765], [11.326402931848728, 44.50466682638809], [11.326392193452962, 44.50439696803556], [11.325638021265005, 44.50441233512387], [11.32558434891113, 44.50306304241933], [11.32520727127489, 44.50307072373819], [11.325185806859917, 44.50253100640863], [11.324808732546456, 44.5025386863399], [11.324798002301218, 44.50226882758099], [11.324420929573915, 44.50227650619657], [11.324399473007789, 44.50173678849046], [11.32289119448726, 44.501767489939894], [11.322901915748972, 44.502037349087686], [11.322524844006502, 44.502045021412314], [11.32253556368194, 44.50231488061705], [11.322158490052624, 44.502322551769666], [11.322212082000767, 44.50367184792955], [11.321834999537966, 44.5036795181972], [11.32188858655884, 44.50502881434483], [11.321511495261946, 44.505036483727444], [11.321532927648324, 44.505576202226116], [11.321155832727483, 44.505583870508296], [11.321166547409124, 44.50585372980711], [11.320789450601179, 44.50586139691706], [11.320810876941229, 44.50640111561368], [11.320433776509221, 44.50640878162311], [11.320444488167558, 44.50667864102089], [11.32006738584841, 44.50668630585803], [11.320099516513373, 44.507495884177494], [11.319722408833, 44.50750354798576], [11.319743826552891, 44.508043266934614], [11.31936671524821, 44.50805092964224], [11.31938813009436, 44.50859064867514], [11.319011015165286, 44.50859831028207], [11.319021721076354, 44.50886816984796], [11.318644604260008, 44.508875830282456], [11.318655308583963, 44.509145689905175], [11.317901071026679, 44.509161007185135], [11.317911772026239, 44.50943086693637], [11.317534651285314, 44.50943852378179], [11.317545350697637, 44.50970838358984], [11.31716822806945, 44.509716039262756], [11.31717892589449, 44.50998589912759], [11.31680180137903, 44.509993553627965], [11.316823194004403, 44.51053327345641], [11.31644606586433, 44.510540926855846], [11.316456760664593, 44.51081078681943], [11.316079630637216, 44.51081843904628], [11.316090323850025, 44.51108829906664], [11.315336059870749, 44.51110359993086], [11.315346749758637, 44.51137346007956], [11.313838213052124, 44.51140404716348], [11.313848896140076, 44.511673907583585], [11.31309462341315, 44.51168919380311], [11.31310530317591, 44.51195905435143], [11.31197388775014, 44.51198197456324], [11.311963213199855, 44.51171211380045], [11.311208938976002, 44.51172738757733], [11.311198268050317, 44.51145752665676], [11.310821132451444, 44.511465161607354], [11.310831801639651, 44.51173502259938], [11.310077526518226, 44.511750288910655], [11.310088192381006, 44.51202015003071], [11.309333913186423, 44.51203541150771], [11.309344575723673, 44.51230527275577], [11.308590292456055, 44.5123205293984], [11.308611611028727, 44.51286025213557], [11.308234465695584, 44.51286787873317], [11.308255781390791, 44.51340760155378], [11.306747184663148, 44.51343809607166], [11.306736533691419, 44.51316823438341], [11.306359385873773, 44.513175854830685], [11.306348736789, 44.5129059930563], [11.30597159055968, 44.51291361218793], [11.305950296313227, 44.51237388845208], [11.304064580303978, 44.51241196473259], [11.304075218664615, 44.51268182696425], [11.302943782056259, 44.51270465801441], [11.302954415353176, 44.512974520444914], [11.302200120060233, 44.512989735065744], [11.302210750030923, 44.51325959762381], [11.30183360042323, 44.513267203138874], [11.301865486016407, 44.5140767909377], [11.299979709677503, 44.514114800914726], [11.299990329817781, 44.514384663840424], [11.299613172365436, 44.51439226217373], [11.299623790916817, 44.514662125155716], [11.300378109148195, 44.51464692710245], [11.300388731324096, 44.51491678992739], [11.303028852606063, 44.51486355704356], [11.303039487095715, 44.51513341935554], [11.303416648420466, 44.51512580960893], [11.303395376114644, 44.51458608511258], [11.303772533814653, 44.51457847426399], [11.303783171630798, 44.51484833644834], [11.304160330919453, 44.514840724284085], [11.304149691365517, 44.51457086217098], [11.306789790043405, 44.5145175426765], [11.306800441761817, 44.51478740429066], [11.307554757801618, 44.51477215880708], [11.307544102607666, 44.514502297335596], [11.308298414574368, 44.51448704701711], [11.308277097683714, 44.51394732431509], [11.310540009143883, 44.51390154435101], [11.310529340496613, 44.51363168340618], [11.310906490145582, 44.51362404912832], [11.310895819910238, 44.51335418824011], [11.311650115284055, 44.51333891609426], [11.311639441723067, 44.513069055334135], [11.312393733023065, 44.513053778353914], [11.312404410059285, 44.51332363897109], [11.313158704235732, 44.51330835687056], [11.31314802372429, 44.51303849639641], [11.316165180537565, 44.51297731879369], [11.31615448627527, 44.512707458877195], [11.318040195723636, 44.5126691827936], [11.318018790273635, 44.51212946363247], [11.318395928238214, 44.512121804826215], [11.318385224000812, 44.511851945295064], [11.318762360077839, 44.511844285316215], [11.318751654253061, 44.51157442584191], [11.319883056371136, 44.511551438655], [11.31989376740825, 44.51182129791419], [11.320270902884747, 44.51181363295836], [11.320281615809495, 44.51208349213099], [11.32065875287326, 44.512075825859164], [11.320669467685692, 44.5123456849452], [11.32180088318801, 44.51232267844887], [11.321811603363178, 44.51259253730478], [11.322565883088284, 44.51257719327566], [11.322576606888799, 44.512847051973125], [11.32295374826336, 44.512839378020324], [11.322975199790552, 44.5133790952271], [11.323352344489848, 44.513371419886376], [11.3233630722166, 44.51364127839565], [11.324117364639129, 44.513625923837594], [11.324128095991508, 44.51389578218834], [11.324505243714711, 44.51388810297097], [11.324515976955176, 44.514157961235014], [11.326778870559156, 44.514111859368604], [11.32676812689296, 44.513842001535984], [11.327522420080951, 44.51382662443643], [11.327533167222372, 44.51409648212515], [11.327156018966093, 44.51410417136905], [11.327166764520554, 44.51437402911485], [11.32754391451447, 44.514366339799004], [11.327565409550713, 44.514906055102166], [11.327942562869284, 44.514898364398036], [11.327953312351138, 44.515168221955356], [11.328707622011526, 44.51515283667007], [11.328718375119543, 44.51542269406855], [11.32984984369251, 44.51539960659178], [11.329839085371336, 44.51512974940934], [11.330216239522969, 44.51512205116704], [11.33020547961494, 44.514852194041765], [11.330582631878027, 44.51484449462715], [11.33055034784615, 44.51403492337835], [11.330173200795976, 44.51404262257681], [11.330151682337581, 44.51350290819252], [11.327134528309122, 44.51356445583283]], [[11.328093975242231, 44.509223661825125], [11.328471091773276, 44.50921597014398], [11.328503341600964, 44.510025543275546], [11.32812621985828, 44.510033235172635], [11.328136968365001, 44.51030309292542], [11.327382720953059, 44.51031847313108], [11.327371975920867, 44.51004861523437], [11.32624060888501, 44.51007167599582], [11.326229869215203, 44.50980181786844], [11.325852748306003, 44.509809502228705], [11.325831272892517, 44.509269785785584], [11.326962624745109, 44.509246729403884], [11.326951882052635, 44.50897687137581], [11.328083227338245, 44.5089538040129], [11.328093975242231, 44.509223661825125]], [[11.348273763302645, 44.50421901227422], [11.348650842134685, 44.50421125464703], [11.348661683147013, 44.50448110872151], [11.348284602578337, 44.50448886642129], [11.348273763302645, 44.50421901227422]]]}}, {"type": "Feature", "properties": {"threshold": "ge_8", "source": "HistorySUHI", "period": "2013-2026", "hotspot_percentile": "top_10_pct", "label": ">= 8 estati"}, "geometry": {"type": "Polygon", "coordinates": [[[11.296383845630594, 44.50905572992433], [11.29639444730635, 44.509325593770804], [11.296017321528923, 44.50933317955544], [11.296027921615957, 44.509603043458085], [11.296405049130744, 44.50959545760247], [11.296415651103771, 44.50986532141933], [11.297169909162161, 44.509850145833425], [11.297180514758631, 44.51012000949347], [11.29831190594318, 44.51009723656982], [11.298301295134523, 44.509827373122874], [11.297547037968334, 44.50984255617412], [11.297515216858994, 44.509032965318234], [11.297138093264866, 44.509040554764454], [11.297127488263133, 44.50877069104519], [11.296750366257628, 44.50877827917621], [11.296760969522058, 44.509048142966485], [11.296383845630594, 44.50905572992433]]]}}, {"type": "Feature", "properties": {"threshold": "ge_8", "source": "HistorySUHI", "period": "2013-2026", "hotspot_percentile": "top_10_pct", "label": ">= 8 estati"}, "geometry": {"type": "Polygon", "coordinates": [[[11.299066165989101, 44.510082048399546], [11.299076780421348, 44.51035191168955], [11.299831043346838, 44.51033671840019], [11.299841661402763, 44.5106065815332], [11.300218794379653, 44.51059898295105], [11.3002081745863, 44.51032911988915], [11.300585305676874, 44.51032152013387], [11.300574684295006, 44.51005165712829], [11.300197554941832, 44.51005925681244], [11.300186935446252, 44.50978939372092], [11.299432679768037, 44.50980458921435], [11.299443295788857, 44.51007445244807], [11.299066165989101, 44.510082048399546]]]}}, {"type": "Feature", "properties": {"threshold": "ge_8", "source": "HistorySUHI", "period": "2013-2026", "hotspot_percentile": "top_10_pct", "label": ">= 8 estati"}, "geometry": {"type": "Polygon", "coordinates": [[[11.288171594235395, 44.51138125104421], [11.288161029744781, 44.5111113857422], [11.287783890278707, 44.511118944578435], [11.287773327673742, 44.51084907919089], [11.287396189797112, 44.510856636712106], [11.287385629077749, 44.510586771239055], [11.286631356355358, 44.51060188240719], [11.286620799259035, 44.51033201677794], [11.286243664413304, 44.51033957042489], [11.28625421977213, 44.510609436124824], [11.285877083040916, 44.51061698859819], [11.285887636810212, 44.51088685435402], [11.286264775278948, 44.51087930180999], [11.286275330933755, 44.51114916748036], [11.28589819072747, 44.51115672009507], [11.285972072291564, 44.51304577986846], [11.28634922466135, 44.513038226758965], [11.286338667970538, 44.51276836119211], [11.287092968790628, 44.512753251381376], [11.287082408772449, 44.51248338594111], [11.287836705524944, 44.512468271294324], [11.287826142179501, 44.512198405980726], [11.288580434864278, 44.51218328649799], [11.28854873529091, 44.51137369089292], [11.288171594235395, 44.51138125104421]]]}}, {"type": "Feature", "properties": {"threshold": "ge_8", "source": "HistorySUHI", "period": "2013-2026", "hotspot_percentile": "top_10_pct", "label": ">= 8 estati"}, "geometry": {"type": "Polygon", "coordinates": [[[11.335722543818036, 44.511228442250165], [11.335679409300303, 44.510149017154994], [11.333793804728032, 44.51018758275308], [11.333836904500174, 44.51126700929185], [11.335722543818036, 44.511228442250165]]]}}, {"type": "Feature", "properties": {"threshold": "ge_8", "source": "HistorySUHI", "period": "2013-2026", "hotspot_percentile": "top_10_pct", "label": ">= 8 estati"}, "geometry": {"type": "Polygon", "coordinates": [[[11.285259974498082, 44.51414034532196], [11.28524942242866, 44.51387047960221], [11.28487226440167, 44.51387802919046], [11.28488281473327, 44.514147894980866], [11.283751334551395, 44.51417053649092], [11.28369861043924, 44.51282120633167], [11.283321458771791, 44.512828750659786], [11.283279289093862, 44.511749285983925], [11.282902144229302, 44.511756828785295], [11.28289160391695, 44.51148696250879], [11.281005886066065, 44.511524657497716], [11.280984823260548, 44.51098492419486], [11.280607682722493, 44.51099245931861], [11.280586623982666, 44.51045272581561], [11.279832349413901, 44.51046779204816], [11.279821823740445, 44.510197925133504], [11.279067552056421, 44.51021298624792], [11.279078074254844, 44.510482853303515], [11.278700936454019, 44.51049038206475], [11.278721977818321, 44.511030116272536], [11.278344836394878, 44.51103764393036], [11.278365874873982, 44.51157737821995], [11.278743019772644, 44.511569850421225], [11.278764062317004, 44.51210958451084], [11.28027265433752, 44.51207946030871], [11.28028318278172, 44.51234932704945], [11.281414630460302, 44.51232672062047], [11.281435698217837, 44.5128664536345], [11.28181285062411, 44.51285891552835], [11.28182338646216, 44.51312878194265], [11.281446232318142, 44.51313632011935], [11.281467300961834, 44.51367605304471], [11.281090143194552, 44.51368359011808], [11.281100676000127, 44.51395345662912], [11.280723516347342, 44.513960992528574], [11.280734047562744, 44.51423085909537], [11.279979724338535, 44.51424592730194], [11.279990252225838, 44.51451579399497], [11.27961308865443, 44.514523326302054], [11.279623614951442, 44.51479319305081], [11.27924644949454, 44.514800724183914], [11.279256974201209, 44.51507059098835], [11.279634141396041, 44.51506305978479], [11.27964466798823, 44.51533292650397], [11.279267499055441, 44.51534045777802], [11.279288549206619, 44.51588019131305], [11.279665721615393, 44.51587265989804], [11.27967624865037, 44.51614252657292], [11.280053422649571, 44.51613499384288], [11.280042893876569, 44.5158651272385], [11.284568949489172, 44.51577463825115], [11.284558400007962, 44.5155047724788], [11.285312737064459, 44.51548967369896], [11.285281079080772, 44.51468007671713], [11.285658242173346, 44.514672525672445], [11.285637134114944, 44.51413279441863], [11.285259974498082, 44.51414034532196]]]}}, {"type": "Feature", "properties": {"threshold": "ge_8", "source": "HistorySUHI", "period": "2013-2026", "hotspot_percentile": "top_10_pct", "label": ">= 8 estati"}, "geometry": {"type": "Polygon", "coordinates": [[[11.297663726820625, 44.512811054839126], [11.297286578901739, 44.51281864527973], [11.297297186133946, 44.51308850877693], [11.297674335790497, 44.513080918265295], [11.29768494490911, 44.51335078167666], [11.298062096154606, 44.51334318984961], [11.298072707159676, 44.51361305317513], [11.298449859994111, 44.51360546003265], [11.298460472885687, 44.5138753232723], [11.298837627309055, 44.51386772881438], [11.29882701267975, 44.51359786564579], [11.299204165216567, 44.51359027001455], [11.299172317008525, 44.512780680633206], [11.298795169684745, 44.512788276051204], [11.298784555650707, 44.5125184128234], [11.297653117999493, 44.51254119139816], [11.297663726820625, 44.512811054839126]]]}}, {"type": "Feature", "properties": {"threshold": "ge_8", "source": "HistorySUHI", "period": "2013-2026", "hotspot_percentile": "top_10_pct", "label": ">= 8 estati"}, "geometry": {"type": "Polygon", "coordinates": [[[11.321865206493552, 44.51394183136161], [11.321833044164414, 44.51313225497205], [11.32070161302433, 44.513155262114275], [11.320744475579088, 44.514234698131865], [11.32149877705701, 44.514219360707266], [11.32148805771766, 44.51394950186866], [11.321865206493552, 44.51394183136161]]]}}, {"type": "Feature", "properties": {"threshold": "ge_8", "source": "HistorySUHI", "period": "2013-2026", "hotspot_percentile": "top_10_pct", "label": ">= 8 estati"}, "geometry": {"type": "Polygon", "coordinates": [[[11.318438746688589, 44.51320124280243], [11.318428041850876, 44.51293138333065], [11.31729661186926, 44.512954356661545], [11.317307311494245, 44.51322421634832], [11.31768445670907, 44.51321655974401], [11.317705859884308, 44.51375627892974], [11.318083008424324, 44.51374862093778], [11.318093711974655, 44.51401848043674], [11.318470862102252, 44.514010821128785], [11.31848156754032, 44.514280680541205], [11.318858719255495, 44.51427301991721], [11.318869426581351, 44.5145428792431], [11.319246579884096, 44.51453521730304], [11.319257289097791, 44.5148050765424], [11.319634443988102, 44.51479741328627], [11.319645155089681, 44.51506727243907], [11.320776624072678, 44.51504427498918], [11.320755191593374, 44.51450455709915], [11.320378038891358, 44.51451222401666], [11.32034589651219, 44.51370264685504], [11.319968748872933, 44.51371031231299], [11.31995803678458, 44.513440453157706], [11.319203744530755, 44.51345578019719], [11.319193036067768, 44.51318592088362], [11.318438746688589, 44.51320124280243]]]}}, {"type": "Feature", "properties": {"threshold": "ge_8", "source": "HistorySUHI", "period": "2013-2026", "hotspot_percentile": "top_10_pct", "label": ">= 8 estati"}, "geometry": {"type": "Polygon", "coordinates": [[[11.324246150798402, 44.5168642230664], [11.324235417790854, 44.516594364879], [11.321972424027956, 44.516640418361725], [11.321983146608206, 44.51691027698007], [11.321605978716844, 44.51691794827674], [11.321648863589454, 44.51799738288883], [11.322026038432627, 44.51798971130501], [11.322047485246923, 44.51852942837838], [11.32242466341579, 44.51852175540645], [11.322435388786529, 44.51879161384906], [11.323566927604924, 44.51876858725058], [11.323556197020023, 44.51849872902345], [11.323933374587229, 44.518491051073404], [11.323911910392757, 44.517951334718276], [11.324289084333467, 44.5179436556674], [11.324278350723965, 44.51767379753943], [11.325032694677935, 44.517658435847956], [11.325000484324846, 44.516848861806174], [11.324246150798402, 44.5168642230664]]]}}, {"type": "Feature", "properties": {"threshold": "ge_8", "source": "HistorySUHI", "period": "2013-2026", "hotspot_percentile": "top_10_pct", "label": ">= 8 estati"}, "geometry": {"type": "Polygon", "coordinates": [[[11.332328183423408, 44.52075052991899], [11.332306640039308, 44.520210816998684], [11.331929453621735, 44.52021852283276], [11.331950993529482, 44.5207582358973], [11.332328183423408, 44.52075052991899]]]}}, {"type": "Feature", "properties": {"threshold": "ge_8", "source": "HistorySUHI", "period": "2013-2026", "hotspot_percentile": "top_10_pct", "label": ">= 8 estati"}, "geometry": {"type": "Polygon", "coordinates": [[[11.301663891909236, 44.52812484006082], [11.301642626149377, 44.52758511613222], [11.30088814162872, 44.5276003259937], [11.300909400432603, 44.528140050206964], [11.301663891909236, 44.52812484006082]]]}}, {"type": "Feature", "properties": {"threshold": "ge_8", "source": "HistorySUHI", "period": "2013-2026", "hotspot_percentile": "top_10_pct", "label": ">= 8 estati"}, "geometry": {"type": "Polygon", "coordinates": [[[11.336024994599198, 44.528237076558845], [11.336014202952006, 44.52796722117207], [11.335636967478633, 44.52797494030182], [11.335626177721586, 44.52770508482793], [11.336003411456137, 44.52769736577042], [11.335992620111588, 44.527427510353895], [11.33486092367047, 44.52745066357509], [11.334850137693563, 44.52718080792703], [11.333341213943239, 44.527211661171485], [11.333330435072611, 44.526941805219856], [11.332953205495873, 44.526949515346615], [11.332931651685502, 44.526409803254445], [11.332554425435111, 44.52641751199207], [11.33254365049529, 44.526147655851545], [11.331789201018669, 44.52616306944803], [11.331843059841196, 44.52751235072322], [11.332220293348785, 44.52750464418682], [11.332241841412795, 44.5280443564486], [11.33375078784279, 44.528013517276925], [11.33377235042213, 44.52855322890206], [11.33339511056359, 44.52856094070668], [11.33340589034112, 44.52883079656912], [11.33302864859251, 44.52883850720095], [11.333060983615193, 44.52964807491551], [11.333438230580686, 44.529640364067205], [11.333459791496228, 44.53018007565825], [11.33383704178859, 44.53017236342063], [11.333869389512941, 44.53098193047917], [11.334246644871339, 44.530974216779995], [11.334257429487655, 44.53124407236427], [11.335011943228983, 44.5312286410864], [11.335022731474822, 44.53149849651139], [11.336909021875996, 44.53145989616722], [11.33686583501829, 44.53038047582285], [11.337243085688039, 44.53037275230796], [11.337210691917383, 44.52956318711032], [11.33683344646466, 44.529570910408395], [11.336790263845879, 44.52849148964755], [11.336413025197473, 44.52849921141161], [11.33640223166009, 44.52822935611196], [11.336024994599198, 44.528237076558845]]]}}, {"type": "Feature", "properties": {"threshold": "ge_8", "source": "HistorySUHI", "period": "2013-2026", "hotspot_percentile": "top_10_pct", "label": ">= 8 estati"}, "geometry": {"type": "Polygon", "coordinates": [[[11.31341186997016, 44.529237744485066], [11.313034620244903, 44.52924538913275], [11.31302393437228, 44.52897552939064], [11.312646686236224, 44.52898317272178], [11.312625318418533, 44.52844345305003], [11.312248073610691, 44.52845109499313], [11.312216028224615, 44.527641515159736], [11.311461548593341, 44.52765679488201], [11.31144019270713, 44.52711707463295], [11.310685719432538, 44.52713234908953], [11.31067504519176, 44.52686248879981], [11.309920574796191, 44.52687775813375], [11.309995273279775, 44.52876678085059], [11.309618025684895, 44.52877441415018], [11.309660706868485, 44.52985385566218], [11.310415215821244, 44.52983858724649], [11.310425889969498, 44.53010844744454], [11.310803145960508, 44.53010081129766], [11.310813821997609, 44.53037067140942], [11.311568337008797, 44.53035539523751], [11.31158969648891, 44.530895115130626], [11.311966957248263, 44.53088747503407], [11.311988320805913, 44.5314271947249], [11.312365584893952, 44.53141955324023], [11.312419005106111, 44.532768851850186], [11.313173550225901, 44.53275356443024], [11.313162862405084, 44.532483704880974], [11.313540133000808, 44.532476059374794], [11.313529443590529, 44.532206199882225], [11.313906712297017, 44.53219855320245], [11.313799809046158, 44.52949995817653], [11.313422557731702, 44.52950760414079], [11.31341186997016, 44.529237744485066]]]}}, {"type": "Feature", "properties": {"threshold": "ge_8", "source": "HistorySUHI", "period": "2013-2026", "hotspot_percentile": "top_10_pct", "label": ">= 8 estati"}, "geometry": {"type": "Polygon", "coordinates": [[[11.290445417686719, 44.54050390948342], [11.290434831964362, 44.54023404599128], [11.289680178180653, 44.540249185178304], [11.289690760422651, 44.5405190488121], [11.290445417686719, 44.54050390948342]]]}}, {"type": "Feature", "properties": {"threshold": "ge_8", "source": "HistorySUHI", "period": "2013-2026", "hotspot_percentile": "top_10_pct", "label": ">= 8 estati"}, "geometry": {"type": "Polygon", "coordinates": [[[11.28497557222115, 44.545474892440666], [11.284985056139734, 44.54571720125555], [11.285249855347375, 44.545571446575245], [11.28528610505997, 44.545534323685274], [11.285351481261676, 44.54546736740419], [11.28497557222115, 44.545474892440666]]]}}, {"type": "Feature", "properties": {"threshold": "ge_8", "source": "HistorySUHI", "period": "2013-2026", "hotspot_percentile": "top_10_pct", "label": ">= 8 estati"}, "geometry": {"type": "Polygon", "coordinates": [[[11.284608770804285, 44.545752309659576], [11.28461536036409, 44.54592069464991], [11.284933065152366, 44.54574581890063], [11.284608770804285, 44.545752309659576]]]}}, {"type": "Feature", "properties": {"threshold": "ge_8", "source": "HistorySUHI", "period": "2013-2026", "hotspot_percentile": "top_10_pct", "label": ">= 8 estati"}, "geometry": {"type": "Polygon", "coordinates": [[[11.284241965906034, 44.54602972575925], [11.28424566207859, 44.54612418942578], [11.284423892750684, 44.546026085073954], [11.284241965906034, 44.54602972575925]]]}}, {"type": "Feature", "properties": {"threshold": "ge_8", "source": "HistorySUHI", "period": "2013-2026", "hotspot_percentile": "top_10_pct", "label": ">= 8 estati"}, "geometry": {"type": "Polygon", "coordinates": [[[11.336346708687033, 44.48906932790033], [11.336357487246914, 44.48933918506751], [11.336734473409592, 44.48933146880102], [11.336745253855907, 44.489601325881125], [11.337122241602836, 44.48959360829917], [11.337100677390628, 44.48905389426852], [11.336346708687033, 44.48906932790033]]]}}, {"type": "Feature", "properties": {"threshold": "ge_8", "source": "HistorySUHI", "period": "2013-2026", "hotspot_percentile": "top_10_pct", "label": ">= 8 estati"}, "geometry": {"type": "Polygon", "coordinates": [[[11.336809939707061, 44.491220468049505], [11.336788377152226, 44.49068075405287], [11.336034387321742, 44.490696186064675], [11.33605594293462, 44.49123590035015], [11.336809939707061, 44.491220468049505]]]}}, {"type": "Feature", "properties": {"threshold": "ge_8", "source": "HistorySUHI", "period": "2013-2026", "hotspot_percentile": "top_10_pct", "label": ">= 8 estati"}, "geometry": {"type": "Polygon", "coordinates": [[[11.351900598880508, 44.49118063174419], [11.35187889718662, 44.490640923573444], [11.351124916011404, 44.4906564551919], [11.35111406886334, 44.49038660093883], [11.350737079783043, 44.49039436481053], [11.350726234522371, 44.49012451046991], [11.350349247025417, 44.49013227302573], [11.350338403652088, 44.489862418597575], [11.349584431672923, 44.48987793983426], [11.349573591922203, 44.48960808524597], [11.348819622805934, 44.48962360136457], [11.348797950701409, 44.489083891852886], [11.347667006299673, 44.48910715627126], [11.347710330292514, 44.49018657610586], [11.347333341580358, 44.49019432871579], [11.347344171222723, 44.490464183709754], [11.348098151965972, 44.49044867710157], [11.34813065221639, 44.49125824155882], [11.34888464276479, 44.491242729542144], [11.348895479956228, 44.491512584186275], [11.350026469845915, 44.4914893066188], [11.350037312395713, 44.49175916103022], [11.350414310457175, 44.49175139928185], [11.350425154894454, 44.49202125360573], [11.350802154539418, 44.49201349054141], [11.350813000864228, 44.49228334477776], [11.35119000209269, 44.492275580397454], [11.351200850305078, 44.492545434546244], [11.35308586284378, 44.492506593631525], [11.353075005953686, 44.49223673984619], [11.353452006269455, 44.49222896800599], [11.353430289474797, 44.491689260536106], [11.353053292630022, 44.49169703223086], [11.353042436196448, 44.49142717840084], [11.352665440934965, 44.49143494877959], [11.352654586388997, 44.491165094861955], [11.351900598880508, 44.49118063174419]], [[11.348464307261358, 44.4901710671563], [11.348841295517994, 44.49016331081666], [11.348852132101854, 44.49043316552036], [11.348475142109846, 44.490440921932596], [11.348464307261358, 44.4901710671563]]]}}, {"type": "Feature", "properties": {"threshold": "ge_8", "source": "HistorySUHI", "period": "2013-2026", "hotspot_percentile": "top_10_pct", "label": ">= 8 estati"}, "geometry": {"type": "Polygon", "coordinates": [[[11.341323105462124, 44.490857913684124], [11.341355512452711, 44.49166748200974], [11.341732512267948, 44.49165974893003], [11.341721708050823, 44.49138989290874], [11.34209870597911, 44.49138215865809], [11.342087900177935, 44.49111230269431], [11.342464896219271, 44.49110456727274], [11.342443281600394, 44.49056485544526], [11.341689296308067, 44.49058032475558], [11.341700100070886, 44.49085018082151], [11.341323105462124, 44.490857913684124]]]}}, {"type": "Feature", "properties": {"threshold": "ge_8", "source": "HistorySUHI", "period": "2013-2026", "hotspot_percentile": "top_10_pct", "label": ">= 8 estati"}, "geometry": {"type": "Polygon", "coordinates": [[[11.347010493769053, 44.49155135526613], [11.34697800868215, 44.4907417902006], [11.346601016195647, 44.49074954046909], [11.34661184267074, 44.491019395578355], [11.346234848297055, 44.491027144676096], [11.346245673188442, 44.49129699984297], [11.346622669297584, 44.49128925067273], [11.346633496076183, 44.4915591057522], [11.347010493769053, 44.49155135526613]]]}}, {"type": "Feature", "properties": {"threshold": "ge_8", "source": "HistorySUHI", "period": "2013-2026", "hotspot_percentile": "top_10_pct", "label": ">= 8 estati"}, "geometry": {"type": "Polygon", "coordinates": [[[11.339923084691536, 44.4935873961598], [11.338792046073259, 44.49361057453731], [11.33878125468156, 44.49334071804154], [11.33915826596991, 44.4933329932314], [11.339147472993796, 44.49306313679305], [11.338770463441122, 44.4930708615309], [11.338759672351944, 44.492801005005376], [11.339890695349128, 44.49277782727855], [11.33987989920432, 44.49250797095506], [11.339502893425514, 44.49251569803506], [11.339492099167634, 44.49224584162438], [11.339115094973131, 44.49225356738873], [11.339104302602129, 44.491983710890864], [11.338727299991932, 44.49199143533958], [11.338716509507762, 44.49172157875456], [11.33833950848188, 44.491729301887645], [11.338317931438322, 44.49118958852844], [11.337563935875028, 44.4912050307756], [11.337596291253952, 44.49201460122563], [11.337219288038908, 44.49202232070095], [11.337230071731973, 44.49229217756012], [11.337607076682609, 44.49228445801255], [11.33761786226244, 44.4925543147846], [11.337240855576187, 44.4925620344044], [11.337251639571562, 44.49283189123383], [11.337628647993457, 44.49282417154179], [11.337639433875653, 44.4930940282841], [11.337262423718094, 44.49310174804839], [11.337273208015787, 44.493371604848065], [11.337650219909037, 44.49336388501153], [11.337661006093608, 44.493633741724096], [11.338038019571382, 44.493626020571924], [11.338059595865596, 44.494165733807925], [11.33881362931045, 44.49415028748422], [11.338835213152715, 44.49469000037163], [11.339589252935644, 44.49467454878498], [11.339600048555335, 44.494944405061794], [11.339977069955648, 44.49493667733096], [11.340009462930285, 44.49574624585514], [11.339632436322365, 44.49575397380291], [11.339643232547372, 44.49602383002019], [11.338135117658918, 44.4960547296654], [11.338145907091466, 44.49632458615698], [11.338522937776451, 44.49631686303868], [11.338544520567252, 44.49685657583265], [11.33892155457294, 44.496848851326256], [11.338932347931266, 44.49711870762865], [11.339309383521682, 44.4971109818064], [11.339384953419241, 44.498999975000494], [11.339762001011131, 44.498992247428504], [11.33979439558883, 44.49980181550018], [11.340548500735888, 44.49978635619127], [11.340559302703753, 44.50005621204074], [11.34093635678644, 44.50004848044843], [11.340947160642028, 44.500318336210654], [11.341324216309568, 44.500310603302296], [11.341335022052927, 44.500580458977296], [11.342089136406196, 44.50056498928472], [11.342099945773718, 44.50083484480006], [11.342477004459417, 44.50082710801582], [11.342509438680318, 44.50163667425537], [11.342132374785455, 44.50164441125681], [11.342143184759104, 44.501914266712646], [11.341766118976269, 44.50192200254273], [11.341798544596982, 44.50273156903808], [11.342175615589277, 44.50272383299082], [11.34216480516101, 44.50245397757964], [11.342918943217928, 44.502438501898546], [11.342908129468237, 44.5021686466173], [11.343285196532841, 44.502160906983505], [11.343274381198283, 44.50189105175981], [11.343651446374823, 44.501883310954675], [11.343640629455448, 44.50161345578854], [11.344017692743925, 44.5016057138121], [11.343996055887292, 44.501066003580064], [11.344750175063714, 44.50105051618582], [11.344706889279736, 44.49997109612283], [11.345083941695176, 44.49996335085006], [11.345073118892165, 44.49969349586957], [11.344696068212974, 44.499701241069864], [11.344674426534505, 44.49916153091928], [11.346182614451239, 44.49913054323612], [11.346171786894844, 44.49886068842848], [11.348057009694752, 44.49882192620555], [11.348067845931947, 44.49909178065046], [11.348821937461096, 44.49907626691082], [11.348832777322542, 44.49934612119567], [11.348455729897756, 44.499353878759905], [11.348488245185141, 44.500163441742835], [11.348865297818595, 44.50015568396083], [11.34887613828786, 44.50042553818609], [11.349253192505625, 44.5004177790878], [11.34923150824654, 44.49987807076759], [11.350362659570306, 44.49985478644644], [11.35034096550193, 44.499315078502434], [11.349963918685097, 44.4993228410412], [11.34989885054567, 44.49770371641583], [11.349521813993443, 44.49771147727519], [11.349489287183872, 44.49690191454356], [11.350620380760562, 44.496878628888524], [11.350631228086346, 44.49714848292939], [11.351008260710476, 44.49714071848467], [11.351029959290203, 44.49768042637639], [11.35140699523425, 44.4976726605428], [11.35141784648827, 44.49794251439365], [11.351794884016241, 44.49793474724382], [11.35178403102619, 44.497664893465654], [11.353292172672406, 44.49763381272156], [11.353270453260782, 44.497094105702224], [11.353647484819863, 44.497086332552826], [11.35363662360644, 44.496816479093546], [11.354013653277331, 44.49680870477336], [11.353981065342829, 44.495999144524376], [11.353604040879622, 44.49600691862632], [11.353593180275158, 44.49573706510745], [11.353216157395565, 44.495744837893156], [11.353194440114962, 44.49520513066523], [11.35357145952293, 44.495197358024974], [11.35356059937516, 44.49492750446138], [11.353937616895129, 44.494919730650444], [11.353926755163835, 44.4946498771447], [11.354303770795807, 44.4946421021631], [11.354292907481039, 44.4943722487152], [11.355046934816704, 44.49435669516726], [11.355003469195038, 44.4932772818089], [11.354626462545978, 44.49328505891345], [11.354637326987305, 44.49355491234817], [11.354260318450338, 44.49356268828213], [11.354271181308308, 44.49383254177473], [11.354648191580921, 44.49382476576799], [11.354659056326826, 44.49409461917292], [11.353905032157988, 44.49411017008852], [11.35388330976111, 44.493570462972734], [11.3527522827801, 44.49359377958429], [11.352763138695456, 44.49386363336783], [11.352386127661765, 44.493871403157634], [11.352396981993603, 44.49414125699899], [11.351265942772702, 44.494164559126155], [11.351298491059458, 44.49497412121499], [11.35092147247442, 44.494981886321895], [11.350932320471703, 44.49525174039439], [11.349801258596957, 44.49527502847239], [11.349757888349268, 44.494195611221386], [11.350888929394893, 44.494172324015075], [11.350867234768785, 44.493632615736026], [11.350490224710295, 44.49364037923624], [11.350479379360957, 44.49337052500173], [11.3501023708861, 44.49337828718592], [11.350091527424405, 44.49310843286387], [11.349714520533185, 44.493116193732064], [11.349692837536944, 44.49257648489803], [11.34931583396495, 44.49258424437764], [11.349304994430328, 44.49231438986566], [11.348550990301685, 44.492329904949656], [11.348540154390076, 44.492060050277615], [11.348163153833458, 44.49206780588204], [11.348152319809246, 44.49179795112252], [11.34702132243491, 44.491821210258195], [11.347042980221975, 44.49236092019765], [11.34666597732252, 44.49236867090131], [11.346676804708153, 44.492638525921244], [11.344414773711721, 44.492685004467994], [11.344403956739601, 44.49241514901312], [11.344026952778313, 44.49242289101338], [11.344016137693384, 44.49215303547119], [11.342508127274847, 44.49218399074908], [11.342518935417468, 44.49245384658095], [11.342895939984983, 44.49244610955408], [11.342917560195952, 44.4929858210284], [11.343294568083179, 44.492978082613355], [11.343305380151602, 44.49324793825577], [11.343682389622925, 44.49324019852492], [11.34371483194461, 44.49404976514559], [11.342583787454704, 44.494072981259734], [11.342572978403068, 44.49380312551714], [11.342195965005773, 44.49381086166262], [11.342185157841351, 44.49354100583275], [11.340300097261656, 44.49357966754714], [11.340310895747514, 44.493849523738795], [11.339933881441675, 44.49385725242379], [11.339923084691536, 44.4935873961598]], [[11.347484970387628, 44.49397229727643], [11.34749580215534, 44.49424215206194], [11.34711878725814, 44.49424990451675], [11.347151278264953, 44.49505946900159], [11.346020217040653, 44.49508271955821], [11.346009391760633, 44.494812864527255], [11.345255353657299, 44.49482835853607], [11.34526617546571, 44.49509821371202], [11.343758090495717, 44.495129187098094], [11.343736460916984, 44.49458947615162], [11.343359442767053, 44.494597216244614], [11.343348629940843, 44.494327360676614], [11.343725646355004, 44.49431962065604], [11.34371483194461, 44.49404976514559], [11.347484970387628, 44.49397229727643]], [[11.343909514526597, 44.498907162056504], [11.34392033166595, 44.499177017299054], [11.344297379176057, 44.49916927473099], [11.344308198203246, 44.49943912988619], [11.34355409955899, 44.49945461392358], [11.343532468601042, 44.498914903308496], [11.343909514526597, 44.498907162056504]], [[11.34340269558757, 44.49567663836778], [11.343413509171635, 44.495946493861375], [11.343790536000784, 44.495938753406215], [11.343822982870268, 44.496748319580355], [11.343445950833301, 44.49675606025283], [11.34345676502369, 44.49702591568688], [11.343079731099147, 44.49703365518824], [11.343068918644748, 44.49676379968176], [11.342691886304632, 44.49677153786716], [11.342681075737763, 44.496501682273376], [11.342304044982084, 44.49650941914283], [11.342282427774823, 44.495969707765845], [11.34265945505863, 44.49596197104119], [11.342648644946358, 44.495692115402775], [11.34340269558757, 44.49567663836778]]]}}, {"type": "Feature", "properties": {"threshold": "ge_8", "source": "HistorySUHI", "period": "2013-2026", "hotspot_percentile": "top_10_pct", "label": ">= 8 estati"}, "geometry": {"type": "Polygon", "coordinates": [[[11.33486037051903, 44.49909260885978], [11.334849595199822, 44.49882275186697], [11.334472547378635, 44.49883046319932], [11.33448332096162, 44.49910032026429], [11.33486037051903, 44.49909260885978]]]}}, {"type": "Feature", "properties": {"threshold": "ge_8", "source": "HistorySUHI", "period": "2013-2026", "hotspot_percentile": "top_10_pct", "label": ">= 8 estati"}, "geometry": {"type": "Polygon", "coordinates": [[[11.345827219795385, 44.499678001738], [11.345816393671647, 44.499408146887625], [11.345062296240863, 44.4994236408742], [11.345073118892165, 44.49969349586957], [11.345827219795385, 44.499678001738]]]}}, {"type": "Feature", "properties": {"threshold": "ge_8", "source": "HistorySUHI", "period": "2013-2026", "hotspot_percentile": "top_10_pct", "label": ">= 8 estati"}, "geometry": {"type": "Polygon", "coordinates": [[[11.358280680482409, 44.49969148280031], [11.357903633391404, 44.49969927160073], [11.357892751557495, 44.49942941909145], [11.356384568612977, 44.49946056156549], [11.356428069084657, 44.50053997267888], [11.357182174751518, 44.50052440334633], [11.357193053723083, 44.50079425594171], [11.358324216288345, 44.50077089239678], [11.358280680482409, 44.49969148280031]]]}}, {"type": "Feature", "properties": {"threshold": "ge_8", "source": "HistorySUHI", "period": "2013-2026", "hotspot_percentile": "top_10_pct", "label": ">= 8 estati"}, "geometry": {"type": "Polygon", "coordinates": [[[11.355750070194077, 44.502444506930885], [11.356504200779526, 44.50242894155341], [11.356515077345787, 44.502698794190145], [11.357269210794229, 44.50268322369199], [11.3572583307551, 44.502413371200966], [11.359520717020644, 44.5023666302938], [11.359509826715637, 44.50209677822525], [11.360263950777, 44.50208118811886], [11.360242163679551, 44.50154148422881], [11.359110987776626, 44.50156486708518], [11.359100099665909, 44.50129501489896], [11.35872304246263, 44.501302806624096], [11.35870127017165, 44.50076310206113], [11.358324216288345, 44.50077089239678], [11.358345985106748, 44.50131059710556], [11.357591869937272, 44.501326174337386], [11.35760275110268, 44.501596026815186], [11.35647157199554, 44.50161938355377], [11.356482448104403, 44.50188923623522], [11.356105386360703, 44.501897019400154], [11.356116260885642, 44.50216687213954], [11.355739197253113, 44.502174654133576], [11.355750070194077, 44.502444506930885]]]}}, {"type": "Feature", "properties": {"threshold": "ge_8", "source": "HistorySUHI", "period": "2013-2026", "hotspot_percentile": "top_10_pct", "label": ">= 8 estati"}, "geometry": {"type": "Polygon", "coordinates": [[[11.36178309779034, 44.502319844612174], [11.36177219706703, 44.502049992981426], [11.361395135723669, 44.502057793631366], [11.361406034710603, 44.5023276453351], [11.36178309779034, 44.502319844612174]]]}}, {"type": "Feature", "properties": {"threshold": "ge_8", "source": "HistorySUHI", "period": "2013-2026", "hotspot_percentile": "top_10_pct", "label": ">= 8 estati"}, "geometry": {"type": "Polygon", "coordinates": [[[11.33762917465802, 44.502276870893866], [11.337639964096725, 44.50254672718786], [11.337262893024324, 44.5025544482372], [11.337284468882388, 44.50309416092507], [11.336907394185644, 44.50310188087509], [11.336928967175425, 44.50364159364796], [11.338060201231551, 44.503618429632894], [11.338070993163177, 44.503888285780256], [11.33844807261598, 44.50388056188192], [11.338458866435554, 44.504150417942135], [11.33921302836051, 44.5041349662693], [11.339223825804757, 44.50440482217004], [11.339977990597605, 44.5043893653771], [11.339913187363171, 44.502770230617394], [11.339536115462115, 44.50277795920184], [11.339514519068222, 44.5022382473516], [11.339137450488826, 44.50224597454763], [11.339126654255416, 44.50197611852788], [11.338372520115577, 44.50199156904398], [11.338383312876015, 44.50226142520832], [11.33762917465802, 44.502276870893866]]]}}, {"type": "Feature", "properties": {"threshold": "ge_8", "source": "HistorySUHI", "period": "2013-2026", "hotspot_percentile": "top_10_pct", "label": ">= 8 estati"}, "geometry": {"type": "Polygon", "coordinates": [[[11.355006808619446, 44.50272992026135], [11.354995938998952, 44.50246006733336], [11.353110608345068, 44.50249894657388], [11.353154053011506, 44.50357835965179], [11.354662345623113, 44.50354725758271], [11.354629741056867, 44.50273769866976], [11.355006808619446, 44.50272992026135]]]}}, {"type": "Feature", "properties": {"threshold": "ge_8", "source": "HistorySUHI", "period": "2013-2026", "hotspot_percentile": "top_10_pct", "label": ">= 8 estati"}, "geometry": {"type": "Polygon", "coordinates": [[[11.35709886087451, 44.50781820544429], [11.357087979673965, 44.50754835316365], [11.357842175337227, 44.507532777554644], [11.357820406446333, 44.50699307324016], [11.357066217730496, 44.50700864855767], [11.35707709862596, 44.50727850086811], [11.356700002302375, 44.50728628673381], [11.356721761077157, 44.507825991455704], [11.35709886087451, 44.50781820544429]]]}}, {"type": "Feature", "properties": {"threshold": "ge_8", "source": "HistorySUHI", "period": "2013-2026", "hotspot_percentile": "top_10_pct", "label": ">= 8 estati"}, "geometry": {"type": "Polygon", "coordinates": [[[11.35972766182463, 44.50749381676282], [11.359716768618592, 44.50722396497762], [11.358962577955307, 44.50723955288035], [11.358984357572623, 44.507779256727595], [11.359361456454346, 44.507771463252325], [11.359350564832475, 44.507501611409104], [11.35972766182463, 44.50749381676282]]]}}, {"type": "Feature", "properties": {"threshold": "ge_8", "source": "HistorySUHI", "period": "2013-2026", "hotspot_percentile": "top_10_pct", "label": ">= 8 estati"}, "geometry": {"type": "Polygon", "coordinates": [[[11.340248062753997, 44.51113575444393], [11.340237258050259, 44.5108658990598], [11.338728761109, 44.510896814612664], [11.338717963505776, 44.51062695892436], [11.338340840629218, 44.510634684629885], [11.338330044914613, 44.5103648288544], [11.337952923623948, 44.51037255324349], [11.33792054259981, 44.50956298561095], [11.33829765867889, 44.5095552614387], [11.338276068611789, 44.509015549753855], [11.337144730343446, 44.50903871810466], [11.337123151304228, 44.50849900592672], [11.336746041719742, 44.508506726077655], [11.336789193454763, 44.50958615066304], [11.337166309987722, 44.509578430223115], [11.337187890237075, 44.51011814228208], [11.336433650071141, 44.51013358220681], [11.336455223976628, 44.51067329449526], [11.336078100192319, 44.51068101273587], [11.336099671228142, 44.511220725109276], [11.336853925594697, 44.51120528709497], [11.336864714814084, 44.51147514311489], [11.337618972050244, 44.51145969997936], [11.337640557892247, 44.51199941168556], [11.338017689758084, 44.51199168810697], [11.338060870207627, 44.51307111105178], [11.338438008871831, 44.51306338593982], [11.33848119869309, 44.51414280835744], [11.338104053078794, 44.51415053375858], [11.338114849174982, 44.51442038939809], [11.338869143727358, 44.51440493720693], [11.338858344156003, 44.51413508171202], [11.340744069198925, 44.514096429820405], [11.340733261091229, 44.51382657467232], [11.341110403907773, 44.5138188406335], [11.34107797528137, 44.51300927531704], [11.340700837677309, 44.51301700913876], [11.340625188347959, 44.511128022372965], [11.340248062753997, 44.51113575444393]]]}}, {"type": "Feature", "properties": {"threshold": "ge_8", "source": "HistorySUHI", "period": "2013-2026", "hotspot_percentile": "top_10_pct", "label": ">= 8 estati"}, "geometry": {"type": "Polygon", "coordinates": [[[11.335399329118726, 44.51258543954226], [11.335388546243987, 44.51231558329291], [11.335011411582032, 44.512323298234215], [11.335043755447401, 44.51313286715421], [11.335798035044887, 44.51311743559417], [11.335776465366939, 44.51257772328452], [11.335399329118726, 44.51258543954226]]]}}, {"type": "Feature", "properties": {"threshold": "ge_8", "source": "HistorySUHI", "period": "2013-2026", "hotspot_percentile": "top_10_pct", "label": ">= 8 estati"}, "geometry": {"type": "Polygon", "coordinates": [[[11.356195992036586, 44.51350845878588], [11.356163354917284, 44.51269890218275], [11.355409091718238, 44.51271446811941], [11.355398216458198, 44.51244461574289], [11.355775346396623, 44.512436833469486], [11.35575359285932, 44.511897128817374], [11.354999339779242, 44.511912691828755], [11.354988466713868, 44.5116428393347], [11.355365591592864, 44.51163505852391], [11.355354716942673, 44.51136520608777], [11.354977593800928, 44.511372986825755], [11.35495584843234, 44.51083328176314], [11.35533296809966, 44.51082550117077], [11.35532209390683, 44.510555648689916], [11.35494497597669, 44.51056342920947], [11.354934103673461, 44.510293576640905], [11.353802754180059, 44.51031691051661], [11.353813621271813, 44.51058676330353], [11.351928027050317, 44.51062562857816], [11.35193888560846, 44.51089548171388], [11.351561764570175, 44.51090325110918], [11.35155090774923, 44.510633397900754], [11.350419548932834, 44.51065669840386], [11.35043040054216, 44.510926551830316], [11.350053278895187, 44.51093431624911], [11.350064128919415, 44.51120416973333], [11.349687005383092, 44.51121193298063], [11.349708702413343, 44.51175164004968], [11.350085829424213, 44.51174387665708], [11.350118381322307, 44.512553436930986], [11.350872645311652, 44.51253790597728], [11.350883499723357, 44.5128077592268], [11.352014899778117, 44.51278445324669], [11.352025759554193, 44.5130543062632], [11.352402894338702, 44.51304653504202], [11.35243547979278, 44.513856093784014], [11.352812619637326, 44.513848321100426], [11.352823483497406, 44.51411817391188], [11.352446341915373, 44.5141259466682], [11.352457204190253, 44.5143957995375], [11.353211490677028, 44.5143802526351], [11.353222356579268, 44.514650105344025], [11.354730934674656, 44.51461899631689], [11.354720061822313, 44.51434914389909], [11.355097204227603, 44.514341363604416], [11.3550863297902, 44.51407151124451], [11.355463470305537, 44.5140637297784], [11.355452594283124, 44.51379387747642], [11.355829732908512, 44.51378609483887], [11.35581885530114, 44.513516242594825], [11.356195992036586, 44.51350845878588]], [[11.353878827021807, 44.51220587971211], [11.355010212997055, 44.51218254430789], [11.355053707392727, 44.5132619540754], [11.353922300569108, 44.5132852903531], [11.353878827021807, 44.51220587971211]]]}}, {"type": "Feature", "properties": {"threshold": "ge_8", "source": "HistorySUHI", "period": "2013-2026", "hotspot_percentile": "top_10_pct", "label": ">= 8 estati"}, "geometry": {"type": "Polygon", "coordinates": [[[11.351692058294468, 44.51414148844807], [11.35167034115148, 44.51360178237392], [11.350538925003299, 44.513625085275585], [11.350560631721377, 44.51416479178587], [11.351692058294468, 44.51414148844807]]]}}, {"type": "Feature", "properties": {"threshold": "ge_8", "source": "HistorySUHI", "period": "2013-2026", "hotspot_percentile": "top_10_pct", "label": ">= 8 estati"}, "geometry": {"type": "Polygon", "coordinates": [[[11.357146179150591, 44.51835022161352], [11.357135293736745, 44.51808036984144], [11.356758127766692, 44.51808815737759], [11.35676901144269, 44.518358009222524], [11.357146179150591, 44.51835022161352]]]}}, {"type": "Feature", "properties": {"threshold": "ge_8", "source": "HistorySUHI", "period": "2013-2026", "hotspot_percentile": "top_10_pct", "label": ">= 8 estati"}, "geometry": {"type": "Polygon", "coordinates": [[[11.351564667204885, 44.52035587471305], [11.351187485044706, 44.520363644164334], [11.35117662637105, 44.52009379133197], [11.350799445796678, 44.520101559466035], [11.350788589013304, 44.51983170654609], [11.350411410024746, 44.51983947336295], [11.350422265070085, 44.520109326355566], [11.349290721977212, 44.52013261955702], [11.349301571960549, 44.52040247275273], [11.348924388887236, 44.52041023473679], [11.348967783389368, 44.521489647661156], [11.350099353010458, 44.52146635710359], [11.350088498942263, 44.52119650411279], [11.351974436575894, 44.52115766198861], [11.351963573969222, 44.520887809346384], [11.351209202848775, 44.52090334978434], [11.351198343870614, 44.52063349698178], [11.351575527768873, 44.52062572745779], [11.351564667204885, 44.52035587471305]]]}}, {"type": "Feature", "properties": {"threshold": "ge_8", "source": "HistorySUHI", "period": "2013-2026", "hotspot_percentile": "top_10_pct", "label": ">= 8 estati"}, "geometry": {"type": "Polygon", "coordinates": [[[11.358850937146782, 44.52317638283128], [11.358829147070484, 44.52263668039231], [11.35920634182369, 44.52262888539415], [11.359195445276457, 44.52235903422524], [11.360704215808331, 44.522327842078404], [11.360693312461112, 44.522057991186465], [11.36107050297376, 44.522050190111266], [11.361059598041253, 44.521780339277406], [11.361436786662843, 44.52177253703065], [11.361360444249861, 44.519883581287026], [11.362114796701436, 44.519867974082146], [11.362092979007821, 44.51932827259895], [11.362470151528305, 44.51932046727587], [11.362415601281505, 44.517971213672006], [11.3616612734662, 44.51798682234339], [11.36167217973401, 44.518256673240074], [11.36091784783143, 44.51827227707987], [11.36096146052879, 44.51935168110144], [11.359829940673889, 44.51937507840375], [11.359775451252442, 44.51802582224479], [11.359021121297248, 44.51804141349447], [11.358999333549384, 44.517501710634704], [11.358622171818261, 44.517509504247066], [11.358611279911194, 44.517239652721884], [11.357856959466371, 44.51725523606761], [11.357846071187492, 44.516985384381684], [11.357091753607525, 44.51700096260411], [11.357135293736745, 44.51808036984144], [11.357889625218972, 44.51806479103591], [11.357911403150704, 44.518604494273575], [11.358665740973665, 44.518588910198694], [11.358698419443774, 44.519398464505834], [11.357566896839105, 44.51942183940767], [11.357577784754044, 44.51969169103229], [11.356823432111677, 44.51970726822356], [11.35684520144752, 44.52024697171962], [11.355713660911396, 44.52027032860997], [11.355691902003615, 44.51973062467678], [11.355314724995822, 44.5197384076722], [11.35534735837222, 44.52054796376812], [11.354970175997828, 44.5205557457375], [11.354991928868508, 44.52109544987255], [11.353860370401867, 44.52111878875028], [11.353871241851557, 44.52138864101384], [11.353494053652984, 44.52139641822341], [11.353515793533314, 44.52193612285139], [11.35313860170598, 44.52194389896192], [11.353171207454855, 44.52275345601041], [11.353548404496902, 44.52274567968159], [11.353581016832262, 44.523555236377646], [11.353958218936814, 44.52354745858585], [11.35399083785916, 44.524357014929436], [11.354368045026396, 44.52434923567457], [11.354357170161423, 44.52407938364775], [11.356243195017893, 44.524040469067195], [11.356232311613546, 44.523770617389616], [11.356609514388769, 44.523762830812316], [11.356598629398682, 44.52349297919268], [11.356975830282943, 44.523485191443605], [11.356964943707167, 44.523215339881936], [11.358850937146782, 44.52317638283128]]]}}, {"type": "Feature", "properties": {"threshold": "ge_8", "source": "HistorySUHI", "period": "2013-2026", "hotspot_percentile": "top_10_pct", "label": ">= 8 estati"}, "geometry": {"type": "Polygon", "coordinates": [[[11.346693801616125, 44.521266341528026], [11.346672125222758, 44.520726634194695], [11.346294939347112, 44.520734387539484], [11.346316612264177, 44.52127409501791], [11.346693801616125, 44.521266341528026]]]}}, {"type": "Feature", "properties": {"threshold": "ge_8", "source": "HistorySUHI", "period": "2013-2026", "hotspot_percentile": "top_10_pct", "label": ">= 8 estati"}, "geometry": {"type": "Polygon", "coordinates": [[[11.345939422760289, 44.52128184726323], [11.34592858796395, 44.5210119934589], [11.345551400046313, 44.5210197443871], [11.345562233104483, 44.52128959826394], [11.345939422760289, 44.52128184726323]]]}}, {"type": "Feature", "properties": {"threshold": "ge_8", "source": "HistorySUHI", "period": "2013-2026", "hotspot_percentile": "top_10_pct", "label": ">= 8 estati"}, "geometry": {"type": "Polygon", "coordinates": [[[11.33807240186569, 44.52279363331473], [11.338094000422613, 44.523333343771405], [11.338471205279875, 44.52332561715663], [11.338503609466267, 44.52413518251317], [11.339635238775157, 44.524111994549706], [11.339624432012869, 44.52384213966272], [11.339247224133189, 44.523849870156255], [11.339214809970693, 44.523040305189014], [11.338460404187312, 44.52305576200803], [11.338428001818293, 44.52224619647298], [11.33767360585918, 44.52226164787945], [11.337695200333764, 44.52280135854022], [11.33807240186569, 44.52279363331473]]]}}, {"type": "Feature", "properties": {"threshold": "ge_8", "source": "HistorySUHI", "period": "2013-2026", "hotspot_percentile": "top_10_pct", "label": ">= 8 estati"}, "geometry": {"type": "Polygon", "coordinates": [[[11.360726022961412, 44.52286754381754], [11.360715119308432, 44.52259769295543], [11.359960730871725, 44.522613291664015], [11.359971631048227, 44.522883142672086], [11.360726022961412, 44.52286754381754]]]}}, {"type": "Feature", "properties": {"threshold": "ge_8", "source": "HistorySUHI", "period": "2013-2026", "hotspot_percentile": "top_10_pct", "label": ">= 8 estati"}, "geometry": {"type": "Polygon", "coordinates": [[[11.346813032645757, 44.524234730796614], [11.346769673779969, 44.52315531672561], [11.344883664661783, 44.523194074267884], [11.344894495458435, 44.523463928170656], [11.345271699324261, 44.523456179079034], [11.345293364849974, 44.52399588669489], [11.345670572040714, 44.523988136213525], [11.345681406769849, 44.52425798992659], [11.346813032645757, 44.524234730796614]]]}}, {"type": "Feature", "properties": {"threshold": "ge_8", "source": "HistorySUHI", "period": "2013-2026", "hotspot_percentile": "top_10_pct", "label": ">= 8 estati"}, "geometry": {"type": "Polygon", "coordinates": [[[11.363065597892383, 44.52470966993287], [11.362688390761658, 44.524717477961566], [11.36267747734644, 44.52444762756902], [11.361923066102731, 44.52446323974625], [11.36193397604116, 44.524733090284904], [11.361556768451434, 44.524740894579516], [11.361567676804414, 44.52501074517627], [11.361190467323313, 44.52501854829921], [11.361201374090795, 44.52528839895406], [11.361578585310346, 44.525280595758105], [11.361589493969234, 44.52555044632503], [11.361966706774302, 44.52554264181132], [11.361977617324646, 44.52581249229029], [11.362354831715225, 44.5258046864588], [11.362387569499804, 44.52661423758706], [11.361633130134393, 44.526629848443534], [11.361644039558099, 44.52689969893587], [11.362021261055895, 44.52689189405699], [11.362032172371192, 44.527161744461374], [11.363541063786622, 44.527130512205744], [11.363519227400229, 44.526590811966585], [11.363142008253146, 44.52659862175152], [11.363109260037332, 44.52578907106162], [11.363486473968809, 44.52578126149592], [11.363464639113282, 44.52524156110754], [11.363087428658751, 44.525249370527085], [11.363065597892383, 44.52470966993287]]]}}, {"type": "Feature", "properties": {"threshold": "ge_8", "source": "HistorySUHI", "period": "2013-2026", "hotspot_percentile": "top_10_pct", "label": ">= 8 estati"}, "geometry": {"type": "Polygon", "coordinates": [[[11.36007411746539, 44.53476437303293], [11.360085022782707, 44.535034223442786], [11.361216845619637, 44.53501081717382], [11.36122775630796, 44.53528066734974], [11.36160503202032, 44.53527286269676], [11.361550471412171, 44.533923612033085], [11.360795937227506, 44.53393921936363], [11.360785029043397, 44.5336693690401], [11.36040776346084, 44.533677170764726], [11.360396857168906, 44.53340732035328], [11.360019593172627, 44.53341512075982], [11.35997597649085, 44.53233571867285], [11.360730490417245, 44.53232011719865], [11.360686862269448, 44.531240715457], [11.36030961233893, 44.5312485165246], [11.36029870742333, 44.530978665978914], [11.358412464172506, 44.531017652277406], [11.358401568104705, 44.53074780135197], [11.35764707321264, 44.53076338701071], [11.35763618077555, 44.53049353592451], [11.357258934839361, 44.53050132681353], [11.35721537357398, 44.52942192202805], [11.356838134440709, 44.529429711380544], [11.356827246244974, 44.529159860074], [11.356450008697871, 44.52916764810871], [11.356460895154758, 44.529437499488125], [11.355706416124917, 44.529453071968554], [11.355695533145738, 44.52918322044342], [11.354186580210433, 44.52921435017398], [11.354164828620476, 44.528674646496384], [11.353787593482988, 44.52868242567117], [11.353776719655556, 44.528412573737235], [11.35302225240077, 44.52842812820657], [11.353033122750604, 44.52869798028606], [11.352278651408513, 44.52871352992141], [11.352300385610103, 44.52925323432672], [11.351545906703114, 44.52926877927341], [11.351567634558668, 44.52980848391004], [11.351190391398863, 44.52981625466144], [11.351288158638715, 44.53224492544318], [11.351665417449805, 44.532237154037304], [11.351687148657106, 44.53277685834613], [11.352064410794158, 44.532769085549745], [11.352086146089354, 44.53330878965348], [11.352840676863087, 44.5332932400345], [11.35285154821777, 44.533563091918516], [11.353983348452664, 44.53353975793353], [11.354005102055027, 44.534079461220145], [11.354759641739458, 44.53406389871342], [11.35479228372294, 44.53487345309465], [11.355169558554275, 44.53486566975513], [11.355180441259975, 44.535135521112885], [11.355934993943535, 44.535119950552655], [11.355945880280633, 44.53538980174981], [11.35670043583233, 44.535374226063205], [11.356711325800918, 44.53564407709968], [11.357843163201288, 44.535620704012295], [11.35783226801448, 44.535350853194515], [11.358209545102996, 44.53534305974795], [11.358187751709004, 44.53480335821351], [11.358942298470138, 44.53478776787668], [11.358953198569429, 44.53505761850548], [11.359707748197842, 44.53504202304216], [11.359696844619865, 44.53477217255932], [11.36007411746539, 44.53476437303293]], [[11.357400525827517, 44.534009390718744], [11.357023257130125, 44.53401718131046], [11.357034148074469, 44.53428703234861], [11.356656877485069, 44.53429482176811], [11.356635099227653, 44.53375511953111], [11.356257831964106, 44.53376290755972], [11.35623605779593, 44.533223205117324], [11.355858793858177, 44.533230991755126], [11.355837023779033, 44.53269128910736], [11.356591544545148, 44.53267571487819], [11.35660243298674, 44.53294556606377], [11.357356956620443, 44.53292998670861], [11.357400525827517, 44.534009390718744]]]}}, {"type": "Feature", "properties": {"threshold": "ge_8", "source": "HistorySUHI", "period": "2013-2026", "hotspot_percentile": "top_10_pct", "label": ">= 8 estati"}, "geometry": {"type": "Polygon", "coordinates": [[[11.348788425551248, 44.53580737492405], [11.348755865686654, 44.53499781718569], [11.348378588264694, 44.53500557935746], [11.348356885928037, 44.53446587397878], [11.347979611832676, 44.534473634760126], [11.347968762631943, 44.53420378197583], [11.347591490123788, 44.53421154143942], [11.347569795657364, 44.53367183568093], [11.347192526475725, 44.53367959375417], [11.347170836096272, 44.5331398877909], [11.346793570241088, 44.53314764447386], [11.346771883948392, 44.53260793830585], [11.3463946214196, 44.53261569359857], [11.346372939213454, 44.53207598722585], [11.345618420656534, 44.532091493785835], [11.345607583259776, 44.53182164043205], [11.345230325492492, 44.53182939177192], [11.345241161150103, 44.53209924519825], [11.344863901491726, 44.5321069953656], [11.344885569784422, 44.532646702318644], [11.344508306495745, 44.53265445138597], [11.344551637947259, 44.533733865403455], [11.344928908192976, 44.53372611604609], [11.344950578308874, 44.53426582282047], [11.345327851881317, 44.5342580720729], [11.345392876312317, 44.53587719160351], [11.345015592303305, 44.53588494278626], [11.345026428500885, 44.53615479606179], [11.345403714249413, 44.536147044806505], [11.345436228972623, 44.53695660432614], [11.345813519787841, 44.53694885160799], [11.345824360072504, 44.537218704678864], [11.34846540369835, 44.5371644002763], [11.348476256312392, 44.537434252824134], [11.349608135088486, 44.53741096061176], [11.349618993073623, 44.53768081292672], [11.349241698560862, 44.53768857831546], [11.349263411508609, 44.538228283046045], [11.350018007340529, 44.538212750732605], [11.350028867522182, 44.538482602930195], [11.350783466224303, 44.538467065490124], [11.350707423796166, 44.53657810081176], [11.350330136698634, 44.53658586964556], [11.350319275843491, 44.53631601741636], [11.349941990333178, 44.53632378493223], [11.349931131369845, 44.53605393261545], [11.349176563371419, 44.53606946376618], [11.349165708039331, 44.535799611289164], [11.348788425551248, 44.53580737492405]]]}}, {"type": "Feature", "properties": {"threshold": "ge_8", "source": "HistorySUHI", "period": "2013-2026", "hotspot_percentile": "top_10_pct", "label": ">= 8 estati"}, "geometry": {"type": "Polygon", "coordinates": [[[11.353315805355889, 44.53571412912201], [11.353337554440952, 44.53625383246132], [11.353714838579641, 44.53624605373845], [11.35373659175374, 44.536785756872575], [11.354491166531576, 44.536770195399974], [11.354502046826518, 44.537040046799056], [11.354879335726128, 44.53703226412208], [11.354846690080464, 44.53622271009859], [11.354469406399422, 44.53623049255708], [11.35444764687756, 44.53569078965459], [11.35407036652287, 44.53569857072224], [11.35405948873022, 44.53542871917583], [11.35368220996242, 44.53543649892551], [11.35369308601564, 44.53570635054473], [11.353315805355889, 44.53571412912201]]]}}, {"type": "Feature", "properties": {"threshold": "ge_8", "source": "HistorySUHI", "period": "2013-2026", "hotspot_percentile": "top_10_pct", "label": ">= 8 estati"}, "geometry": {"type": "Polygon", "coordinates": [[[11.359007701358752, 44.53640687142572], [11.358996800495163, 44.5361370208715], [11.358619518494029, 44.53614481702724], [11.358630417618148, 44.53641466765442], [11.358253133724702, 44.53642246263791], [11.35826403126217, 44.536692313323115], [11.357886745476407, 44.536700107134315], [11.357930330196279, 44.53777951001774], [11.358307622940282, 44.53777171591481], [11.358318521241882, 44.53804156652545], [11.358695815572672, 44.5380337711043], [11.358684915531452, 44.5377639205666], [11.359439500255199, 44.537748326134405], [11.359428596887657, 44.53747847572772], [11.360183177520618, 44.53746287646043], [11.360150457898182, 44.5366533255888], [11.359395887702437, 44.53666892441817], [11.35938498494649, 44.536399073951834], [11.359007701358752, 44.53640687142572]]]}}, {"type": "Feature", "properties": {"threshold": "ge_8", "source": "HistorySUHI", "period": "2013-2026", "hotspot_percentile": "top_10_pct", "label": ">= 8 estati"}, "geometry": {"type": "Polygon", "coordinates": [[[11.35568834292523, 44.538365950711594], [11.355655684552616, 44.537556397348794], [11.355278392479086, 44.53756418266195], [11.355311045632785, 44.53837373624333], [11.35568834292523, 44.538365950711594]]]}}, {"type": "Feature", "properties": {"threshold": "ge_8", "source": "HistorySUHI", "period": "2013-2026", "hotspot_percentile": "top_10_pct", "label": ">= 8 estati"}, "geometry": {"type": "Polygon", "coordinates": [[[11.359084011684319, 44.5382958248877], [11.3590731097506, 44.53802597443788], [11.358695815572672, 44.5380337711043], [11.358706715766749, 44.53830362162707], [11.359084011684319, 44.5382958248877]]]}}, {"type": "Feature", "properties": {"threshold": "ge_8", "source": "HistorySUHI", "period": "2013-2026", "hotspot_percentile": "top_10_pct", "label": ">= 8 estati"}, "geometry": {"type": "Polygon", "coordinates": [[[11.34851966829052, 44.53851366286649], [11.347765067761365, 44.538529185362705], [11.347786767704644, 44.539068890585014], [11.348164071524812, 44.53906112981433], [11.34817492346448, 44.53933098233052], [11.348552228872249, 44.53932322024186], [11.348563082703912, 44.53959307267053], [11.348940389699276, 44.53958530926385], [11.348929534127807, 44.53931545690785], [11.349306839231128, 44.53930769232846], [11.349285125065357, 44.53876798771704], [11.348907823441571, 44.53877575215111], [11.348875258553948, 44.537966194904314], [11.348497961997058, 44.53797395787511], [11.34851966829052, 44.53851366286649]]]}}, {"type": "Feature", "properties": {"threshold": "ge_8", "source": "HistorySUHI", "period": "2013-2026", "hotspot_percentile": "top_10_pct", "label": ">= 8 estati"}, "geometry": {"type": "Polygon", "coordinates": [[[11.340305554076604, 44.54084296848257], [11.340316370390283, 44.5411128224321], [11.338807092721037, 44.54114375545797], [11.338817902226348, 44.541413609682095], [11.338440580689966, 44.54142133989725], [11.338483813266862, 44.54250075693425], [11.339615798302157, 44.542477561684194], [11.339626612045757, 44.542747415689206], [11.340758600936553, 44.54272420901229], [11.340769420052286, 44.54299406278526], [11.343033404177346, 44.54294761536757], [11.343022574620733, 44.542677762029236], [11.343399903036666, 44.54267001650606], [11.343378240898867, 44.542130309929696], [11.343000915963135, 44.542138055307916], [11.34295760047039, 44.54105864168663], [11.342580282342912, 44.54106638552948], [11.342569455589357, 44.54079653201451], [11.340305554076604, 44.54084296848257]]]}}, {"type": "Feature", "properties": {"threshold": "ge_8", "source": "HistorySUHI", "period": "2013-2026", "hotspot_percentile": "top_10_pct", "label": ">= 8 estati"}, "geometry": {"type": "Polygon", "coordinates": [[[11.3453190632856, 44.54344082887259], [11.345308222984144, 44.54317097599909], [11.34493089184769, 44.54317872789492], [11.344941730408971, 44.543448580840966], [11.3453190632856, 44.54344082887259]]]}}, {"type": "Feature", "properties": {"threshold": "ge_8", "source": "HistorySUHI", "period": "2013-2026", "hotspot_percentile": "top_10_pct", "label": ">= 8 estati"}, "geometry": {"type": "Polygon", "coordinates": [[[11.352825508969868, 44.551658693713044], [11.35279287514922, 44.55084914057527], [11.352415496431986, 44.55085691824638], [11.352393744795979, 44.550317215934435], [11.351261618173915, 44.550340541036135], [11.351272488693287, 44.55061039241781], [11.350895111106846, 44.55061816503278], [11.350916849121333, 44.55115786789692], [11.350539467900786, 44.551165639411494], [11.350572070843205, 44.5519751938141], [11.350194684247551, 44.55198296430095], [11.350203769923336, 44.552208596398934], [11.350366045329089, 44.552203032444936], [11.35062519269056, 44.55217068875596], [11.350702987417971, 44.55214883110882], [11.351516964051894, 44.55202962639874], [11.351520481148464, 44.552029112822936], [11.351639251707356, 44.55200246731962], [11.35168653929662, 44.551991833434606], [11.351799243703736, 44.551957435543095], [11.351937388343822, 44.551890446442535], [11.352398254234641, 44.551611441802656], [11.352398280118633, 44.55161145927426], [11.352607787653128, 44.55202684748442], [11.352607801320397, 44.55202687421027], [11.352821976433221, 44.552468992144846], [11.352858144163685, 44.55246824671669], [11.352847265613168, 44.552198395730386], [11.353224652882218, 44.55219061644947], [11.353202892757093, 44.55165091457771], [11.352825508969868, 44.551658693713044]]]}}, {"type": "Feature", "properties": {"threshold": "ge_8", "source": "HistorySUHI", "period": "2013-2026", "hotspot_percentile": "top_10_pct", "label": ">= 8 estati"}, "geometry": {"type": "Polygon", "coordinates": [[[11.355866359491303, 44.55213612659776], [11.355855467166034, 44.55186627617922], [11.355478082706629, 44.55187406410857], [11.355467192275013, 44.55160421360225], [11.35471242637976, 44.55161978557757], [11.354723313329602, 44.55188963622961], [11.353968543341779, 44.5519052033671], [11.35401199678481, 44.55298257442423], [11.354194764469455, 44.55288196544886], [11.354197607126377, 44.55288096155957], [11.354405027068383, 44.55280785043769], [11.35453031910089, 44.55276340449905], [11.354535855249216, 44.55276144479301], [11.354543103806042, 44.552758864602374], [11.354702912630271, 44.552702120273835], [11.354706114154524, 44.55270158610194], [11.354876909101204, 44.552670623146355], [11.355139055936295, 44.552602485376426], [11.355144773369037, 44.55260096302336], [11.355101216412693, 44.55249125688679], [11.355100349001258, 44.55248910517879], [11.355595576181273, 44.55236017070299], [11.356246437872333, 44.55219502611084], [11.356243745538842, 44.55212833734964], [11.355866359491303, 44.55213612659776]]]}}, {"type": "Feature", "properties": {"threshold": "ge_8", "source": "HistorySUHI", "period": "2013-2026", "hotspot_percentile": "top_10_pct", "label": ">= 8 estati"}, "geometry": {"type": "Polygon", "coordinates": [[[11.37262784690222, 44.46266357949471], [11.372616911278994, 44.46239372809884], [11.372240108229223, 44.4624015590843], [11.372229174491949, 44.462131707600214], [11.371852373021706, 44.46213953727044], [11.371874237183974, 44.46267924037024], [11.3722510421197, 44.46267141055347], [11.372261976163383, 44.462941262007696], [11.372638782678678, 44.46293343087565], [11.372649718608368, 44.46320328224168], [11.373026526703226, 44.463195449794334], [11.373059340610249, 44.4640050035829], [11.373436153750378, 44.46399716967363], [11.373468974235545, 44.464806723107856], [11.373845792421118, 44.464798887736585], [11.373856734622397, 44.46506873877813], [11.374987193457942, 44.465045224991805], [11.374943404777726, 44.46396582161614], [11.374566592250911, 44.46397366049357], [11.37454470229683, 44.4634339585694], [11.37379108371452, 44.4634496323048], [11.373769201305073, 44.46290993002755], [11.373015589040742, 44.46292559850161], [11.373004651531513, 44.46265574719396], [11.37262784690222, 44.46266357949471]]]}}, {"type": "Feature", "properties": {"threshold": "ge_8", "source": "HistorySUHI", "period": "2013-2026", "hotspot_percentile": "top_10_pct", "label": ">= 8 estati"}, "geometry": {"type": "Polygon", "coordinates": [[[11.371546965318538, 44.473219100500934], [11.371579770236911, 44.47402865373132], [11.372710403896454, 44.474005158774474], [11.37272134437712, 44.47427500960154], [11.373098223690828, 44.474267175391006], [11.373109166058626, 44.47453702612981], [11.374616688715049, 44.47450567656942], [11.374583841266245, 44.47369612518825], [11.374206966033586, 44.47370396422201], [11.374185071968999, 44.47316426307984], [11.37380820005038, 44.473172100724454], [11.37379725498188, 44.47290225005762], [11.37266664350692, 44.4729257553169], [11.37267758337434, 44.47319560620369], [11.371546965318538, 44.473219100500934]]]}}, {"type": "Feature", "properties": {"threshold": "ge_8", "source": "HistorySUHI", "period": "2013-2026", "hotspot_percentile": "top_10_pct", "label": ">= 8 estati"}, "geometry": {"type": "Polygon", "coordinates": [[[11.380855347833235, 44.47950721282246], [11.380844367866453, 44.479237363836354], [11.381598185780692, 44.47922163919339], [11.381576219372015, 44.478681941470576], [11.380822408394515, 44.47869766581924], [11.380833388053547, 44.47896751483527], [11.380456480599802, 44.478975375219186], [11.380478436911066, 44.4795150733535], [11.380855347833235, 44.47950721282246]]]}}, {"type": "Feature", "properties": {"threshold": "ge_8", "source": "HistorySUHI", "period": "2013-2026", "hotspot_percentile": "top_10_pct", "label": ">= 8 estati"}, "geometry": {"type": "Polygon", "coordinates": [[[11.390377287660131, 44.48173891929326], [11.390754210182086, 44.481731025787944], [11.390732157443821, 44.48119133190324], [11.38922448030399, 44.4812228978771], [11.38925753883063, 44.4820324395679], [11.39038831252666, 44.48200876628703], [11.390377287660131, 44.48173891929326]]]}}, {"type": "Feature", "properties": {"threshold": "ge_8", "source": "HistorySUHI", "period": "2013-2026", "hotspot_percentile": "top_10_pct", "label": ">= 8 estati"}, "geometry": {"type": "Polygon", "coordinates": [[[11.374601164148162, 44.48341857456459], [11.374612116935028, 44.48368842457553], [11.374235177383678, 44.48369626508107], [11.374246128589393, 44.48396611515047], [11.373869187149902, 44.48397395448648], [11.373912986568739, 44.48505335490811], [11.374289934947111, 44.485045515278664], [11.37430088692027, 44.48531536527336], [11.374677836879927, 44.485307524327595], [11.374666883171992, 44.485037674406264], [11.375043831243353, 44.48502983229093], [11.375032875954181, 44.48475998242803], [11.37540982213725, 44.48475213914313], [11.375365995577186, 44.4836727398358], [11.37498905633287, 44.48368058282711], [11.374978101811374, 44.48341073288954], [11.374601164148162, 44.48341857456459]]]}}, {"type": "Feature", "properties": {"threshold": "ge_8", "source": "HistorySUHI", "period": "2013-2026", "hotspot_percentile": "top_10_pct", "label": ">= 8 estati"}, "geometry": {"type": "Polygon", "coordinates": [[[11.395431946264514, 44.48541404988331], [11.395376700680727, 44.48406482054382], [11.394999764404576, 44.484072729628224], [11.39497767072411, 44.483533037639596], [11.39535460353116, 44.48352512870321], [11.39534355518864, 44.48325528276044], [11.394966624116103, 44.48326319162282], [11.394944531364537, 44.482723499544335], [11.395321458968116, 44.48271559082997], [11.395310411090106, 44.48244574484228], [11.395687336804418, 44.482437834959136], [11.395698386416864, 44.48270768087282], [11.39682916783386, 44.48268394354463], [11.396840222804538, 44.4829537892212], [11.397217151368158, 44.482945874218835], [11.397206094663028, 44.48267602861633], [11.397959947856476, 44.482660195031386], [11.397948887837451, 44.48239034956205], [11.398325812467261, 44.48238243097951], [11.398314750868845, 44.482112585569304], [11.398691673609235, 44.482104665818106], [11.398680610431471, 44.48183482046703], [11.399057531282448, 44.4818268995472], [11.39902433747646, 44.48101736362647], [11.398647421828437, 44.48102528432395], [11.398636359270835, 44.48075543891296], [11.397505616599465, 44.480779193326846], [11.397516673954241, 44.48104903896012], [11.396385924685372, 44.48107278241187], [11.396396976992195, 44.481342628252364], [11.39602005852511, 44.4813505403249], [11.39603110925249, 44.481620386224435], [11.3956541888962, 44.48162829712826], [11.395665238044087, 44.481898143086866], [11.395288315798583, 44.48190605282196], [11.39529936336693, 44.48217589883961], [11.394922439232207, 44.48218380740596], [11.394933485220967, 44.48245365348263], [11.39455655919702, 44.48246156088021], [11.394567603606143, 44.48273140701591], [11.394190675692968, 44.48273931324469], [11.394201718522407, 44.48300915943938], [11.393824788719995, 44.48301706449935], [11.393835829969701, 44.48328691075306], [11.393458898278052, 44.48329481464417], [11.393469937947975, 44.48356466095687], [11.393093004367078, 44.48357256367911], [11.393115080701962, 44.4841122564075], [11.392361206137839, 44.48412805841922], [11.392416382335854, 44.485477290717576], [11.392793328368525, 44.485469389963484], [11.392815403399855, 44.48600908263017], [11.393192352747302, 44.48600118048528], [11.393214431866985, 44.48654087294419], [11.393591384529278, 44.48653296940844], [11.393613467737522, 44.487072661659546], [11.39399042371472, 44.4870647567329], [11.394001467285836, 44.487334602762026], [11.394378424843117, 44.48732669651842], [11.394389470303901, 44.48759654245859], [11.39627426444212, 44.48755699222558], [11.396252156326703, 44.48701730107045], [11.396629111219939, 44.48700938744296], [11.396607000254603, 44.486469696376034], [11.396230048830986, 44.48647760985541], [11.396196888749298, 44.485668072920554], [11.395819942375015, 44.48567598493488], [11.395808891058982, 44.48540613918594], [11.395431946264514, 44.48541404988331]]]}}, {"type": "Feature", "properties": {"threshold": "ge_8", "source": "HistorySUHI", "period": "2013-2026", "hotspot_percentile": "top_10_pct", "label": ">= 8 estati"}, "geometry": {"type": "Polygon", "coordinates": [[[11.413491723673031, 44.48422340757641], [11.413480591452903, 44.48395356525975], [11.412726730195738, 44.48396950164523], [11.412737858946896, 44.484239344111025], [11.413491723673031, 44.48422340757641]]]}}, {"type": "Feature", "properties": {"threshold": "ge_8", "source": "HistorySUHI", "period": "2013-2026", "hotspot_percentile": "top_10_pct", "label": ">= 8 estati"}, "geometry": {"type": "Polygon", "coordinates": [[[11.388080291957392, 44.4901594049018], [11.388036223455755, 44.48908001656537], [11.38728228211094, 44.489095786432834], [11.387293295534574, 44.48936563368696], [11.386916322895532, 44.489373516829836], [11.386927334738425, 44.489643364142765], [11.387304309112572, 44.48963548092612], [11.38732633673167, 44.49017517535957], [11.388080291957392, 44.4901594049018]]]}}, {"type": "Feature", "properties": {"threshold": "ge_8", "source": "HistorySUHI", "period": "2013-2026", "hotspot_percentile": "top_10_pct", "label": ">= 8 estati"}, "geometry": {"type": "Polygon", "coordinates": [[[11.405033025433518, 44.489533411283], [11.405021930153032, 44.48926356753904], [11.404644963060312, 44.4892715091804], [11.404656056605793, 44.48954135299867], [11.405033025433518, 44.489533411283]]]}}, {"type": "Feature", "properties": {"threshold": "ge_8", "source": "HistorySUHI", "period": "2013-2026", "hotspot_percentile": "top_10_pct", "label": ">= 8 estati"}, "geometry": {"type": "Polygon", "coordinates": [[[11.405432188603319, 44.49006515561856], [11.40542109127676, 44.489795311978924], [11.405044120869515, 44.489803255011964], [11.405055216461022, 44.49007309872594], [11.405432188603319, 44.49006515561856]]]}}, {"type": "Feature", "properties": {"threshold": "ge_8", "source": "HistorySUHI", "period": "2013-2026", "hotspot_percentile": "top_10_pct", "label": ">= 8 estati"}, "geometry": {"type": "Polygon", "coordinates": [[[11.38173758325899, 44.49191238486585], [11.38060661109076, 44.49193597661196], [11.380617594821922, 44.49220582504264], [11.380240602055874, 44.492213686545114], [11.38028453157835, 44.49329308041259], [11.381038530839932, 44.493277355575806], [11.381049517076372, 44.49354720385816], [11.381426518211681, 44.49353933950125], [11.381415530239753, 44.49326949129248], [11.381792529485562, 44.49326162576588], [11.381781539932186, 44.49299177761578], [11.382158537288502, 44.492983910919506], [11.382147546153728, 44.49271406282807], [11.381770550532845, 44.49272192945073], [11.38173758325899, 44.49191238486585]]]}}, {"type": "Feature", "properties": {"threshold": "ge_8", "source": "HistorySUHI", "period": "2013-2026", "hotspot_percentile": "top_10_pct", "label": ">= 8 estati"}, "geometry": {"type": "Polygon", "coordinates": [[[11.370881367824982, 44.49402892177431], [11.370925127480971, 44.495108322625036], [11.37130214144364, 44.4951004914712], [11.371313083476704, 44.49537034157326], [11.371690099021702, 44.495362509102755], [11.371679155252938, 44.495092659073975], [11.37205616890884, 44.495084825433366], [11.3720452235578, 44.49481497546296], [11.372422235324608, 44.49480714065227], [11.372400341611511, 44.494267440813296], [11.37202333331597, 44.494275275477364], [11.372012388425176, 44.494005425462156], [11.370881367824982, 44.49402892177431]]]}}, {"type": "Feature", "properties": {"threshold": "ge_8", "source": "HistorySUHI", "period": "2013-2026", "hotspot_percentile": "top_10_pct", "label": ">= 8 estati"}, "geometry": {"type": "Polygon", "coordinates": [[[11.39326807793652, 44.4970727691005], [11.39324599021594, 44.49653307766143], [11.392491955708486, 44.49654888398983], [11.39248091555179, 44.49627903809995], [11.392857931147205, 44.49627113563138], [11.392846889409581, 44.49600128980047], [11.393977930060089, 44.49597757515643], [11.393966883270298, 44.495707729532455], [11.394343894775176, 44.495699822238365], [11.394354943300609, 44.495969667788344], [11.394731956386263, 44.4959617591769], [11.394743006802223, 44.49623160463791], [11.395120021468644, 44.49622369470908], [11.39513107377518, 44.4964935400811], [11.39588510611461, 44.496477716345254], [11.39590721813531, 44.49701740674821], [11.39666125679771, 44.497001577742594], [11.396672316512012, 44.49727142277349], [11.397803378550112, 44.49724766971729], [11.397781248862158, 44.49670798008507], [11.398158265759916, 44.496700060061066], [11.398136133220978, 44.49616037051715], [11.398513146492276, 44.496152449398025], [11.398491011102537, 44.495612759942425], [11.398114001302487, 44.49562068091331], [11.398091870004418, 44.495080991249566], [11.398468876333318, 44.49507307042691], [11.398457809181396, 44.49480322564666], [11.398080804588036, 44.4948111463952], [11.398069739326752, 44.49454130152587], [11.397315733145795, 44.49455713914481], [11.397304671510595, 44.494287294112304], [11.396550668180453, 44.49430312660992], [11.396528552317033, 44.49376343620365], [11.39577455530878, 44.493779263431904], [11.39580771892352, 44.49458879946316], [11.394299702222051, 44.49462043988868], [11.394310750128048, 44.49489028549857], [11.393179730769269, 44.494914002984935], [11.393168688069913, 44.49464415715311], [11.39279168304294, 44.49465206042131], [11.39278064223389, 44.49438221450056], [11.392403638787691, 44.4943901164515], [11.392392599868899, 44.49412027044183], [11.39201559800348, 44.49412817107553], [11.392026635186765, 44.494398017159135], [11.391649631431134, 44.49440591662346], [11.39163859598336, 44.49413607046594], [11.391261593808563, 44.494143968613066], [11.391283661387742, 44.494683661060925], [11.392037672524754, 44.49466786322774], [11.392070785466975, 44.4954774013438], [11.392447796010176, 44.49546950034043], [11.392469875549843, 44.49600919219507], [11.392092861535358, 44.49601709334632], [11.392103899801631, 44.49628693932511], [11.391349867837164, 44.4963027380453], [11.391360902786746, 44.49657258415698], [11.389852830059063, 44.49660416697224], [11.389863858220366, 44.496874013364476], [11.389486837916191, 44.496881906033636], [11.38954197236242, 44.49823113813966], [11.389919001345682, 44.4982232451012], [11.389941059677955, 44.49876293769113], [11.390695124124267, 44.49874714758829], [11.390706156994174, 44.499016993713056], [11.392214290974517, 44.49898539828979], [11.392203251160902, 44.49871555246069], [11.392957313750838, 44.49869974743594], [11.392946270620179, 44.49842990173977], [11.393323299947076, 44.49842199743613], [11.393301210678421, 44.49788230614679], [11.393678236378799, 44.497874400747634], [11.393645098429522, 44.497064863923256], [11.39326807793652, 44.4970727691005]]]}}, {"type": "Feature", "properties": {"threshold": "ge_8", "source": "HistorySUHI", "period": "2013-2026", "hotspot_percentile": "top_10_pct", "label": ">= 8 estati"}, "geometry": {"type": "Polygon", "coordinates": [[[11.412928611039895, 44.49800926017304], [11.412917476066719, 44.49773941839802], [11.413294495419164, 44.497731448266784], [11.41328335886636, 44.497461606551354], [11.412152305547941, 44.497485512991204], [11.412163436893627, 44.49775535493035], [11.411786417073028, 44.49776332133142], [11.411797546839008, 44.498033163330106], [11.412928611039895, 44.49800926017304]]]}}, {"type": "Feature", "properties": {"threshold": "ge_8", "source": "HistorySUHI", "period": "2013-2026", "hotspot_percentile": "top_10_pct", "label": ">= 8 estati"}, "geometry": {"type": "Polygon", "coordinates": [[[11.411065756315223, 44.498588776801576], [11.411054629708804, 44.49831893468385], [11.41143165331289, 44.49831097062052], [11.411398269222161, 44.49750144440088], [11.411021250825296, 44.49750940824063], [11.410998999016057, 44.49696972387015], [11.408736906188983, 44.4970174799038], [11.408803601001603, 44.49863653551655], [11.408426574570498, 44.49864449095037], [11.408437689182115, 44.498914333574426], [11.408060660859382, 44.498922287839214], [11.4080495479836, 44.49865244514072], [11.407672521240935, 44.49866039808762], [11.407694743676572, 44.49920008361847], [11.407317713306458, 44.49920803547075], [11.407339932893295, 44.49974772109042], [11.406962898895651, 44.49975567184804], [11.406974007186724, 44.500025514709776], [11.407728078498158, 44.500009611802255], [11.407716966735208, 44.499739769089324], [11.408848067326325, 44.49971590562506], [11.40883695051141, 44.49944606312044], [11.409213981994256, 44.49943810621983], [11.409191745360168, 44.49889842131449], [11.409945800914846, 44.498882504080754], [11.409934679359917, 44.49861266175453], [11.411065756315223, 44.498588776801576]]]}}, {"type": "Feature", "properties": {"threshold": "ge_8", "source": "HistorySUHI", "period": "2013-2026", "hotspot_percentile": "top_10_pct", "label": ">= 8 estati"}, "geometry": {"type": "Polygon", "coordinates": [[[11.370777855361636, 44.50078300462089], [11.370755972257673, 44.50024330470599], [11.37037892500573, 44.50025113476507], [11.37040080463733, 44.500790834826525], [11.370777855361636, 44.50078300462089]]]}}, {"type": "Feature", "properties": {"threshold": "ge_8", "source": "HistorySUHI", "period": "2013-2026", "hotspot_percentile": "top_10_pct", "label": ">= 8 estati"}, "geometry": {"type": "Polygon", "coordinates": [[[11.401961552898447, 44.50661294494361], [11.40197264077111, 44.50688278847102], [11.402726803252838, 44.50686691666928], [11.40273789475415, 44.507136760033205], [11.403492060087146, 44.50712088310767], [11.403503155217193, 44.507390726307996], [11.404634407259975, 44.507366901368094], [11.404645507755488, 44.50763674433051], [11.405022593195199, 44.507628800121886], [11.405033695582985, 44.50789864299496], [11.405787869468785, 44.50788275069748], [11.405798975485576, 44.50815259340685], [11.405421886883827, 44.50816054025188], [11.405432991319605, 44.508430383020624], [11.40581008165806, 44.508422436101235], [11.40584340110968, 44.50923196409441], [11.406597591739983, 44.50921606607774], [11.406608702008851, 44.50948590856336], [11.408494184542501, 44.50944614138127], [11.408483065589687, 44.50917629926775], [11.408105971131391, 44.509184255117546], [11.408083737166868, 44.50864457069661], [11.408460828151666, 44.50863661499571], [11.408438591337113, 44.50809693066367], [11.407684416158471, 44.508112840523836], [11.407673301458315, 44.50784299818646], [11.408427473163627, 44.50782708847515], [11.408394119578317, 44.5070175618196], [11.408017039013417, 44.50702551707385], [11.408005923199918, 44.50675567475089], [11.40762884421576, 44.506763628686905], [11.40760661652929, 44.506223943847125], [11.407229540862401, 44.50623189639052], [11.407151761022094, 44.504342998457965], [11.40677469735443, 44.50435094923678], [11.406763588308028, 44.504081106540596], [11.404124150429773, 44.504136726648305], [11.40409086068704, 44.50332719690841], [11.4037138027195, 44.50333513744042], [11.403702708185941, 44.5030652940895], [11.404456820492967, 44.50304941193044], [11.404445722642468, 44.50277956871315], [11.40482277682642, 44.50277162584249], [11.404778380035397, 44.50169225312069], [11.404024285401258, 44.501708137023854], [11.40403538089338, 44.50197798037542], [11.403658331606868, 44.50198592053593], [11.40364723785088, 44.50171607711005], [11.403270190144998, 44.50172401595267], [11.40328128216485, 44.501993859452824], [11.402904232567346, 44.50200179712613], [11.402915323006521, 44.50227164068557], [11.401030064006731, 44.50231131076924], [11.401018982248408, 44.50204146683859], [11.400641931718505, 44.502049397050264], [11.400630851851677, 44.50177955303041], [11.400253802902617, 44.501787481924275], [11.400231647107129, 44.501247793691235], [11.399854601475027, 44.50125572119313], [11.399832449772816, 44.50071603275178], [11.40020949193277, 44.50070810539825], [11.40018733737952, 44.50016841704532], [11.400941414289484, 44.50015255890438], [11.400930333773797, 44.49988271485382], [11.401307370259829, 44.499874783992276], [11.401296288163504, 44.49960494000095], [11.401673322758239, 44.49959700797011], [11.401662239081324, 44.49932716403802], [11.402039271784764, 44.49931923083791], [11.40205035719761, 44.49958907469577], [11.402804425610162, 44.49957320441658], [11.402793336725471, 44.49930336070723], [11.403547401044442, 44.4992874856026], [11.403536308843396, 44.49901764202682], [11.40391333903378, 44.49900970268358], [11.403902245252349, 44.4987398591671], [11.404279273551365, 44.498731918654705], [11.404268178189595, 44.49846207519753], [11.40464520459725, 44.49845413351598], [11.404656301694855, 44.49872397689883], [11.407672521240935, 44.49866039808762], [11.407661410256733, 44.49839055529971], [11.408038435263588, 44.49838260242721], [11.40802732269934, 44.49811275969872], [11.407650299428274, 44.498120712496785], [11.40762807823857, 44.49758102684596], [11.408005098038132, 44.49757307419673], [11.407993985941166, 44.49730323142324], [11.40761696787732, 44.497311183998065], [11.40759474762201, 44.49677149825725], [11.406840717969882, 44.49678739937915], [11.40682961154711, 44.496517556337444], [11.405698571108358, 44.49654139847194], [11.405687470048148, 44.49627155519215], [11.403802408216714, 44.496311266844195], [11.403813500598728, 44.49658111049558], [11.404190515011711, 44.496573170577584], [11.404201609284874, 44.4968430141397], [11.403824593136221, 44.49685095413199], [11.403835685829197, 44.49712079775342], [11.404212703713544, 44.497112857686815], [11.404234893037417, 44.49765254473607], [11.403857871681609, 44.497660484951275], [11.403846778677659, 44.497390641359836], [11.403469758902107, 44.49739858025734], [11.403436486030264, 44.496589049170225], [11.403059471306342, 44.4965969866015], [11.403070560372491, 44.49686683038648], [11.402693543757463, 44.49687476664863], [11.402704631243342, 44.497144610492875], [11.4023276127372, 44.49715254558592], [11.402338698642765, 44.49742238948942], [11.4019616782455, 44.497430323413326], [11.401906258949944, 44.4960811033747], [11.400775222861366, 44.49610489657267], [11.400819537158982, 44.497184273524134], [11.40044251787614, 44.497192202400186], [11.400398210521244, 44.49611282515195], [11.399267172569438, 44.49613660342966], [11.399300387231651, 44.49694613705585], [11.399677405244498, 44.496938211984165], [11.399699552600069, 44.497477900845055], [11.399322531115747, 44.497485826065066], [11.39933360329059, 44.49775567054719], [11.398202532699205, 44.49777943896913], [11.398235734532495, 44.498588972992884], [11.398612763425605, 44.49858105120662], [11.398668111596786, 44.49993027390928], [11.398291074024039, 44.49993819606619], [11.39830214238778, 44.5002080406359], [11.397925102923885, 44.50021596162342], [11.397947236644747, 44.500755650866154], [11.39757019355364, 44.500763570758345], [11.397592324422845, 44.50130326008938], [11.397215277704447, 44.501311178886205], [11.39722634163559, 44.50158102360335], [11.39684929302597, 44.50158894123068], [11.396871417881192, 44.50212863076821], [11.396494365644166, 44.502136547300104], [11.396516487647236, 44.50267623692587], [11.39576237576317, 44.502692066555035], [11.395773433524763, 44.502961911493585], [11.39501931754815, 44.50297773629621], [11.39503037199217, 44.50324758136785], [11.393145070657802, 44.50328712198026], [11.39315611657517, 44.503556967406944], [11.392779054107352, 44.50356487187235], [11.392790098443205, 44.503834717358025], [11.392035969570419, 44.503850522705626], [11.392047010588328, 44.504120368324244], [11.389407542504767, 44.50417564838118], [11.389418571522514, 44.5044454945021], [11.388664432919688, 44.5044612777582], [11.38868648447314, 44.50500097025054], [11.387178191521173, 44.50503252242829], [11.387167172613115, 44.50476267589434], [11.387544244346378, 44.50475478978937], [11.387522203520742, 44.5042150968242], [11.387899271626612, 44.50420720962306], [11.3878772279461, 44.50366751674566], [11.388254292424659, 44.50365962844841], [11.388232245889453, 44.50311993565879], [11.388609306740785, 44.503112046265485], [11.38858725735106, 44.50257235356364], [11.388964314575249, 44.50256446307434], [11.388953288375937, 44.50229461677482], [11.389330343709302, 44.502286725115674], [11.389286233512845, 44.501207340063296], [11.388155087883511, 44.50123101042373], [11.38816610999226, 44.50150085693077], [11.387789059403941, 44.5015087446375], [11.387800079930999, 44.5017785912034], [11.387423027452, 44.5017864777403], [11.387445065497104, 44.50232617097479], [11.387068009391172, 44.50233405641564], [11.387079026909147, 44.50260390308423], [11.3867019689125, 44.5026117873552], [11.386712984848618, 44.50288163408261], [11.385958864919484, 44.50289739904106], [11.385980890309627, 44.50343709274603], [11.3856038266408, 44.50344497350722], [11.385614837831058, 44.50371482041103], [11.384860706557598, 44.5037305783497], [11.384871714429392, 44.504000425385996], [11.38374051115271, 44.50402405318718], [11.383751513969498, 44.50429390042962], [11.383374444165652, 44.50430177394955], [11.383396446788987, 44.50484146853691], [11.383773520065796, 44.50483359486963], [11.383784523345312, 44.5051034420672], [11.384538672909198, 44.50508769085393], [11.384549679816036, 44.50535753788915], [11.3853038322358, 44.50534178155328], [11.385314842770054, 44.50561162842611], [11.3883314601656, 44.505548552740784], [11.388353509482448, 44.50608824526107], [11.388730589434832, 44.506080355055644], [11.388741616061685, 44.50635020121952], [11.389118697596096, 44.506342309696436], [11.389129726114152, 44.506612155771485], [11.389883892192396, 44.506596368846125], [11.38989492433835, 44.50686621475848], [11.390272008882148, 44.50685831935617], [11.39026097499955, 44.50658847351769], [11.390638057652028, 44.5065805769454], [11.390627022187491, 44.50631073116587], [11.391381183555096, 44.50629493443763], [11.39137014477208, 44.50602508879093], [11.39174722348719, 44.50601718863502], [11.391736183122362, 44.50574734304727], [11.392490336615138, 44.50573153915191], [11.392479292932011, 44.50546169369709], [11.392856367709662, 44.505453789957684], [11.392867413129316, 44.50572363533855], [11.393621565693135, 44.505707823980465], [11.393643663943202, 44.50624751440139], [11.394397822833689, 44.50623169777213], [11.394408875664242, 44.50650154281212], [11.397048439055075, 44.50644614491151], [11.397037374068466, 44.506176300389896], [11.39816860798576, 44.506152539997665], [11.398135398327927, 44.505343007009955], [11.398512470780483, 44.50533508461402], [11.398523542247736, 44.505604928884104], [11.399654763883557, 44.5055811540113], [11.399676917702791, 44.50612084206158], [11.400808148360197, 44.50609705554973], [11.400819230712377, 44.5063668993298], [11.401196309024046, 44.50635896793072], [11.40120739326815, 44.50662881162161], [11.401961552898447, 44.50661294494361]], [[11.404611914237707, 44.497644603277465], [11.404623010868677, 44.497914446705295], [11.404245987932624, 44.497922388238216], [11.404234893037417, 44.49765254473607], [11.404611914237707, 44.497644603277465]], [[11.40425708298335, 44.498192231725376], [11.403880058155986, 44.49820017208917], [11.40386896484105, 44.49793032852772], [11.404245987932624, 44.497922388238216], [11.40425708298335, 44.498192231725376]], [[11.397758325720192, 44.50535092816213], [11.39774725788107, 44.5050810837288], [11.397370186854653, 44.50508900356311], [11.397359120907126, 44.5048191590407], [11.398113259331923, 44.50480331827658], [11.398135398327927, 44.505343007009955], [11.397758325720192, 44.50535092816213]], [[11.406164956178166, 44.50787480268297], [11.407296215371932, 44.50785095117635], [11.40730732833542, 44.508120793588155], [11.406176063931634, 44.50814464531796], [11.406164956178166, 44.50787480268297]]]}}, {"type": "Feature", "properties": {"threshold": "ge_8", "source": "HistorySUHI", "period": "2013-2026", "hotspot_percentile": "top_10_pct", "label": ">= 8 estati"}, "geometry": {"type": "Polygon", "coordinates": [[[11.413240453666496, 44.50556482378005], [11.412863383811962, 44.505572794830684], [11.412829971456414, 44.50476327049755], [11.413207036101795, 44.50475529967068], [11.413195897225856, 44.50448545827088], [11.413572959978756, 44.50447748627491], [11.41356181952265, 44.50420764493469], [11.413938880383078, 44.50419967176966], [11.413883171763775, 44.50285046521646], [11.414260223786856, 44.50284249118084], [11.414237937960086, 44.50230280860373], [11.414614986354682, 44.502294833473776], [11.414603841939481, 44.502024992237324], [11.414226795280992, 44.50203296729266], [11.414215652758093, 44.501763125966576], [11.414592697680497, 44.501755150985865], [11.414570409631164, 44.50121546843791], [11.414193368180852, 44.50122344326938], [11.41418222612651, 44.500953601898274], [11.413805186256027, 44.50096157541158], [11.413794046093853, 44.50069173395084], [11.413417007803208, 44.50069970614602], [11.413405869533152, 44.50042986459568], [11.412274758932451, 44.50045377349641], [11.412285891994587, 44.50072361527047], [11.411908853079566, 44.500731582491575], [11.41191998456176, 44.50100142432519], [11.411542943754702, 44.501009390377334], [11.411587464299581, 44.5020887578599], [11.410833368328905, 44.50210468682977], [11.410877877480795, 44.503184054668495], [11.410500822316806, 44.50319201758609], [11.410489696531071, 44.50292217557439], [11.40935853531208, 44.502946056641925], [11.409369655889178, 44.50321589887708], [11.408992600101497, 44.503223856820135], [11.409037077023665, 44.50430322590861], [11.409414139756459, 44.50429526766768], [11.409436382625469, 44.50483495197296], [11.409813448675061, 44.504826992339396], [11.409824572079804, 44.505096834395054], [11.410201639709852, 44.505088873443285], [11.41021276500693, 44.505358715409436], [11.41058983421743, 44.50535075313944], [11.410612088752334, 44.50589043687775], [11.410989161279728, 44.505882473214996], [11.410978032197836, 44.505612631427866], [11.411355102832772, 44.505604666595886], [11.411366233651112, 44.50587450830849], [11.411743305866462, 44.50586654215825], [11.41176557144421, 44.50640622538935], [11.412142646976458, 44.50639825784624], [11.412153781735942, 44.50666809936473], [11.413285012605586, 44.5066441890491], [11.413273872636575, 44.506374347754345], [11.413650947544324, 44.50636637523619], [11.413639805994995, 44.50609653400104], [11.412885659496297, 44.5061124776444], [11.412874521576063, 44.50584263624505], [11.413251593167033, 44.50583466511983], [11.413240453666496, 44.50556482378005]]]}}, {"type": "Feature", "properties": {"threshold": "ge_8", "source": "HistorySUHI", "period": "2013-2026", "hotspot_percentile": "top_10_pct", "label": ">= 8 estati"}, "geometry": {"type": "Polygon", "coordinates": [[[11.372084176881035, 44.50507710019271], [11.372073227588272, 44.50480725070155], [11.371696151278474, 44.50481508573778], [11.371707098834662, 44.50508493530226], [11.372084176881035, 44.50507710019271]]]}}, {"type": "Feature", "properties": {"threshold": "ge_8", "source": "HistorySUHI", "period": "2013-2026", "hotspot_percentile": "top_10_pct", "label": ">= 8 estati"}, "geometry": {"type": "Polygon", "coordinates": [[[11.364930584230862, 44.50549560544692], [11.36490875148302, 44.50495590369742], [11.364531672261528, 44.50496371510107], [11.36452075785375, 44.50469386413084], [11.364897835338642, 44.50468605280029], [11.364886919347292, 44.50441620188825], [11.364509843598974, 44.5044240131457], [11.364498929497197, 44.50415416214563], [11.363744781014697, 44.50416978078296], [11.363777513359555, 44.50497933417686], [11.364154592887031, 44.504971525260885], [11.364187331818448, 44.50578107830128], [11.364564416402896, 44.505773267922216], [11.364575331422706, 44.50604311883275], [11.364952417590837, 44.50603530713673], [11.364974251562971, 44.50657500876683], [11.365351341051525, 44.50656719568069], [11.365362260003923, 44.50683704640026], [11.365739351076172, 44.50682923199708], [11.365728430387012, 44.50655938135065], [11.366105519569405, 44.50655156577671], [11.366094597296598, 44.50628171518848], [11.366848771728543, 44.50626608045521], [11.366837846135432, 44.50599622999837], [11.366460760732735, 44.506004047913784], [11.366438913479337, 44.50546434680901], [11.364930584230862, 44.50549560544692]]]}}, {"type": "Feature", "properties": {"threshold": "ge_8", "source": "HistorySUHI", "period": "2013-2026", "hotspot_percentile": "top_10_pct", "label": ">= 8 estati"}, "geometry": {"type": "Polygon", "coordinates": [[[11.372494108783025, 44.50587881200319], [11.372483157293134, 44.50560896263018], [11.372106075927038, 44.5056167991302], [11.37209512632729, 44.505346949668926], [11.371718046544318, 44.50535478485179], [11.371707098834662, 44.50508493530226], [11.370952942281537, 44.50510060178989], [11.370898223400527, 44.50375135308521], [11.37052115357649, 44.50375918409689], [11.37051021199698, 44.50348933423788], [11.370133143756023, 44.50349716393252], [11.370122204066332, 44.503227313985306], [11.36861393651498, 44.50325862003335], [11.36862486925889, 44.50352847027352], [11.3682478002514, 44.50353629374938], [11.36825873141209, 44.503806144047815], [11.367881660514888, 44.50381396635311], [11.367903519822955, 44.50435366705161], [11.368280594193187, 44.504345844599925], [11.368291525813598, 44.504615694853584], [11.36866860176714, 44.50460787108489], [11.368679535277368, 44.504877721250416], [11.36943369019776, 44.50486206983514], [11.369444627334445, 44.50513191983928], [11.370575863774834, 44.50510843316797], [11.370586806274677, 44.50537828293739], [11.370209725877968, 44.50538611314493], [11.370220666794578, 44.50565596297269], [11.371351912734376, 44.50563246839873], [11.371362859014328, 44.505902317991705], [11.372117025680286, 44.50588664857654], [11.372171776749077, 44.50723589558425], [11.371794684809236, 44.50724373128037], [11.371816582837718, 44.50778343012555], [11.371439487270774, 44.507791264724375], [11.37145043477841, 44.508061114197865], [11.372958823072489, 44.508029768045624], [11.37294786861749, 44.50775991886546], [11.373324963570314, 44.50775207929089], [11.373314007532073, 44.507482230169124], [11.373691100594499, 44.507474389424], [11.37363631402341, 44.50612514395801], [11.372882145112325, 44.50614082347071], [11.372871191732242, 44.505870974185974], [11.372494108783025, 44.50587881200319]]]}}, {"type": "Feature", "properties": {"threshold": "ge_8", "source": "HistorySUHI", "period": "2013-2026", "hotspot_percentile": "top_10_pct", "label": ">= 8 estati"}, "geometry": {"type": "Polygon", "coordinates": [[[11.38961712028237, 44.50930272211955], [11.389639184348495, 44.509842413777726], [11.390016288151655, 44.509834518806635], [11.39002732215364, 44.5101043645394], [11.390404427539051, 44.51009646825045], [11.390371320786407, 44.50928693122894], [11.38961712028237, 44.50930272211955]]]}}, {"type": "Feature", "properties": {"threshold": "ge_8", "source": "HistorySUHI", "period": "2013-2026", "hotspot_percentile": "top_10_pct", "label": ">= 8 estati"}, "geometry": {"type": "Polygon", "coordinates": [[[11.363492519368384, 44.51659853845094], [11.363481605329685, 44.51632868783], [11.363858758122598, 44.51632087833299], [11.363847842499284, 44.51605102777018], [11.36611074561633, 44.51600414509605], [11.366099819720475, 44.51573429495704], [11.366476967966392, 44.515726476896084], [11.366466040486154, 44.5154566268153], [11.366843186841308, 44.51544880758324], [11.366821328865386, 44.51490910752326], [11.367198471592268, 44.51490128719327], [11.367187541096655, 44.51463143721406], [11.36756468193281, 44.51462361571301], [11.367553749852982, 44.51435376579206], [11.367930888798412, 44.51434594311996], [11.367919955134418, 44.5140760932573], [11.36867422909053, 44.514060444326866], [11.36868516622938, 44.5143302940431], [11.369439443046993, 44.514314639989315], [11.369461324734544, 44.51485433908401], [11.369838466388194, 44.514846510044265], [11.369860352164318, 44.51538620893271], [11.370237497139556, 44.51537837850218], [11.370248441995287, 44.515648227850726], [11.37062558855461, 44.51564039610264], [11.370647482201562, 44.51618009460836], [11.371024632082554, 44.51617226146939], [11.371035580873848, 44.516442110626556], [11.371412732338937, 44.516434276169974], [11.371423683021368, 44.5167041252389], [11.37217798896618, 44.516688452446154], [11.372167034808506, 44.51641860352388], [11.372544185812936, 44.51641076533436], [11.37255514170823, 44.51668061418329], [11.372932294296673, 44.51667277467612], [11.372943252083212, 44.516942623436734], [11.373320406255665, 44.51693478261188], [11.373331365933499, 44.51720463128418], [11.373708521689956, 44.517196789141614], [11.373730444981991, 44.51773648629465], [11.374484762984604, 44.517720797982896], [11.37442993853057, 44.51637155572224], [11.374807088613023, 44.51636371006691], [11.374796122445817, 44.51609386164339], [11.374418974100942, 44.516101707225296], [11.37439704570285, 44.51556201018658], [11.374019900679345, 44.515569854377404], [11.37399797637111, 44.515030157132124], [11.373620834668912, 44.51503799993189], [11.373598914450323, 44.51449830248007], [11.37322177606937, 44.51450614388885], [11.373199859940216, 44.51396644623053], [11.373576994846358, 44.5139586049685], [11.373555075856999, 44.51341890739719], [11.373932207134786, 44.513411065037744], [11.373888364050682, 44.5123316700094], [11.373511239722017, 44.512339512075314], [11.373478364233964, 44.51152996542704], [11.37310124496326, 44.511537806028706], [11.373090288511653, 44.51126795704271], [11.372336052983766, 44.51128363436706], [11.372325100160015, 44.51101378521942], [11.371193750928008, 44.511037291655335], [11.371204698540348, 44.51130714102293], [11.370827580085551, 44.511314974086716], [11.370783797505451, 44.510235576233505], [11.370406685845628, 44.51024340776006], [11.370341027000684, 44.50862431009257], [11.36996392560937, 44.508632139935436], [11.36995298474238, 44.508362290198654], [11.369575884934589, 44.5083701187243], [11.36956494595786, 44.50810026889933], [11.36994204402877, 44.50809244044694], [11.369887342761299, 44.50674319146442], [11.368756074140709, 44.506766671991066], [11.368767008877178, 44.50703652203716], [11.368012825556757, 44.50705216964851], [11.368056552140954, 44.508131570269285], [11.367679453303532, 44.50813939250188], [11.367690383595816, 44.50840924269296], [11.365427776932888, 44.508456150404214], [11.365438696956838, 44.50872600101932], [11.364684490037035, 44.50874162711745], [11.364695406740147, 44.50901147786385], [11.363941195734245, 44.50902709913216], [11.363952109116418, 44.50929695000982], [11.363575001646968, 44.50930475885105], [11.363596825396241, 44.50984446070775], [11.361334156523466, 44.50989128850691], [11.361345058205101, 44.51016113985107], [11.360967944454163, 44.51016894020307], [11.360978844551523, 44.510438791605324], [11.36060172891066, 44.510446590786245], [11.360656223003772, 44.51179584793868], [11.361410471504538, 44.51178024760288], [11.361421374256071, 44.512050098842636], [11.361798500014443, 44.51204229673551], [11.361809404656109, 44.51231214788734], [11.36218653199888, 44.51230434446306], [11.362230159043714, 44.513383748629124], [11.362607293182919, 44.51337594366854], [11.3626182020638, 44.51364579459971], [11.361863930157684, 44.51366140342274], [11.361874835716666, 44.51393125448507], [11.361120559724128, 44.513946858477254], [11.361109657639995, 44.513677007268896], [11.36035538451093, 44.51369260613818], [11.360344486054458, 44.51342275476897], [11.359213080427192, 44.51344614352235], [11.359223973671426, 44.513715995110445], [11.358846836419447, 44.51372378894608], [11.358857728078961, 44.513993640592204], [11.358480588936839, 44.51400143325654], [11.358567713809972, 44.51616024647201], [11.359322019742368, 44.51614465873224], [11.359332914513947, 44.51641451017121], [11.359710068988699, 44.51640671436187], [11.359742759433058, 44.51721626837045], [11.36011991896815, 44.517208471097874], [11.360141716837154, 44.51774817354976], [11.360518879694967, 44.51774037488686], [11.360529780596483, 44.51801022601745], [11.360906945039257, 44.51800242603717], [11.360896042399945, 44.51773257497957], [11.362404691691031, 44.517701362906486], [11.362382872968949, 44.51716166133067], [11.362760031433895, 44.51715385534751], [11.362749120564573, 44.51688400461027], [11.363126277138834, 44.51687619745581], [11.363115364684798, 44.5166063467767], [11.363492519368384, 44.51659853845094]], [[11.362683658560961, 44.51526489987353], [11.362694568512488, 44.51553475070029], [11.361940272281462, 44.51555036054578], [11.36191845948158, 44.51501065858522], [11.362295604198449, 44.515002854430676], [11.362306512259481, 44.515272705345396], [11.362683658560961, 44.51526489987353]], [[11.361541314611804, 44.51501846149547], [11.361519505898565, 44.514478759329215], [11.361896647293323, 44.51447095656498], [11.36191845948158, 44.51501065858522], [11.361541314611804, 44.51501846149547]], [[11.367056387101556, 44.51139323629932], [11.36743350708981, 44.51138541567651], [11.367422576848995, 44.51111556557644], [11.367045458597905, 44.51112338612608], [11.367034530247466, 44.51085353593789], [11.368542995383766, 44.510822246567635], [11.368564866135063, 44.511361946343456], [11.369319104732055, 44.51134629390093], [11.36936286197211, 44.51242569268755], [11.36860860947739, 44.51244134571598], [11.368619545696264, 44.51271119552178], [11.367865289113702, 44.512726843720046], [11.367876222011287, 44.51299669365736], [11.367499091752771, 44.51300451596345], [11.367510023066298, 44.513274365959035], [11.366001493550597, 44.513305643034336], [11.365990569186433, 44.51303579274608], [11.365613438161898, 44.513043608831296], [11.365591593367656, 44.51250390806373], [11.365968720917568, 44.51249609212479], [11.3659468732613, 44.51195639144381], [11.366701120952616, 44.5119407561261], [11.366690193879757, 44.511670905909526], [11.367067315758419, 44.511663086457645], [11.367056387101556, 44.51139323629932]]]}}, {"type": "Feature", "properties": {"threshold": "ge_8", "source": "HistorySUHI", "period": "2013-2026", "hotspot_percentile": "top_10_pct", "label": ">= 8 estati"}, "geometry": {"type": "Polygon", "coordinates": [[[11.38933929733494, 44.51173922835405], [11.389350328945572, 44.51200907412981], [11.388973210936898, 44.51201696720378], [11.388995271147833, 44.51255665885808], [11.389372392630808, 44.512548765636375], [11.389394456934687, 44.51308845708308], [11.389771581737387, 44.513080562469554], [11.389760547770909, 44.51281071682755], [11.390137670681714, 44.512802821043785], [11.390126635132741, 44.5125329754607], [11.390503756151656, 44.51252507850672], [11.39048168204356, 44.51198538744343], [11.389727446799588, 44.51200117981174], [11.389716413451847, 44.51173133410987], [11.38933929733494, 44.51173922835405]]]}}, {"type": "Feature", "properties": {"threshold": "ge_8", "source": "HistorySUHI", "period": "2013-2026", "hotspot_percentile": "top_10_pct", "label": ">= 8 estati"}, "geometry": {"type": "Polygon", "coordinates": [[[11.40084115788016, 44.51608919825847], [11.40159543972237, 44.51607333135999], [11.401573260509636, 44.51553364501239], [11.401950397722738, 44.51552570984534], [11.401939306612212, 44.51525586672331], [11.402693577097175, 44.51523999280517], [11.402682482667469, 44.5149701498167], [11.403059615939316, 44.51496221106566], [11.403048519927836, 44.51469236813646], [11.404179913597998, 44.5146685446413], [11.40416881253024, 44.514398701920065], [11.404923070724344, 44.5143828135179], [11.404878654111888, 44.51330344307766], [11.404501532041506, 44.513311387603444], [11.404468226428069, 44.51250185939282], [11.40409110941343, 44.51250980245153], [11.40408000959064, 44.51223995961033], [11.403325778568723, 44.51225584184698], [11.403336874917345, 44.5125256848368], [11.402205522006552, 44.51254949908429], [11.402216613299391, 44.51281934228193], [11.401462373773795, 44.51283521237514], [11.401484549877324, 44.51337489902248], [11.401107426407021, 44.51338283235145], [11.401118512954762, 44.51365267572689], [11.400741387591834, 44.513660607885974], [11.400763557679124, 44.51420029474033], [11.398877911161462, 44.514239937615976], [11.398855758446626, 44.51370025001973], [11.39772437909592, 44.51372402037058], [11.397735450163964, 44.51399386439862], [11.39735832166603, 44.51400178543479], [11.39736939115201, 44.51427162952198], [11.398123651467214, 44.51425578605727], [11.39813472458298, 44.51452562998122], [11.397380460793183, 44.514541473594186], [11.397391530589548, 44.51481131765142], [11.397014396724526, 44.51481923766577], [11.397025464938736, 44.51508908178212], [11.396271193268493, 44.51510491822651], [11.396282258163126, 44.51537476247608], [11.395905120357924, 44.51538267890607], [11.395916183670277, 44.51565252321474], [11.395539043972562, 44.5156604384746], [11.39555010570259, 44.51593028284235], [11.395172964112358, 44.51593819693205], [11.395184024260011, 44.516208041358894], [11.394806880777258, 44.516215954278415], [11.394817939342488, 44.516485798764315], [11.39519508456273, 44.516477885770755], [11.39520614502051, 44.51674773016763], [11.396714731300586, 44.51671606545458], [11.396703663892788, 44.51644622135401], [11.397835096761211, 44.51642245997691], [11.397824024296165, 44.516152616083694], [11.399332592330804, 44.516120917124844], [11.399343671745696, 44.51639076072145], [11.400852244244854, 44.51635904155826], [11.40084115788016, 44.51608919825847]]]}}, {"type": "Feature", "properties": {"threshold": "ge_8", "source": "HistorySUHI", "period": "2013-2026", "hotspot_percentile": "top_10_pct", "label": ">= 8 estati"}, "geometry": {"type": "Polygon", "coordinates": [[[11.415250476331689, 44.517675759137035], [11.41522816984031, 44.51713607836051], [11.414851025922403, 44.517144057595964], [11.414839874648704, 44.5168742171105], [11.414462732311902, 44.51688219502708], [11.414440433708336, 44.51634251386184], [11.414063294690045, 44.516350490384916], [11.414041000186435, 44.51581080901036], [11.413663864486594, 44.51581878413999], [11.413641574082732, 44.515279102556136], [11.413264441701278, 44.51528707629238], [11.413253298471004, 44.51501723540333], [11.412876167670612, 44.51502520782082], [11.412831603260607, 44.513945843816096], [11.413208727112096, 44.513937871697], [11.413197584662901, 44.5136680307329], [11.413951828422897, 44.513652082911655], [11.413940682655637, 44.51338224208177], [11.41431780256413, 44.51337426637968], [11.414340097729195, 44.51391394787517], [11.415094344025881, 44.513897992440185], [11.415060891089931, 44.513088470622314], [11.413175300233137, 44.51312834875966], [11.413164158252558, 44.51285850775053], [11.412787041349585, 44.51286647957125], [11.412775901262277, 44.512596638472516], [11.410890323090642, 44.51263647854261], [11.410879191844764, 44.51236663705608], [11.409747848280153, 44.51239052594615], [11.409758974314844, 44.51266036765621], [11.40900474101771, 44.51267628751174], [11.409015863734195, 44.51294612935578], [11.408638745114626, 44.512954087491956], [11.40864986624992, 44.51322392939545], [11.408272745737317, 44.513231886362014], [11.408283865291375, 44.51350172832498], [11.407529620324228, 44.51351763867476], [11.407551852951263, 44.514057322853446], [11.40717472675953, 44.51406527631105], [11.407208071657175, 44.51487480268987], [11.40683094009785, 44.514882755126614], [11.406853167334127, 44.51542243945298], [11.406476032144358, 44.51543039079438], [11.406487144258856, 44.51570023300947], [11.406110007175942, 44.51570818318109], [11.406121117708846, 44.51597802545558], [11.405743978732781, 44.515985974457394], [11.40576619679105, 44.51652565911015], [11.405389054184395, 44.51653360701651], [11.405444593368165, 44.51788281875784], [11.405067441918222, 44.51789076579179], [11.405078548484594, 44.518160608169424], [11.403947087987813, 44.51818444202857], [11.404002597090509, 44.519533654807006], [11.40362543459192, 44.519541597309725], [11.403636535141676, 44.519811439894745], [11.404013699378003, 44.51980349731771], [11.404024801821159, 44.52007333981343], [11.405156298809379, 44.520049504393064], [11.405167406621551, 44.52031934665075], [11.405544573710635, 44.52031139894751], [11.405555683416347, 44.520581241115835], [11.40593285208747, 44.520573292093836], [11.405955075441863, 44.52111297623671], [11.407086590947404, 44.52108912125791], [11.407075473978775, 44.52081927941718], [11.407452643764417, 44.52081132534318], [11.407419288580337, 44.520001799954294], [11.407796452996722, 44.5199938448592], [11.407785333176054, 44.51972400310734], [11.408162495698798, 44.51971604684234], [11.40815137429632, 44.51944620514993], [11.409660015876975, 44.519414367944336], [11.409671144230277, 44.51968420933883], [11.41004830597315, 44.51967624685207], [11.4100594362202, 44.51994608815706], [11.410436599544745, 44.519938124351455], [11.41044773168559, 44.52020796556691], [11.410824896591803, 44.52020000044241], [11.410836030626493, 44.520469841568335], [11.41121319711437, 44.52046187512492], [11.411224333042952, 44.5207317161613], [11.413487339117331, 44.52068389092148], [11.413476192762072, 44.52041405033262], [11.413853358156537, 44.5204060751786], [11.413864506249567, 44.52067591569285], [11.4142416732255, 44.52066793921983], [11.414252823212621, 44.52093777964441], [11.41462999177002, 44.52092980185237], [11.414663447882877, 44.5217393228121], [11.415417794955593, 44.52172336304685], [11.415395483772615, 44.52118368272072], [11.415772653598685, 44.521175701120846], [11.41572802615848, 44.52009634058715], [11.415350863283484, 44.52010432188828], [11.415339708552192, 44.519834481642654], [11.41571686968948, 44.519826500416194], [11.415627623568188, 44.51766777850801], [11.415250476331689, 44.517675759137035]]]}}, {"type": "Feature", "properties": {"threshold": "ge_8", "source": "HistorySUHI", "period": "2013-2026", "hotspot_percentile": "top_10_pct", "label": ">= 8 estati"}, "geometry": {"type": "Polygon", "coordinates": [[[11.394906413446028, 44.51864455411237], [11.394895353640397, 44.51837470974628], [11.394518196102013, 44.51838262201385], [11.394529254169962, 44.51865246645398], [11.394906413446028, 44.51864455411237]]]}}, {"type": "Feature", "properties": {"threshold": "ge_8", "source": "HistorySUHI", "period": "2013-2026", "hotspot_percentile": "top_10_pct", "label": ">= 8 estati"}, "geometry": {"type": "Polygon", "coordinates": [[[11.394928533522485, 44.519184242799604], [11.39493959379331, 44.51945408712077], [11.396071086330581, 44.51943034196332], [11.3960600208465, 44.519160497864355], [11.396437182977591, 44.519152580397204], [11.396415048999431, 44.51861289230251], [11.395660731532951, 44.518628725696125], [11.39564966825196, 44.51835888147815], [11.39527251102372, 44.518366796234375], [11.395305696118921, 44.51917632906556], [11.394928533522485, 44.519184242799604]]]}}, {"type": "Feature", "properties": {"threshold": "ge_8", "source": "HistorySUHI", "period": "2013-2026", "hotspot_percentile": "top_10_pct", "label": ">= 8 estati"}, "geometry": {"type": "Polygon", "coordinates": [[[11.393841265963056, 44.52028735461873], [11.393852321640612, 44.52055719910207], [11.394606664986817, 44.52054137711554], [11.394595605833546, 44.52027153278025], [11.394972775536225, 44.520263619994395], [11.394950654219208, 44.51972393142695], [11.393819155072958, 44.51974766560711], [11.393830210440505, 44.52001751012041], [11.393453042010577, 44.52002541909901], [11.393464095795292, 44.52029526367134], [11.393841265963056, 44.52028735461873]]]}}, {"type": "Feature", "properties": {"threshold": "ge_8", "source": "HistorySUHI", "period": "2013-2026", "hotspot_percentile": "top_10_pct", "label": ">= 8 estati"}, "geometry": {"type": "Polygon", "coordinates": [[[11.382548100847563, 44.521063778252255], [11.382537097152712, 44.520793931568655], [11.38140556705631, 44.52081754321473], [11.381449561905367, 44.52189693074318], [11.381826745710429, 44.52188906114441], [11.381793744128268, 44.52107952074142], [11.382548100847563, 44.521063778252255]]]}}, {"type": "Feature", "properties": {"threshold": "ge_8", "source": "HistorySUHI", "period": "2013-2026", "hotspot_percentile": "top_10_pct", "label": ">= 8 estati"}, "geometry": {"type": "Polygon", "coordinates": [[[11.414263973356073, 44.521207620053985], [11.414252823212621, 44.52093777964441], [11.413875654498897, 44.52094575619207], [11.41388680290453, 44.52121559667628], [11.414263973356073, 44.521207620053985]]]}}, {"type": "Feature", "properties": {"threshold": "ge_8", "source": "HistorySUHI", "period": "2013-2026", "hotspot_percentile": "top_10_pct", "label": ">= 8 estati"}, "geometry": {"type": "Polygon", "coordinates": [[[11.36905712020344, 44.523505175511616], [11.36981151519471, 44.523489516476566], [11.369800569364408, 44.523219667414494], [11.370177764891597, 44.523211836103336], [11.37015587021499, 44.52267213808096], [11.37053306211227, 44.52266430567177], [11.370511164573315, 44.522124607736224], [11.37088835284077, 44.52211677422906], [11.370866452439646, 44.521577076380396], [11.370489267648404, 44.521584909740966], [11.37047831941621, 44.52131506072092], [11.370101136209536, 44.52132289276367], [11.37009018986889, 44.521053043655414], [11.368958644542248, 44.52107653209666], [11.368969585668733, 44.521346381424706], [11.368215217874464, 44.521362034309426], [11.368226155678189, 44.521631883769025], [11.367471783794311, 44.521647531822055], [11.367482718275166, 44.52191738141314], [11.367105530365132, 44.52192520364603], [11.367138329513095, 44.52273475254934], [11.366761136235263, 44.52274257375723], [11.366782999623927, 44.523282273097834], [11.366405802716361, 44.523290093207486], [11.36643859373407, 44.52409964232599], [11.366815795856514, 44.524091821996805], [11.36682672824061, 44.52436167159993], [11.36720393194811, 44.5243538499529], [11.367214866223858, 44.52462369946792], [11.366837660777996, 44.52463152118814], [11.366848593468674, 44.52490137076141], [11.367980214561443, 44.52487790164713], [11.367958338903144, 44.52433820292485], [11.36833554215063, 44.52433037754385], [11.368324602813194, 44.524060528233555], [11.368701804168968, 44.52405270168112], [11.368690863246607, 44.52378285242912], [11.36906806271067, 44.52377502470529], [11.36905712020344, 44.523505175511616]]]}}, {"type": "Feature", "properties": {"threshold": "ge_8", "source": "HistorySUHI", "period": "2013-2026", "hotspot_percentile": "top_10_pct", "label": ">= 8 estati"}, "geometry": {"type": "Polygon", "coordinates": [[[11.414353180131808, 44.52336634279013], [11.414342028737638, 44.52309650250067], [11.413964846120702, 44.523104479645454], [11.413975995776864, 44.523374320009566], [11.414353180131808, 44.52336634279013]]]}}, {"type": "Feature", "properties": {"threshold": "ge_8", "source": "HistorySUHI", "period": "2013-2026", "hotspot_percentile": "top_10_pct", "label": ">= 8 estati"}, "geometry": {"type": "Polygon", "coordinates": [[[11.389379485792128, 44.53118388134592], [11.389368446672053, 44.53091403648508], [11.38899120669549, 44.53092193224111], [11.388980169469027, 44.5306520872914], [11.388602931076516, 44.53065998172867], [11.388591895743616, 44.53039013669014], [11.387837421972009, 44.53040592168232], [11.387826390271398, 44.53013607648113], [11.387449154892328, 44.53014396703608], [11.387438125085163, 44.529874121746076], [11.387060891290194, 44.529882010982355], [11.387027808012776, 44.529072474801104], [11.386650579279314, 44.52908036257109], [11.386628528011482, 44.528540671561146], [11.386251302600725, 44.52854855793873], [11.386262326418697, 44.528818403524994], [11.38588509911472, 44.52882628873156], [11.385940211829677, 44.530175516807304], [11.386317447827249, 44.5301676312318], [11.386372573100525, 44.53151685856456], [11.386749817637698, 44.53150897137517], [11.386771872307051, 44.53204866205592], [11.387149120167438, 44.53204077347399], [11.387160149473019, 44.5323106187181], [11.387914648207705, 44.53229483767174], [11.3879256811459, 44.53256468275323], [11.388302932020167, 44.532556790288766], [11.388313966852069, 44.53282663528144], [11.389445723763348, 44.53280295019666], [11.389434683714468, 44.53253310542562], [11.389811933969652, 44.532525207981315], [11.389800892336618, 44.532255363269215], [11.39017814069801, 44.53224746465388], [11.390145011511136, 44.531437930649474], [11.389767768366477, 44.531445829043086], [11.389756727352742, 44.53117598427111], [11.389379485792128, 44.53118388134592]]]}}, {"type": "Feature", "properties": {"threshold": "ge_8", "source": "HistorySUHI", "period": "2013-2026", "hotspot_percentile": "top_10_pct", "label": ">= 8 estati"}, "geometry": {"type": "Polygon", "coordinates": [[[11.416373032776685, 44.526564515847376], [11.416101263279467, 44.52657026842992], [11.416146468250053, 44.52659601430847], [11.416379819604025, 44.52672858466523], [11.416373032776685, 44.526564515847376]]]}}, {"type": "Feature", "properties": {"threshold": "ge_8", "source": "HistorySUHI", "period": "2013-2026", "hotspot_percentile": "top_10_pct", "label": ">= 8 estati"}, "geometry": {"type": "Polygon", "coordinates": [[[11.41597350805485, 44.526032820549524], [11.416350709009098, 44.52602483636058], [11.41636187081464, 44.52629467611149], [11.416739073350652, 44.52628669060322], [11.416716746419569, 44.52574701123583], [11.416339547360057, 44.52575499659467], [11.416328385867514, 44.525485156813716], [11.415196792964746, 44.525509105198545], [11.41518563684328, 44.52523926517849], [11.41480844063435, 44.5252472454096], [11.414834977767729, 44.52588920665601], [11.415052282927654, 44.5259878037281], [11.415737659423467, 44.52636318277994], [11.415993190373595, 44.52650871697058], [11.41597350805485, 44.526032820549524]]]}}, {"type": "Feature", "properties": {"threshold": "ge_8", "source": "HistorySUHI", "period": "2013-2026", "hotspot_percentile": "top_10_pct", "label": ">= 8 estati"}, "geometry": {"type": "Polygon", "coordinates": [[[11.412212632594677, 44.526382434557625], [11.412222783488518, 44.52662825363712], [11.412510942247541, 44.526509386786536], [11.412846492661256, 44.52636903334546], [11.412212632594677, 44.526382434557625]]]}}, {"type": "Feature", "properties": {"threshold": "ge_8", "source": "HistorySUHI", "period": "2013-2026", "hotspot_percentile": "top_10_pct", "label": ">= 8 estati"}, "geometry": {"type": "Polygon", "coordinates": [[[11.411469362977664, 44.52666821516483], [11.411480356055057, 44.5269345084638], [11.412161352897893, 44.52665359404621], [11.411469362977664, 44.52666821516483]]]}}, {"type": "Feature", "properties": {"threshold": "ge_8", "source": "HistorySUHI", "period": "2013-2026", "hotspot_percentile": "top_10_pct", "label": ">= 8 estati"}, "geometry": {"type": "Polygon", "coordinates": [[[11.411103294296424, 44.52694602408873], [11.41110908659506, 44.52708635214554], [11.411429808824394, 44.52695535943545], [11.411471284356912, 44.52693825058218], [11.411103294296424, 44.52694602408873]]]}}, {"type": "Feature", "properties": {"threshold": "ge_8", "source": "HistorySUHI", "period": "2013-2026", "hotspot_percentile": "top_10_pct", "label": ">= 8 estati"}, "geometry": {"type": "Polygon", "coordinates": [[[11.410216624722702, 44.53290641928917], [11.410482506732897, 44.532900804788994], [11.410197060469057, 44.53243234379705], [11.410216624722702, 44.53290641928917]]]}}, {"type": "Feature", "properties": {"threshold": "ge_8", "source": "HistorySUHI", "period": "2013-2026", "hotspot_percentile": "top_10_pct", "label": ">= 8 estati"}, "geometry": {"type": "Polygon", "coordinates": [[[11.410649562687613, 44.534247655849356], [11.411305103322725, 44.53423380736758], [11.411295081679627, 44.53421780004645], [11.411264358025461, 44.534183942382526], [11.410602068017218, 44.53309702314932], [11.410649562687613, 44.534247655849356]]]}}, {"type": "Feature", "properties": {"threshold": "ge_8", "source": "HistorySUHI", "period": "2013-2026", "hotspot_percentile": "top_10_pct", "label": ">= 8 estati"}, "geometry": {"type": "Polygon", "coordinates": [[[11.367111024039012, 44.53137775604196], [11.367132897239973, 44.531917454427216], [11.366755644695749, 44.53192527687888], [11.366788450430189, 44.5327348245644], [11.367165708191624, 44.53272700189314], [11.367176645482246, 44.53299685101859], [11.367553904829432, 44.532989027029096], [11.367564844012566, 44.533258876066405], [11.368696626351058, 44.533235396407974], [11.368652849669692, 44.53215600104799], [11.369030103185898, 44.53214817229813], [11.369019157660183, 44.53187832349406], [11.36864190588301, 44.53188615217067], [11.368630962249787, 44.53161630327841], [11.368253712058166, 44.53162413063678], [11.368242770317387, 44.53135428165636], [11.367111024039012, 44.53137775604196]]]}}, {"type": "Feature", "properties": {"threshold": "ge_8", "source": "HistorySUHI", "period": "2013-2026", "hotspot_percentile": "top_10_pct", "label": ">= 8 estati"}, "geometry": {"type": "Polygon", "coordinates": [[[11.369560634374807, 44.53591822296655], [11.369571583942477, 44.53618807147337], [11.369948863240039, 44.536180239134225], [11.369959814700676, 44.536450087552815], [11.370337095584079, 44.53644225389521], [11.370348048937732, 44.536712102225565], [11.371857177892835, 44.53668075485003], [11.371835257423761, 44.53614105876106], [11.37221253579952, 44.53613321895093], [11.372201574056149, 44.535863370957394], [11.371824297419769, 44.535871210694154], [11.371802377872859, 44.535331514515555], [11.371425104561474, 44.535339352860476], [11.37141414675786, 44.53506950467542], [11.37028233111977, 44.53509301201944], [11.37027137868768, 44.53482316359949], [11.369516837639567, 44.53483882878998], [11.369494940193174, 44.5342991316121], [11.369117672917325, 44.534306962193135], [11.369095779563482, 44.53376726480897], [11.368718515612558, 44.53377509399838], [11.368729460473526, 44.534044942771196], [11.368352194629919, 44.5340527707888], [11.368374081333805, 44.534592468436124], [11.367996811858253, 44.53460029535513], [11.368007753701102, 44.534870144229636], [11.366875939136063, 44.53489361773565], [11.366886875914414, 44.535163466814886], [11.366132328625548, 44.53517910973968], [11.366143262078582, 44.535448958950354], [11.365765986464812, 44.535456778618226], [11.365809714852569, 44.53653617560439], [11.366186997423972, 44.53652835564383], [11.366197931643644, 44.53679820477987], [11.367329783656142, 44.53677473720744], [11.367318844218081, 44.536504888290985], [11.367696126176007, 44.53649706334966], [11.367674244281256, 44.535957365618394], [11.368051522606914, 44.535949539578354], [11.368029637847119, 44.53540984193385], [11.368784187080596, 44.53539418641126], [11.368806078797855, 44.53593388376277], [11.369560634374807, 44.53591822296655]]]}}, {"type": "Feature", "properties": {"threshold": "ge_8", "source": "HistorySUHI", "period": "2013-2026", "hotspot_percentile": "top_10_pct", "label": ">= 8 estati"}, "geometry": {"type": "Polygon", "coordinates": [[[11.393216972183005, 44.5419065183921], [11.393218363798175, 44.54194046777294], [11.393326139425794, 44.54190422906742], [11.393216972183005, 44.5419065183921]]]}}, {"type": "Feature", "properties": {"threshold": "ge_8", "source": "HistorySUHI", "period": "2013-2026", "hotspot_percentile": "top_10_pct", "label": ">= 8 estati"}, "geometry": {"type": "Polygon", "coordinates": [[[11.423493126725608, 44.48887290440832], [11.423116167281224, 44.488880906957306], [11.42310498888023, 44.488611066779086], [11.422351072991189, 44.4886270679984], [11.42236224792247, 44.48889690832633], [11.421985288008148, 44.48890490714638], [11.421996461361168, 44.48917474753416], [11.420111650766612, 44.48921472336366], [11.420122815601651, 44.4894845641105], [11.419368886798452, 44.48950054589084], [11.419380048320072, 44.489770386772186], [11.419003081948857, 44.48977837587258], [11.419014241891935, 44.49004821681368], [11.418637273629328, 44.49005620474581], [11.418642219073838, 44.490175793774796], [11.420018140887594, 44.48972742337985], [11.423501083198476, 44.489064931129676], [11.423493126725608, 44.48887290440832]]]}}, {"type": "Feature", "properties": {"threshold": "ge_8", "source": "HistorySUHI", "period": "2013-2026", "hotspot_percentile": "top_10_pct", "label": ">= 8 estati"}, "geometry": {"type": "Polygon", "coordinates": [[[11.419050237293636, 44.5000403117745], [11.419039073297334, 44.49977047131432], [11.419416104035415, 44.499762480690876], [11.41939377304058, 44.49922279987501], [11.419016745774185, 44.49923079034891], [11.418960929704673, 44.49788158767256], [11.418583910960594, 44.49788957652924], [11.41857274995179, 44.49761973587417], [11.416687662563728, 44.49765966113324], [11.416698814894055, 44.49792950216193], [11.415944775373017, 44.497945463711304], [11.415955924388209, 44.49821530487432], [11.415578902657536, 44.498223283858586], [11.41560119768521, 44.49876296628892], [11.415978222887421, 44.49875498715532], [11.416000522011757, 44.4992946693763], [11.416377550529317, 44.49928668884993], [11.416433309754712, 44.50063589376621], [11.416810346795447, 44.500627911622935], [11.416832655051818, 44.50116759333497], [11.417586735608136, 44.50115162501909], [11.41759789344288, 44.501421465703146], [11.41835197684561, 44.5014054922637], [11.418340815538846, 44.50113565172909], [11.419471934261473, 44.50111168246772], [11.419460767903226, 44.500841842142385], [11.419837805428447, 44.50083384997634], [11.41982663749077, 44.50056400971078], [11.419449601701498, 44.500572001802034], [11.419427269767596, 44.50003232107628], [11.419050237293636, 44.5000403117745]]]}}, {"type": "Feature", "properties": {"threshold": "ge_8", "source": "HistorySUHI", "period": "2013-2026", "hotspot_percentile": "top_10_pct", "label": ">= 8 estati"}, "geometry": {"type": "Polygon", "coordinates": [[[11.426116729909165, 44.50664226188417], [11.42610553074352, 44.50637242314743], [11.425728459266285, 44.50638043678394], [11.425739656695491, 44.50665027559566], [11.42536258332485, 44.506658288063406], [11.425351387632087, 44.506388449176725], [11.424974315840949, 44.50639646032577], [11.424963122041548, 44.5061266213491], [11.423831910936013, 44.506150647109045], [11.423787158143922, 44.505071290152785], [11.424541285146887, 44.50505527482266], [11.424518902746655, 44.50451559655408], [11.424895962540248, 44.50450758717341], [11.42488476983919, 44.50423774809152], [11.42450771178185, 44.504245757397264], [11.424496520973916, 44.5039759182254], [11.424119464495936, 44.50398392621255], [11.424108275581078, 44.50371408695073], [11.421091832002672, 44.503778105478204], [11.421080657134224, 44.50350826560232], [11.420326548145086, 44.503524257648294], [11.420315376905652, 44.503254417607735], [11.419938323912366, 44.50326241169049], [11.419927154565693, 44.502992571560114], [11.419550103152005, 44.503000564324466], [11.419527768400611, 44.50246088386906], [11.41915072030265, 44.50246887524027], [11.419139554897857, 44.50219903491525], [11.418385461704625, 44.50221501377739], [11.418374299928496, 44.50194517328784], [11.417620209581582, 44.501961147026236], [11.417631367885548, 44.50223098766526], [11.417254320741378, 44.502238972743825], [11.417265477465644, 44.50250881344256], [11.416888428428974, 44.502516797352264], [11.416899583573494, 44.50278663811069], [11.416522532644317, 44.50279462085151], [11.416533686209041, 44.50306446166962], [11.416910738874384, 44.50305647885409], [11.416944205715293, 44.5038660009942], [11.417321263432894, 44.503858016710936], [11.417332421095548, 44.50412785731957], [11.417709480393, 44.50411987171793], [11.41772063994834, 44.50438971223683], [11.418097700825639, 44.504381725316804], [11.418120023878249, 44.504921406160065], [11.418497088071716, 44.50491341784689], [11.4185194152229, 44.505453098480565], [11.41663407532753, 44.50549302835687], [11.416645230455847, 44.505762869024814], [11.415514019432736, 44.50578681225007], [11.415525169508122, 44.50605665312706], [11.414771024571612, 44.506072609207884], [11.414815612544182, 44.50715197316293], [11.415192692036596, 44.50714399544579], [11.415203841156965, 44.50741383632237], [11.416335083906057, 44.5073898954842], [11.416346238392471, 44.50765973612175], [11.417477484944003, 44.50763578386528], [11.417466325247856, 44.50736594345185], [11.418220485360237, 44.50734996921133], [11.418209322347437, 44.507080128932365], [11.418586400432364, 44.507072140021165], [11.418564071403203, 44.50653245956771], [11.418941145858618, 44.506524469562265], [11.418929979842327, 44.50625462938778], [11.420815341088701, 44.5062146610783], [11.42083769064252, 44.506754340664266], [11.420083539667873, 44.50677033201854], [11.420094711206753, 44.50704017193861], [11.420471788508895, 44.50703217680856], [11.420494135529559, 44.507571856454035], [11.422379537055663, 44.50753186139868], [11.422390719483795, 44.507801700824636], [11.423144882470229, 44.507785693946204], [11.42315606852829, 44.508055533207354], [11.42466439956557, 44.50802350422524], [11.424653206561203, 44.507753665263785], [11.425030287191744, 44.5077456549837], [11.425019092607736, 44.50747581608217], [11.426150328348061, 44.507451778004125], [11.426139128711434, 44.5071819393125], [11.426516205241064, 44.50717392420727], [11.426493802965846, 44.506634246928925], [11.426116729909165, 44.50664226188417]]]}}, {"type": "Feature", "properties": {"threshold": "ge_8", "source": "HistorySUHI", "period": "2013-2026", "hotspot_percentile": "top_10_pct", "label": ">= 8 estati"}, "geometry": {"type": "Polygon", "coordinates": [[[11.420949447811163, 44.509452737692754], [11.42093827138929, 44.5091828980575], [11.41980699780415, 44.509206885243294], [11.41979582674905, 44.508937045368576], [11.41941873697747, 44.50894503853464], [11.419429906295864, 44.50921487848416], [11.418298630831634, 44.509238850743536], [11.418309795096409, 44.509508690902365], [11.417932701225215, 44.5095166792425], [11.417977352902218, 44.51059604002658], [11.418731554382484, 44.51058006150437], [11.41875388810743, 44.51111974150727], [11.41950809590899, 44.511103757710224], [11.419485755236577, 44.510564078006446], [11.420617055343218, 44.51054009343013], [11.420605880031433, 44.510270253780135], [11.420982978016866, 44.510262256508355], [11.42097180112495, 44.50999241691818], [11.421348897216903, 44.50998441847733], [11.42132654042961, 44.50944473940159], [11.420949447811163, 44.509452737692754]]]}}, {"type": "Feature", "properties": {"threshold": "ge_8", "source": "HistorySUHI", "period": "2013-2026", "hotspot_percentile": "top_10_pct", "label": ">= 8 estati"}, "geometry": {"type": "Polygon", "coordinates": [[[11.423267937733934, 44.51075392499241], [11.423301501553837, 44.5115634422349], [11.423678607126194, 44.5115554358812], [11.423689797116769, 44.51182527485705], [11.42444401126468, 44.51180925826794], [11.424455204886012, 44.512079097078896], [11.424832313461534, 44.51207108684343], [11.424821118103267, 44.511801248107425], [11.425198224784907, 44.51179323670294], [11.42517583106541, 44.51125355933577], [11.425552934116292, 44.51124554683729], [11.425541735755132, 44.510975708206125], [11.42516463444111, 44.51098372062964], [11.425153437973771, 44.51071388190849], [11.423267937733934, 44.51075392499241]]]}}, {"type": "Feature", "properties": {"threshold": "ge_8", "source": "HistorySUHI", "period": "2013-2026", "hotspot_percentile": "top_10_pct", "label": ">= 8 estati"}, "geometry": {"type": "Polygon", "coordinates": [[[11.427263067168155, 44.5160705717936], [11.427274275461809, 44.51634040983908], [11.4277594470958, 44.516330091395645], [11.427548340095488, 44.51606450474768], [11.427263067168155, 44.5160705717936]]]}}, {"type": "Feature", "properties": {"threshold": "ge_8", "source": "HistorySUHI", "period": "2013-2026", "hotspot_percentile": "top_10_pct", "label": ">= 8 estati"}, "geometry": {"type": "Polygon", "coordinates": [[[11.428050969853485, 44.51686404405274], [11.428181660298453, 44.51686126368768], [11.428043639454998, 44.51668762428629], [11.428050969853485, 44.51686404405274]]]}}, {"type": "Feature", "properties": {"threshold": "ge_8", "source": "HistorySUHI", "period": "2013-2026", "hotspot_percentile": "top_10_pct", "label": ">= 8 estati"}, "geometry": {"type": "Polygon", "coordinates": [[[11.429283347403215, 44.519268510056946], [11.429272128693071, 44.518998672552236], [11.428894976677185, 44.519006698423716], [11.428906193649766, 44.51927653600353], [11.429283347403215, 44.519268510056946]]]}}, {"type": "Feature", "properties": {"threshold": "ge_8", "source": "HistorySUHI", "period": "2013-2026", "hotspot_percentile": "top_10_pct", "label": ">= 8 estati"}, "geometry": {"type": "Polygon", "coordinates": [[[11.43006009928077, 44.519792129094796], [11.429682942366728, 44.51980015768018], [11.429671721604397, 44.51953032028065], [11.42891741077961, 44.5195463735683], [11.428946559628772, 44.52024754916361], [11.429194029456426, 44.52014459472383], [11.429970128201761, 44.51984199304034], [11.43000993407153, 44.5198254902277], [11.430060592852318, 44.51980399643402], [11.43006009928077, 44.519792129094796]]]}}, {"type": "Feature", "properties": {"threshold": "ge_8", "source": "HistorySUHI", "period": "2013-2026", "hotspot_percentile": "top_10_pct", "label": ">= 8 estati"}, "geometry": {"type": "Polygon", "coordinates": [[[11.427442418724462, 44.52038797871711], [11.427311151328977, 44.52039077000909], [11.427328893339505, 44.520419778237006], [11.427452108376693, 44.52062120316016], [11.427442418724462, 44.52038797871711]]]}}, {"type": "Feature", "properties": {"threshold": "ge_8", "source": "HistorySUHI", "period": "2013-2026", "hotspot_percentile": "top_10_pct", "label": ">= 8 estati"}, "geometry": {"type": "Polygon", "coordinates": [[[11.42490995322862, 44.52303826108011], [11.424988015916334, 44.5230162788555], [11.425003606899551, 44.52301172544452], [11.425217838120965, 44.522947604226715], [11.425262464823588, 44.522924986956234], [11.425334858597038, 44.522888302895865], [11.425336543703885, 44.52288736683803], [11.425381123541761, 44.522767838198625], [11.425380514210579, 44.52276710393491], [11.425334852670428, 44.52272902112239], [11.424873640066737, 44.522163322018386], [11.42490995322862, 44.52303826108011]]]}}, {"type": "Feature", "properties": {"threshold": "ge_8", "source": "HistorySUHI", "period": "2013-2026", "hotspot_percentile": "top_10_pct", "label": ">= 8 estati"}, "geometry": {"type": "Polygon", "coordinates": [[[11.417758999480258, 44.523564331415415], [11.41774783228754, 44.523294491813274], [11.417370649340642, 44.52330248023309], [11.417381814795347, 44.523572319909974], [11.417758999480258, 44.523564331415415]]]}}]}