{"type": "FeatureCollection", "features": [{"type": "Feature", "properties": {"threshold": "ge_6", "source": "HistorySUHI", "period": "2013-2026", "hotspot_percentile": "top_10_pct", "label": ">= 6 estati"}, "geometry": {"type": "Polygon", "coordinates": [[[11.261365566734689, 44.49165959381059], [11.261742587691117, 44.49165212476423], [11.26176345883645, 44.49219186710287], [11.262140483118477, 44.49218439667315], [11.262150920646544, 44.492454267750446], [11.262527946518238, 44.49244679600725], [11.26253838592861, 44.49271666699989], [11.263669467873573, 44.4926942440991], [11.263659023255222, 44.492424373316304], [11.264036048541435, 44.49241689659887], [11.264025602333529, 44.49214702587132], [11.26440262573735, 44.4921395479803], [11.26438173028897, 44.49159980662091], [11.264758750074494, 44.49159232762634], [11.264737851740158, 44.491052586347955], [11.266245915530357, 44.49102265849465], [11.266235459639567, 44.490752788113404], [11.26698948718373, 44.4907378168659], [11.266972081547836, 44.49028871087744], [11.266771194119787, 44.490329932676644], [11.266567716933062, 44.49037281003732], [11.26592972457093, 44.49050752359798], [11.265870909157133, 44.490520016282325], [11.264759510290515, 44.490756377371106], [11.264071832933858, 44.49090575916801], [11.26402761636276, 44.490906501057246], [11.264027317187702, 44.49090657000878], [11.263959783252089, 44.49092161130197], [11.263710083219534, 44.49097751773258], [11.263603981618202, 44.491001155850256], [11.263011787659206, 44.49113312642855], [11.262969254214168, 44.491142594070325], [11.26275959947422, 44.49118945821045], [11.261882949016837, 44.491395894723205], [11.261831446964605, 44.49140078626849], [11.26178185670769, 44.491391694888236], [11.26177407614351, 44.49139441478231], [11.261705736836836, 44.491418581326215], [11.26140592016032, 44.49150914532834], [11.261360284612392, 44.491522967845725], [11.261365566734689, 44.49165959381059]]]}}, {"type": "Feature", "properties": {"threshold": "ge_6", "source": "HistorySUHI", "period": "2013-2026", "hotspot_percentile": "top_10_pct", "label": ">= 6 estati"}, "geometry": {"type": "Polygon", "coordinates": [[[11.248309994846094, 44.496508788546606], [11.248085752084423, 44.496471830087984], [11.247625484259013, 44.49639263162503], [11.247620620462834, 44.496448696507294], [11.247626428498739, 44.49647643617802], [11.247636645243576, 44.496522045661905], [11.248309994846094, 44.496508788546606]]]}}, {"type": "Feature", "properties": {"threshold": "ge_6", "source": "HistorySUHI", "period": "2013-2026", "hotspot_percentile": "top_10_pct", "label": ">= 6 estati"}, "geometry": {"type": "Polygon", "coordinates": [[[11.24835647762345, 44.49677795109041], [11.248733534936312, 44.496770524317476], [11.24872589789287, 44.49657191274541], [11.248605101912649, 44.496555651624206], [11.24854651484998, 44.49654783902747], [11.24842363849646, 44.49652751866801], [11.24834635990139, 44.49651478203501], [11.24835647762345, 44.49677795109041]]]}}, {"type": "Feature", "properties": {"threshold": "ge_6", "source": "HistorySUHI", "period": "2013-2026", "hotspot_percentile": "top_10_pct", "label": ">= 6 estati"}, "geometry": {"type": "Polygon", "coordinates": [[[11.249110592103703, 44.49676309630074], [11.249487649125596, 44.496755667040226], [11.249498029957133, 44.497025540252466], [11.250252147037221, 44.497010677861006], [11.250262531487218, 44.497280550919434], [11.25101665145795, 44.49726568341368], [11.2510270395265, 44.49753555631825], [11.252912345586896, 44.49749836543929], [11.252901948835948, 44.49722849288276], [11.253126301354925, 44.49722406494222], [11.253050209858175, 44.49721580913725], [11.252011004100543, 44.497110746205614], [11.251600376953368, 44.49707284269105], [11.251243109876064, 44.49703305719311], [11.251108944809754, 44.49701818384988], [11.251046337037486, 44.497005275333166], [11.250952415456858, 44.496985980208606], [11.250850644759513, 44.49696602053116], [11.250584411354504, 44.496921125077186], [11.250443904354585, 44.496888523839054], [11.249959398463917, 44.49679347291092], [11.249216923949527, 44.496656068195776], [11.249140828010551, 44.49664269517222], [11.249105725251596, 44.49663654848294], [11.249110592103703, 44.49676309630074]]]}}, {"type": "Feature", "properties": {"threshold": "ge_6", "source": "HistorySUHI", "period": "2013-2026", "hotspot_percentile": "top_10_pct", "label": ">= 6 estati"}, "geometry": {"type": "Polygon", "coordinates": [[[11.26142817151016, 44.493278821069005], [11.26143860615133, 44.493548692227144], [11.261061572896613, 44.49355616051921], [11.261072005947952, 44.493826031732496], [11.261826075783317, 44.493811093764975], [11.26180520288253, 44.493271351603234], [11.26142817151016, 44.493278821069005]]]}}, {"type": "Feature", "properties": {"threshold": "ge_6", "source": "HistorySUHI", "period": "2013-2026", "hotspot_percentile": "top_10_pct", "label": ">= 6 estati"}, "geometry": {"type": "Polygon", "coordinates": [[[11.26451756117535, 44.49510812440257], [11.263386433233824, 44.49513055665409], [11.263375989033909, 44.494860685934036], [11.2629989478301, 44.494868160793914], [11.263019832903886, 44.49540790235915], [11.263396877580144, 44.49540042735937], [11.263407322072876, 44.49567029804992], [11.264538460431858, 44.49564786537853], [11.26451756117535, 44.49510812440257]]]}}, {"type": "Feature", "properties": {"threshold": "ge_6", "source": "HistorySUHI", "period": "2013-2026", "hotspot_percentile": "top_10_pct", "label": ">= 6 estati"}, "geometry": {"type": "Polygon", "coordinates": [[[11.25580390962294, 44.49420033039429], [11.255630361590484, 44.49420375918091], [11.255675051116029, 44.49427366508168], [11.2557054087825, 44.49432083300437], [11.255734278336403, 44.49437637572871], [11.255742424925355, 44.49439193328499], [11.255781018248259, 44.4944755520046], [11.255805128526868, 44.49452378862048], [11.255817313537968, 44.49454784256045], [11.25580390962294, 44.49420033039429]]]}}, {"type": "Feature", "properties": {"threshold": "ge_6", "source": "HistorySUHI", "period": "2013-2026", "hotspot_percentile": "top_10_pct", "label": ">= 6 estati"}, "geometry": {"type": "Polygon", "coordinates": [[[11.239513764995026, 44.50235331941659], [11.239524101839404, 44.50262319420791], [11.240278296232015, 44.50260839621267], [11.240267955913646, 44.50233852155985], [11.240645051155523, 44.5023311207654], [11.240624367479755, 44.50179137155416], [11.241001459102735, 44.50178396965421], [11.24099466081471, 44.50160659031493], [11.240970808414188, 44.50161276704851], [11.240926804139564, 44.50162419089146], [11.240910911430724, 44.50162897714853], [11.240741351398327, 44.50168036125605], [11.240577631523362, 44.50175055392481], [11.240478232679756, 44.50180181193525], [11.24020315747229, 44.50198386798052], [11.240005677588039, 44.502103093209435], [11.240005592011894, 44.50210315790671], [11.239978243276118, 44.502117567521424], [11.239744431457234, 44.50224100718721], [11.239578373013215, 44.502318527391324], [11.239500265593891, 44.50235358419686], [11.239513764995026, 44.50235331941659]]]}}, {"type": "Feature", "properties": {"threshold": "ge_6", "source": "HistorySUHI", "period": "2013-2026", "hotspot_percentile": "top_10_pct", "label": ">= 6 estati"}, "geometry": {"type": "Polygon", "coordinates": [[[11.257939167576335, 44.50063998228256], [11.259070406289542, 44.50061760180828], [11.25905998000154, 44.500347730544334], [11.259437057543586, 44.50034026796822], [11.25940577434652, 44.49953065429743], [11.258651629536327, 44.49954557778674], [11.258662053649195, 44.49981544916474], [11.258284979288234, 44.4998229091134], [11.258295401810551, 44.50009278054647], [11.257918325566799, 44.50010023932103], [11.257939167576335, 44.50063998228256]]]}}, {"type": "Feature", "properties": {"threshold": "ge_6", "source": "HistorySUHI", "period": "2013-2026", "hotspot_percentile": "top_10_pct", "label": ">= 6 estati"}, "geometry": {"type": "Polygon", "coordinates": [[[11.235773760567762, 44.50323686046219], [11.235773172628216, 44.5032214850662], [11.235719585056652, 44.50323532979143], [11.235721296768974, 44.50323788751854], [11.235773760567762, 44.50323686046219]]]}}, {"type": "Feature", "properties": {"threshold": "ge_6", "source": "HistorySUHI", "period": "2013-2026", "hotspot_percentile": "top_10_pct", "label": ">= 6 estati"}, "geometry": {"type": "Polygon", "coordinates": [[[11.274301278154494, 44.51381904463949], [11.274290776777379, 44.513549176846055], [11.273536458967937, 44.513564202318854], [11.273557454917972, 44.51410393817219], [11.273934617372017, 44.514096425917415], [11.273924117585533, 44.51382655806843], [11.274301278154494, 44.51381904463949]]]}}, {"type": "Feature", "properties": {"threshold": "ge_6", "source": "HistorySUHI", "period": "2013-2026", "hotspot_percentile": "top_10_pct", "label": ">= 6 estati"}, "geometry": {"type": "Polygon", "coordinates": [[[11.266977871750392, 44.51963632650916], [11.268109470899535, 44.51961384900665], [11.26809899598229, 44.519343980329324], [11.26885339120392, 44.519328989244336], [11.26884291295681, 44.51905912069255], [11.26997449947218, 44.51903662494029], [11.269890637066117, 44.51687767767891], [11.26951345561397, 44.51688517694623], [11.269492494958499, 44.51634543984296], [11.26911531683567, 44.51635293772534], [11.269104838466447, 44.51608306908139], [11.268727661934797, 44.51609056564904], [11.268706709113227, 44.51555082817658], [11.268329535910812, 44.51555832335937], [11.268277165117283, 44.514208979069295], [11.269031493995437, 44.51419398816061], [11.269021016801485, 44.513924119398624], [11.270152503803208, 44.513901623912496], [11.27016298621086, 44.51417149246397], [11.270917313619652, 44.51415648911046], [11.270875370968003, 44.513077015377625], [11.271252527500469, 44.51306951211504], [11.271231553581163, 44.5125297753005], [11.271608706491039, 44.51252227093392], [11.271577241501655, 44.511712665812105], [11.269691501548047, 44.51175017414781], [11.269681022200716, 44.511480305393334], [11.2693038755068, 44.511487803257175], [11.269335308776459, 44.51229740968684], [11.26895815672252, 44.51230490651678], [11.268968633035128, 44.51257477536732], [11.268214325011112, 44.51258976543428], [11.268224797995034, 44.51285963441034], [11.268601953818258, 44.51285213992892], [11.268612428686831, 44.51312200882009], [11.267858113417923, 44.51313699667874], [11.267868584957688, 44.5134068656954], [11.266737105739736, 44.51342933836036], [11.266758038832464, 44.51396907677007], [11.26600371166852, 44.51398405260471], [11.266024638396523, 44.514523791235696], [11.265647471118612, 44.514531277426414], [11.265689319383092, 44.51561075479161], [11.265312145006451, 44.51561824001801], [11.265333066542674, 44.5161579787522], [11.264955888543188, 44.51616546287412], [11.264976807189832, 44.5167052016894], [11.26459962556742, 44.51671268470678], [11.264620541324312, 44.517252423603125], [11.26424335607889, 44.51725990551595], [11.26425381243906, 44.517529775012], [11.263499438031948, 44.51754473524375], [11.263520344239069, 44.51808447447165], [11.263143153339112, 44.51809195286052], [11.263174508534084, 44.518901561801705], [11.26279731227258, 44.51890903915584], [11.262828663571309, 44.51971864817423], [11.262451461948052, 44.519726124493566], [11.262461910935572, 44.51999599420683], [11.262084707427345, 44.52000346935137], [11.262095154822894, 44.52027333911986], [11.262472360069607, 44.52026586390537], [11.26248280935016, 44.52053573358915], [11.261728395233222, 44.52055068291327], [11.261738841183226, 44.52082055272219], [11.261361632166503, 44.52082802558703], [11.2613929656796, 44.52163763513517], [11.263279035376971, 44.52160025731379], [11.263268582033122, 44.52133038782895], [11.264777428198386, 44.52130046344513], [11.264766968046832, 44.52103059422557], [11.265898595915113, 44.52100813807742], [11.265877665620861, 44.520468400014366], [11.266254871139797, 44.52046091228223], [11.266244404474294, 44.52019104329863], [11.26699881159489, 44.520176064240225], [11.266977871750392, 44.51963632650916]]]}}, {"type": "Feature", "properties": {"threshold": "ge_6", "source": "HistorySUHI", "period": "2013-2026", "hotspot_percentile": "top_10_pct", "label": ">= 6 estati"}, "geometry": {"type": "Polygon", "coordinates": [[[11.27236360495317, 44.52223001389367], [11.272353109442154, 44.52196014613615], [11.270844254163451, 44.52199017094628], [11.270854742719996, 44.52226003898479], [11.27010031072088, 44.52227504406138], [11.270110795947197, 44.522544912225534], [11.269733577988438, 44.522552412966775], [11.269744061623104, 44.52282228118638], [11.269366841778663, 44.52282978075296], [11.269377323821626, 44.52309964902798], [11.270886209272069, 44.52306964301173], [11.270896698416916, 44.52333951099118], [11.271651143737193, 44.5233245003734], [11.271640651114911, 44.52305463253441], [11.272017871815653, 44.52304712542846], [11.27200737760181, 44.52277725764496], [11.272384596416712, 44.52276974936442], [11.272374100611355, 44.52249988163643], [11.272751317540422, 44.52249237218132], [11.272740820143602, 44.52222250450883], [11.27236360495317, 44.52223001389367]]]}}, {"type": "Feature", "properties": {"threshold": "ge_6", "source": "HistorySUHI", "period": "2013-2026", "hotspot_percentile": "top_10_pct", "label": ">= 6 estati"}, "geometry": {"type": "Polygon", "coordinates": [[[11.264850653366242, 44.52318954756903], [11.264840192187926, 44.52291967845272], [11.263708526488127, 44.52294212486812], [11.263718982450225, 44.52321199419448], [11.264850653366242, 44.52318954756903]]]}}, {"type": "Feature", "properties": {"threshold": "ge_6", "source": "HistorySUHI", "period": "2013-2026", "hotspot_percentile": "top_10_pct", "label": ">= 6 estati"}, "geometry": {"type": "Polygon", "coordinates": [[[11.243736276573065, 44.52387657680365], [11.243767369296718, 44.52468619573175], [11.244144607774954, 44.52467878047143], [11.24415497404584, 44.52494865334863], [11.24453221411771, 44.524941236773905], [11.244542582272974, 44.52521110956698], [11.245674306833187, 44.52518885216445], [11.245684680350951, 44.52545872473452], [11.246439166141876, 44.52544388010214], [11.246428789146051, 44.52517400767099], [11.246051548062365, 44.52518143054022], [11.246020423164898, 44.52437181295005], [11.24564318715267, 44.52437923436592], [11.245632814216746, 44.524109361736976], [11.244878345233822, 44.52412420069487], [11.244867975921178, 44.52385432791234], [11.243736276573065, 44.52387657680365]]]}}, {"type": "Feature", "properties": {"threshold": "ge_6", "source": "HistorySUHI", "period": "2013-2026", "hotspot_percentile": "top_10_pct", "label": ">= 6 estati"}, "geometry": {"type": "Polygon", "coordinates": [[[11.273286880015531, 44.53625560390123], [11.273276375108523, 44.53598573698172], [11.272521767177448, 44.536000761675645], [11.2725322686047, 44.53627062873578], [11.273286880015531, 44.53625560390123]]]}}, {"type": "Feature", "properties": {"threshold": "ge_6", "source": "HistorySUHI", "period": "2013-2026", "hotspot_percentile": "top_10_pct", "label": ">= 6 estati"}, "geometry": {"type": "Polygon", "coordinates": [[[11.243914847388778, 44.54817992589866], [11.243925221092237, 44.54844979770386], [11.244302612986317, 44.54844237882639], [11.244323364312066, 44.54898212225379], [11.244700759542921, 44.54897470199141], [11.244669627549172, 44.548165087036566], [11.243914847388778, 44.54817992589866]]]}}, {"type": "Feature", "properties": {"threshold": "ge_6", "source": "HistorySUHI", "period": "2013-2026", "hotspot_percentile": "top_10_pct", "label": ">= 6 estati"}, "geometry": {"type": "Polygon", "coordinates": [[[11.248976868398778, 44.55213144618524], [11.248599453874867, 44.55213888098898], [11.248620247588617, 44.552678622475135], [11.248997665595462, 44.55267118753226], [11.248976868398778, 44.55213144618524]]]}}, {"type": "Feature", "properties": {"threshold": "ge_6", "source": "HistorySUHI", "period": "2013-2026", "hotspot_percentile": "top_10_pct", "label": ">= 6 estati"}, "geometry": {"type": "Polygon", "coordinates": [[[11.248661836766194, 44.55375810527078], [11.24863064466425, 44.55294849319614], [11.247875804730057, 44.55296335948242], [11.247906986382668, 44.55377297197441], [11.248661836766194, 44.55375810527078]]]}}, {"type": "Feature", "properties": {"threshold": "ge_6", "source": "HistorySUHI", "period": "2013-2026", "hotspot_percentile": "top_10_pct", "label": ">= 6 estati"}, "geometry": {"type": "Polygon", "coordinates": [[[11.244877198921282, 44.553562517566895], [11.244866818969625, 44.5532926461802], [11.244489395876817, 44.55330006755369], [11.244499774086895, 44.55356993900985], [11.244877198921282, 44.553562517566895]]]}}, {"type": "Feature", "properties": {"threshold": "ge_6", "source": "HistorySUHI", "period": "2013-2026", "hotspot_percentile": "top_10_pct", "label": ">= 6 estati"}, "geometry": {"type": "Polygon", "coordinates": [[[11.245265005448928, 44.55382496618022], [11.245254623610068, 44.5535550948777], [11.244877198921282, 44.553562517566895], [11.24488757901854, 44.553832388938886], [11.245265005448928, 44.55382496618022]]]}}, {"type": "Feature", "properties": {"threshold": "ge_6", "source": "HistorySUHI", "period": "2013-2026", "hotspot_percentile": "top_10_pct", "label": ">= 6 estati"}, "geometry": {"type": "Polygon", "coordinates": [[[11.252446495003952, 44.553953566943726], [11.252452953358663, 44.554120910091754], [11.252577281059203, 44.55395098591889], [11.252446495003952, 44.553953566943726]]]}}, {"type": "Feature", "properties": {"threshold": "ge_6", "source": "HistorySUHI", "period": "2013-2026", "hotspot_percentile": "top_10_pct", "label": ">= 6 estati"}, "geometry": {"type": "Polygon", "coordinates": [[[11.252079483082495, 44.554230883471504], [11.252089896707963, 44.5545007534775], [11.251712467677805, 44.55450819887764], [11.251732783720017, 44.55503476424501], [11.251876572115883, 44.5548619035775], [11.252105620087045, 44.55458650839544], [11.25216113674027, 44.55451974878414], [11.252376781293504, 44.55422501782569], [11.252079483082495, 44.554230883471504]]]}}, {"type": "Feature", "properties": {"threshold": "ge_6", "source": "HistorySUHI", "period": "2013-2026", "hotspot_percentile": "top_10_pct", "label": ">= 6 estati"}, "geometry": {"type": "Polygon", "coordinates": [[[11.251366269804384, 44.55532525337915], [11.251371803971574, 44.55546871077255], [11.251493223031103, 44.55532274940526], [11.251366269804384, 44.55532525337915]]]}}, {"type": "Feature", "properties": {"threshold": "ge_6", "source": "HistorySUHI", "period": "2013-2026", "hotspot_percentile": "top_10_pct", "label": ">= 6 estati"}, "geometry": {"type": "Polygon", "coordinates": [[[11.28696045160837, 44.49006939994495], [11.286907697779027, 44.48872006709267], [11.28615370666846, 44.48873516929725], [11.286206443141864, 44.49008450285619], [11.28696045160837, 44.49006939994495]]]}}, {"type": "Feature", "properties": {"threshold": "ge_6", "source": "HistorySUHI", "period": "2013-2026", "hotspot_percentile": "top_10_pct", "label": ">= 6 estati"}, "geometry": {"type": "Polygon", "coordinates": [[[11.284353037011396, 44.490931839392225], [11.284342497656105, 44.49066197240121], [11.283965488990816, 44.4906695159159], [11.283986564377637, 44.491209250024355], [11.284740588503459, 44.491194161469124], [11.284730047264686, 44.49092429456349], [11.284353037011396, 44.490931839392225]]]}}, {"type": "Feature", "properties": {"threshold": "ge_6", "source": "HistorySUHI", "period": "2013-2026", "hotspot_percentile": "top_10_pct", "label": ">= 6 estati"}, "geometry": {"type": "Polygon", "coordinates": [[[11.308555951571709, 44.49233550036015], [11.308178938524819, 44.49234312402239], [11.30822153900242, 44.493422573539554], [11.308598558992513, 44.49341494959192], [11.308609211220993, 44.49368481186283], [11.309740275502866, 44.49366193234492], [11.309718960780154, 44.493122208216526], [11.310095978437019, 44.49311457936637], [11.310032027439567, 44.49149540705376], [11.309655020197155, 44.49150303547559], [11.309644363956128, 44.49123317330021], [11.308890352494544, 44.49124842627092], [11.308911658183273, 44.49178815089233], [11.308534648757139, 44.49179577565531], [11.308555951571709, 44.49233550036015]]]}}, {"type": "Feature", "properties": {"threshold": "ge_6", "source": "HistorySUHI", "period": "2013-2026", "hotspot_percentile": "top_10_pct", "label": ">= 6 estati"}, "geometry": {"type": "Polygon", "coordinates": [[[11.280709201836434, 44.49424563049516], [11.280332169128451, 44.49425316249176], [11.280342691307794, 44.494523030066645], [11.281473794197371, 44.49450043013452], [11.281442212477408, 44.49369082800008], [11.280688154448153, 44.493705895442055], [11.280709201836434, 44.49424563049516]]]}}, {"type": "Feature", "properties": {"threshold": "ge_6", "source": "HistorySUHI", "period": "2013-2026", "hotspot_percentile": "top_10_pct", "label": ">= 6 estati"}, "geometry": {"type": "Polygon", "coordinates": [[[11.282227862052608, 44.49448535729509], [11.282217331192927, 44.494215490072776], [11.281840299075167, 44.494223027043766], [11.281861357470001, 44.494762761614695], [11.282615428502195, 44.49474768614698], [11.282604895758812, 44.49447781900998], [11.282227862052608, 44.49448535729509]]]}}, {"type": "Feature", "properties": {"threshold": "ge_6", "source": "HistorySUHI", "period": "2013-2026", "hotspot_percentile": "top_10_pct", "label": ">= 6 estati"}, "geometry": {"type": "Polygon", "coordinates": [[[11.284542770671221, 44.49578944270311], [11.28453222865637, 44.49551957597814], [11.28377814868427, 44.49553466430554], [11.283799225917022, 44.49607439802309], [11.284930356070609, 44.49605176324291], [11.284919812171788, 44.49578189660334], [11.284542770671221, 44.49578944270311]]]}}, {"type": "Feature", "properties": {"threshold": "ge_6", "source": "HistorySUHI", "period": "2013-2026", "hotspot_percentile": "top_10_pct", "label": ">= 6 estati"}, "geometry": {"type": "Polygon", "coordinates": [[[11.284627112110227, 44.497948375970715], [11.284637655455166, 44.498218242562636], [11.285768826393133, 44.49819559862529], [11.285737181174488, 44.49738599944088], [11.285360129552071, 44.49739354845179], [11.285328490873061, 44.49658394892238], [11.28570553728663, 44.49657640012339], [11.285684442100685, 44.496036667171154], [11.284930356070609, 44.49605176324291], [11.285004167500999, 44.49794082930597], [11.284627112110227, 44.497948375970715]]]}}, {"type": "Feature", "properties": {"threshold": "ge_6", "source": "HistorySUHI", "period": "2013-2026", "hotspot_percentile": "top_10_pct", "label": ">= 6 estati"}, "geometry": {"type": "Polygon", "coordinates": [[[11.295195199058385, 44.49800646383798], [11.295572252037282, 44.49799888227802], [11.295561658338206, 44.49772901773892], [11.295184607095624, 44.49773659922793], [11.295174015281338, 44.49746673460307], [11.294419915823356, 44.497481893708105], [11.294462270080725, 44.49856135268621], [11.29521638342935, 44.49854619301371], [11.295195199058385, 44.49800646383798]]]}}, {"type": "Feature", "properties": {"threshold": "ge_6", "source": "HistorySUHI", "period": "2013-2026", "hotspot_percentile": "top_10_pct", "label": ">= 6 estati"}, "geometry": {"type": "Polygon", "coordinates": [[[11.3159435793378, 44.49785749183155], [11.315566532676685, 44.49786514062189], [11.315555846806769, 44.497595279874574], [11.313670619935827, 44.49763350481367], [11.313681297124695, 44.497903365918695], [11.313304249565181, 44.49791100724706], [11.31331492516748, 44.498180868408774], [11.312937875722076, 44.49818850856498], [11.312991247296795, 44.499537814508514], [11.313368305423783, 44.49953017399481], [11.313357629073206, 44.499260312907275], [11.314865853138853, 44.49922973870125], [11.314855169992596, 44.498959877884985], [11.315232223898345, 44.49895223129573], [11.31522153916554, 44.498682370536194], [11.315598591185207, 44.498674722774815], [11.315587904865902, 44.49840486207201], [11.315964954999492, 44.49839721313851], [11.3159435793378, 44.49785749183155]]]}}, {"type": "Feature", "properties": {"threshold": "ge_6", "source": "HistorySUHI", "period": "2013-2026", "hotspot_percentile": "top_10_pct", "label": ">= 6 estati"}, "geometry": {"type": "Polygon", "coordinates": [[[11.308057522361862, 44.49882744169908], [11.308068174104452, 44.499097303816214], [11.3076911173575, 44.4991049267748], [11.307701767513032, 44.49937478894846], [11.30694765009851, 44.499390031277066], [11.306958296930528, 44.49965989357853], [11.306581236262973, 44.49966751294852], [11.306623818137702, 44.500746962291444], [11.307000885751131, 44.50073934263624], [11.307011533329428, 44.501009204863614], [11.308896877839803, 44.50097108757383], [11.308886221578893, 44.50070122570317], [11.309263288296396, 44.50069359858515], [11.309241972749765, 44.50015387494209], [11.30961903584491, 44.50014624672306], [11.309587058436222, 44.49933666136144], [11.309210000550323, 44.499344289366334], [11.309188686497668, 44.49880456557503], [11.308057522361862, 44.49882744169908]]]}}, {"type": "Feature", "properties": {"threshold": "ge_6", "source": "HistorySUHI", "period": "2013-2026", "hotspot_percentile": "top_10_pct", "label": ">= 6 estati"}, "geometry": {"type": "Polygon", "coordinates": [[[11.28968732497264, 44.5018981558583], [11.289697893112383, 44.50216802130935], [11.290074974364126, 44.502160457343585], [11.290085544388763, 44.50243032270906], [11.290839709921165, 44.5024151909042], [11.29078684391285, 44.50106586463691], [11.290409769904187, 44.50107343080727], [11.290399198883797, 44.50080356543862], [11.289645053895155, 44.50081869390616], [11.289655621442309, 44.50108855941638], [11.289278546989143, 44.50109612185514], [11.289310245309464, 44.50190571850938], [11.28968732497264, 44.5018981558583]]]}}, {"type": "Feature", "properties": {"threshold": "ge_6", "source": "HistorySUHI", "period": "2013-2026", "hotspot_percentile": "top_10_pct", "label": ">= 6 estati"}, "geometry": {"type": "Polygon", "coordinates": [[[11.29693662365342, 44.503913141567004], [11.296915419447481, 44.50337341355114], [11.297292506563403, 44.50336582559625], [11.297281902946587, 44.50309596163712], [11.29765898817707, 44.50308837250933], [11.297648382972138, 44.502818508606424], [11.298025466317187, 44.50281091830572], [11.29801485952419, 44.50254105445904], [11.297637777915881, 44.50254864468871], [11.297616568249365, 44.502008916808855], [11.29648533295275, 44.50203167960837], [11.296474733552497, 44.50176181543323], [11.29609765655975, 44.5017694004743], [11.296087059044735, 44.50149953621337], [11.295709983640077, 44.5015071199396], [11.295699388010249, 44.501237255592905], [11.295322314193685, 44.501244838004304], [11.295311720448998, 44.50097497357186], [11.294180503318175, 44.500997713130126], [11.29420168053632, 44.501537442405855], [11.293824604389222, 44.50154501991273], [11.293866953660011, 44.502624478570254], [11.293489870417682, 44.50263205511687], [11.293553388355733, 44.50425124308466], [11.293176294544036, 44.504258818812716], [11.293208050305843, 44.50506841280954], [11.293585149328345, 44.50506083686879], [11.293595736616062, 44.505330701433905], [11.294349937689741, 44.50531554567851], [11.29433934692806, 44.50504568125523], [11.29547064221403, 44.50502293850472], [11.29546004638997, 44.50475307427946], [11.29583714278462, 44.504745490945545], [11.295826545372183, 44.504475626776454], [11.296580734241921, 44.50446045651857], [11.29655953291521, 44.50392072841993], [11.29693662365342, 44.503913141567004]]]}}, {"type": "Feature", "properties": {"threshold": "ge_6", "source": "HistorySUHI", "period": "2013-2026", "hotspot_percentile": "top_10_pct", "label": ">= 6 estati"}, "geometry": {"type": "Polygon", "coordinates": [[[11.303702964770505, 44.50323664004104], [11.302948795450392, 44.50325185700059], [11.302970055234175, 44.50379158274134], [11.303724231501427, 44.503776365496975], [11.303702964770505, 44.50323664004104]]]}}, {"type": "Feature", "properties": {"threshold": "ge_6", "source": "HistorySUHI", "period": "2013-2026", "hotspot_percentile": "top_10_pct", "label": ">= 6 estati"}, "geometry": {"type": "Polygon", "coordinates": [[[11.273965307103127, 44.50518326792627], [11.273211097016045, 44.50519828904071], [11.273221590355842, 44.505468157432425], [11.27397580391711, 44.5054531361774], [11.273965307103127, 44.50518326792627]]]}}, {"type": "Feature", "properties": {"threshold": "ge_6", "source": "HistorySUHI", "period": "2013-2026", "hotspot_percentile": "top_10_pct", "label": ">= 6 estati"}, "geometry": {"type": "Polygon", "coordinates": [[[11.313635262835476, 44.50627669636327], [11.313624582742547, 44.50600683564652], [11.314378781907452, 44.50599154745467], [11.31436809849036, 44.505721686866146], [11.314745196111224, 44.50571404097576], [11.314755881265258, 44.50598390149272], [11.316264277198263, 44.505953305204855], [11.316200126835959, 44.504334143598406], [11.315823038498708, 44.50434179410681], [11.315790970551244, 44.503532212888516], [11.316168053678213, 44.50352456259489], [11.316157362925376, 44.50325470223071], [11.31578028153512, 44.503262352452744], [11.31573752696905, 44.50218291056131], [11.314983377632272, 44.50219820670111], [11.314994062575794, 44.50246806733938], [11.31461698594609, 44.50247571361507], [11.314638352809185, 44.50301543499018], [11.314261272556394, 44.50302308016511], [11.314207865205011, 44.501673776258336], [11.31269957742927, 44.501704343088896], [11.312742275224986, 44.502783787388175], [11.313119354339927, 44.5027761472603], [11.31314070760904, 44.50331586917798], [11.313517790047698, 44.503308227663204], [11.3135071116016, 44.503038366783294], [11.313884192153857, 44.50303072409614], [11.313937594565123, 44.50438002798975], [11.314314683651403, 44.50437238370104], [11.314325366319668, 44.50464224436373], [11.313948275496566, 44.50464988872397], [11.313969637808665, 44.50518961014793], [11.313592543362102, 44.50519725340726], [11.313603223005863, 44.50546711416851], [11.313226126672683, 44.50547475625539], [11.313236804729241, 44.50574461707332], [11.312105509620844, 44.505767536084456], [11.312116182616236, 44.506037397102034], [11.311739082210531, 44.506045034355864], [11.311749753618567, 44.506314895430094], [11.311372651326272, 44.506322531511366], [11.311383321146907, 44.506592392642226], [11.311006216968018, 44.506600027550896], [11.311016885201198, 44.50686988873837], [11.31063977913571, 44.50687752247445], [11.310661112576607, 44.50741724494779], [11.311038222116247, 44.50740961106884], [11.31102755358394, 44.507139749911026], [11.31215887609411, 44.50711684102408], [11.312148202500191, 44.5068469800658], [11.312902413284718, 44.50683170139716], [11.312891736366382, 44.506561840567045], [11.313268839797107, 44.50655419943814], [11.313258161291449, 44.5062843386647], [11.313635262835476, 44.50627669636327]]]}}, {"type": "Feature", "properties": {"threshold": "ge_6", "source": "HistorySUHI", "period": "2013-2026", "hotspot_percentile": "top_10_pct", "label": ">= 6 estati"}, "geometry": {"type": "Polygon", "coordinates": [[[11.29774383516897, 44.50524728319966], [11.297754441712053, 44.50551714696933], [11.298131542425802, 44.50550955595829], [11.298142150854586, 44.50577941964212], [11.298519253156613, 44.505771827315975], [11.298529863471146, 44.50604169091395], [11.299661174695714, 44.50601890625809], [11.299629328565393, 44.50520931605941], [11.298875131653098, 44.50522450664757], [11.298853908591369, 44.504684779490105], [11.298476813385935, 44.504692372776034], [11.298466203815115, 44.50442250910403], [11.29733492251721, 44.504445281284724], [11.297366736043505, 44.50525487289565], [11.29774383516897, 44.50524728319966]]]}}, {"type": "Feature", "properties": {"threshold": "ge_6", "source": "HistorySUHI", "period": "2013-2026", "hotspot_percentile": "top_10_pct", "label": ">= 6 estati"}, "geometry": {"type": "Polygon", "coordinates": [[[11.297377340849607, 44.50552473673634], [11.297366736043505, 44.50525487289565], [11.296989636769373, 44.505262461347606], [11.29700023983849, 44.505532325259324], [11.297377340849607, 44.50552473673634]]]}}, {"type": "Feature", "properties": {"threshold": "ge_6", "source": "HistorySUHI", "period": "2013-2026", "hotspot_percentile": "top_10_pct", "label": ">= 6 estati"}, "geometry": {"type": "Polygon", "coordinates": [[[11.3059122528331, 44.50184164754655], [11.305922895798576, 44.50211150992854], [11.305168742161399, 44.50212674124497], [11.30520066153293, 44.50293632872962], [11.305577743636164, 44.50292871347954], [11.305599027436472, 44.50346843825272], [11.306353198142336, 44.50345320373574], [11.306363843739831, 44.503723065957516], [11.307118017322292, 44.50370782632223], [11.307139315912245, 44.5042475504361], [11.307516405953171, 44.504239928609906], [11.307527057208931, 44.504509790573294], [11.307904148837379, 44.504502167431816], [11.307925455270617, 44.50504189117142], [11.307548360168415, 44.5050495144556], [11.307559011872144, 44.5053193763745], [11.3071819148837, 44.505326998486], [11.307160615099376, 44.50478727449069], [11.306406427622234, 44.50480251469645], [11.306417073965953, 44.50507237684413], [11.305285786420217, 44.50509522803673], [11.305328352444095, 44.50617467733468], [11.305705455389747, 44.506167061229384], [11.30571609900571, 44.50643692344555], [11.305338994323032, 44.506444539622116], [11.305349636351163, 44.50671440189475], [11.304972529782237, 44.50672201689851], [11.305004451550504, 44.50753160384126], [11.305381563330732, 44.5075239886237], [11.305413491653123, 44.50833357521929], [11.305790608495666, 44.5083259585438], [11.305801253305436, 44.50859582064143], [11.306555490017226, 44.50858058341546], [11.306566138450712, 44.508850445355655], [11.30694325831993, 44.50884282480514], [11.306932608149204, 44.50857296293624], [11.308063961649184, 44.50855009403377], [11.308074617031604, 44.50881995568866], [11.308451736303425, 44.508812330161525], [11.308441079183776, 44.50854246857801], [11.309195313804718, 44.50852721393406], [11.309205974398813, 44.50879707537482], [11.309583093222333, 44.50878944611525], [11.309572430891016, 44.508519584745876], [11.309949547827836, 44.50851195431357], [11.309938883908808, 44.508242093000774], [11.310315998958933, 44.50823446139574], [11.310294668095073, 44.507694738868516], [11.310671779521371, 44.507687106162216], [11.310661112576607, 44.50741724494779], [11.310284002887427, 44.50742487758265], [11.3102733378293, 44.50715501628197], [11.309896229727691, 44.507162647601334], [11.309885566556147, 44.50689278621441], [11.30950846004212, 44.50690041621829], [11.309497798757112, 44.50663055474514], [11.307989378154808, 44.50666106203455], [11.307978723967379, 44.506391200261085], [11.307224516244013, 44.506406446298776], [11.30721386567997, 44.50613658436781], [11.308722273581212, 44.506106087601644], [11.308732931093294, 44.506375949247214], [11.309110034432148, 44.506368321874206], [11.30908871608341, 44.50582859871101], [11.309465815798852, 44.50582097023674], [11.309455155111676, 44.505551108704296], [11.309832252940714, 44.5055434790574], [11.30977894306219, 44.50419417152977], [11.310156032057378, 44.50418654099592], [11.310081392347751, 44.502297510334394], [11.309704315509661, 44.5023051403684], [11.309682994696848, 44.50176541704602], [11.30892884751885, 44.5017806730969], [11.308939504377312, 44.50205053490828], [11.308185353128511, 44.5020657861265], [11.308196006663088, 44.50233564806578], [11.307818929078012, 44.50234327188044], [11.30782958102527, 44.50261313387625], [11.3074525015542, 44.50262075651839], [11.307441851343611, 44.502350894451254], [11.30706477345991, 44.50235851577818], [11.307054125135274, 44.50208865362491], [11.30667704883895, 44.50209627363665], [11.306666402400209, 44.501826411397246], [11.3059122528331, 44.50184164754655]], [[11.308573084098816, 44.50232802300724], [11.308583739519408, 44.50259788486033], [11.308206660347016, 44.50260550999023], [11.308196006663088, 44.50233564806578], [11.308573084098816, 44.50232802300724]]]}}, {"type": "Feature", "properties": {"threshold": "ge_6", "source": "HistorySUHI", "period": "2013-2026", "hotspot_percentile": "top_10_pct", "label": ">= 6 estati"}, "geometry": {"type": "Polygon", "coordinates": [[[11.298301295134523, 44.509827373122874], [11.298280073963491, 44.509287646184596], [11.297902948929478, 44.50929523819023], [11.297892340304417, 44.50902537462782], [11.297515216858994, 44.509032965318234], [11.297504610119958, 44.50876310166999], [11.296750366257628, 44.50877827917621], [11.296760969522058, 44.509048142966485], [11.29487534857866, 44.50908606531376], [11.294896538180023, 44.50962579355967], [11.296027921615957, 44.509603043458085], [11.296038521851603, 44.509872907345944], [11.296415651103771, 44.50986532141933], [11.29642625322544, 44.510135185221394], [11.297180514758631, 44.51012000949347], [11.297191120503793, 44.510389873138706], [11.297945384917064, 44.51037469229177], [11.29795599428581, 44.510644555780154], [11.298333128006785, 44.510636963419266], [11.298343739261739, 44.51090682682179], [11.300229414321898, 44.51086884599815], [11.300218794379653, 44.51059898295105], [11.300595927207654, 44.51059138312466], [11.300564063062046, 44.50978179410788], [11.300186935446252, 44.50978939372092], [11.300176316099552, 44.50951953061458], [11.299422063896053, 44.50953472596582], [11.299432679768037, 44.50980458921435], [11.298301295134523, 44.509827373122874]]]}}, {"type": "Feature", "properties": {"threshold": "ge_6", "source": "HistorySUHI", "period": "2013-2026", "hotspot_percentile": "top_10_pct", "label": ">= 6 estati"}, "geometry": {"type": "Polygon", "coordinates": [[[11.288947012574226, 44.511905859773954], [11.28892587619828, 44.511366129497304], [11.28854873529091, 44.51137369089292], [11.28853816906274, 44.511103825661635], [11.287783890278707, 44.511118944578435], [11.287773327673742, 44.51084907919089], [11.287396189797112, 44.510856636712106], [11.287385629077749, 44.510586771239055], [11.287008492790571, 44.51059432744527], [11.286987375270975, 44.51005459631337], [11.285855975946218, 44.51007725704216], [11.285940407876227, 44.51223618291143], [11.28556326057154, 44.51224373456451], [11.285584366558416, 44.51278346602531], [11.285961517338468, 44.5127759142309], [11.285972072291564, 44.51304577986846], [11.286726376883125, 44.5130306724051], [11.2867158184546, 44.51276080690893], [11.287092968790628, 44.512753251381376], [11.287082408772449, 44.51248338594111], [11.288213853679048, 44.512460712104385], [11.288203288595952, 44.51219084686152], [11.288580434864278, 44.51218328649799], [11.288569868191676, 44.51191342131108], [11.288947012574226, 44.511905859773954]]]}}, {"type": "Feature", "properties": {"threshold": "ge_6", "source": "HistorySUHI", "period": "2013-2026", "hotspot_percentile": "top_10_pct", "label": ">= 6 estati"}, "geometry": {"type": "Polygon", "coordinates": [[[11.283060266649525, 44.51580482115925], [11.283070809326649, 44.51607468719927], [11.28344798199635, 44.51606714326843], [11.283437437581222, 44.51579727729899], [11.284946119829357, 44.51576708941284], [11.284935568610178, 44.51549722371113], [11.285312737064459, 44.51548967369896], [11.285281079080772, 44.51468007671713], [11.285658242173346, 44.514672525672445], [11.285626580307705, 44.51386292876953], [11.28487226440167, 44.51387802919046], [11.28488281473327, 44.514147894980866], [11.283751334551395, 44.51417053649092], [11.28367752182926, 44.5122814741645], [11.283300373637209, 44.51228901835142], [11.283268747043895, 44.51147941977801], [11.28289160391695, 44.51148696250879], [11.282881063752374, 44.511217096217514], [11.281749638697766, 44.51123971673219], [11.281760173649555, 44.51150958323515], [11.28138302993165, 44.5115171209886], [11.281372496717463, 44.511247254415096], [11.28099535458948, 44.51125479085368], [11.280984823260548, 44.51098492419486], [11.280607682722493, 44.51099245931861], [11.280586623982666, 44.51045272581561], [11.279832349413901, 44.51046779204816], [11.279821823740445, 44.510197925133504], [11.279067552056421, 44.51021298624792], [11.279078074254844, 44.510482853303515], [11.278700936454019, 44.51049038206475], [11.278721977818321, 44.511030116272536], [11.278344836394878, 44.51103764393036], [11.278355355560688, 44.511307511082535], [11.277978212252163, 44.51131503756647], [11.277999247550968, 44.51185477196739], [11.278753540971069, 44.51183971747343], [11.278764062317004, 44.51210958451084], [11.28027265433752, 44.51207946030871], [11.28028318278172, 44.51234932704945], [11.281037481381764, 44.51233425734117], [11.281048013448986, 44.512604123926096], [11.281425164265226, 44.512596587134865], [11.281456766566139, 44.513406186589414], [11.281079610536654, 44.513413723592244], [11.281100676000127, 44.51395345662912], [11.280723516347342, 44.513960992528574], [11.280734047562744, 44.51423085909537], [11.279602562505005, 44.51425345953853], [11.27961308865443, 44.514523326302054], [11.279235924935437, 44.514530857364676], [11.279278024057245, 44.51561032455293], [11.278900853238902, 44.515617854652945], [11.278911376650269, 44.51588772148354], [11.279288549206619, 44.51588019131305], [11.279299074503566, 44.51615005805841], [11.28043059650115, 44.51612745986831], [11.280441127159827, 44.51639732638741], [11.2808183026018, 44.51638979109778], [11.280807770205078, 44.516119924649196], [11.281562117169889, 44.516104850477355], [11.281551581444806, 44.515834984155056], [11.281928752967625, 44.51582744527289], [11.281939290430724, 44.51609731152463], [11.282693636509126, 44.5160822298856], [11.28268309557001, 44.515812363774984], [11.283060266649525, 44.51580482115925]]]}}, {"type": "Feature", "properties": {"threshold": "ge_6", "source": "HistorySUHI", "period": "2013-2026", "hotspot_percentile": "top_10_pct", "label": ">= 6 estati"}, "geometry": {"type": "Polygon", "coordinates": [[[11.303060756522331, 44.51567314393507], [11.303071391459302, 44.5159430062026], [11.303448557997664, 44.515935396242334], [11.303437921322798, 44.51566553404602], [11.303060756522331, 44.51567314393507]]]}}, {"type": "Feature", "properties": {"threshold": "ge_6", "source": "HistorySUHI", "period": "2013-2026", "hotspot_percentile": "top_10_pct", "label": ">= 6 estati"}, "geometry": {"type": "Polygon", "coordinates": [[[11.303836362948806, 44.5161976471479], [11.303825724386892, 44.51592778503761], [11.303448557997664, 44.515935396242334], [11.303459194821661, 44.516205258423845], [11.303836362948806, 44.5161976471479]]]}}, {"type": "Feature", "properties": {"threshold": "ge_6", "source": "HistorySUHI", "period": "2013-2026", "hotspot_percentile": "top_10_pct", "label": ">= 6 estati"}, "geometry": {"type": "Polygon", "coordinates": [[[11.293296779338442, 44.51695002061207], [11.293286189142174, 44.51668015654144], [11.292531840930078, 44.51669530829863], [11.292542427650268, 44.51696517251105], [11.293296779338442, 44.51695002061207]]]}}, {"type": "Feature", "properties": {"threshold": "ge_6", "source": "HistorySUHI", "period": "2013-2026", "hotspot_percentile": "top_10_pct", "label": ">= 6 estati"}, "geometry": {"type": "Polygon", "coordinates": [[[11.292961958886151, 44.51803705360197], [11.292972548086716, 44.51830691766952], [11.292595363477844, 44.5183144933512], [11.292616538848007, 44.51885422158368], [11.293748102658341, 44.518831490379405], [11.293716324182137, 44.51802189864662], [11.292961958886151, 44.51803705360197]]]}}, {"type": "Feature", "properties": {"threshold": "ge_6", "source": "HistorySUHI", "period": "2013-2026", "hotspot_percentile": "top_10_pct", "label": ">= 6 estati"}, "geometry": {"type": "Polygon", "coordinates": [[[11.3113868056118, 44.52576777375077], [11.31100957774344, 44.525775411244155], [11.311020253124298, 44.52604527152173], [11.311774712188836, 44.52602999514712], [11.311753354621793, 44.52549027486306], [11.31137612864189, 44.52549791352984], [11.3113868056118, 44.52576777375077]]]}}, {"type": "Feature", "properties": {"threshold": "ge_6", "source": "HistorySUHI", "period": "2013-2026", "hotspot_percentile": "top_10_pct", "label": ">= 6 estati"}, "geometry": {"type": "Polygon", "coordinates": [[[11.312151941496506, 44.52602235509249], [11.311774712188836, 44.52602999514712], [11.31178539119697, 44.5262998552669], [11.312162622243424, 44.52629221514078], [11.312151941496506, 44.52602235509249]]]}}, {"type": "Feature", "properties": {"threshold": "ge_6", "source": "HistorySUHI", "period": "2013-2026", "hotspot_percentile": "top_10_pct", "label": ">= 6 estati"}, "geometry": {"type": "Polygon", "coordinates": [[[11.277446221425146, 44.52672002886687], [11.277068978443035, 44.52672755438663], [11.277058459561665, 44.526457687724246], [11.276681218171047, 44.52646521192859], [11.276670701176153, 44.526195345181044], [11.276293461377035, 44.52620286806997], [11.276282946268564, 44.525933001237256], [11.275528469705913, 44.52594804313941], [11.275538981336473, 44.52621791011288], [11.274784500706305, 44.52623294717585], [11.274805517453641, 44.526772681359965], [11.273673784969287, 44.526795228038964], [11.273684288346873, 44.52706509531986], [11.273307042151773, 44.52707260845981], [11.273328045870647, 44.52761234311794], [11.272950796050118, 44.52761985515344], [11.272982297515512, 44.5284294572408], [11.272605042330298, 44.52843696824212], [11.272615541374066, 44.52870683564532], [11.27337005507563, 44.528691812257], [11.273359552553472, 44.528421944994385], [11.276377587553203, 44.528361802200024], [11.276367071265064, 44.52809193548546], [11.276744323237523, 44.528084412103695], [11.276754841264811, 44.52835427874787], [11.277132094828922, 44.528346754050624], [11.277111055443578, 44.527807020888375], [11.277488305381913, 44.527799495086924], [11.277446221425146, 44.52672002886687]]]}}, {"type": "Feature", "properties": {"threshold": "ge_6", "source": "HistorySUHI", "period": "2013-2026", "hotspot_percentile": "top_10_pct", "label": ">= 6 estati"}, "geometry": {"type": "Polygon", "coordinates": [[[11.280569513416507, 44.52935843935738], [11.280558977406931, 44.52908857347702], [11.281313491869822, 44.52907349751286], [11.281281874292556, 44.52826390020637], [11.280150118029095, 44.528286511650144], [11.2801606518563, 44.52855637764536], [11.279406143463751, 44.528571445856905], [11.279437735396478, 44.529381044176915], [11.280569513416507, 44.52935843935738]]]}}, {"type": "Feature", "properties": {"threshold": "ge_6", "source": "HistorySUHI", "period": "2013-2026", "hotspot_percentile": "top_10_pct", "label": ">= 6 estati"}, "geometry": {"type": "Polygon", "coordinates": [[[11.313853258797716, 44.53084925587491], [11.313789119545548, 44.52923009859236], [11.313034620244903, 44.52924538913275], [11.313013248649499, 44.528705669633716], [11.31263600225247, 44.528713312893316], [11.312625318418533, 44.52844345305003], [11.312248073610691, 44.52845109499313], [11.312216028224615, 44.527641515159736], [11.311838788483858, 44.527649155643346], [11.311828108726974, 44.52737929559772], [11.31145087057537, 44.527386934764884], [11.31144019270713, 44.52711707463295], [11.311062956144685, 44.5271247124837], [11.311052280165038, 44.526854852265444], [11.309920574796191, 44.52687775813375], [11.309931245559227, 44.52714761856636], [11.309554008398113, 44.52715525143737], [11.309564677571878, 44.52742511192656], [11.309941916471892, 44.527417478984134], [11.309952587534191, 44.52768733938708], [11.309575346895254, 44.52769497240095], [11.30958601636824, 44.5279648328605], [11.309963258746128, 44.5279571997752], [11.3099739301077, 44.52822706014849], [11.30959668599084, 44.52823469330522], [11.309618025684895, 44.52877441415018], [11.309240777940396, 44.52878204620477], [11.309272783386426, 44.52959162757527], [11.309650036348145, 44.52958399530643], [11.309660706868485, 44.52985385566218], [11.310037961419692, 44.52984622207686], [11.31005930638758, 44.53038594260104], [11.311191079578071, 44.53036303394599], [11.311201757504065, 44.530632893971465], [11.311579016673974, 44.53062525519148], [11.31158969648891, 44.530895115130626], [11.311966957248263, 44.53088747503407], [11.312052415073975, 44.533046353441414], [11.312806963972239, 44.53303106836878], [11.312796277740933, 44.5327612087628], [11.31355082256099, 44.532745918852505], [11.313540133000808, 44.532476059374794], [11.313917403446634, 44.532468412623444], [11.313863949197746, 44.531119115370096], [11.314241210797217, 44.53111146773143], [11.314230518657975, 44.53084160830782], [11.313853258797716, 44.53084925587491]]]}}, {"type": "Feature", "properties": {"threshold": "ge_6", "source": "HistorySUHI", "period": "2013-2026", "hotspot_percentile": "top_10_pct", "label": ">= 6 estati"}, "geometry": {"type": "Polygon", "coordinates": [[[11.264315214724794, 44.538594521418375], [11.264317449049951, 44.53865214167281], [11.264354922482326, 44.538603817706765], [11.26436286441401, 44.538593576191474], [11.264315214724794, 44.538594521418375]]]}}, {"type": "Feature", "properties": {"threshold": "ge_6", "source": "HistorySUHI", "period": "2013-2026", "hotspot_percentile": "top_10_pct", "label": ">= 6 estati"}, "geometry": {"type": "Polygon", "coordinates": [[[11.2628791271677, 44.54051352973074], [11.262881668364015, 44.54057910193018], [11.262890370136622, 44.540565558634505], [11.2629243721916, 44.5405126327742], [11.2628791271677, 44.54051352973074]]]}}, {"type": "Feature", "properties": {"threshold": "ge_6", "source": "HistorySUHI", "period": "2013-2026", "hotspot_percentile": "top_10_pct", "label": ">= 6 estati"}, "geometry": {"type": "Polygon", "coordinates": [[[11.262512248114366, 44.5407908776658], [11.262521360605461, 44.5410260492926], [11.262707140316547, 44.54080578617531], [11.2627232414464, 44.54078669552283], [11.262512248114366, 44.5407908776658]]]}}, {"type": "Feature", "properties": {"threshold": "ge_6", "source": "HistorySUHI", "period": "2013-2026", "hotspot_percentile": "top_10_pct", "label": ">= 6 estati"}, "geometry": {"type": "Polygon", "coordinates": [[[11.26214536558033, 44.54106822448043], [11.262160315868547, 44.54145410916397], [11.262491575200636, 44.54106136330013], [11.26214536558033, 44.54106822448043]]]}}, {"type": "Feature", "properties": {"threshold": "ge_6", "source": "HistorySUHI", "period": "2013-2026", "hotspot_percentile": "top_10_pct", "label": ">= 6 estati"}, "geometry": {"type": "Polygon", "coordinates": [[[11.261799387221933, 44.54188530778682], [11.261799847165316, 44.54189718086588], [11.26180885001854, 44.54188512028181], [11.261799387221933, 44.54188530778682]]]}}, {"type": "Feature", "properties": {"threshold": "ge_6", "source": "HistorySUHI", "period": "2013-2026", "hotspot_percentile": "top_10_pct", "label": ">= 6 estati"}, "geometry": {"type": "Polygon", "coordinates": [[[11.259283281251799, 44.54517604274679], [11.259284296490238, 44.54520227689638], [11.259306748377739, 44.54517557822473], [11.259283281251799, 44.54517604274679]]]}}, {"type": "Feature", "properties": {"threshold": "ge_6", "source": "HistorySUHI", "period": "2013-2026", "hotspot_percentile": "top_10_pct", "label": ">= 6 estati"}, "geometry": {"type": "Polygon", "coordinates": [[[11.278381360515382, 44.541015406602156], [11.278370830332292, 44.540745540863625], [11.278748163480353, 44.54073800918969], [11.278758695403724, 44.54100787485774], [11.279890699182394, 44.54098527215079], [11.279880162038198, 44.54071540669426], [11.280634827004567, 44.540700332135955], [11.280603206017323, 44.53989073610088], [11.280980533058127, 44.53988319716498], [11.280969991284524, 44.539613331860956], [11.281347316437316, 44.53960579175005], [11.281326229853379, 44.53906606123877], [11.28245819398371, 44.53904343385626], [11.282447645693274, 44.5387735687902], [11.282824965034129, 44.53876602390892], [11.28281441515157, 44.538496158898674], [11.284323684074968, 44.538465967201], [11.284313127380253, 44.53819610245853], [11.284690442501011, 44.538188551491025], [11.28467988421435, 44.53791868680442], [11.285057197447038, 44.53791113466211], [11.28504663756848, 44.537641270031386], [11.286933192810189, 44.53760349099142], [11.286954330115151, 44.538143219531], [11.288086271921575, 44.53812053673708], [11.288065124176827, 44.53758080862204], [11.28844243433583, 44.53757324534135], [11.288410708611169, 44.536763653270185], [11.28916531804484, 44.536748523397236], [11.289133583215996, 44.5359389316177], [11.290265480595453, 44.53591622810512], [11.290254897396567, 44.53564636436148], [11.29079214314152, 44.53563558304522], [11.290748597435373, 44.53556764398], [11.291379913530385, 44.53544843440856], [11.291376199951298, 44.53535378630729], [11.291941229164669, 44.53534244281934], [11.292129543362, 44.535306884000335], [11.292120198011775, 44.535068773797825], [11.291742904995196, 44.53507634889489], [11.291732315282815, 44.534806485390305], [11.29248689768808, 44.534791334092645], [11.292476304644898, 44.53452147071504], [11.292853593885063, 44.53451389326916], [11.292842999250809, 44.534244029947665], [11.294729434524394, 44.53420612439345], [11.294718831340749, 44.53393626141189], [11.295473400930312, 44.53392109061518], [11.295462794416242, 44.53365122776078], [11.296594642466296, 44.53362846243926], [11.296584030882379, 44.533358599783085], [11.296961311528614, 44.5333510089231], [11.296950698354008, 44.53308114632317], [11.29808253418112, 44.533058366484966], [11.298071915936935, 44.5327885040834], [11.298449192508729, 44.53278090838463], [11.298438572674005, 44.53251104603933], [11.299193121891914, 44.53249585104835], [11.29918249872729, 44.53222598883044], [11.29993704387049, 44.53221078900092], [11.299926417376069, 44.53194092691044], [11.300680958444437, 44.53192572224248], [11.300670328620324, 44.531655860279464], [11.301802133886778, 44.53163304415226], [11.30179149899376, 44.531363182387956], [11.302546031613788, 44.53134796555312], [11.302535393391318, 44.5310781039164], [11.30479897723456, 44.53103242395609], [11.30478832872572, 44.53076256273202], [11.305542852000626, 44.530747326260204], [11.305532200162663, 44.5304774651639], [11.305909459836851, 44.53046984513164], [11.305888153130663, 44.529930123037175], [11.305510896934843, 44.52993774292682], [11.305478943213338, 44.52912815946006], [11.305101692085527, 44.52913577789076], [11.30509104288282, 44.528865916634224], [11.304713793344755, 44.52887353374861], [11.304703146030432, 44.52860367240599], [11.304325898082121, 44.52861128820407], [11.304315252656131, 44.52834142677536], [11.303938006297576, 44.52834904125717], [11.30394864998453, 44.52861890275714], [11.302816904796334, 44.528641738946234], [11.302806266326503, 44.52837187723258], [11.302429019371088, 44.52837948673435], [11.302418382789453, 44.528109624934665], [11.302041137423908, 44.528117233120234], [11.302030502730428, 44.52784737123454], [11.301653258954756, 44.52785497810393], [11.301631993493094, 44.52731525414573], [11.301254753046258, 44.52732285962777], [11.301244122278003, 44.52705299755529], [11.300866883421032, 44.52706060172121], [11.30088814162872, 44.5276003259937], [11.300133656511864, 44.52761553087525], [11.300144282361309, 44.52788539313158], [11.299767037840379, 44.527892993776], [11.299756413729925, 44.52762313144855], [11.299001927719138, 44.52763832886019], [11.299012548351605, 44.52790819132986], [11.297880813001528, 44.52793097832315], [11.297859582319454, 44.527391252942536], [11.297482340382999, 44.52739884597485], [11.297471727004199, 44.52712898319128], [11.297094486657878, 44.52713657490757], [11.297052041586493, 44.52605712334107], [11.297429274977222, 44.52604953190895], [11.297397437519557, 44.525239943291744], [11.29702020934527, 44.52524753451076], [11.297009598895764, 44.5249776715377], [11.296632372311459, 44.52498526144078], [11.296621763749478, 44.52471539838189], [11.295867313612117, 44.524730574311405], [11.295835499250874, 44.52392098461989], [11.296212719177822, 44.523913397490574], [11.296191506869874, 44.523373671097545], [11.295814290420205, 44.52338125808487], [11.295803686227911, 44.523111394795144], [11.295426471368152, 44.52311898046667], [11.295415869063126, 44.522849117091155], [11.294661442374801, 44.52286428455785], [11.29467204120266, 44.52313414807529], [11.294294825896973, 44.5231417300124], [11.294305423134835, 44.523411593586], [11.293928205941944, 44.52341917434925], [11.293949397386156, 44.52395890159392], [11.293572176567386, 44.52396648125421], [11.293582770773662, 44.524236344925285], [11.292073879058528, 44.524266651401604], [11.292084466458476, 44.52453651534148], [11.291330016232614, 44.52455166125222], [11.291351184522837, 44.525091389371084], [11.29097395570974, 44.52509896060085], [11.29098453833867, 44.52536882470892], [11.290607307638371, 44.52537639476462], [11.290617888676863, 44.52564625892877], [11.28797725744991, 44.525699214956646], [11.28798782646471, 44.525969079601545], [11.286478884118525, 44.52599931308334], [11.286489446325913, 44.5262691779964], [11.286112208630128, 44.526276733325176], [11.28613333001134, 44.52681646324832], [11.28575608868957, 44.52682401747354], [11.285766647863323, 44.527093882483626], [11.28614389092408, 44.52708632818772], [11.286175574550867, 44.52789592291717], [11.286552822680626, 44.52788836716416], [11.286584512857633, 44.52869796154842], [11.286961766056578, 44.528690404338214], [11.28698289706023, 44.52923013371233], [11.287360153589342, 44.5292225751156], [11.287381288664061, 44.52976230428911], [11.2877585485234, 44.52975474430579], [11.287800827408276, 44.530834202192345], [11.287423560591815, 44.53084176245865], [11.287455266093733, 44.53165135593053], [11.28670072158002, 44.53166647315207], [11.286690156409964, 44.53139660853477], [11.286312885670254, 44.531404165207036], [11.286323449100912, 44.53167402989506], [11.285946176473669, 44.53168158539284], [11.285956738313041, 44.53195145013677], [11.285579463798257, 44.53195900446006], [11.285600584442419, 44.53249873404497], [11.284468749572826, 44.53252138996758], [11.284479304898532, 44.53279125494988], [11.284102024573082, 44.53279880450427], [11.284091470986885, 44.53252893945132], [11.28333691337104, 44.53254403468307], [11.283315813600543, 44.532004304250314], [11.282938538049649, 44.532011849857106], [11.282927990125762, 44.53174198454795], [11.281796167804004, 44.53176461368525], [11.281806710509542, 44.53203447920617], [11.281429434367116, 44.53204201983208], [11.281439975481023, 44.53231188540879], [11.281062697451294, 44.532319424860034], [11.28107323697352, 44.53258929049252], [11.280695957056482, 44.53259682876906], [11.280706494986978, 44.532866694457326], [11.27995193123052, 44.532881767415724], [11.279962465829675, 44.53315163323026], [11.279585181990273, 44.53315916791207], [11.279595714997575, 44.53342903378234], [11.27733199842252, 44.53347421614517], [11.277321475852805, 44.533204349852085], [11.276566905959546, 44.5332194005365], [11.27655638701656, 44.53294953408779], [11.275801820012415, 44.53296457965026], [11.2758228510875, 44.53350431281449], [11.275445563885013, 44.53351183386858], [11.275456077904117, 44.53378170049892], [11.27507878881454, 44.53378922037807], [11.275089301241424, 44.534059087064016], [11.274712010264755, 44.53406660576822], [11.274754054487646, 44.53514607264578], [11.275131352423239, 44.53513855366013], [11.275152378898747, 44.53567828686959], [11.274397775920933, 44.53569332387694], [11.274408285900163, 44.535963190600214], [11.274030982450313, 44.535970707306134], [11.274041490837067, 44.53624057408501], [11.273664185499973, 44.53624808961583], [11.27370621356101, 44.537327556864966], [11.274083525857836, 44.537320041052794], [11.274094034981477, 44.53758990775785], [11.274471348870915, 44.537582390629865], [11.274481859881956, 44.53785225724978], [11.274104544252506, 44.537859774448116], [11.274125563236723, 44.538399507784355], [11.273748243979774, 44.53840702387785], [11.27375875195288, 44.53867689059415], [11.272851906260925, 44.53869494879001], [11.27296367930237, 44.53884810000723], [11.273054520884884, 44.5389797087525], [11.273128293388218, 44.539086711294765], [11.273145014071769, 44.53916055921369], [11.27316880797296, 44.53917683011997], [11.27321714001744, 44.53920973520348], [11.273529333416953, 44.539089914975], [11.273571036772026, 44.53915041865501], [11.273677259531231, 44.539117100238556], [11.274464661773957, 44.540256124275814], [11.274737360193086, 44.54065073608598], [11.275617892877522, 44.54032828880277], [11.27561897547651, 44.54032990568241], [11.275722737527191, 44.5402847780849], [11.276232359677463, 44.54105827656849], [11.278381360515382, 44.541015406602156]], [[11.288858603951928, 44.52892246395192], [11.288481349754871, 44.528930027458216], [11.28846020513447, 44.528390298620515], [11.28883745585327, 44.528382735255775], [11.288826882026356, 44.52811287088553], [11.28958137954094, 44.5280977405625], [11.289623689651242, 44.529177197388414], [11.288869178223676, 44.5291923282778], [11.288858603951928, 44.52892246395192]], [[11.293226733448414, 44.524783650851234], [11.293603959631886, 44.52477607222303], [11.293614554283833, 44.52504593584971], [11.294746237159076, 44.525023192282994], [11.294767437341445, 44.52556291906628], [11.29514466814687, 44.52555533524566], [11.295165872401476, 44.52609506182779], [11.29478863811837, 44.52610264579034], [11.2948204403986, 44.526912235765444], [11.294443200750134, 44.526919818695944], [11.294453800068561, 44.52718968206234], [11.292944833032829, 44.527220001618396], [11.292934240670236, 44.52695013796828], [11.292557000278874, 44.52695771467393], [11.292546409803757, 44.526687850938096], [11.29216917100283, 44.52669542632788], [11.292116229549094, 44.52534610707236], [11.292493459655669, 44.52533853203702], [11.292482870071536, 44.52506866821242], [11.293237326361597, 44.525053514548844], [11.293226733448414, 44.524783650851234]]]}}, {"type": "Feature", "properties": {"threshold": "ge_6", "source": "HistorySUHI", "period": "2013-2026", "hotspot_percentile": "top_10_pct", "label": ">= 6 estati"}, "geometry": {"type": "Polygon", "coordinates": [[[11.271767158657283, 44.5360157813879], [11.271777656604767, 44.53628564858858], [11.272154962678359, 44.53627813928489], [11.272133963450868, 44.53573840500931], [11.272511265897469, 44.53573089460076], [11.272469262250226, 44.53465142615358], [11.272846557590377, 44.5346439147808], [11.272783546099223, 44.53302471208888], [11.27316083085407, 44.53301719989254], [11.27315032771475, 44.53274733279585], [11.272773044699488, 44.53275484492188], [11.272710039393589, 44.53113564160988], [11.272332766668075, 44.53114315206891], [11.272322268038572, 44.530873284728294], [11.27194499690525, 44.53088079387185], [11.271903010816894, 44.52980132408064], [11.27228027499278, 44.52979381521817], [11.272269777099378, 44.52952394780373], [11.272647039388755, 44.52951643776638], [11.272636539903292, 44.52924657040747], [11.272259279353186, 44.52925408037452], [11.272248781754204, 44.52898421293055], [11.272626040565061, 44.52897670303377], [11.272615541374066, 44.52870683564532], [11.271106512204387, 44.528736867480745], [11.271096020117426, 44.52846699979647], [11.270718764196323, 44.52847450457233], [11.270708273995677, 44.528204636803096], [11.269199255797217, 44.528234643174706], [11.269209739041106, 44.52850451122477], [11.26883248238472, 44.52851200977513], [11.268822000880029, 44.52824214165489], [11.26844474581586, 44.52824963888999], [11.268455225581352, 44.52851950708037], [11.267323454289592, 44.528541991525486], [11.26733392898436, 44.52881185991153], [11.266579410576913, 44.52882684345628], [11.26661082510686, 44.52963644894655], [11.266233560465004, 44.529643939061515], [11.266254500740507, 44.53018367612145], [11.266631768861055, 44.53017618586629], [11.26666318559375, 44.53098579113526], [11.267040458785665, 44.53097829942459], [11.267061407487356, 44.53151803605659], [11.267438684011314, 44.53151054296047], [11.267449160321993, 44.531780411184215], [11.267826438438536, 44.53177291677271], [11.267847394979714, 44.53231265303567], [11.268224676428384, 44.53230515723864], [11.268256117561023, 44.53311476131196], [11.267501544079174, 44.53312975208161], [11.267552687989403, 44.53444706332107], [11.267569992251286, 44.53442465138625], [11.268387857603637, 44.53336534113326], [11.26841183518148, 44.533334265033936], [11.268497694456679, 44.53322306096136], [11.269056507779228, 44.532499250630394], [11.269086739650078, 44.53254559796996], [11.2690918219086, 44.532553311155866], [11.26917758980799, 44.53244856319944], [11.269466804753472, 44.532872397144835], [11.269847871927547, 44.53346743283226], [11.270117709504085, 44.53388174755583], [11.270493759363658, 44.53447039893323], [11.270501413019453, 44.534482733228096], [11.270501440270737, 44.534482786701325], [11.270714396801615, 44.534826192951215], [11.270707129049052, 44.53487558140581], [11.27066155466095, 44.53492383228625], [11.270562689930985, 44.53495493097451], [11.270562392988918, 44.53495506291627], [11.270231529621624, 44.535105125805515], [11.270225502922964, 44.53514209305072], [11.27025830729711, 44.535205988863275], [11.27033493632111, 44.535308705277394], [11.27059323061047, 44.535655648270115], [11.27079304597024, 44.535932543870764], [11.270868788864036, 44.53603365509066], [11.271767158657283, 44.5360157813879]]]}}, {"type": "Feature", "properties": {"threshold": "ge_6", "source": "HistorySUHI", "period": "2013-2026", "hotspot_percentile": "top_10_pct", "label": ">= 6 estati"}, "geometry": {"type": "Polygon", "coordinates": [[[11.266820289084631, 44.53503381548839], [11.266833668866647, 44.535378521005676], [11.267104099287037, 44.53502817791126], [11.266820289084631, 44.53503381548839]]]}}, {"type": "Feature", "properties": {"threshold": "ge_6", "source": "HistorySUHI", "period": "2013-2026", "hotspot_percentile": "top_10_pct", "label": ">= 6 estati"}, "geometry": {"type": "Polygon", "coordinates": [[[11.290812158633539, 44.540226474529454], [11.289680178180653, 44.540249185178304], [11.289701342813062, 44.54078891243112], [11.29007867325952, 44.54078134331872], [11.290068089128905, 44.54051147977055], [11.290822746096072, 44.540496337950735], [11.290812158633539, 44.540226474529454]]]}}, {"type": "Feature", "properties": {"threshold": "ge_6", "source": "HistorySUHI", "period": "2013-2026", "hotspot_percentile": "top_10_pct", "label": ">= 6 estati"}, "geometry": {"type": "Polygon", "coordinates": [[[11.279996078752825, 44.543683925903444], [11.280006617522771, 44.54395379119744], [11.279629263933021, 44.54396132745443], [11.27963980111021, 44.54423119280417], [11.280017156440527, 44.544223656476646], [11.280038234719477, 44.54476338699075], [11.280415593383179, 44.544755849276406], [11.280426134485014, 44.545025714440754], [11.280803494741505, 44.54501817541008], [11.280814037731846, 44.5452880404891], [11.281568761282504, 44.545272958549255], [11.28155821481086, 44.54500309361137], [11.281935574623668, 44.54499555084334], [11.281914478642898, 44.5444558210644], [11.281537122311317, 44.54446336369127], [11.281516030403424, 44.54392363371205], [11.280761324258815, 44.54393871494623], [11.280750782007797, 44.54366884979332], [11.279996078752825, 44.543683925903444]]]}}, {"type": "Feature", "properties": {"threshold": "ge_6", "source": "HistorySUHI", "period": "2013-2026", "hotspot_percentile": "top_10_pct", "label": ">= 6 estati"}, "geometry": {"type": "Polygon", "coordinates": [[[11.284598210111273, 44.545482445316274], [11.284608770804285, 44.545752309659576], [11.28423140680561, 44.54575986136006], [11.284245662224134, 44.54612418934567], [11.285249855347375, 44.545571446575245], [11.28528610505997, 44.545534323685274], [11.28535148250528, 44.54546736613053], [11.284598210111273, 44.545482445316274]]]}}, {"type": "Feature", "properties": {"threshold": "ge_6", "source": "HistorySUHI", "period": "2013-2026", "hotspot_percentile": "top_10_pct", "label": ">= 6 estati"}, "geometry": {"type": "Polygon", "coordinates": [[[11.346007560622684, 44.4853601827324], [11.34638451855735, 44.485352435157345], [11.34640616559031, 44.485892145956505], [11.346783126843198, 44.4858843969934], [11.34675065131647, 44.48507483098987], [11.345996739068676, 44.485090327238], [11.346007560622684, 44.4853601827324]]]}}, {"type": "Feature", "properties": {"threshold": "ge_6", "source": "HistorySUHI", "period": "2013-2026", "hotspot_percentile": "top_10_pct", "label": ">= 6 estati"}, "geometry": {"type": "Polygon", "coordinates": [[[11.343907995181143, 44.48945447923054], [11.343864742420209, 44.48837505631753], [11.34348776433838, 44.48838279598796], [11.343498575566041, 44.48865265181096], [11.343121595597445, 44.48866039031063], [11.343132405241379, 44.488930246191174], [11.343509386945236, 44.48892250761909], [11.343531010158234, 44.489462219190685], [11.343907995181143, 44.48945447923054]]]}}, {"type": "Feature", "properties": {"threshold": "ge_6", "source": "HistorySUHI", "period": "2013-2026", "hotspot_percentile": "top_10_pct", "label": ">= 6 estati"}, "geometry": {"type": "Polygon", "coordinates": [[[11.339028760240609, 44.490094714989354], [11.339017969079718, 44.489824858372494], [11.338640980353308, 44.48983258224294], [11.33865176977881, 44.49010243893207], [11.339028760240609, 44.490094714989354]]]}}, {"type": "Feature", "properties": {"threshold": "ge_6", "source": "HistorySUHI", "period": "2013-2026", "hotspot_percentile": "top_10_pct", "label": ">= 6 estati"}, "geometry": {"type": "Polygon", "coordinates": [[[11.338285567007102, 44.490380018378076], [11.338274779165783, 44.49011016163153], [11.337897788401547, 44.49011788308773], [11.337908574507448, 44.49038773990653], [11.338285567007102, 44.490380018378076]]]}}, {"type": "Feature", "properties": {"threshold": "ge_6", "source": "HistorySUHI", "period": "2013-2026", "hotspot_percentile": "top_10_pct", "label": ">= 6 estati"}, "geometry": {"type": "Polygon", "coordinates": [[[11.333018421959132, 44.490757864380065], [11.331887432458107, 44.490780973233825], [11.331898191098572, 44.49105083117745], [11.33302918580611, 44.491027722107425], [11.333018421959132, 44.490757864380065]]]}}, {"type": "Feature", "properties": {"threshold": "ge_6", "source": "HistorySUHI", "period": "2013-2026", "hotspot_percentile": "top_10_pct", "label": ">= 6 estati"}, "geometry": {"type": "Polygon", "coordinates": [[[11.334591032846571, 44.492346179578895], [11.334214026687384, 44.49235388917954], [11.334224796646573, 44.49262374660134], [11.334978812285234, 44.492608326012366], [11.334946492446873, 44.491798754135296], [11.33456948990987, 44.491806464835], [11.334591032846571, 44.492346179578895]]]}}, {"type": "Feature", "properties": {"threshold": "ge_6", "source": "HistorySUHI", "period": "2013-2026", "hotspot_percentile": "top_10_pct", "label": ">= 6 estati"}, "geometry": {"type": "Polygon", "coordinates": [[[11.341000114432411, 44.4922149261335], [11.340623110843252, 44.49222265687125], [11.340644709923982, 44.49276236924381], [11.341021716984354, 44.492754638361376], [11.341000114432411, 44.4922149261335]]]}}, {"type": "Feature", "properties": {"threshold": "ge_6", "source": "HistorySUHI", "period": "2013-2026", "hotspot_percentile": "top_10_pct", "label": ">= 6 estati"}, "geometry": {"type": "Polygon", "coordinates": [[[11.341032518487427, 44.49302449445299], [11.341409527132036, 44.49301676225484], [11.341398723893326, 44.49274690623557], [11.341021716984354, 44.492754638361376], [11.341032518487427, 44.49302449445299]]]}}, {"type": "Feature", "properties": {"threshold": "ge_6", "source": "HistorySUHI", "period": "2013-2026", "hotspot_percentile": "top_10_pct", "label": ">= 6 estati"}, "geometry": {"type": "Polygon", "coordinates": [[[11.354615598256931, 44.49301520546382], [11.354604734120166, 44.49274535199928], [11.354227730789994, 44.49275312771495], [11.354238593191186, 44.493022981252246], [11.354615598256931, 44.49301520546382]]]}}, {"type": "Feature", "properties": {"threshold": "ge_6", "source": "HistorySUHI", "period": "2013-2026", "hotspot_percentile": "top_10_pct", "label": ">= 6 estati"}, "geometry": {"type": "Polygon", "coordinates": [[[11.341409527132036, 44.49301676225484], [11.341431134063749, 44.49355647424872], [11.341054121947787, 44.493564206591586], [11.341043320141901, 44.49329435052973], [11.340666309610219, 44.493302081556855], [11.340677109680414, 44.493571937691065], [11.339923084691536, 44.4935873961598], [11.339912288092734, 44.49331753988092], [11.339535277106979, 44.49332526717786], [11.339513687834696, 44.49278555443087], [11.339890695349128, 44.49277782727855], [11.33987989920432, 44.49250797095506], [11.340256904831799, 44.492500242631685], [11.340246107102718, 44.49223038636565], [11.33986910321084, 44.49223811461669], [11.33985830736868, 44.491968258263434], [11.339481305061055, 44.49197598519883], [11.33945971730178, 44.491436272303076], [11.339082718313943, 44.491443997850524], [11.339071926396752, 44.49117414130806], [11.338694928993158, 44.4911818655399], [11.338684138962716, 44.49091200891025], [11.33830714314337, 44.49091973182652], [11.33829635499963, 44.490649875109725], [11.337919360764536, 44.49065759671044], [11.337908574507448, 44.49038773990653], [11.337531581856613, 44.490395460191706], [11.33752079748613, 44.49012560330067], [11.336766815201848, 44.49014103999673], [11.336756034453325, 44.489871182946366], [11.337510013266806, 44.48985574639476], [11.337488445281622, 44.489316032538305], [11.33711145942117, 44.48932375129128], [11.337100677390628, 44.48905389426852], [11.33672369311438, 44.489061611706035], [11.336712912970265, 44.48879175459618], [11.336335930278224, 44.48879947071826], [11.336346708687033, 44.48906932790033], [11.33596972410861, 44.4890770428514], [11.33599127790876, 44.4896167573153], [11.336368265957875, 44.48960904221983], [11.336389823833033, 44.49014875647987], [11.336012832313132, 44.49015647171973], [11.336023609741906, 44.49042632889964], [11.335646616335511, 44.490434042968424], [11.335668168175314, 44.490973757427994], [11.335291171146936, 44.490981470397855], [11.335301945557893, 44.491251327677524], [11.335678944321781, 44.4912436146355], [11.335700497067853, 44.491783329005855], [11.336831502866374, 44.49176018198665], [11.33685306663018, 44.49229989586432], [11.336476061377262, 44.49230761292516], [11.336486841750236, 44.4925774699139], [11.336109834610587, 44.49258518580358], [11.336099055973238, 44.492315328742635], [11.335722050418132, 44.49232304331676], [11.335711273667465, 44.49205318616875], [11.335334269696908, 44.49206089942731], [11.335355819878062, 44.492600613852815], [11.335732827319854, 44.49259290044989], [11.335743604372636, 44.492862757568155], [11.336120613399022, 44.492855042849655], [11.336163730063644, 44.49393447088526], [11.33654074588178, 44.493926754634536], [11.336529964753241, 44.49365689772016], [11.336906978684514, 44.49364918029823], [11.336928544564225, 44.49418889396769], [11.336551527161442, 44.494196611534065], [11.336562308592224, 44.4944664684187], [11.336939327730802, 44.49445875078012], [11.336950111048527, 44.49472860757766], [11.337327131771765, 44.494720888623384], [11.33733791697648, 44.49499074533383], [11.338468983446544, 44.494967580793436], [11.33845819303433, 44.494697724299755], [11.338835213152715, 44.49469000037163], [11.338846005300757, 44.49495985679302], [11.339600048555335, 44.494944405061794], [11.33961084432635, 44.49521426132371], [11.339987867462506, 44.495206533520566], [11.339998665120717, 44.4954763896953], [11.339621640248692, 44.49548411757075], [11.339632436322365, 44.49575397380291], [11.338878382652554, 44.49576942596796], [11.338889175405717, 44.49603928232983], [11.338512146607949, 44.496047006619385], [11.33850135559071, 44.495777150185205], [11.338124328377607, 44.495784873158954], [11.338135117658918, 44.4960547296654], [11.337381059307164, 44.496070172026876], [11.337391845267804, 44.496340028662964], [11.337768876255245, 44.49633230803174], [11.337779664103056, 44.4966021645807], [11.338156696675258, 44.49659444263367], [11.338167486410292, 44.496864299095506], [11.338544520567252, 44.49685657583265], [11.338555312189555, 44.497126432207324], [11.338932347931266, 44.49711870762865], [11.338953935101813, 44.497658420188806], [11.339330974164339, 44.49765069422196], [11.339395749724229, 44.49926983111158], [11.339772799052332, 44.499262103467274], [11.33979439558883, 44.49980181550018], [11.340171448238056, 44.49979408646757], [11.340182248469644, 44.50006394238937], [11.340559302703753, 44.50005621204074], [11.34057010482304, 44.50032606787532], [11.341324216309568, 44.500310603302296], [11.341335022052927, 44.500580458977296], [11.341712079305312, 44.50057272475286], [11.341733694719176, 44.50111243591344], [11.342110755292767, 44.50110470030053], [11.342132374785455, 44.50164441125681], [11.341755310739062, 44.50165214701452], [11.341766118976269, 44.50192200254273], [11.34138905304192, 44.50192973712905], [11.341410666497923, 44.502469448285595], [11.341787735905227, 44.50246171355451], [11.341798544596982, 44.50273156903808], [11.342552686430027, 44.502716095699746], [11.342541874265253, 44.502446240360975], [11.34329601201901, 44.50243076219231], [11.343285196532841, 44.502160906983505], [11.343662263445832, 44.502153166105934], [11.343640629455448, 44.50161345578854], [11.344017692743925, 44.5016057138121], [11.344006874239783, 44.50133585870353], [11.344383935640204, 44.501328115555815], [11.34437311555134, 44.5010582605048], [11.345127234424385, 44.501042770623116], [11.345116411014503, 44.500772915702186], [11.345493468487112, 44.500765168968265], [11.345471818649894, 44.500225459226705], [11.345094764649902, 44.500233205815654], [11.345083941695176, 44.49996335085006], [11.34621509803111, 44.49994010756971], [11.346204270019369, 44.49967025280674], [11.34658132009157, 44.49966250263181], [11.346559661051034, 44.49912279320624], [11.348067845931947, 44.49909178065046], [11.348122029396475, 44.500441052651624], [11.348499083918137, 44.5004332960407], [11.348509922803071, 44.50070315032366], [11.34888697890909, 44.500695392396466], [11.34887613828786, 44.50042553818609], [11.349253192505625, 44.5004177790878], [11.349264034863145, 44.50068763322557], [11.34964109066521, 44.500679872810984], [11.349651934911034, 44.50094972686123], [11.3500289922974, 44.500941965130316], [11.350018146315264, 44.5006721111527], [11.350395201813281, 44.50066434825073], [11.350362659570306, 44.49985478644644], [11.350739709707486, 44.49984702251875], [11.350718012166718, 44.499307314720056], [11.35034096550193, 44.499315078502434], [11.350330118695817, 44.49904522450809], [11.350707163624444, 44.499037460798355], [11.350663770976023, 44.49795804496261], [11.349909694855537, 44.4979735705573], [11.34987716238196, 44.49716400808823], [11.350254195310168, 44.49715624613057], [11.350243349720351, 44.49688639201705], [11.350620380760562, 44.496878628888524], [11.350631228086346, 44.49714848292939], [11.351008260710476, 44.49714071848467], [11.351040808808188, 44.49795028029992], [11.35217192139208, 44.49792697885042], [11.352182776270318, 44.49819683254099], [11.3529368540376, 44.49818129187808], [11.352925995687263, 44.49791143833295], [11.353680069373622, 44.49789589284123], [11.353669207703453, 44.49762603942666], [11.354046242582246, 44.49761826488822], [11.354024516226698, 44.497078558159885], [11.354401547481261, 44.49707078252342], [11.354358089653777, 44.49599136917897], [11.353981065342829, 44.495999144524376], [11.353937616895129, 44.494919730650444], [11.354314634262847, 44.494911955596066], [11.354303770795807, 44.4946421021631], [11.354680786275507, 44.49463432593806], [11.354669921225018, 44.49436447256293], [11.3558009615431, 44.49434113664573], [11.355779221484934, 44.49380143028753], [11.35540221166926, 44.49380921002439], [11.355369607931557, 44.492999650156925], [11.354992603170396, 44.49300742843203], [11.355003469195038, 44.4932772818089], [11.35387244879103, 44.493300609392485], [11.353861587973183, 44.493030755797335], [11.352730571405882, 44.49305407197251], [11.3527088606403, 44.49251436430112], [11.353462864895082, 44.492498821718584], [11.353452006269455, 44.49222896800599], [11.353829006433026, 44.49222119492248], [11.353818146224091, 44.491951341267736], [11.354572142623528, 44.491935791516276], [11.35456127909586, 44.49166593799213], [11.35380728616738, 44.49168148759808], [11.353796426262885, 44.491411633913515], [11.353042436196448, 44.49142717840084], [11.35303157991504, 44.49115732455592], [11.352654586388997, 44.491165094861955], [11.35264373199517, 44.49089524092941], [11.352266740052402, 44.49090300991947], [11.352255887546107, 44.49063315589933], [11.351501906675043, 44.49064869000429], [11.351491057791604, 44.49037883582389], [11.35111406886334, 44.49038660093883], [11.351103221867316, 44.49011674667087], [11.350726234522371, 44.49012451046991], [11.35071538941371, 44.489854656114396], [11.350338403652088, 44.489862418597575], [11.350327560430742, 44.48959256415453], [11.349196607440021, 44.48961584392688], [11.349185769576524, 44.48934598925108], [11.348808786677731, 44.489353746616175], [11.348797950701409, 44.489083891852886], [11.348420969386009, 44.4890916479022], [11.348410135296811, 44.488821793051464], [11.348033155564808, 44.488829547785016], [11.348043987918755, 44.489099402708334], [11.347290024528784, 44.489114908591], [11.347300853564, 44.48938476364452], [11.347677837070169, 44.489377011252245], [11.347688667992472, 44.489646866218344], [11.347311682750998, 44.489654618683176], [11.347344171222723, 44.490464183709754], [11.346967180623395, 44.49047193514898], [11.34697800868215, 44.4907417902006], [11.34584703076742, 44.49076503727626], [11.345879500235199, 44.49157460299444], [11.346256498231556, 44.49156685499498], [11.346278148772983, 44.49210656525432], [11.346655150088647, 44.4920988158665], [11.34666597732252, 44.49236867090131], [11.3462889742713, 44.49237642036162], [11.346299799921352, 44.492646275454085], [11.345545789892554, 44.4926617707897], [11.345534967713666, 44.492391915552254], [11.344403956739601, 44.49241514901312], [11.344393139919102, 44.49214529354338], [11.343639135316074, 44.49216077615567], [11.343628322118283, 44.49189092052614], [11.34325132132496, 44.491898659894865], [11.34324051001426, 44.49162880417803], [11.342863510804927, 44.491636542231014], [11.34285270138127, 44.49136668642688], [11.342475703755934, 44.491374423164146], [11.342443281600394, 44.49056485544526], [11.342066289029956, 44.49057259072206], [11.34205548368315, 44.49030273471362], [11.341301501558775, 44.49031820139266], [11.341269096839268, 44.48950863284385], [11.34089211075608, 44.489516364101405], [11.340978512486055, 44.49167521384612], [11.341732512267948, 44.49165974893003], [11.34175412115652, 44.49219946092798], [11.342131124291416, 44.4921917264602], [11.342141930698455, 44.492461582364456], [11.342518935417468, 44.49245384658095], [11.342529743711586, 44.49272370239795], [11.342906750014706, 44.492715965298686], [11.342949991648853, 44.49379538812825], [11.342572978403068, 44.49380312551714], [11.342562169502939, 44.493533269759666], [11.342185157841351, 44.49354100583275], [11.342163543966949, 44.493001294128376], [11.341409527132036, 44.49301676225484]], [[11.342486511444083, 44.49164427904066], [11.342109511931747, 44.49165201460701], [11.34209870597911, 44.49138215865809], [11.342475703755934, 44.491374423164146], [11.342486511444083, 44.49164427904066]], [[11.34212031803585, 44.49192187054105], [11.34249731928372, 44.49191413490231], [11.342508127274847, 44.49218399074908], [11.342131124291416, 44.4921917264602], [11.34212031803585, 44.49192187054105]], [[11.343413509171635, 44.495946493861375], [11.343435136794495, 44.496486204803894], [11.342304044982084, 44.49650941914283], [11.3422932363027, 44.496239563461785], [11.343047294190631, 44.49622408862416], [11.343036482190909, 44.49595423307303], [11.343413509171635, 44.495946493861375]], [[11.34371483194461, 44.49404976514559], [11.344845875070257, 44.494026537840675], [11.344856694687872, 44.49429639313377], [11.34711878725814, 44.49424990451675], [11.347140447777537, 44.49478961418819], [11.345632372784822, 44.49482061215338], [11.345621549392318, 44.49455075703502], [11.344867514457148, 44.49456624841197], [11.344878334378086, 44.4948361036753], [11.343747275630555, 44.494859331632306], [11.34371483194461, 44.49404976514559]], [[11.343337817266194, 44.49405750509372], [11.343327004743104, 44.49378764949596], [11.343704017685802, 44.49377990962025], [11.34371483194461, 44.49404976514559], [11.343337817266194, 44.49405750509372]], [[11.351976559600178, 44.49306960987253], [11.351222547186032, 44.49308514279914], [11.3512333958546, 44.493354996903236], [11.350856387683798, 44.49336276157417], [11.350845540750852, 44.49309290739741], [11.350468534163634, 44.49310067075232], [11.350457689118326, 44.492830816488016], [11.350834693969942, 44.49282305320575], [11.35082384734107, 44.492553198999204], [11.351954855776901, 44.49252990191035], [11.351976559600178, 44.49306960987253]], [[11.352353565579097, 44.4930618415442], [11.352364419454515, 44.49333169543024], [11.35198741173998, 44.49333946383127], [11.351976559600178, 44.49306960987253], [11.352353565579097, 44.4930618415442]], [[11.350026469845915, 44.4914893066188], [11.350069840956976, 44.49256872417509], [11.34931583396495, 44.49258424437764], [11.349294155047643, 44.49204453533881], [11.348163153833458, 44.49206780588204], [11.348152319809246, 44.49179795112252], [11.348529318630348, 44.49179019559067], [11.348518483022499, 44.49152034088884], [11.349272476738058, 44.491504826240416], [11.349283315816885, 44.49177468079706], [11.349660314182275, 44.49176692153529], [11.349649473367961, 44.491497067051256], [11.350026469845915, 44.4914893066188]], [[11.347365830962836, 44.49100389365304], [11.34737666106059, 44.49127374860234], [11.346999665254977, 44.49128150025918], [11.346988836892676, 44.49101164523734], [11.347365830962836, 44.49100389365304]]]}}, {"type": "Feature", "properties": {"threshold": "ge_6", "source": "HistorySUHI", "period": "2013-2026", "hotspot_percentile": "top_10_pct", "label": ">= 6 estati"}, "geometry": {"type": "Polygon", "coordinates": [[[11.335495910782388, 44.496108756168915], [11.335118880624131, 44.496116469266745], [11.335129656168975, 44.496386326336086], [11.335506688063203, 44.49637861316607], [11.335495910782388, 44.496108756168915]]]}}, {"type": "Feature", "properties": {"threshold": "ge_6", "source": "HistorySUHI", "period": "2013-2026", "hotspot_percentile": "top_10_pct", "label": ">= 6 estati"}, "geometry": {"type": "Polygon", "coordinates": [[[11.334838820031662, 44.49855289485927], [11.334828045014545, 44.49828303783673], [11.334451000665725, 44.498290749024754], [11.334440227535794, 44.49802089191517], [11.333309098791792, 44.498044017801085], [11.333276795933006, 44.4972344457339], [11.332522719765592, 44.49724985634044], [11.332511955919989, 44.49697999881077], [11.331380845745501, 44.49700310517746], [11.331391604382901, 44.49727296292335], [11.331014565620347, 44.49728066263048], [11.33102532267246, 44.49755052043358], [11.33064828202302, 44.49755821896915], [11.33069130479475, 44.498637650321065], [11.331068352388833, 44.49862995149732], [11.331079110194919, 44.4988998092261], [11.331833208403097, 44.49888440770353], [11.331854731412696, 44.499424122828245], [11.331477678911515, 44.4994318243555], [11.331488438906307, 44.49970168196764], [11.331111384518003, 44.49970938232328], [11.331154419060136, 44.500788812911445], [11.333416784799269, 44.500742590392065], [11.333406015519216, 44.500472733199864], [11.333783074211125, 44.50046502516569], [11.333750762067764, 44.49965545371629], [11.334881921610588, 44.499632322800814], [11.33486037051903, 44.49909260885978], [11.335237419925388, 44.4990848962116], [11.335215865965612, 44.49854518235545], [11.334838820031662, 44.49855289485927]], [[11.332975121221999, 44.49913115344573], [11.333729221393758, 44.499115739342336], [11.333739991655273, 44.49938559653675], [11.332985888011004, 44.49940101078438], [11.332975121221999, 44.49913115344573]]]}}, {"type": "Feature", "properties": {"threshold": "ge_6", "source": "HistorySUHI", "period": "2013-2026", "hotspot_percentile": "top_10_pct", "label": ">= 6 estati"}, "geometry": {"type": "Polygon", "coordinates": [[[11.325423354419693, 44.49901516207784], [11.32540189104514, 44.49847544444648], [11.325778939011636, 44.49846776310585], [11.325768205813802, 44.498197904339776], [11.32539115958351, 44.49820558560852], [11.325380428272316, 44.49793572675572], [11.32500338362778, 44.497943406708956], [11.324981924928972, 44.49740368881504], [11.3234737587363, 44.49743439561687], [11.323495203545855, 44.49797411408549], [11.323118158149546, 44.49798178782052], [11.323171764122598, 44.499331084091295], [11.322794709894753, 44.49933875694169], [11.322837590433048, 44.50041819397826], [11.323214651606335, 44.500410520840646], [11.323236096250024, 44.50095023912623], [11.324367289286522, 44.50092721181993], [11.324356561680203, 44.50065735290005], [11.325110686146457, 44.500641995287396], [11.325099955217702, 44.500372136496395], [11.325477015488792, 44.50036445589631], [11.325434086332626, 44.49928502087123], [11.325057033006916, 44.49929270118382], [11.325046302830266, 44.499022842318546], [11.325423354419693, 44.49901516207784]]]}}, {"type": "Feature", "properties": {"threshold": "ge_6", "source": "HistorySUHI", "period": "2013-2026", "hotspot_percentile": "top_10_pct", "label": ">= 6 estati"}, "geometry": {"type": "Polygon", "coordinates": [[[11.347012528951403, 44.50100402415391], [11.347023361194818, 44.501273878697376], [11.34815454129813, 44.50125061567363], [11.348143703845661, 44.50098076134785], [11.347766645699462, 44.50098851686025], [11.347734139462453, 44.50017895357585], [11.34698003313222, 44.50019446043417], [11.347001696859834, 44.50073416959556], [11.346624639994356, 44.50074192130429], [11.346635470349593, 44.501011775935176], [11.347012528951403, 44.50100402415391]]]}}, {"type": "Feature", "properties": {"threshold": "ge_6", "source": "HistorySUHI", "period": "2013-2026", "hotspot_percentile": "top_10_pct", "label": ">= 6 estati"}, "geometry": {"type": "Polygon", "coordinates": [[[11.355760943287459, 44.502714359713266], [11.358400409822936, 44.50265985861659], [11.358389524574527, 44.50239000634421], [11.359520717020644, 44.5023666302938], [11.359509826715637, 44.50209677822525], [11.361018074227529, 44.502065593037585], [11.361028971478081, 44.50233544481431], [11.36178309779034, 44.502319844612174], [11.361793998666458, 44.502589696228], [11.362171063329788, 44.502581894188324], [11.362160160717268, 44.50231204264552], [11.362537223491366, 44.50230423943514], [11.362526319295307, 44.50203438795042], [11.362149258257585, 44.502042191087774], [11.362138355950727, 44.50177233951513], [11.361761296496523, 44.50178014133577], [11.361750396078822, 44.5015102896752], [11.361373338208145, 44.50151809017915], [11.361362439679546, 44.501248238430655], [11.359100099665909, 44.50129501489896], [11.359078323902358, 44.500755310481814], [11.35870127017165, 44.50076310206113], [11.358668612879661, 44.49995354510484], [11.359045661401693, 44.49994575374425], [11.359023887164328, 44.49940604917798], [11.358646842114629, 44.49941384039275], [11.358657727420852, 44.499683692756236], [11.358280680482409, 44.49969148280031], [11.35826979691234, 44.49942163036391], [11.356384568612977, 44.49946056156549], [11.356428069084657, 44.50053997267888], [11.356805121994325, 44.50053218863444], [11.356815999229628, 44.50080204130267], [11.357570108064039, 44.50078646933707], [11.357580988924392, 44.501056321844686], [11.3579580448491, 44.5010485339235], [11.357968927598288, 44.501318386343314], [11.35608363776814, 44.50135731387668], [11.356105386360703, 44.501897019400154], [11.355728324464566, 44.50190480132138], [11.355739197253113, 44.502174654133576], [11.355362133468168, 44.50218243488389], [11.355373004672712, 44.502452287754], [11.354995938998952, 44.50246006733336], [11.354985069530827, 44.50219021439046], [11.354230941199067, 44.50220576967235], [11.354241807194342, 44.502475622760834], [11.353864741063541, 44.50248339860893], [11.353853876804695, 44.502213545447695], [11.352345617704493, 44.502244636111605], [11.352356475017597, 44.50251448956379], [11.352733541757445, 44.50250671869071], [11.352744400959212, 44.502776572055275], [11.353121469283296, 44.502768799865706], [11.353154053011506, 44.50357835965179], [11.353908199621927, 44.50356281110485], [11.35391906464229, 44.503832664191584], [11.354296139455599, 44.50382488797964], [11.354285272698686, 44.503555034965686], [11.354662345623113, 44.50354725758271], [11.354640609093263, 44.50300755165564], [11.355017678392315, 44.50299977317446], [11.355006808619446, 44.50272992026135], [11.355383876029652, 44.5027221406092], [11.355394747538991, 44.5029919934495], [11.355771816533267, 44.502984212480754], [11.355760943287459, 44.502714359713266]]]}}, {"type": "Feature", "properties": {"threshold": "ge_6", "source": "HistorySUHI", "period": "2013-2026", "hotspot_percentile": "top_10_pct", "label": ">= 6 estati"}, "geometry": {"type": "Polygon", "coordinates": [[[11.331649856929769, 44.50374954436614], [11.332404017348319, 44.50373413776132], [11.332393251617436, 44.50346428051631], [11.333147407959007, 44.50344886908024], [11.333104332651947, 44.5023694405284], [11.332350190203067, 44.50238485138759], [11.33236095533029, 44.50265470869206], [11.331983882142922, 44.50266241232805], [11.331994645684478, 44.50293226968976], [11.331617570609641, 44.50293997215398], [11.331628332565483, 44.503209829572896], [11.330874178490022, 44.50322523091398], [11.330884937123463, 44.50349508846217], [11.330507858122855, 44.50350278733898], [11.330497101226051, 44.503232929718756], [11.330120023811284, 44.50324062727967], [11.330141534282387, 44.503780342649335], [11.330518615170456, 44.50377264494435], [11.330529372368858, 44.50404250253485], [11.331660619338217, 44.50401940174047], [11.331649856929769, 44.50374954436614]], [[11.332005409376924, 44.50320212703659], [11.33201617322026, 44.50347198436856], [11.331639094672191, 44.503479686976945], [11.331628332565483, 44.503209829572896], [11.332005409376924, 44.50320212703659]]]}}, {"type": "Feature", "properties": {"threshold": "ge_6", "source": "HistorySUHI", "period": "2013-2026", "hotspot_percentile": "top_10_pct", "label": ">= 6 estati"}, "geometry": {"type": "Polygon", "coordinates": [[[11.341852590328621, 44.5040808462327], [11.341841780879236, 44.50381099082354], [11.34146470278912, 44.50381872591653], [11.34147551050187, 44.504088581398086], [11.341852590328621, 44.5040808462327]]]}}, {"type": "Feature", "properties": {"threshold": "ge_6", "source": "HistorySUHI", "period": "2013-2026", "hotspot_percentile": "top_10_pct", "label": ">= 6 estati"}, "geometry": {"type": "Polygon", "coordinates": [[[11.341497126381899, 44.50462829231653], [11.34148631836613, 44.50435843686475], [11.341109236651205, 44.504366170858646], [11.341120042930289, 44.504636026382805], [11.341497126381899, 44.50462829231653]]]}}, {"type": "Feature", "properties": {"threshold": "ge_6", "source": "HistorySUHI", "period": "2013-2026", "hotspot_percentile": "top_10_pct", "label": ">= 6 estati"}, "geometry": {"type": "Polygon", "coordinates": [[[11.365296748585509, 44.50521794185905], [11.365285830551484, 44.50494809104995], [11.36490875148302, 44.50495590369742], [11.364876003508963, 44.50414635096128], [11.364498929497197, 44.50415416214563], [11.364477101752628, 44.50361446010074], [11.364100031060898, 44.503622269895125], [11.364110943120181, 44.50389212099812], [11.363733870538978, 44.5038999296218], [11.363799335687567, 44.505519036364866], [11.364176418688324, 44.50551122730274], [11.364187331818448, 44.50578107830128], [11.364564416402896, 44.505773267922216], [11.364575331422706, 44.50604311883275], [11.364952417590837, 44.50603530713673], [11.364974251562971, 44.50657500876683], [11.365351341051525, 44.50656719568069], [11.365362260003923, 44.50683704640026], [11.365739351076172, 44.50682923199708], [11.365728430387012, 44.50655938135065], [11.366105519569405, 44.50655156577671], [11.366094597296598, 44.50628171518848], [11.366848771728543, 44.50626608045521], [11.36681599540869, 44.50545652903992], [11.366061831396854, 44.50547216333426], [11.366050909736488, 44.505202312686336], [11.365296748585509, 44.50521794185905]]]}}, {"type": "Feature", "properties": {"threshold": "ge_6", "source": "HistorySUHI", "period": "2013-2026", "hotspot_percentile": "top_10_pct", "label": ">= 6 estati"}, "geometry": {"type": "Polygon", "coordinates": [[[11.320712328437667, 44.51342512114093], [11.320335182686229, 44.513432787771485], [11.320324469010474, 44.51316292867307], [11.319947324846412, 44.51317059398756], [11.31995803678458, 44.513440453157706], [11.31958089073275, 44.5134481172996], [11.319570180532168, 44.51317825805774], [11.318815891453232, 44.513193582465185], [11.318805184877947, 44.51292372306508], [11.318428041850876, 44.51293138333065], [11.318417337163241, 44.51266152384402], [11.318040195723636, 44.5126691827936], [11.318029492923609, 44.51239932322045], [11.318406632625688, 44.51239166434253], [11.318395928238214, 44.512121804826215], [11.318773066052715, 44.5121141447757], [11.318762360077839, 44.511844285316215], [11.320270902884747, 44.51181363295836], [11.320281615809495, 44.51208349213099], [11.32065875287326, 44.512075825859164], [11.320690897761223, 44.51288540307277], [11.321068039887292, 44.51287773534141], [11.32105732303688, 44.51260787635681], [11.322188743300892, 44.51258486591236], [11.322199465363886, 44.51285472468163], [11.322576606888799, 44.512847051973125], [11.322598054940876, 44.51338676932352], [11.323352344489848, 44.513371419886376], [11.3233630722166, 44.51364127839565], [11.324117364639129, 44.513625923837594], [11.324128095991508, 44.51389578218834], [11.324505243714711, 44.51388810297097], [11.324515976955176, 44.514157961235014], [11.325270275425366, 44.51414259892355], [11.325281012291617, 44.51441245702897], [11.326412464080779, 44.51438940401353], [11.326401722001593, 44.51411954612384], [11.326778870559156, 44.514111859368604], [11.326789614375983, 44.51438171718635], [11.32754391451447, 44.514366339799004], [11.327565409550713, 44.514906055102166], [11.327942562869284, 44.514898364398036], [11.327953312351138, 44.515168221955356], [11.328707622011526, 44.51515283667007], [11.328718375119543, 44.51542269406855], [11.32984984369251, 44.51539960659178], [11.329839085371336, 44.51512974940934], [11.330593393523746, 44.51511435168036], [11.330539586803939, 44.51376506626568], [11.330162441491355, 44.5137727653921], [11.330151682337581, 44.51350290819252], [11.327511673090205, 44.51355676673284], [11.327500926250135, 44.51328690901441], [11.327123783206613, 44.51329459804244], [11.32711303825475, 44.5130247402372], [11.327490179560735, 44.51301705128112], [11.327457940396533, 44.512207477992106], [11.32783507633939, 44.512199788007635], [11.32782432851521, 44.51192993028688], [11.32857859647398, 44.511914546729166], [11.328567845325663, 44.511644689137505], [11.329322109206702, 44.51162930074688], [11.329300600412779, 44.511089585807], [11.329677728652415, 44.5110818898894], [11.329666972744286, 44.51081203246918], [11.330044099095803, 44.51080433537942], [11.330033341601165, 44.51053447801638], [11.330787590377128, 44.510519080248415], [11.330766068891254, 44.50997936576591], [11.33114318957844, 44.509971665159796], [11.331121665221584, 44.509431950761986], [11.331498782283475, 44.50942424905587], [11.33147725505582, 44.50888453474274], [11.332231481778257, 44.50886912788654], [11.332220714916543, 44.50859927085187], [11.332597826314244, 44.50859156562975], [11.332608594913069, 44.508861422592325], [11.332985707896912, 44.508853716054006], [11.332996478383842, 44.5091235729296], [11.334127821640696, 44.50910044563371], [11.334117045942376, 44.50883058897453], [11.334494158322094, 44.508822877459885], [11.334483381037744, 44.50855302085801], [11.335614712058971, 44.50852987906613], [11.335603929714496, 44.508260022665944], [11.33598103801555, 44.508252306319385], [11.335991822097089, 44.508522162647374], [11.33636893198402, 44.50851444498455], [11.336379717953834, 44.508784301225425], [11.336756829426639, 44.508776582246306], [11.336810770229734, 44.510125862866516], [11.336056529761322, 44.51014130030297], [11.336078100192319, 44.51068101273587], [11.335700976256806, 44.51068872973234], [11.335679409300303, 44.510149017154994], [11.333793804728032, 44.51018758275308], [11.333836904500174, 44.51126700929185], [11.336853925594697, 44.51120528709497], [11.336864714814084, 44.51147514311489], [11.337241843507808, 44.51146742216921], [11.337252634615805, 44.51173727810202], [11.337629764895588, 44.5117295558399], [11.337651351040224, 44.51226926751636], [11.338028484643452, 44.51226154386549], [11.338050074868221, 44.512801255337884], [11.337672937790133, 44.51280897913332], [11.337683731392074, 44.51307883491949], [11.338438008871831, 44.51306338593982], [11.338448806100077, 44.51333324156654], [11.336185961420114, 44.51337957400804], [11.336175174616832, 44.513109717947756], [11.335798035044887, 44.51311743559417], [11.33573332782543, 44.51149829848678], [11.335356198526801, 44.51150601445569], [11.335366980948027, 44.51177587074964], [11.33498984976087, 44.51178358554654], [11.335000630595879, 44.512053441897805], [11.335377763520421, 44.512045727028706], [11.335388546243987, 44.51231558329291], [11.335011411582032, 44.512323298234215], [11.335022192719336, 44.51259315455575], [11.334645056168794, 44.51260086832501], [11.334666615421911, 44.51314058106783], [11.335043755447401, 44.51313286715421], [11.335054537038166, 44.51340272343112], [11.335431678650007, 44.51339500820104], [11.335442462129468, 44.51366486439089], [11.33657389127037, 44.51364171101832], [11.336584680113669, 44.513911566976645], [11.336207535480378, 44.513919286084025], [11.336239897705063, 44.51472885408643], [11.336617047551146, 44.51472113476235], [11.336660206252233, 44.5158005582684], [11.337414519391993, 44.51578511530922], [11.337371346789476, 44.51470569238119], [11.337748496181677, 44.51469796932412], [11.337737701671735, 44.5144281136272], [11.338869143727358, 44.51440493720693], [11.338858344156003, 44.51413508171202], [11.340744069198925, 44.514096429820405], [11.340733261091229, 44.51382657467232], [11.341110403907773, 44.5138188406335], [11.34107797528137, 44.51300927531704], [11.340700837677309, 44.51301700913876], [11.340625188347959, 44.511128022372965], [11.340248062753997, 44.51113575444393], [11.340237258050259, 44.5108658990598], [11.339105885571444, 44.510889087590684], [11.339095086230957, 44.51061923197469], [11.338340840629218, 44.510634684629885], [11.338265273805245, 44.50874569388911], [11.33864238452162, 44.50873796868965], [11.33863158812934, 44.50846811288234], [11.340517130755032, 44.508429468585646], [11.340527935832633, 44.50869932403133], [11.341282155296845, 44.50868385745958], [11.341271346745135, 44.50841400215864], [11.343156884068257, 44.50837531432032], [11.343146066982964, 44.508105459366504], [11.343900277376822, 44.5080899756678], [11.3438894569692, 44.50782012084401], [11.34577497161388, 44.50778139018926], [11.345807459346888, 44.50859095352867], [11.34618456703147, 44.50858320344813], [11.346206229753355, 44.509122912121576], [11.346583340760201, 44.50911516065193], [11.346572507586268, 44.50884530639519], [11.347326725670188, 44.508829799868806], [11.347315889174054, 44.508559945742284], [11.348447209949375, 44.50853667684011], [11.348436368394136, 44.508266822916454], [11.349190578010436, 44.50825130424006], [11.349201423039679, 44.50852115801851], [11.349578529356783, 44.50851339674167], [11.349567682590544, 44.50824354303585], [11.350321891294554, 44.508228016895366], [11.350245943871895, 44.50633904155456], [11.352131402178536, 44.50630020697708], [11.352142260038118, 44.506570060278484], [11.352896445769066, 44.50655451759456], [11.352907307254522, 44.50682437073561], [11.353284401628436, 44.50681659745501], [11.353306128529876, 44.507356303546935], [11.353683226225218, 44.507348528876875], [11.353694091641279, 44.507618381827726], [11.35444829004876, 44.50760282861019], [11.354459159090974, 44.50787268140059], [11.355590460770077, 44.50784934202607], [11.355601335175468, 44.508119194583166], [11.355978437167238, 44.50811141223087], [11.355967561024917, 44.507841559746595], [11.356721761077157, 44.507825991455704], [11.356732640693327, 44.50809584379429], [11.357486843609326, 44.50808027038176], [11.357475960519318, 44.507810418188896], [11.358984357572623, 44.507779256727595], [11.35899524761028, 44.508049108628846], [11.35937234822891, 44.50804131508066], [11.359361456454346, 44.507771463252325], [11.35973855518338, 44.507763668533116], [11.359705875565261, 44.5069541131775], [11.359328782046791, 44.506961907677905], [11.35933967336329, 44.507231759550955], [11.35858548239466, 44.5072473449658], [11.358574594551829, 44.506977492946895], [11.358197500575386, 44.5069852837155], [11.358186614622001, 44.50671543160878], [11.357055336987566, 44.5067387962323], [11.357066217730496, 44.50700864855767], [11.355557838468577, 44.507039784265345], [11.35554696467296, 44.50676993164863], [11.355169871213157, 44.506777712392875], [11.355158999306786, 44.50650785968843], [11.35478190743138, 44.506515639115946], [11.354738428276978, 44.50543622785796], [11.355115513205373, 44.50542844872165], [11.355104642061027, 44.50515859594269], [11.35472755886932, 44.50516637500622], [11.354716689614035, 44.50489652213956], [11.353962526246871, 44.50491207638945], [11.35395166061725, 44.50464222336234], [11.353574580441823, 44.504649998548736], [11.353563716701146, 44.504380145433956], [11.353186638110055, 44.50438791930376], [11.353164914558757, 44.503848212884016], [11.352787839288586, 44.503855985364495], [11.35279869925152, 44.504125838654566], [11.352044544781315, 44.50414138002952], [11.352055401423268, 44.50441123345012], [11.350547083710271, 44.50444230156478], [11.350536234014793, 44.50417244785346], [11.349782077718865, 44.50418797430242], [11.349749539964455, 44.503378412643194], [11.350126612978716, 44.50337065025856], [11.35011576562813, 44.503100796415005], [11.350492836753803, 44.50309303285922], [11.350481987818775, 44.50282317907341], [11.35085905705586, 44.50281541434651], [11.350848206536437, 44.50254556061847], [11.351979408125548, 44.5025222591931], [11.351946841852083, 44.50171269857375], [11.351569780017119, 44.50172046674121], [11.35158063355304, 44.50199032036859], [11.351203569829531, 44.50199808736502], [11.351192718030008, 44.501728233664956], [11.350815655890777, 44.501735999344966], [11.350826505953899, 44.50200585311769], [11.349695313414509, 44.50202914291327], [11.349684468560607, 44.501759288922614], [11.34930740581314, 44.50176704962769], [11.349296562847648, 44.50149719554949], [11.348542440369519, 44.50151271308323], [11.348553279862228, 44.50178256730663], [11.348930342913672, 44.501774809089035], [11.348995393479836, 44.50339393368105], [11.34861832000953, 44.50340169233427], [11.348629160565945, 44.50367154645342], [11.347875009696326, 44.50368706017359], [11.34788584693153, 44.50395691442303], [11.347508769532233, 44.50396466948995], [11.347519605182741, 44.50423452379707], [11.347142525894927, 44.504242277692704], [11.34715335996069, 44.5045121320575], [11.34602211597613, 44.50453538649895], [11.346032944983746, 44.50480524106644], [11.34527877809494, 44.5048207379531], [11.345267952560686, 44.50455088324059], [11.344890870625315, 44.50455862974562], [11.34488004697948, 44.50428877494571], [11.344125886126893, 44.5043042640792], [11.3441367062994, 44.504574119024056], [11.343759623908902, 44.50458186179745], [11.3437704424964, 44.50485171679987], [11.343016273787056, 44.50486719875994], [11.343027089052773, 44.50513705389235], [11.341895829641526, 44.50516026772054], [11.341874209681995, 44.50462055700638], [11.341497126381899, 44.50462829231653], [11.341507934549186, 44.50489814775344], [11.341130849360866, 44.50490588189208], [11.341141655942934, 44.505175737386494], [11.340764568866382, 44.5051834703536], [11.340775373863185, 44.50545332590547], [11.339267017095434, 44.5054842456242], [11.339234623400369, 44.50467467805589], [11.339611707609189, 44.50466695020905], [11.339600908276877, 44.50439709439551], [11.34035507276692, 44.504381635114825], [11.34031186305847, 44.50330221229054], [11.339934787835691, 44.50330994226347], [11.339902387354014, 44.50250037477203], [11.339525317189482, 44.502508103284164], [11.339514519068222, 44.5022382473516], [11.339137450488826, 44.50224597454763], [11.339126654255416, 44.50197611852788], [11.33761838537056, 44.50200701458499], [11.33762917465802, 44.502276870893866], [11.337252105322134, 44.50228459187095], [11.337284468882388, 44.50309416092507], [11.335776169188266, 44.5031250332622], [11.335797731758381, 44.503664746468374], [11.335043574057947, 44.50368017546272], [11.335054352096405, 44.503950032187895], [11.33430019031829, 44.50396545635114], [11.334310965034476, 44.50423531320579], [11.33393388218215, 44.50424302349376], [11.333944655312674, 44.50451288040568], [11.33356757057261, 44.5045205895219], [11.333578342117423, 44.504790446491114], [11.333201255489618, 44.504798154435576], [11.333255106794732, 44.506147439419244], [11.333632202106607, 44.506139731114125], [11.333653747159381, 44.506679444859266], [11.333276648373712, 44.50668715330864], [11.333287419389698, 44.50695701023105], [11.33253321789151, 44.506972423542074], [11.332511682958243, 44.506432709393934], [11.33213458545657, 44.50644041403924], [11.332113054600855, 44.505900699687444], [11.329473392181155, 44.50595459636422], [11.329462639137665, 44.50568473866166], [11.32908554563996, 44.505692433139046], [11.329064043478871, 44.50515271754533], [11.32868695330411, 44.50516041063477], [11.32866545521945, 44.50462069483765], [11.327534194211848, 44.504643766210506], [11.327523450605803, 44.504373908073774], [11.32714636503877, 44.50438159597161], [11.327157106908055, 44.5046514541803], [11.326780019453674, 44.50465914090615], [11.326769279321148, 44.50438928262553], [11.326015107434241, 44.50440465220166], [11.325993634567778, 44.50386493530819], [11.325616551872004, 44.503872618086596], [11.32558434891113, 44.50306304241933], [11.32520727127489, 44.50307072373819], [11.325185806859917, 44.50253100640863], [11.324808732546456, 44.5025386863399], [11.324787272206402, 44.50199896880723], [11.324410201215654, 44.50200664735094], [11.324399473007789, 44.50173678849046], [11.32402240360318, 44.50174446571853], [11.324011677282215, 44.50147460677136], [11.323634609463756, 44.50148228268378], [11.323623885029644, 44.50121242364994], [11.323246818797335, 44.501220098246755], [11.323268264342893, 44.50175981644325], [11.322514124481334, 44.50177516219274], [11.322524844006502, 44.502045021412314], [11.322147772113757, 44.50205269249314], [11.322201363310624, 44.50340198872727], [11.321824282584519, 44.503409658923154], [11.321877868854173, 44.50475895514501], [11.321500779294098, 44.50476662445584], [11.321532927648324, 44.505576202226116], [11.321155832727483, 44.505583870508296], [11.321166547409124, 44.50585372980711], [11.320789450601179, 44.50586139691706], [11.320800163696108, 44.50613125627279], [11.320423065001052, 44.50613892221048], [11.320444488167558, 44.50667864102089], [11.32006738584841, 44.50668630585803], [11.32008880614157, 44.50722602475252], [11.319711700198246, 44.50723368848905], [11.319743826552891, 44.508043266934614], [11.31936671524821, 44.50805092964224], [11.31937742259623, 44.50832078916612], [11.31900030940431, 44.50832845070134], [11.319011015165286, 44.50859831028207], [11.318633900086121, 44.50860597064488], [11.318655308583963, 44.509145689905175], [11.317901071026679, 44.509161007185135], [11.317911772026239, 44.50943086693637], [11.317534651285314, 44.50943852378179], [11.317545350697637, 44.50970838358984], [11.31716822806945, 44.509716039262756], [11.31717892589449, 44.50998589912759], [11.31680180137903, 44.509993553627965], [11.316812497616738, 44.51026341354961], [11.316435371214006, 44.51027106687743], [11.316456760664593, 44.51081078681943], [11.315702500459919, 44.5108260900289], [11.315713191935334, 44.51109595012087], [11.314958927656292, 44.51111124849663], [11.314969615806756, 44.51138110871691], [11.313838213052124, 44.51140404716348], [11.313848896140076, 44.511673907583585], [11.31271748682508, 44.511696835046486], [11.312728164850352, 44.51196669566632], [11.31197388775014, 44.51198197456324], [11.311963213199855, 44.51171211380045], [11.311208938976002, 44.51172738757733], [11.311198268050317, 44.51145752665676], [11.310821132451444, 44.511465161607354], [11.310831801639651, 44.51173502259938], [11.309700388733198, 44.511757920199884], [11.309711052858471, 44.51202778139136], [11.309333913186423, 44.51203541150771], [11.309344575723673, 44.51230527275577], [11.308590292456055, 44.5123205293984], [11.30860095166767, 44.51259039077439], [11.308223808072116, 44.51259801730063], [11.308245123468474, 44.51313774015089], [11.30786797624829, 44.513145365575525], [11.307878632432963, 44.51341522704977], [11.306747184663148, 44.51343809607166], [11.306736533691419, 44.51316823438341], [11.306359385873773, 44.513175854830685], [11.306348736789, 44.5129059930563], [11.30597159055968, 44.51291361218793], [11.305950296313227, 44.51237388845208], [11.303687436654577, 44.51241957625576], [11.303698073277618, 44.512689438558624], [11.302566636221945, 44.512712265875805], [11.302577267781235, 44.5129821283775], [11.302200120060233, 44.512989735065744], [11.302210750030923, 44.51325959762381], [11.30183360042323, 44.513267203138874], [11.301854857336332, 44.51380692835291], [11.301477704104228, 44.51381453276594], [11.301488331046569, 44.514084395421904], [11.300734020659931, 44.514099600657104], [11.300723397193066, 44.51382973785886], [11.299969089686126, 44.51384493797424], [11.299958469843643, 44.51357507501893], [11.29958131760454, 44.51358267313893], [11.299560081841628, 44.51304294704169], [11.299182932929034, 44.51305054377514], [11.299172317008525, 44.512780680633206], [11.298795169684745, 44.512788276051204], [11.298784555650707, 44.5125184128234], [11.296898825488288, 44.512556370892966], [11.296920036328673, 44.51309609804421], [11.297297186133946, 44.51308850877693], [11.297307793514868, 44.51335837225934], [11.29768494490911, 44.51335078167666], [11.297695554176467, 44.51362064507322], [11.298449859994111, 44.51360546003265], [11.298460472885687, 44.5138753232723], [11.2992147815836, 44.51386013311206], [11.299225398099482, 44.51412999619475], [11.298848242087184, 44.51413759196815], [11.298858857014139, 44.514407455107126], [11.299236014764213, 44.51439985926263], [11.299246631577796, 44.51466972231571], [11.30000095010696, 44.51465452675129], [11.30001157054504, 44.514924389647355], [11.301143052435387, 44.51490158675416], [11.301153678235893, 44.515171449422034], [11.301908002226938, 44.51515624112875], [11.301918631652141, 44.51542610363949], [11.30305012173447, 44.51540328165271], [11.303039487095715, 44.51513341935554], [11.303416648420466, 44.51512580960893], [11.303437921322798, 44.51566553404602], [11.303815085974136, 44.515657922912524], [11.30379380959609, 44.515118198617884], [11.304170970622563, 44.5151105863824], [11.304160330919453, 44.514840724284085], [11.305668966582095, 44.5148102631829], [11.305658320077015, 44.51454040135485], [11.30603547688178, 44.5145327830398], [11.30604612512464, 44.51480264479657], [11.306800441761817, 44.51478740429066], [11.306811093629571, 44.515057265889986], [11.307188253461954, 44.51504964369908], [11.307177599856402, 44.514779782171075], [11.307931915597443, 44.51476453419868], [11.307921258665726, 44.514494672798556], [11.308298414574368, 44.51448704701711], [11.308287756054323, 44.5142171856735], [11.30866491007579, 44.51420955871906], [11.308654249967468, 44.513939697432], [11.309785705921886, 44.513916809316505], [11.309796371243333, 44.51418667038937], [11.310927831065076, 44.51416377086029], [11.310906490145582, 44.51362404912832], [11.311283639644948, 44.51361641360612], [11.311272967671957, 44.51334655278934], [11.315044437055894, 44.5132701298435], [11.31503374785644, 44.51300026972706], [11.316919468242006, 44.5129620119499], [11.316930166129406, 44.513231871708314], [11.317307311494245, 44.51322421634832], [11.31731801126924, 44.513494076020265], [11.317695158221671, 44.5134864193443], [11.317716561696988, 44.514026138500356], [11.318470862102252, 44.514010821128785], [11.31848156754032, 44.514280680541205], [11.318858719255495, 44.51427301991721], [11.31888013405733, 44.514812738554156], [11.319634443988102, 44.51479741328627], [11.319645155089681, 44.51506727243907], [11.320399467895227, 44.51505194205019], [11.3204101826225, 44.5153218010447], [11.3207873405377, 44.515314133911936], [11.320798057152976, 44.51558399281984], [11.321175216655702, 44.51557632437091], [11.321196653812637, 44.51611604199867], [11.321950979318462, 44.51610070108048], [11.321918813381703, 44.515291125047256], [11.321541655917327, 44.5152987959132], [11.321520216186581, 44.51475907833992], [11.320765907757902, 44.51477441605159], [11.320744475579088, 44.514234698131865], [11.321875927570549, 44.514211690128434], [11.321833044164414, 44.51313225497205], [11.32070161302433, 44.513155262114275], [11.320712328437667, 44.51342512114093]], [[11.326229869215203, 44.50980181786844], [11.326208390327281, 44.50926210156914], [11.327716858560505, 44.50923135226216], [11.327727604877978, 44.50950121013149], [11.328104723296896, 44.50949351962248], [11.32812621985828, 44.510033235172635], [11.326617731380894, 44.51006399031949], [11.326606989973836, 44.50979413226404], [11.326229869215203, 44.50980181786844]], [[11.338070993163177, 44.503888285780256], [11.338081785246093, 44.50415814191273], [11.338458866435554, 44.504150417942135], [11.338491248802177, 44.5049599860335], [11.337359989149553, 44.504983154864135], [11.337349200086228, 44.504713298631756], [11.33697211496956, 44.50472101901524], [11.336961327794198, 44.50445116269572], [11.336584244263024, 44.50445888176308], [11.336562673839323, 44.503919168934985], [11.336939753897132, 44.50391145001209], [11.336928967175425, 44.50364159364796], [11.337683123364096, 44.503626152215105], [11.337693913559086, 44.50389600843473], [11.338070993163177, 44.503888285780256]]]}}, {"type": "Feature", "properties": {"threshold": "ge_6", "source": "HistorySUHI", "period": "2013-2026", "hotspot_percentile": "top_10_pct", "label": ">= 6 estati"}, "geometry": {"type": "Polygon", "coordinates": [[[11.353233222633847, 44.51491995803803], [11.354364661646642, 44.51489662791578], [11.354353790379406, 44.51462677544009], [11.355108078817468, 44.514611215949415], [11.355097204227603, 44.514341363604416], [11.355474346480435, 44.51433358206548], [11.355463470305537, 44.5140637297784], [11.355840610668393, 44.51405594706804], [11.355829732908512, 44.51378609483887], [11.3562068713814, 44.51377831095709], [11.356185112844296, 44.513238606599735], [11.356562247689805, 44.513230821619416], [11.35655136691265, 44.512960969491225], [11.356928499868227, 44.51295318333956], [11.356917617506257, 44.51268333126933], [11.35654048628804, 44.512691117348126], [11.356486085453076, 44.51134185640902], [11.357240330364073, 44.511326283735855], [11.357229447180249, 44.51105643164903], [11.35685232653824, 44.511064218534806], [11.356841445244182, 44.510794366360216], [11.357218564149, 44.51078657954731], [11.357207681270326, 44.51051672743066], [11.356453446782469, 44.51053229966666], [11.356442567530646, 44.510262447389394], [11.354934103673461, 44.510293576640905], [11.354923231522655, 44.510023724057426], [11.353791887240654, 44.51004705771478], [11.353802754180059, 44.51031691051661], [11.353048520422671, 44.51033246021327], [11.353059384040098, 44.51060231314571], [11.35004242902307, 44.510664462749986], [11.350053278895187, 44.51093431624911], [11.349676157096102, 44.51094207942377], [11.349741249099434, 44.51256120054153], [11.350872645311652, 44.51253790597728], [11.350894354287242, 44.513077612461416], [11.350517218893863, 44.5130853787057], [11.350528071872503, 44.5133552319981], [11.35015093458954, 44.51336299707083], [11.350183489225982, 44.5141725570766], [11.351314916255644, 44.5141492574716], [11.351325773317976, 44.51441911055903], [11.351702917094318, 44.51441134146279], [11.351713776046411, 44.51468119446262], [11.353222356579268, 44.514650105344025], [11.353233222633847, 44.51491995803803]], [[11.352025759554193, 44.5130543062632], [11.352047479563106, 44.51359401225154], [11.35167034115148, 44.51360178237392], [11.351659482808339, 44.51333192931448], [11.350905209003304, 44.51334746568112], [11.350894354287242, 44.513077612461416], [11.352025759554193, 44.5130543062632]]]}}, {"type": "Feature", "properties": {"threshold": "ge_6", "source": "HistorySUHI", "period": "2013-2026", "hotspot_percentile": "top_10_pct", "label": ">= 6 estati"}, "geometry": {"type": "Polygon", "coordinates": [[[11.356620399531478, 44.52403268241704], [11.356609514388769, 44.523762830812316], [11.356986717011365, 44.52375504299036], [11.356975830282943, 44.523485191443605], [11.35735303101456, 44.523477402449856], [11.357342142700475, 44.52320755096109], [11.359228135376506, 44.52316858768723], [11.359217238523705, 44.522898736548164], [11.359594434862373, 44.522890940232436], [11.359583536424111, 44.52262108915139], [11.359960730871725, 44.522613291664015], [11.359982531377565, 44.52315299366525], [11.36035972914885, 44.523145194787304], [11.36034882708125, 44.522875343867135], [11.360726022961412, 44.52286754381754], [11.360693312461112, 44.522057991186465], [11.361447693333506, 44.52204238779148], [11.361371349850126, 44.52015343215229], [11.361748527890363, 44.520145629099076], [11.361737620552114, 44.51987577830683], [11.362114796701436, 44.519867974082146], [11.362103887778154, 44.51959812334802], [11.362481062036569, 44.51959031795188], [11.362470151528305, 44.51932046727587], [11.362847323895815, 44.519312660708316], [11.36282549986241, 44.51877295945764], [11.362448330970688, 44.518780765879086], [11.362404691691031, 44.517701362906486], [11.362781853631473, 44.51769355677723], [11.362760031433895, 44.51715385534751], [11.363137189745867, 44.51714604811999], [11.363126277138834, 44.51687619745581], [11.363503433560101, 44.516868389056974], [11.363492519368384, 44.51659853845094], [11.363869673898952, 44.51659072888085], [11.363847842499284, 44.51605102777018], [11.36611074561633, 44.51600414509605], [11.366099819720475, 44.51573429495704], [11.366854116059107, 44.51571865759085], [11.366832257776734, 44.515178957560714], [11.367209402241127, 44.515171137157544], [11.367187541096655, 44.51463143721406], [11.36756468193281, 44.51462361571301], [11.367553749852982, 44.51435376579206], [11.369062304714868, 44.514322467638316], [11.369073243744502, 44.51459231726638], [11.369450383814074, 44.51458448954412], [11.369461324734544, 44.51485433908401], [11.369838466388194, 44.514846510044265], [11.369860352164318, 44.51538620893271], [11.370237497139556, 44.51537837850218], [11.370248441995287, 44.515648227850726], [11.37062558855461, 44.51564039610264], [11.370647482201562, 44.51618009460836], [11.371024632082554, 44.51617226146939], [11.37104652981865, 44.5167119597688], [11.37255514170823, 44.51668061418329], [11.372566097757128, 44.516950463017274], [11.373320406255665, 44.51693478261188], [11.373353285750142, 44.517744328584], [11.373730444981991, 44.51773648629465], [11.373752368888779, 44.518276183387954], [11.374129531442428, 44.51826833970745], [11.374107604060153, 44.51772864276094], [11.374484762984604, 44.517720797982896], [11.374473797786333, 44.51745094956064], [11.374850954819347, 44.51744310361165], [11.374796122445817, 44.51609386164339], [11.374418974100942, 44.516101707225296], [11.374386081734379, 44.5152921616448], [11.374008938448384, 44.51530000576223], [11.373987014447522, 44.51476030848708], [11.373609874482787, 44.51476815121346], [11.373587954571512, 44.51422845373177], [11.373210817927976, 44.514236295067164], [11.373199859940216, 44.51396644623053], [11.373576994846358, 44.5139586049685], [11.373566035274854, 44.51368875619033], [11.373943168289982, 44.5136809137575], [11.373932207134786, 44.513411065037744], [11.3743093382589, 44.51340322143413], [11.374298375520059, 44.513133372772856], [11.37392124613326, 44.513141216303076], [11.37387740366381, 44.512061821214964], [11.373500281072369, 44.512069663207484], [11.373478364233964, 44.51152996542704], [11.37310124496326, 44.511537806028706], [11.373090288511653, 44.51126795704271], [11.372713170824497, 44.51127579632692], [11.372702216263619, 44.51100594725263], [11.370816634210351, 44.51104512464582], [11.370729072732818, 44.508886328581006], [11.370351969757982, 44.50889415974114], [11.370319141946304, 44.5080846107506], [11.36994204402877, 44.50809244044694], [11.369898282708059, 44.50701304129079], [11.370275373678318, 44.50700521188752], [11.370253490464673, 44.50646551236638], [11.37100766499804, 44.50644985012124], [11.370985775451159, 44.50591015083349], [11.371739942424043, 44.505894483906054], [11.37175089059412, 44.50616433341077], [11.37212797558703, 44.506156498007954], [11.372149875861037, 44.50669619682597], [11.37177278739471, 44.506704032375445], [11.371794684809236, 44.50724373128037], [11.371417592715908, 44.507251565732574], [11.37145043477841, 44.508061114197865], [11.37107333732115, 44.508068947626064], [11.371084283245388, 44.50833879715794], [11.37259267910097, 44.50830745568819], [11.372581726229264, 44.508037606449605], [11.372958823072489, 44.508029768045624], [11.37294786861749, 44.50775991886546], [11.373324963570314, 44.50775207929089], [11.373314007532073, 44.507482230169124], [11.373691100594499, 44.507474389424], [11.373669185505241, 44.506934691282424], [11.374046274940516, 44.50692684944015], [11.37403531588957, 44.506657000420326], [11.373658228191026, 44.50666484218923], [11.37363631402341, 44.50612514395801], [11.373259229644653, 44.50613298433629], [11.373248274527908, 44.50586313512491], [11.372871191732242, 44.505870974185974], [11.372860238505707, 44.505601124886304], [11.372483157293134, 44.50560896263018], [11.372450303744582, 44.50479941442152], [11.371696151278474, 44.50481508573778], [11.371707098834662, 44.50508493530226], [11.370952942281537, 44.50510060178989], [11.370898223400527, 44.50375135308521], [11.37052115357649, 44.50375918409689], [11.37051021199698, 44.50348933423788], [11.370133143756023, 44.50349716393252], [11.370122204066332, 44.503227313985306], [11.368236869243939, 44.50326644343599], [11.3682478002514, 44.50353629374938], [11.367870731090674, 44.503544115981455], [11.367903519822955, 44.50435366705161], [11.368280594193187, 44.504345844599925], [11.368291525813598, 44.504615694853584], [11.36866860176714, 44.50460787108489], [11.368679535277368, 44.504877721250416], [11.36905661281421, 44.50486989616469], [11.369067548214305, 44.50513974624206], [11.369821706301263, 44.50512409219267], [11.369876402967902, 44.506473341623135], [11.368745139557525, 44.50649682193005], [11.368756074140709, 44.506766671991066], [11.3683789842939, 44.506774496345486], [11.368389917293602, 44.507044346464795], [11.368012825556757, 44.50705216964851], [11.368056552140954, 44.508131570269285], [11.36730235431288, 44.508147213490524], [11.367313282868267, 44.508417063754784], [11.365050675286456, 44.50846396400216], [11.365061593573468, 44.50873381469039], [11.36430738634756, 44.50874943830052], [11.364318301313705, 44.509019289120005], [11.363564090001793, 44.50903490790031], [11.363575001646968, 44.50930475885105], [11.363197894024546, 44.50931256644824], [11.363208804085673, 44.50958241745712], [11.362831694573275, 44.50959022388333], [11.362842603050304, 44.50986007495033], [11.360957044509616, 44.5098990887859], [11.360967944454163, 44.51016894020307], [11.360590830550416, 44.51017673931101], [11.360656223003772, 44.51179584793868], [11.361410471504538, 44.51178024760288], [11.361421374256071, 44.512050098842636], [11.361798500014443, 44.51204229673551], [11.361820309450653, 44.51258199902426], [11.362197438530727, 44.512574195526945], [11.3622410661872, 44.51365359963334], [11.36035538451093, 44.51369260613818], [11.360344486054458, 44.51342275476897], [11.35883594491263, 44.513453937285064], [11.358846836419447, 44.51372378894608], [11.35846969901477, 44.51373158153749], [11.358567713809972, 44.51616024647201], [11.358190560614714, 44.516168038475406], [11.3582014501733, 44.516437890133155], [11.358578605106224, 44.51643009805686], [11.358589496555178, 44.51669994962676], [11.358966653073088, 44.51669215623319], [11.358955759886447, 44.5164223047362], [11.359332914513947, 44.51641451017121], [11.359343809438274, 44.51668436159526], [11.359720965650709, 44.51667656571298], [11.35976455382653, 44.51775597096826], [11.360141716837154, 44.51774817354976], [11.36015261600087, 44.51801802475333], [11.360906945039257, 44.51800242603717], [11.360896042399945, 44.51773257497957], [11.361273204952067, 44.5177247738279], [11.361295013859165, 44.518264475782175], [11.36091784783143, 44.51827227707987], [11.360928750776468, 44.51854212810764], [11.36017441478674, 44.51855772711573], [11.360185314408902, 44.51882757827455], [11.36056248421806, 44.51881977931974], [11.36057338573094, 44.51908963039067], [11.359819042484007, 44.51910522720179], [11.359775451252442, 44.51802582224479], [11.359398286351228, 44.518033618491835], [11.35938739066312, 44.51776376714236], [11.359010227346948, 44.51777156207205], [11.358988439904554, 44.517231859182445], [11.358234119765124, 44.517247445016935], [11.358223229748502, 44.51697759340392], [11.356714594588617, 44.51700874984876], [11.356779895271282, 44.51862786105255], [11.357157064717056, 44.51862007337066], [11.357146179150591, 44.51835022161352], [11.357900514108502, 44.51833464266219], [11.357911403150704, 44.518604494273575], [11.358288572138532, 44.51859670285835], [11.358310354156751, 44.519136405890535], [11.357556009076818, 44.51915198776814], [11.357566896839105, 44.51942183940767], [11.357189722332203, 44.51942962855266], [11.357200608509178, 44.519699480250175], [11.356823432111677, 44.51970726822356], [11.35684520144752, 44.52024697171962], [11.356468021421396, 44.520254758594255], [11.356457138415186, 44.5199849067808], [11.356079959974492, 44.51999269233807], [11.356069078858871, 44.51972284043687], [11.355691902003615, 44.51973062467678], [11.35568102277853, 44.51946077268783], [11.355303847508715, 44.51946855561042], [11.355325602635439, 44.52000825971908], [11.35494842373713, 44.52001604154281], [11.354959299791231, 44.5202858936476], [11.355336480427573, 44.52027811175105], [11.35534735837222, 44.52054796376812], [11.354970175997828, 44.5205557457375], [11.354991928868508, 44.52109544987255], [11.353860370401867, 44.52111878875028], [11.353871241851557, 44.52138864101384], [11.353494053652984, 44.52139641822341], [11.353504923516946, 44.521666270544856], [11.353127733427801, 44.52167404658262], [11.353182076342598, 44.52302330833011], [11.353559275122931, 44.523015531928515], [11.353591887915567, 44.52382508857987], [11.353969091758476, 44.52381731071528], [11.354001711138189, 44.524626867014135], [11.354378920043853, 44.52461908768649], [11.354368045026396, 44.52434923567457], [11.354745252041148, 44.524341455175026], [11.354734375437776, 44.52407160322101], [11.355111580561623, 44.524063821549575], [11.355122458903393, 44.524333673430775], [11.355876872170263, 44.5243181062082], [11.355865990351706, 44.52404825447267], [11.356620399531478, 44.52403268241704]], [[11.36936286197211, 44.51242569268755], [11.36860860947739, 44.51244134571598], [11.368619545696264, 44.51271119552178], [11.367111031918041, 44.512742486941676], [11.367078244568495, 44.51193293660104], [11.367455368031157, 44.51192511583187], [11.367444437483865, 44.51165526576165], [11.367821559056074, 44.511647443821545], [11.36781062692483, 44.51137759380959], [11.368941985510228, 44.51135412074424], [11.368952922853019, 44.51162397053654], [11.369330043812027, 44.51161614361998], [11.36936286197211, 44.51242569268755]]]}}, {"type": "Feature", "properties": {"threshold": "ge_6", "source": "HistorySUHI", "period": "2013-2026", "hotspot_percentile": "top_10_pct", "label": ">= 6 estati"}, "geometry": {"type": "Polygon", "coordinates": [[[11.32578703802974, 44.51764306917854], [11.325776297618958, 44.51737321132326], [11.325399127756278, 44.5173808952083], [11.325388389233998, 44.517111037266275], [11.325011220958672, 44.51711871983495], [11.325000484324846, 44.516848861806174], [11.324623317636878, 44.51685654305851], [11.324612582891458, 44.51658668494299], [11.322726755883862, 44.51662507217861], [11.32271602997822, 44.51635521368901], [11.32233886586331, 44.516362887330985], [11.32234959003109, 44.516632745892394], [11.321595257874487, 44.51664808958662], [11.321659585183413, 44.51826724150473], [11.322036761764597, 44.518259569849114], [11.322047485246923, 44.51852942837838], [11.32242466341579, 44.51852175540645], [11.322435388786529, 44.51879161384906], [11.323566927604924, 44.51876858725058], [11.323556197020023, 44.51849872902345], [11.323933374587229, 44.518491051073404], [11.323922642414756, 44.518221192903255], [11.324299818093465, 44.518213513780545], [11.324289084333467, 44.5179436556674], [11.324666258123681, 44.517935975372055], [11.324655522776208, 44.51766611731595], [11.32578703802974, 44.51764306917854]]]}}, {"type": "Feature", "properties": {"threshold": "ge_6", "source": "HistorySUHI", "period": "2013-2026", "hotspot_percentile": "top_10_pct", "label": ">= 6 estati"}, "geometry": {"type": "Polygon", "coordinates": [[[11.356014675569124, 44.51837358070725], [11.356003795368828, 44.518103728716596], [11.355626628941067, 44.518111512519475], [11.355637507403506, 44.51838136458296], [11.356014675569124, 44.51837358070725]]]}}, {"type": "Feature", "properties": {"threshold": "ge_6", "source": "HistorySUHI", "period": "2013-2026", "hotspot_percentile": "top_10_pct", "label": ">= 6 estati"}, "geometry": {"type": "Polygon", "coordinates": [[[11.331940223500103, 44.52048837937246], [11.33118584673563, 44.52050378745107], [11.331207379992582, 44.52104350077425], [11.332716146823106, 44.52101267906181], [11.332683826305853, 44.52020310992002], [11.331929453621735, 44.52021852283276], [11.331940223500103, 44.52048837937246]]]}}, {"type": "Feature", "properties": {"threshold": "ge_6", "source": "HistorySUHI", "period": "2013-2026", "hotspot_percentile": "top_10_pct", "label": ">= 6 estati"}, "geometry": {"type": "Polygon", "coordinates": [[[11.35116576784964, 44.51982393848473], [11.350411410024746, 44.51983947336295], [11.350400555131603, 44.51956962035543], [11.350777732382147, 44.51956185361124], [11.35076687590321, 44.51929200066151], [11.349635348908997, 44.51931529694253], [11.349646200173963, 44.519585150110274], [11.34926902246691, 44.51959291312093], [11.349290721977212, 44.52013261955702], [11.348913540641968, 44.52014038146845], [11.348935237284607, 44.52068008799023], [11.348558052321088, 44.52068784880235], [11.34859059321141, 44.52149740869116], [11.350476542579813, 44.52145859109523], [11.350465686773454, 44.521188738177095], [11.352351623645799, 44.52114988983008], [11.352329895108538, 44.52061018467618], [11.351952711514855, 44.52061795668925], [11.351941849212789, 44.520348104017216], [11.351564667204885, 44.52035587471305], [11.351553806793172, 44.52008602195338], [11.35117662637105, 44.52009379133197], [11.35116576784964, 44.51982393848473]]]}}, {"type": "Feature", "properties": {"threshold": "ge_6", "source": "HistorySUHI", "period": "2013-2026", "hotspot_percentile": "top_10_pct", "label": ">= 6 estati"}, "geometry": {"type": "Polygon", "coordinates": [[[11.345174211976785, 44.5210274940707], [11.345185043296784, 44.52129734802007], [11.345562233104483, 44.52128959826394], [11.345573066314545, 44.5215594521259], [11.345950257708543, 44.52155170105266], [11.345939422760289, 44.52128184726323], [11.346693801616125, 44.521266341528026], [11.346661287254017, 44.5204567805057], [11.34590691882702, 44.52047228580561], [11.34591775331953, 44.5207421396397], [11.345540567140034, 44.520749890495374], [11.345551400046313, 44.5210197443871], [11.345174211976785, 44.5210274940707]]]}}, {"type": "Feature", "properties": {"threshold": "ge_6", "source": "HistorySUHI", "period": "2013-2026", "hotspot_percentile": "top_10_pct", "label": ">= 6 estati"}, "geometry": {"type": "Polygon", "coordinates": [[[11.34748070602314, 44.52206039126735], [11.347459021765093, 44.52152068431366], [11.347836212399248, 44.52151292701742], [11.347825368760072, 44.52124307359084], [11.347070990816105, 44.52125858679355], [11.34708183097892, 44.5215284403653], [11.346704640040755, 44.52153619517236], [11.346726317345924, 44.52207590241634], [11.34748070602314, 44.52206039126735]]]}}, {"type": "Feature", "properties": {"threshold": "ge_6", "source": "HistorySUHI", "period": "2013-2026", "hotspot_percentile": "top_10_pct", "label": ">= 6 estati"}, "geometry": {"type": "Polygon", "coordinates": [[[11.338438802456524, 44.5225160516662], [11.338428001818293, 44.52224619647298], [11.33767360585918, 44.52226164787945], [11.337716795413927, 44.52334106914149], [11.338094000422613, 44.523333343771405], [11.33810479992821, 44.52360319897743], [11.338482006523888, 44.52359547229035], [11.338503609466267, 44.52413518251317], [11.339635238775157, 44.524111994549706], [11.339624432012869, 44.52384213966272], [11.339247224133189, 44.523849870156255], [11.339214809970693, 44.523040305189014], [11.338460404187312, 44.52305576200803], [11.338449603246197, 44.52278590684455], [11.338826804475259, 44.52277817912971], [11.338816001947249, 44.52250832402366], [11.338438802456524, 44.5225160516662]]]}}, {"type": "Feature", "properties": {"threshold": "ge_6", "source": "HistorySUHI", "period": "2013-2026", "hotspot_percentile": "top_10_pct", "label": ">= 6 estati"}, "geometry": {"type": "Polygon", "coordinates": [[[11.328663829841314, 44.52352610461055], [11.327909412117728, 44.52354149187021], [11.327930917403405, 44.52408120616303], [11.328685342080966, 44.524065818615405], [11.328663829841314, 44.52352610461055]]]}}, {"type": "Feature", "properties": {"threshold": "ge_6", "source": "HistorySUHI", "period": "2013-2026", "hotspot_percentile": "top_10_pct", "label": ">= 6 estati"}, "geometry": {"type": "Polygon", "coordinates": [[[11.344905326406952, 44.52373378205854], [11.345282532011172, 44.5237260328944], [11.345304197840669, 44.52426574048048], [11.346813032645757, 44.524234730796614], [11.346769673779969, 44.52315531672561], [11.344883664661783, 44.523194074267884], [11.344905326406952, 44.52373378205854]]]}}, {"type": "Feature", "properties": {"threshold": "ge_6", "source": "HistorySUHI", "period": "2013-2026", "hotspot_percentile": "top_10_pct", "label": ">= 6 estati"}, "geometry": {"type": "Polygon", "coordinates": [[[11.329073312278114, 44.52432797988257], [11.329062554193529, 44.52405812297444], [11.328685342080966, 44.524065818615405], [11.328696098427027, 44.52433567559553], [11.329073312278114, 44.52432797988257]]]}}, {"type": "Feature", "properties": {"threshold": "ge_6", "source": "HistorySUHI", "period": "2013-2026", "hotspot_percentile": "top_10_pct", "label": ">= 6 estati"}, "geometry": {"type": "Polygon", "coordinates": [[[11.363076513199042, 44.524979520237444], [11.363065597892383, 44.52470966993287], [11.362688390761658, 44.524717477961566], [11.36267747734644, 44.52444762756902], [11.361545860251407, 44.52447104396784], [11.361567676804414, 44.52501074517627], [11.361190467323313, 44.52501854829921], [11.361201374090795, 44.52528839895406], [11.361578585310346, 44.525280595758105], [11.361589493969234, 44.52555044632503], [11.361966706774302, 44.52554264181132], [11.361977617324646, 44.52581249229029], [11.362354831715225, 44.5258046864588], [11.36237665675193, 44.5263443872259], [11.361999438884288, 44.52635219320347], [11.362010349893595, 44.526622043637694], [11.360878690157108, 44.526645454320885], [11.360889596103616, 44.52691530495925], [11.361266817907332, 44.526907502569955], [11.361277725745387, 44.527177353120386], [11.363163841162347, 44.52713832213684], [11.363174757846554, 44.527408172307126], [11.363929206419272, 44.52739255105396], [11.363907366249455, 44.52685285099083], [11.36353014551688, 44.526860662093625], [11.36350830943667, 44.526320961824624], [11.363131092028144, 44.52632877153648], [11.363109260037332, 44.52578907106162], [11.363486473968809, 44.52578126149592], [11.363453721915134, 44.52497171089098], [11.363076513199042, 44.524979520237444]]]}}, {"type": "Feature", "properties": {"threshold": "ge_6", "source": "HistorySUHI", "period": "2013-2026", "hotspot_percentile": "top_10_pct", "label": ">= 6 estati"}, "geometry": {"type": "Polygon", "coordinates": [[[11.349594579023679, 44.527688503405884], [11.349583724931968, 44.527418650612375], [11.349960953051484, 44.527410885494746], [11.349906676182542, 44.5260616216671], [11.349152237177853, 44.52607714993094], [11.349195644459442, 44.52715656160411], [11.348818417774266, 44.5271643241594], [11.348840118850624, 44.527704030051886], [11.349594579023679, 44.527688503405884]]]}}, {"type": "Feature", "properties": {"threshold": "ge_6", "source": "HistorySUHI", "period": "2013-2026", "hotspot_percentile": "top_10_pct", "label": ">= 6 estati"}, "geometry": {"type": "Polygon", "coordinates": [[[11.335626177721586, 44.52770508482793], [11.336003411456137, 44.52769736577042], [11.335981828918356, 44.527157654922505], [11.334095676120787, 44.527196237039014], [11.334084893772635, 44.5269263812317], [11.333330435072611, 44.526941805219856], [11.333319656353126, 44.52667194925335], [11.33294242851513, 44.52667965930797], [11.332920875006986, 44.52613994718605], [11.331789201018669, 44.52616306944803], [11.331843059841196, 44.52751235072322], [11.332220293348785, 44.52750464418682], [11.332231067305251, 44.527774500325144], [11.33185383205884, 44.52778220693366], [11.331864604427539, 44.52805206312923], [11.33375078784279, 44.528013517276925], [11.33376156905687, 44.528283373096926], [11.333384330937214, 44.528291084829384], [11.33339511056359, 44.52856094070668], [11.33301787055389, 44.52856865126637], [11.33302864859251, 44.52883850720095], [11.332651406692765, 44.52884621658785], [11.332662183143581, 44.5291160725797], [11.333039426782266, 44.52910836312067], [11.333071762258369, 44.529917930790624], [11.333449010962871, 44.529910219870175], [11.333470572180756, 44.53044993143147], [11.333847824212173, 44.530442219121674], [11.333869389512941, 44.53098193047917], [11.334246644871339, 44.530974216779995], [11.334257429487655, 44.53124407236427], [11.334634686433947, 44.531236357347865], [11.334645472940641, 44.53150621284505], [11.336909021875996, 44.53145989616722], [11.336887428144346, 44.53092018602478], [11.337264682292231, 44.53091246236534], [11.337199894296655, 44.529293332014696], [11.33682265058289, 44.52930105524051], [11.336790263845879, 44.52849148964755], [11.336413025197473, 44.52849921141161], [11.336391438274056, 44.52795950079742], [11.335636967478633, 44.52797494030182], [11.335626177721586, 44.52770508482793]]]}}, {"type": "Feature", "properties": {"threshold": "ge_6", "source": "HistorySUHI", "period": "2013-2026", "hotspot_percentile": "top_10_pct", "label": ">= 6 estati"}, "geometry": {"type": "Polygon", "coordinates": [[[11.361539559749595, 44.53365376185558], [11.361162294472988, 44.533661566070386], [11.36114047508526, 44.533121865524585], [11.36000868877282, 44.53314527026044], [11.359986880431935, 44.53260556921696], [11.360364139210713, 44.53259776902939], [11.36035323353051, 44.532327918558266], [11.360730490417245, 44.53232011719865], [11.360686862269448, 44.531240715457], [11.36030961233893, 44.5312485165246], [11.36029870742333, 44.530978665978914], [11.358412464172506, 44.531017652277406], [11.358401568104705, 44.53074780135197], [11.35764707321264, 44.53076338701071], [11.35763618077555, 44.53049353592451], [11.357258934839361, 44.53050132681353], [11.357204483639398, 44.5291520707944], [11.354563818673078, 44.5292065696087], [11.354542063605466, 44.528666866076726], [11.354164828620476, 44.528674646496384], [11.354153953054253, 44.528404794635236], [11.352645018544727, 44.52843590357392], [11.352655887155759, 44.52870575572618], [11.352278651408513, 44.52871352992141], [11.352289518433118, 44.52898338213151], [11.351912280794659, 44.52899115515459], [11.351923146232789, 44.52926100742253], [11.351168667021106, 44.529276549879384], [11.351212116385884, 44.530355959383904], [11.350834869595865, 44.53036372903576], [11.350889176033915, 44.53171299094472], [11.351266431519106, 44.53170522092931], [11.351288158638715, 44.53224492544318], [11.351665417449805, 44.532237154037304], [11.351687148657106, 44.53277685834613], [11.352064410794158, 44.532769085549745], [11.352086146089354, 44.53330878965348], [11.352463411552431, 44.53330101546654], [11.352474281167872, 44.53357086742332], [11.353228815115216, 44.53355531516861], [11.353239688361613, 44.53382516696495], [11.35361695684585, 44.53381738889718], [11.35362783198401, 44.53408724060583], [11.354382371973518, 44.53407168058934], [11.35440412966463, 44.53461138367071], [11.354781402909198, 44.534603601649145], [11.354803164689265, 44.535143304525256], [11.355180441259975, 44.535135521112885], [11.355191324118284, 44.535405372455735], [11.355568602275778, 44.53539758772536], [11.355557717678073, 44.53512773645535], [11.355934993943535, 44.535119950552655], [11.355945880280633, 44.53538980174981], [11.356323158132824, 44.535382014529084], [11.356334046361999, 44.53565186563846], [11.358220442029202, 44.535612910492816], [11.358198648329596, 44.5350732089882], [11.359707748197842, 44.53504202304216], [11.359696844619865, 44.53477217255932], [11.36007411746539, 44.53476437303293], [11.360085022782707, 44.535034223442786], [11.36083957149363, 44.535018620508616], [11.360850480442595, 44.535288470757564], [11.36122775630796, 44.53528066734974], [11.361238667149284, 44.53555051751074], [11.361615944601024, 44.53554271278474], [11.361659596454158, 44.53662211298748], [11.362414164814004, 44.53660649921557], [11.362403248142222, 44.53633664933336], [11.362780530353055, 44.53632884065267], [11.362769612094915, 44.53605899082861], [11.362392331623527, 44.53606679943624], [11.362370499045388, 44.53552709959724], [11.361993221899732, 44.535534906813574], [11.361960479398652, 44.53472535672402], [11.361583207317995, 44.53473316247605], [11.361539559749595, 44.53365376185558]], [[11.357012366338502, 44.533747330257384], [11.357023257130125, 44.53401718131046], [11.356645988280011, 44.53402497065706], [11.35662421032799, 44.53348526839024], [11.357378740918495, 44.5334696887435], [11.357389633296634, 44.533739539738576], [11.357012366338502, 44.533747330257384]], [[11.35660243298674, 44.53294556606377], [11.356613321581019, 44.533215417234466], [11.35623605779593, 44.533223205117324], [11.356225170940844, 44.53295335387377], [11.35660243298674, 44.53294556606377]]]}}, {"type": "Feature", "properties": {"threshold": "ge_6", "source": "HistorySUHI", "period": "2013-2026", "hotspot_percentile": "top_10_pct", "label": ">= 6 estati"}, "geometry": {"type": "Polygon", "coordinates": [[[11.366744709757612, 44.531655427620514], [11.366799385981688, 44.533004673763045], [11.367553904829432, 44.532989027029096], [11.367564844012566, 44.533258876066405], [11.368696626351058, 44.533235396407974], [11.368674737703442, 44.53269569875785], [11.36905199469779, 44.53268786986147], [11.369019157660183, 44.53187832349406], [11.36864190588301, 44.53188615217067], [11.36862001877002, 44.531346454371224], [11.367111024039012, 44.53137775604196], [11.367121960562812, 44.53164760524204], [11.366744709757612, 44.531655427620514]]]}}, {"type": "Feature", "properties": {"threshold": "ge_6", "source": "HistorySUHI", "period": "2013-2026", "hotspot_percentile": "top_10_pct", "label": ">= 6 estati"}, "geometry": {"type": "Polygon", "coordinates": [[[11.350772602563252, 44.53819721343791], [11.350707423796166, 44.53657810081176], [11.350330136698634, 44.53658586964556], [11.350319275843491, 44.53631601741636], [11.349941990333178, 44.53632378493223], [11.349931131369845, 44.53605393261545], [11.349176563371419, 44.53606946376618], [11.349143997831833, 44.535259906290435], [11.348766718822654, 44.53526766978003], [11.348745012702848, 44.53472796457642], [11.348367737020283, 44.53473572667557], [11.348356885928037, 44.53446587397878], [11.347979611832676, 44.534473634760126], [11.347968762631943, 44.53420378197583], [11.347591490123788, 44.53421154143942], [11.347558948652315, 44.53340198277933], [11.347181681209957, 44.53340974077998], [11.347170836096272, 44.5331398877909], [11.346793570241088, 44.53314764447386], [11.34676104103012, 44.53233808519952], [11.346383780240517, 44.53234584041966], [11.346372939213454, 44.53207598722585], [11.345995680010992, 44.532083741128375], [11.34598484087509, 44.53181388784712], [11.344475809502113, 44.531844890716535], [11.344486641681424, 44.532114744287895], [11.344863901491726, 44.5321069953656], [11.34487473556211, 44.53237684884958], [11.344497474012634, 44.53238459784439], [11.344562471189915, 44.53400371887059], [11.344939743174955, 44.53399596944071], [11.34496141359474, 44.53453567618532], [11.345338688906548, 44.534527925365225], [11.345371200894078, 44.53533748515287], [11.344993920364018, 44.53534523619055], [11.345037264850427, 44.53642464932242], [11.345414552338491, 44.536416897994606], [11.345436228972623, 44.53695660432614], [11.345813519787841, 44.53694885160799], [11.345824360072504, 44.537218704678864], [11.346201652475312, 44.53721095064289], [11.346212494651626, 44.53748080362633], [11.346589788642016, 44.5374730482725], [11.346578944726073, 44.53720319536164], [11.346956236824767, 44.53719543883513], [11.346967082480331, 44.53746529167339], [11.347344376166554, 44.53745753382901], [11.347333528771363, 44.537187681063315], [11.348088112208181, 44.537172161783914], [11.348098963082608, 44.53744201440438], [11.349230842315357, 44.53741872592783], [11.349263411508609, 44.538228283046045], [11.350018007340529, 44.538212750732605], [11.350028867522182, 44.538482602930195], [11.348896968326802, 44.53850589975041], [11.348875258553948, 44.537966194904314], [11.348497961997058, 44.53797395787511], [11.348508815067689, 44.53824381037825], [11.348131516618912, 44.538251572176385], [11.348142368102032, 44.53852142473726], [11.347765067761365, 44.538529185362705], [11.347797617904524, 44.539338743173836], [11.34817492346448, 44.53933098233052], [11.348185775556335, 44.53960083483182], [11.349317696542402, 44.53957754461182], [11.34932855400594, 44.539847396880276], [11.349705862436627, 44.5398396309102], [11.349695003233265, 44.539569778714394], [11.35007230977184, 44.53956201157162], [11.350050588342398, 44.5390223072807], [11.349673285283396, 44.53903007427812], [11.349662426536886, 44.53876022203764], [11.351171630899968, 44.53872914686671], [11.351149899946106, 44.538189442922615], [11.350772602563252, 44.53819721343791]]]}}, {"type": "Feature", "properties": {"threshold": "ge_6", "source": "HistorySUHI", "period": "2013-2026", "hotspot_percentile": "top_10_pct", "label": ">= 6 estati"}, "geometry": {"type": "Polygon", "coordinates": [[[11.368806078797855, 44.53593388376277], [11.36881702488673, 44.53620373241613], [11.369571583942477, 44.53618807147337], [11.369582533663696, 44.53645791996524], [11.369959814700676, 44.536450087552815], [11.369970766314887, 44.53671993595646], [11.370348048937732, 44.536712102225565], [11.370359002444987, 44.53698195054098], [11.371490854610181, 44.53695844165713], [11.371479895884551, 44.53668859356169], [11.372234459747421, 44.53667291489318], [11.372201574056149, 44.535863370957394], [11.371824297419769, 44.535871210694154], [11.371791418329936, 44.535061666403855], [11.371036875032125, 44.535077341701886], [11.371025919121456, 44.53480749342856], [11.369894108240404, 44.5348309968173], [11.36987220731549, 44.53429129978598], [11.369494940193174, 44.5342991316121], [11.369483991700273, 44.53402928300076], [11.369106726163652, 44.534037113508504], [11.369095779563482, 44.53376726480897], [11.368718515612558, 44.53377509399838], [11.368729460473526, 44.534044942771196], [11.367974928632858, 44.534060597561314], [11.367996811858253, 44.53460029535513], [11.367242272446862, 44.53461594545781], [11.367253210811139, 44.53488579447877], [11.366498667307619, 44.53490143974742], [11.366509602346653, 44.535171288899846], [11.365755054751125, 44.53518692933438], [11.365809714852569, 44.53653617560439], [11.366186997423972, 44.53652835564383], [11.366197931643644, 44.53679820477987], [11.366575215801177, 44.53679038350093], [11.366586151913674, 44.53706023254887], [11.367340723247613, 44.53704458610897], [11.367351662992494, 44.53731443499556], [11.3681062371918, 44.53729878342835], [11.36809529396791, 44.53702893468821], [11.367718008684479, 44.53703676102119], [11.367707067353527, 44.53676691219288], [11.368084350897478, 44.536759085933134], [11.368062465216981, 44.536219388378214], [11.368439745128594, 44.536211561019755], [11.36842880077912, 44.53594171229315], [11.368806078797855, 44.53593388376277]]]}}, {"type": "Feature", "properties": {"threshold": "ge_6", "source": "HistorySUHI", "period": "2013-2026", "hotspot_percentile": "top_10_pct", "label": ">= 6 estati"}, "geometry": {"type": "Polygon", "coordinates": [[[11.354436767345481, 44.53542093818098], [11.35405948873022, 44.53542871917583], [11.354048611090112, 44.535158867614506], [11.353671334061715, 44.535166647291376], [11.35369308601564, 44.53570635054473], [11.353315805355889, 44.53571412912201], [11.353348429212232, 44.53652368410862], [11.353725715090427, 44.53651590531297], [11.35373659175374, 44.536785756872575], [11.354113879218936, 44.53677797675889], [11.354124757774327, 44.53704782823078], [11.354502046826518, 44.537040046799056], [11.35451292727404, 44.537309898183224], [11.354890217913221, 44.53730211543342], [11.35492286539016, 44.53811166927803], [11.355300161095581, 44.538103885064444], [11.355311045632785, 44.53837373624333], [11.356065640065012, 44.538358163934575], [11.356043864184642, 44.53781846185334], [11.355666570524159, 44.53782624848465], [11.355623027553932, 44.53674684385181], [11.355245740699097, 44.53675462894643], [11.355234857077692, 44.53648477767811], [11.354857571809752, 44.53649256145466], [11.354846690080464, 44.53622271009859], [11.354469406399422, 44.53623049255708], [11.354436767345481, 44.53542093818098]]]}}, {"type": "Feature", "properties": {"threshold": "ge_6", "source": "HistorySUHI", "period": "2013-2026", "hotspot_percentile": "top_10_pct", "label": ">= 6 estati"}, "geometry": {"type": "Polygon", "coordinates": [[[11.359762268381333, 44.536391275232724], [11.359007701358752, 44.53640687142572], [11.358996800495163, 44.5361370208715], [11.358242236340054, 44.53615261193778], [11.358253133724702, 44.53642246263791], [11.357875849678438, 44.53643025637618], [11.35794122675826, 44.538049360701315], [11.358318521241882, 44.53804156652545], [11.358329419696318, 44.53831141712117], [11.358706715766749, 44.53830362162707], [11.35872851661349, 44.538843322627905], [11.359105816010413, 44.538835525742606], [11.359094913770921, 44.53856567532261], [11.359472211275266, 44.53855787726497], [11.359439500255199, 44.537748326134405], [11.35981679238773, 44.5377405270504], [11.359805887280602, 44.5374706767167], [11.360183177520618, 44.53746287646043], [11.360150457898182, 44.5366533255888], [11.359773172876768, 44.536661125626104], [11.359762268381333, 44.536391275232724]]]}}, {"type": "Feature", "properties": {"threshold": "ge_6", "source": "HistorySUHI", "period": "2013-2026", "hotspot_percentile": "top_10_pct", "label": ">= 6 estati"}, "geometry": {"type": "Polygon", "coordinates": [[[11.367384483147628, 44.538123981565775], [11.367395423506178, 44.53839383039266], [11.36777271764082, 44.53838600493876], [11.367783659892423, 44.538655853677476], [11.368160955613241, 44.53864802690508], [11.368139067784258, 44.538108329559165], [11.368516359872379, 44.53810050168799], [11.36850541444852, 44.537830653065896], [11.368128124099972, 44.53783848086383], [11.368117180569154, 44.53756863215356], [11.367739891806691, 44.537576458633005], [11.367761775542666, 44.538116156185104], [11.367384483147628, 44.538123981565775]]]}}, {"type": "Feature", "properties": {"threshold": "ge_6", "source": "HistorySUHI", "period": "2013-2026", "hotspot_percentile": "top_10_pct", "label": ">= 6 estati"}, "geometry": {"type": "Polygon", "coordinates": [[[11.350536521887797, 44.541713059169616], [11.350514794541283, 44.54117335526249], [11.35013747771573, 44.54118112408679], [11.350159201582287, 44.54172082813934], [11.350536521887797, 44.541713059169616]]]}}, {"type": "Feature", "properties": {"threshold": "ge_6", "source": "HistorySUHI", "period": "2013-2026", "hotspot_percentile": "top_10_pct", "label": ">= 6 estati"}, "geometry": {"type": "Polygon", "coordinates": [[[11.338807092721037, 44.54114375545797], [11.338817902226348, 44.541413609682095], [11.338440580689966, 44.54142133989725], [11.338451388606824, 44.541691194178824], [11.338074065178821, 44.54169892322081], [11.338095677987095, 44.54223863188397], [11.338473004895269, 44.542230902697334], [11.338483813266862, 44.54250075693425], [11.33923847010868, 44.54248529467974], [11.339249282112142, 44.54275514875711], [11.340381271457986, 44.54273194581679], [11.340392088833566, 44.543001799662164], [11.343410734333416, 44.5429398697719], [11.343378240898867, 44.542130309929696], [11.343000915963135, 44.542138055307916], [11.34295760047039, 44.54105864168663], [11.342580282342912, 44.54106638552948], [11.342569455589357, 44.54079653201451], [11.340305554076604, 44.54084296848257], [11.340316370390283, 44.5411128224321], [11.338807092721037, 44.54114375545797]]]}}, {"type": "Feature", "properties": {"threshold": "ge_6", "source": "HistorySUHI", "period": "2013-2026", "hotspot_percentile": "top_10_pct", "label": ">= 6 estati"}, "geometry": {"type": "Polygon", "coordinates": [[[11.345685553968568, 44.543163222857714], [11.34606288480094, 44.543155468470815], [11.346052041171221, 44.54288561572753], [11.34416539418982, 44.542924374844], [11.344176229118794, 44.543194227949975], [11.344553560559232, 44.543186478545216], [11.344564397380339, 44.543456331563775], [11.345696396010196, 44.54343307565866], [11.345685553968568, 44.543163222857714]]]}}, {"type": "Feature", "properties": {"threshold": "ge_6", "source": "HistorySUHI", "period": "2013-2026", "hotspot_percentile": "top_10_pct", "label": ">= 6 estati"}, "geometry": {"type": "Polygon", "coordinates": [[[11.35996304176122, 44.55070112811462], [11.359585665946922, 44.55070892945661], [11.359596575069077, 44.550978779205415], [11.359973952624157, 44.55097097779043], [11.35996304176122, 44.55070112811462]]]}}, {"type": "Feature", "properties": {"threshold": "ge_6", "source": "HistorySUHI", "period": "2013-2026", "hotspot_percentile": "top_10_pct", "label": ">= 6 estati"}, "geometry": {"type": "Polygon", "coordinates": [[[11.353213772743356, 44.55192076552104], [11.353192012923428, 44.55138106361947], [11.35281463087708, 44.55138884268201], [11.35278199751414, 44.550579289499524], [11.352404620537712, 44.55058706709786], [11.352382869206783, 44.55004736475611], [11.351250747807008, 44.55007068963955], [11.351261618173915, 44.550340541036135], [11.350884242328267, 44.55034831357837], [11.350916849121333, 44.55115786789692], [11.350539467900786, 44.551165639411494], [11.350550335395832, 44.55143549089393], [11.350172952281993, 44.55144326123534], [11.350203770534527, 44.55220859637797], [11.350366045329089, 44.552203032444936], [11.35062519269056, 44.55217068875596], [11.350702987417971, 44.55214883110882], [11.351516964051894, 44.55202962639874], [11.351520481148464, 44.552029112822936], [11.351639251707356, 44.55200246731962], [11.35168653929662, 44.551991833434606], [11.351799243703736, 44.551957435543095], [11.351937388343822, 44.551890446442535], [11.352398254234641, 44.551611441802656], [11.352398280118633, 44.55161145927426], [11.352607787653128, 44.55202684748442], [11.352607801320397, 44.55202687421027], [11.352821976433221, 44.552468992144846], [11.352858144163685, 44.55246824671669], [11.352847265613168, 44.552198395730386], [11.353602039998668, 44.552182835922636], [11.35359115811888, 44.55191298506702], [11.353213772743356, 44.55192076552104]]]}}, {"type": "Feature", "properties": {"threshold": "ge_6", "source": "HistorySUHI", "period": "2013-2026", "hotspot_percentile": "top_10_pct", "label": ">= 6 estati"}, "geometry": {"type": "Polygon", "coordinates": [[[11.355089809403747, 44.55161200021284], [11.355078920865738, 44.551342149618755], [11.354701539582615, 44.55134993491063], [11.354723313329602, 44.55188963622961], [11.353968543341779, 44.5519052033671], [11.354011997084104, 44.552982574259474], [11.354194764469455, 44.55288196544886], [11.354197607126377, 44.55288096155957], [11.354405027068383, 44.55280785043769], [11.35453031910089, 44.55276340449905], [11.354535855249216, 44.55276144479301], [11.354543103806042, 44.552758864602374], [11.354702912630271, 44.552702120273835], [11.354706114154524, 44.55270158610194], [11.354876909101204, 44.552670623146355], [11.355139055936295, 44.552602485376426], [11.355144773369037, 44.55260096302336], [11.355101216412693, 44.55249125688679], [11.355100349001258, 44.55248910517879], [11.355595576181273, 44.55236017070299], [11.356246437910729, 44.552195026101096], [11.356232851472667, 44.55185848700399], [11.355478082706629, 44.55187406410857], [11.355467192275013, 44.55160421360225], [11.355089809403747, 44.55161200021284]]]}}, {"type": "Feature", "properties": {"threshold": "ge_6", "source": "HistorySUHI", "period": "2013-2026", "hotspot_percentile": "top_10_pct", "label": ">= 6 estati"}, "geometry": {"type": "Polygon", "coordinates": [[[11.373392395249548, 44.46291776488558], [11.37338145600755, 44.462647913651246], [11.373004651531513, 44.46265574719396], [11.372993714175538, 44.462385895871385], [11.372616911278994, 44.46239372809884], [11.372605975808995, 44.46212387668802], [11.372229174491949, 44.462131707600214], [11.372218240907877, 44.46186185610118], [11.371841441170337, 44.46186968569815], [11.371852373021706, 44.46213953727044], [11.371475571398284, 44.4621473656987], [11.371486501670098, 44.462417217329325], [11.37186330502625, 44.46240938882781], [11.37188516949488, 44.462949091897734], [11.372261976163383, 44.462941262007696], [11.372272910360273, 44.463211113447], [11.372649718608368, 44.46320328224168], [11.372660654691291, 44.46347313359276], [11.373037464518971, 44.463465301072134], [11.373070278885788, 44.4642748548159], [11.373447093758804, 44.46426702083331], [11.373468974235545, 44.464806723107856], [11.373845792421118, 44.464798887736585], [11.373856734622397, 44.46506873877813], [11.374233554387603, 44.465060902091444], [11.374244498475191, 44.46533075304471], [11.374998141011485, 44.46531507579838], [11.37493245799115, 44.46369597073488], [11.374555647197191, 44.46370380953896], [11.37454470229683, 44.4634339585694], [11.374167893082342, 44.46344179605811], [11.374156950068153, 44.46317194500028], [11.373780142433143, 44.46317978117365], [11.373769201305073, 44.46290993002755], [11.373392395249548, 44.46291776488558]]]}}, {"type": "Feature", "properties": {"threshold": "ge_6", "source": "HistorySUHI", "period": "2013-2026", "hotspot_percentile": "top_10_pct", "label": ">= 6 estati"}, "geometry": {"type": "Polygon", "coordinates": [[[11.383185999223192, 44.47189639147267], [11.383196987171159, 44.472166240347285], [11.383950712768067, 44.472150502136515], [11.38396170433716, 44.4724203508489], [11.384338568638155, 44.47241247980631], [11.384316582186884, 44.47187278251389], [11.383185999223192, 44.47189639147267]]]}}, {"type": "Feature", "properties": {"threshold": "ge_6", "source": "HistorySUHI", "period": "2013-2026", "hotspot_percentile": "top_10_pct", "label": ">= 6 estati"}, "geometry": {"type": "Polygon", "coordinates": [[[11.37117009232677, 44.47322692944847], [11.371181025412593, 44.47349678061346], [11.370804150533884, 44.47350460839179], [11.370815082039163, 44.4737744596151], [11.37119195865163, 44.47376663176351], [11.37120289204388, 44.47403648289863], [11.372710403896454, 44.474005158774474], [11.3727322850111, 44.474544860413666], [11.373109166058626, 44.47453702612981], [11.37312010857977, 44.4748068768537], [11.374250756003693, 44.47478336632714], [11.374239808281043, 44.474513515823254], [11.374616688715049, 44.47450567656942], [11.374572892423515, 44.47342627469799], [11.37419601892459, 44.47343411365839], [11.374174125166812, 44.472894412486355], [11.37266664350692, 44.4729257553169], [11.37267758337434, 44.47319560620369], [11.37117009232677, 44.47322692944847]]]}}, {"type": "Feature", "properties": {"threshold": "ge_6", "source": "HistorySUHI", "period": "2013-2026", "hotspot_percentile": "top_10_pct", "label": ">= 6 estati"}, "geometry": {"type": "Polygon", "coordinates": [[[11.39433570351547, 44.477064635021996], [11.39430258050195, 44.476255095626705], [11.393925694208791, 44.47626300008006], [11.393958812020571, 44.477072539697254], [11.39433570351547, 44.477064635021996]]]}}, {"type": "Feature", "properties": {"threshold": "ge_6", "source": "HistorySUHI", "period": "2013-2026", "hotspot_percentile": "top_10_pct", "label": ">= 6 estati"}, "geometry": {"type": "Polygon", "coordinates": [[[11.378593879992883, 44.479554357368194], [11.378604849708006, 44.47982420678055], [11.378981763133469, 44.479816352389506], [11.378959820388452, 44.47927665369685], [11.378206000320798, 44.47929236094226], [11.378195032647353, 44.479022511426535], [11.376687397604659, 44.47905391071123], [11.376698358341212, 44.4793237605208], [11.377075269066582, 44.4793159124902], [11.377086231690994, 44.47958576221137], [11.378593879992883, 44.479554357368194]]]}}, {"type": "Feature", "properties": {"threshold": "ge_6", "source": "HistorySUHI", "period": "2013-2026", "hotspot_percentile": "top_10_pct", "label": ">= 6 estati"}, "geometry": {"type": "Polygon", "coordinates": [[[11.381565236398554, 44.47841209258675], [11.3811883327209, 44.47841995530884], [11.381199313960211, 44.47868980426623], [11.380445502674947, 44.478705526129595], [11.380456480599802, 44.478975375219186], [11.379702665230791, 44.478991092259], [11.379724614605184, 44.479530790687456], [11.379347703221523, 44.47953864749041], [11.379369649742602, 44.48007834600614], [11.379746564594802, 44.480070489056146], [11.379757539820325, 44.48034033821807], [11.380134456253018, 44.48033247995183], [11.380123479293191, 44.48006263086344], [11.380500393837742, 44.48005477142802], [11.380489415297475, 44.47978492239823], [11.380866327953894, 44.47977706179365], [11.380855347833235, 44.47950721282246], [11.381232258601528, 44.47949935104876], [11.381221276900522, 44.479229502136214], [11.381598185780692, 44.47922163919339], [11.381565236398554, 44.47841209258675]]]}}, {"type": "Feature", "properties": {"threshold": "ge_6", "source": "HistorySUHI", "period": "2013-2026", "hotspot_percentile": "top_10_pct", "label": ">= 6 estati"}, "geometry": {"type": "Polygon", "coordinates": [[[11.390732157443821, 44.48119133190324], [11.390355238390596, 44.48119922526081], [11.390344213987582, 44.480929378222136], [11.389590378886304, 44.48094516106139], [11.389601399820656, 44.48121500824775], [11.388847560632897, 44.48123078626373], [11.388880613956378, 44.482040328175984], [11.390765236783016, 44.48200087270786], [11.390732157443821, 44.48119133190324]]]}}, {"type": "Feature", "properties": {"threshold": "ge_6", "source": "HistorySUHI", "period": "2013-2026", "hotspot_percentile": "top_10_pct", "label": ">= 6 estati"}, "geometry": {"type": "Polygon", "coordinates": [[[11.374579259034933, 44.48287887449785], [11.374601164148162, 44.48341857456459], [11.374224226331444, 44.48342641499675], [11.374235177383678, 44.48369626508107], [11.373858237678846, 44.48370410434372], [11.373869187149902, 44.48397395448648], [11.373492245556951, 44.483981792579584], [11.373525089686746, 44.484791343138255], [11.37390203648383, 44.48478350482511], [11.373912986568739, 44.48505335490811], [11.373536038036894, 44.48506119329462], [11.373546986540486, 44.485331043436034], [11.374677836879927, 44.485307524327595], [11.374666883171992, 44.485037674406264], [11.375420779161171, 44.48502198893264], [11.375387908550099, 44.48421243951935], [11.375764851110183, 44.48420459513833], [11.375742934667946, 44.48366489560159], [11.376119873605129, 44.48365705012451], [11.376086994889803, 44.48284750092759], [11.374579259034933, 44.48287887449785]]]}}, {"type": "Feature", "properties": {"threshold": "ge_6", "source": "HistorySUHI", "period": "2013-2026", "hotspot_percentile": "top_10_pct", "label": ">= 6 estati"}, "geometry": {"type": "Polygon", "coordinates": [[[11.386894299672761, 44.4888338221591], [11.386916322895532, 44.489373516829836], [11.386539350102153, 44.489381398729606], [11.38656137047204, 44.489921093488014], [11.386938346735661, 44.48991321144073], [11.38694935888724, 44.49018305872374], [11.38732633673167, 44.49017517535957], [11.387337350772773, 44.490445022553835], [11.388091309468843, 44.4904292519485], [11.388080291957392, 44.4901594049018], [11.388457269338636, 44.49015151780822], [11.388424212525422, 44.48934197679976], [11.388047240349543, 44.489349863671926], [11.388036223455755, 44.48908001656537], [11.38728228211094, 44.489095786432834], [11.387271268841666, 44.48882593916376], [11.386894299672761, 44.4888338221591]]]}}, {"type": "Feature", "properties": {"threshold": "ge_6", "source": "HistorySUHI", "period": "2013-2026", "hotspot_percentile": "top_10_pct", "label": ">= 6 estati"}, "geometry": {"type": "Polygon", "coordinates": [[[11.380229620060083, 44.491943838040875], [11.380240602055874, 44.492213686545114], [11.379863609135901, 44.49222154680436], [11.37990753171664, 44.49330094096606], [11.380661531286123, 44.49328521861585], [11.380672515787074, 44.49355506697178], [11.381803519192973, 44.493531473901044], [11.381792529485562, 44.49326162576588], [11.38254652751505, 44.493245890982834], [11.382524541620556, 44.49270619496215], [11.382147546153728, 44.49271406282807], [11.382125564346339, 44.49217436660033], [11.38174857219625, 44.49218223307576], [11.38173758325899, 44.49191238486585], [11.380229620060083, 44.491943838040875]]]}}, {"type": "Feature", "properties": {"threshold": "ge_6", "source": "HistorySUHI", "period": "2013-2026", "hotspot_percentile": "top_10_pct", "label": ">= 6 estati"}, "geometry": {"type": "Polygon", "coordinates": [[[11.376891527284066, 44.49336378063524], [11.376137524638233, 44.49337947811957], [11.376148488313108, 44.49364932735755], [11.376902494429979, 44.49363362972634], [11.376891527284066, 44.49336378063524]]]}}, {"type": "Feature", "properties": {"threshold": "ge_6", "source": "HistorySUHI", "period": "2013-2026", "hotspot_percentile": "top_10_pct", "label": ">= 6 estati"}, "geometry": {"type": "Polygon", "coordinates": [[[11.371258374845084, 44.494021090913606], [11.370881367824982, 44.49402892177431], [11.370892307508967, 44.494298772009394], [11.37051529859992, 44.49430660170003], [11.370537174956624, 44.49484630227193], [11.370914187336961, 44.49483847243476], [11.370936067778333, 44.495378172800386], [11.371690099021702, 44.495362509102755], [11.371679155252938, 44.495092659073975], [11.37205616890884, 44.495084825433366], [11.3720452235578, 44.49481497546296], [11.372422235324608, 44.49480714065227], [11.372378448512162, 44.49372774091459], [11.371624438710015, 44.493743408706116], [11.37161349586159, 44.49347355858774], [11.371236492465984, 44.493481390545206], [11.371258374845084, 44.494021090913606]]]}}, {"type": "Feature", "properties": {"threshold": "ge_6", "source": "HistorySUHI", "period": "2013-2026", "hotspot_percentile": "top_10_pct", "label": ">= 6 estati"}, "geometry": {"type": "Polygon", "coordinates": [[[11.370755972257673, 44.50024330470599], [11.370745030935751, 44.49997345472613], [11.370367985419954, 44.49998128471194], [11.37040080463733, 44.500790834826525], [11.371154905932563, 44.500775173171625], [11.371133019356241, 44.50023547340328], [11.370755972257673, 44.50024330470599]]]}}, {"type": "Feature", "properties": {"threshold": "ge_6", "source": "HistorySUHI", "period": "2013-2026", "hotspot_percentile": "top_10_pct", "label": ">= 6 estati"}, "geometry": {"type": "Polygon", "coordinates": [[[11.39078153276975, 44.51008857071752], [11.390748420806382, 44.50927903391772], [11.38961712028237, 44.50930272211955], [11.389650216613546, 44.51011225958436], [11.39078153276975, 44.51008857071752]]]}}, {"type": "Feature", "properties": {"threshold": "ge_6", "source": "HistorySUHI", "period": "2013-2026", "hotspot_percentile": "top_10_pct", "label": ">= 6 estati"}, "geometry": {"type": "Polygon", "coordinates": [[[11.389383424705414, 44.51281861136722], [11.389394456934687, 44.51308845708308], [11.390148706385398, 44.51307266661188], [11.390137670681714, 44.512802821043785], [11.390514793437806, 44.5127949240159], [11.39048168204356, 44.51198538744343], [11.390104564498927, 44.51199328424963], [11.390093529414079, 44.51172343862163], [11.388962181063379, 44.511747121354176], [11.389006301485257, 44.51282650466278], [11.389383424705414, 44.51281861136722]]]}}, {"type": "Feature", "properties": {"threshold": "ge_6", "source": "HistorySUHI", "period": "2013-2026", "hotspot_percentile": "top_10_pct", "label": ">= 6 estati"}, "geometry": {"type": "Polygon", "coordinates": [[[11.38683172379377, 44.51503260775225], [11.386454585593139, 44.51504049292929], [11.386465605160511, 44.515310339116056], [11.386842745098567, 44.51530245386522], [11.38683172379377, 44.51503260775225]]]}}, {"type": "Feature", "properties": {"threshold": "ge_6", "source": "HistorySUHI", "period": "2013-2026", "hotspot_percentile": "top_10_pct", "label": ">= 6 estati"}, "geometry": {"type": "Polygon", "coordinates": [[[11.386110501191274, 44.51585791559884], [11.386487644758743, 44.515850031444685], [11.386465605160511, 44.515310339116056], [11.386088465067965, 44.51531822312267], [11.386110501191274, 44.51585791559884]]]}}, {"type": "Feature", "properties": {"threshold": "ge_6", "source": "HistorySUHI", "period": "2013-2026", "hotspot_percentile": "top_10_pct", "label": ">= 6 estati"}, "geometry": {"type": "Polygon", "coordinates": [[[11.387252954936017, 44.5161041053979], [11.387241931430166, 44.51583425940362], [11.386487644758743, 44.515850031444685], [11.386498664789606, 44.51611987758655], [11.38574437402519, 44.516135644798176], [11.385766407600277, 44.51667533733213], [11.386520705314835, 44.516659569825414], [11.386531725809208, 44.5169294159224], [11.38690887617231, 44.516921530228835], [11.386919898558785, 44.51719137623708], [11.387674202296537, 44.517175600969466], [11.387630099777407, 44.5160962174372], [11.387252954936017, 44.5161041053979]], [[11.386875809940072, 44.516111992114354], [11.386886831862956, 44.516381838167476], [11.38650968497497, 44.516389723713466], [11.386498664789606, 44.51611987758655], [11.386875809940072, 44.516111992114354]]]}}, {"type": "Feature", "properties": {"threshold": "ge_6", "source": "HistorySUHI", "period": "2013-2026", "hotspot_percentile": "top_10_pct", "label": ">= 6 estati"}, "geometry": {"type": "Polygon", "coordinates": [[[11.387751387656625, 44.51906452157481], [11.387740360712822, 44.51879467581894], [11.387363198495192, 44.51880256451779], [11.387374223701237, 44.51907241034749], [11.387751387656625, 44.51906452157481]]]}}, {"type": "Feature", "properties": {"threshold": "ge_6", "source": "HistorySUHI", "period": "2013-2026", "hotspot_percentile": "top_10_pct", "label": ">= 6 estati"}, "geometry": {"type": "Polygon", "coordinates": [[[11.387385249061857, 44.51934225616222], [11.387374223701237, 44.51907241034749], [11.386619895326747, 44.519088184159685], [11.386608873596225, 44.518818338182385], [11.38623171091494, 44.51882622314813], [11.386242730907695, 44.519096069199215], [11.384356906495334, 44.51913547573103], [11.384323873046812, 44.51832593642669], [11.384701033024887, 44.51831805783028], [11.384690020446431, 44.51804821143931], [11.38431286220606, 44.518056089961995], [11.384279830610039, 44.51724655047816], [11.383902677428274, 44.517254427535384], [11.383891668942614, 44.51698458093713], [11.383514517344121, 44.516992456676334], [11.383525524092168, 44.51726230334826], [11.382771216957028, 44.517278051241114], [11.38281523159099, 44.518357438368746], [11.383192392186425, 44.51834956474977], [11.383225409995113, 44.519159104717424], [11.383979741149613, 44.51914335330422], [11.384023780957666, 44.520222739128805], [11.384400953254756, 44.52021486126074], [11.384422977560824, 44.52075455393585], [11.384800153179343, 44.5207466746759], [11.384811167301924, 44.521016520917286], [11.385188344503966, 44.52100864033913], [11.38516631293736, 44.52046894798888], [11.385543486509087, 44.520461066313764], [11.38553246921956, 44.52019122018994], [11.385909640898923, 44.52018333734415], [11.385898622025996, 44.51991349127915], [11.387030130923453, 44.5198898354965], [11.387008083214106, 44.51935014376431], [11.387385249061857, 44.51934225616222]], [[11.383536530994533, 44.51753215000524], [11.383913686068277, 44.51752427411864], [11.383924694862625, 44.51779412068697], [11.383547538051216, 44.51780199664725], [11.383536530994533, 44.51753215000524]]]}}, {"type": "Feature", "properties": {"threshold": "ge_6", "source": "HistorySUHI", "period": "2013-2026", "hotspot_percentile": "top_10_pct", "label": ">= 6 estati"}, "geometry": {"type": "Polygon", "coordinates": [[[11.390768693731983, 44.519001366595894], [11.390391531014101, 44.51900926532356], [11.390402570276903, 44.519279110547416], [11.390779734732547, 44.51927121174583], [11.390768693731983, 44.519001366595894]]]}}, {"type": "Feature", "properties": {"threshold": "ge_6", "source": "HistorySUHI", "period": "2013-2026", "hotspot_percentile": "top_10_pct", "label": ">= 6 estati"}, "geometry": {"type": "Polygon", "coordinates": [[[11.396026825325091, 44.51835096547759], [11.39527251102372, 44.518366796234375], [11.395261449635491, 44.51809695192736], [11.394507138189098, 44.518112777558756], [11.39454031239295, 44.51892231087914], [11.394163151224134, 44.518930222050436], [11.394174207864427, 44.51920006653463], [11.393797044802858, 44.5192079765356], [11.393819155072958, 44.51974766560711], [11.393441988380843, 44.51975557451171], [11.393486203829662, 44.52083495277108], [11.394617724295145, 44.520811221435864], [11.394606664986817, 44.52054137711554], [11.394983836427349, 44.520533464255635], [11.39496171480018, 44.51999377571817], [11.395338882609952, 44.519985861761946], [11.395327820291179, 44.51971601754481], [11.396459317576412, 44.519692268431996], [11.396415048999431, 44.51861289230251], [11.39603789034376, 44.51862080962148], [11.396026825325091, 44.51835096547759]]]}}, {"type": "Feature", "properties": {"threshold": "ge_6", "source": "HistorySUHI", "period": "2013-2026", "hotspot_percentile": "top_10_pct", "label": ">= 6 estati"}, "geometry": {"type": "Polygon", "coordinates": [[[11.388571900867191, 44.52066781363128], [11.388560869519935, 44.520397968112874], [11.38818369718465, 44.520405859743526], [11.388194726794008, 44.520675705335776], [11.388571900867191, 44.52066781363128]]]}}, {"type": "Feature", "properties": {"threshold": "ge_6", "source": "HistorySUHI", "period": "2013-2026", "hotspot_percentile": "top_10_pct", "label": ">= 6 estati"}, "geometry": {"type": "Polygon", "coordinates": [[[11.378032934274833, 44.52142800606984], [11.377989003226382, 44.520348615772924], [11.377234653236263, 44.52036432795324], [11.37728955005183, 44.521713566522166], [11.377666733813859, 44.52170571068669], [11.377655752404818, 44.521435863076306], [11.378032934274833, 44.52142800606984]]]}}, {"type": "Feature", "properties": {"threshold": "ge_6", "source": "HistorySUHI", "period": "2013-2026", "hotspot_percentile": "top_10_pct", "label": ">= 6 estati"}, "geometry": {"type": "Polygon", "coordinates": [[[11.38897114142009, 44.52119961152655], [11.38896010802555, 44.52092976611193], [11.388582932369117, 44.52093765913472], [11.388593964025711, 44.52120750462321], [11.38897114142009, 44.52119961152655]]]}}, {"type": "Feature", "properties": {"threshold": "ge_6", "source": "HistorySUHI", "period": "2013-2026", "hotspot_percentile": "top_10_pct", "label": ">= 6 estati"}, "geometry": {"type": "Polygon", "coordinates": [[[11.388593964025711, 44.52120750462321], [11.388216786476658, 44.5212153964754], [11.388227816549955, 44.52148524202275], [11.388604995836978, 44.52147735009672], [11.388593964025711, 44.52120750462321]]]}}, {"type": "Feature", "properties": {"threshold": "ge_6", "source": "HistorySUHI", "period": "2013-2026", "hotspot_percentile": "top_10_pct", "label": ">= 6 estati"}, "geometry": {"type": "Polygon", "coordinates": [[[11.383291449778964, 44.52077818424893], [11.38366862586061, 44.52077030872236], [11.383657617106234, 44.52050046224487], [11.38177174384466, 44.52053982706466], [11.38178274390935, 44.520809673910506], [11.38140556705631, 44.52081754321473], [11.38141656553726, 44.52108739011928], [11.381039386792043, 44.52109525825264], [11.381061380740551, 44.52163495216412], [11.38068419836513, 44.52164281920024], [11.380706189454273, 44.52218251319915], [11.381083375305815, 44.52217464601579], [11.381094372819737, 44.5224444929192], [11.382603121636082, 44.522413011445906], [11.38258111285781, 44.52187331821331], [11.382203929361253, 44.521881190301116], [11.38219292694159, 44.521611343588724], [11.381815745028804, 44.52161921435836], [11.38180474450142, 44.52134936755737], [11.382936284562918, 44.52132575173592], [11.3829252789758, 44.52105590514095], [11.383302456949734, 44.521048030785174], [11.383291449778964, 44.52077818424893]]]}}, {"type": "Feature", "properties": {"threshold": "ge_6", "source": "HistorySUHI", "period": "2013-2026", "hotspot_percentile": "top_10_pct", "label": ">= 6 estati"}, "geometry": {"type": "Polygon", "coordinates": [[[11.369445262021307, 44.523767195736816], [11.369434317775802, 44.52349734661641], [11.36981151519471, 44.523489516476566], [11.369800569364408, 44.523219667414494], [11.370177764891597, 44.523211836103336], [11.370166817476546, 44.5229419870996], [11.37054401111202, 44.52293415461712], [11.370522113266036, 44.52239445671146], [11.370899303271631, 44.52238662313099], [11.370866452439646, 44.521577076380396], [11.370489267648404, 44.521584909740966], [11.37047831941621, 44.52131506072092], [11.370101136209536, 44.52132289276367], [11.37009018986889, 44.521053043655414], [11.369713008246787, 44.52106087438033], [11.369702063797643, 44.52079102518388], [11.368947703569168, 44.52080668275368], [11.368958644542248, 44.52107653209666], [11.368581462459863, 44.52108435908804], [11.368592401848291, 44.521354208489335], [11.367838033747281, 44.521369858885], [11.367848969812917, 44.52163970841781], [11.367094597622396, 44.52165535398175], [11.36712739631048, 44.522464902929826], [11.366373013077936, 44.522480543954636], [11.366449524379824, 44.524369492002286], [11.36682672824061, 44.52436167159993], [11.366848593468674, 44.52490137076141], [11.367980214561443, 44.52487790164713], [11.367969276655613, 44.52460805229346], [11.368346481641453, 44.52460022683922], [11.36833554215063, 44.52433037754385], [11.368712745244732, 44.52432255091817], [11.368701804168968, 44.52405270168112], [11.369079005371333, 44.52404487388404], [11.36906806271067, 44.52377502470529], [11.369445262021307, 44.523767195736816]]]}}, {"type": "Feature", "properties": {"threshold": "ge_6", "source": "HistorySUHI", "period": "2013-2026", "hotspot_percentile": "top_10_pct", "label": ">= 6 estati"}, "geometry": {"type": "Polygon", "coordinates": [[[11.385951234836352, 44.53044536237757], [11.385940211829677, 44.530175516807304], [11.385562975677542, 44.530183401137954], [11.385573996945421, 44.530453246781995], [11.385951234836352, 44.53044536237757]]]}}, {"type": "Feature", "properties": {"threshold": "ge_6", "source": "HistorySUHI", "period": "2013-2026", "hotspot_percentile": "top_10_pct", "label": ">= 6 estati"}, "geometry": {"type": "Polygon", "coordinates": [[[11.389368446672053, 44.53091403648508], [11.38935740770677, 44.53064419160926], [11.388980169469027, 44.5306520872914], [11.388969132397326, 44.530382242326745], [11.387837421972009, 44.53040592168232], [11.387826390271398, 44.53013607648113], [11.387449154892328, 44.53014396703608], [11.38741606593481, 44.52933443112118], [11.387038835617284, 44.52934232020981], [11.387016780562897, 44.52880262937742], [11.386639553568097, 44.52881051707361], [11.386628528011482, 44.528540671561146], [11.386251302600725, 44.52854855793873], [11.386262326418697, 44.528818403524994], [11.385507871656193, 44.52883417269334], [11.385551954564201, 44.529913555478956], [11.385929188977569, 44.529905671222075], [11.385940211829677, 44.530175516807304], [11.386317447827249, 44.5301676312318], [11.386383598618979, 44.531786703986214], [11.386760844895061, 44.53177881672302], [11.386771872307051, 44.53204866205592], [11.387149120167438, 44.53204077347399], [11.387160149473019, 44.5323106187181], [11.387537398917704, 44.5323027288174], [11.38754843011692, 44.53257257397273], [11.3879256811459, 44.53256468275323], [11.387936714238803, 44.53283452781975], [11.389068471614364, 44.5328108464699], [11.38907951007904, 44.53308069129984], [11.389834017700219, 44.53306489736063], [11.389822975757518, 44.53279505267846], [11.390200227596857, 44.5327871539153], [11.390189184070005, 44.532517309292075], [11.390566434015502, 44.532509409357864], [11.390511210009487, 44.53116018638679], [11.389756727352742, 44.53117598427111], [11.389745686493825, 44.530906139484166], [11.389368446672053, 44.53091403648508]]]}}, {"type": "Feature", "properties": {"threshold": "ge_6", "source": "HistorySUHI", "period": "2013-2026", "hotspot_percentile": "top_10_pct", "label": ">= 6 estati"}, "geometry": {"type": "Polygon", "coordinates": [[[11.375175880517213, 44.53472121846374], [11.374798612068437, 44.534729067867836], [11.374820558829137, 44.5352687629318], [11.37519783075646, 44.535260913380796], [11.375175880517213, 44.53472121846374]]]}}, {"type": "Feature", "properties": {"threshold": "ge_6", "source": "HistorySUHI", "period": "2013-2026", "hotspot_percentile": "top_10_pct", "label": ">= 6 estati"}, "geometry": {"type": "Polygon", "coordinates": [[[11.397123644251927, 44.53588288161198], [11.396746374334622, 44.53589080367383], [11.396757449442553, 44.536160646844024], [11.397134721099112, 44.53615272470807], [11.397123644251927, 44.53588288161198]]]}}, {"type": "Feature", "properties": {"threshold": "ge_6", "source": "HistorySUHI", "period": "2013-2026", "hotspot_percentile": "top_10_pct", "label": ">= 6 estati"}, "geometry": {"type": "Polygon", "coordinates": [[[11.373842313627014, 44.53907017097254], [11.373831343234029, 44.53880032343692], [11.373454048078283, 44.53880816896177], [11.373432111233036, 44.53826847369886], [11.372300235280603, 44.53829200236145], [11.372322161688224, 44.538831698064705], [11.372699457305355, 44.53882385627567], [11.372710422479425, 44.5390937040315], [11.373842313627014, 44.53907017097254]]]}}, {"type": "Feature", "properties": {"threshold": "ge_6", "source": "HistorySUHI", "period": "2013-2026", "hotspot_percentile": "top_10_pct", "label": ">= 6 estati"}, "geometry": {"type": "Polygon", "coordinates": [[[11.376816746933919, 44.53792797347507], [11.376827730781788, 44.53819782046781], [11.377205021072921, 44.538189963882594], [11.377248964963144, 44.53926935141002], [11.37762626205861, 44.539261493285466], [11.377571323883057, 44.537912259206465], [11.376816746933919, 44.53792797347507]]]}}, {"type": "Feature", "properties": {"threshold": "ge_6", "source": "HistorySUHI", "period": "2013-2026", "hotspot_percentile": "top_10_pct", "label": ">= 6 estati"}, "geometry": {"type": "Polygon", "coordinates": [[[11.37500713114914, 44.53985616856235], [11.374996155075502, 44.53958632129187], [11.3746188551624, 44.53959417077288], [11.374607880982362, 44.539324323413986], [11.37423058265504, 44.53933217157625], [11.374219610368552, 44.53906232412899], [11.373842313627014, 44.53907017097254], [11.373875225729051, 44.5398797134898], [11.37500713114914, 44.53985616856235]]]}}, {"type": "Feature", "properties": {"threshold": "ge_6", "source": "HistorySUHI", "period": "2013-2026", "hotspot_percentile": "top_10_pct", "label": ">= 6 estati"}, "geometry": {"type": "Polygon", "coordinates": [[[11.37657125369332, 44.54117399255006], [11.375816634067776, 44.541189701111094], [11.375827614544697, 44.54145954814499], [11.376582237649917, 44.54144383943696], [11.37657125369332, 44.54117399255006]]]}}, {"type": "Feature", "properties": {"threshold": "ge_6", "source": "HistorySUHI", "period": "2013-2026", "hotspot_percentile": "top_10_pct", "label": ">= 6 estati"}, "geometry": {"type": "Polygon", "coordinates": [[[11.397001141114236, 44.54209719279813], [11.396623831032574, 44.54210511531977], [11.396634907973404, 44.54237495821952], [11.396257595996586, 44.54238287956993], [11.396268671352916, 44.542652722528814], [11.396626621062573, 44.5426452076374], [11.39675685995851, 44.54260003634729], [11.397018082392018, 44.542509816061134], [11.397001141114236, 44.54209719279813]]]}}, {"type": "Feature", "properties": {"threshold": "ge_6", "source": "HistorySUHI", "period": "2013-2026", "hotspot_percentile": "top_10_pct", "label": ">= 6 estati"}, "geometry": {"type": "Polygon", "coordinates": [[[11.396246520795573, 44.54211303659606], [11.394921590650265, 44.54214084130659], [11.395202466095787, 44.542603206962845], [11.395248353820218, 44.54267413652324], [11.395514043453655, 44.54266856164175], [11.395525115485562, 44.542938404733874], [11.39542073845656, 44.542940594854436], [11.395445171942196, 44.54297836217492], [11.395494276818694, 44.543034479642884], [11.395504753588112, 44.54303088383576], [11.395901016982258, 44.542896022879674], [11.395880283864448, 44.542390799674976], [11.396257595996586, 44.54238287956993], [11.396246520795573, 44.54211303659606]]]}}, {"type": "Feature", "properties": {"threshold": "ge_6", "source": "HistorySUHI", "period": "2013-2026", "hotspot_percentile": "top_10_pct", "label": ">= 6 estati"}, "geometry": {"type": "Polygon", "coordinates": [[[11.393960527054213, 44.54162085121965], [11.3939633589684, 44.54168991686422], [11.394184404526563, 44.54161615561083], [11.393960527054213, 44.54162085121965]]]}}, {"type": "Feature", "properties": {"threshold": "ge_6", "source": "HistorySUHI", "period": "2013-2026", "hotspot_percentile": "top_10_pct", "label": ">= 6 estati"}, "geometry": {"type": "Polygon", "coordinates": [[[11.392839662288857, 44.54191442838615], [11.392845869453147, 44.542065879099084], [11.392878717431232, 44.54205467118741], [11.393326142240308, 44.54190422812106], [11.392839662288857, 44.54191442838615]]]}}, {"type": "Feature", "properties": {"threshold": "ge_6", "source": "HistorySUHI", "period": "2013-2026", "hotspot_percentile": "top_10_pct", "label": ">= 6 estati"}, "geometry": {"type": "Polygon", "coordinates": [[[11.388444403799282, 44.54524738470147], [11.388455444166516, 44.54551722906458], [11.388078109638068, 44.54552512382922], [11.388100187356688, 44.54606481265829], [11.388854863219468, 44.54604902158794], [11.388821736432751, 44.54523948876518], [11.388444403799282, 44.54524738470147]]]}}, {"type": "Feature", "properties": {"threshold": "ge_6", "source": "HistorySUHI", "period": "2013-2026", "hotspot_percentile": "top_10_pct", "label": ">= 6 estati"}, "geometry": {"type": "Polygon", "coordinates": [[[11.397594079776821, 44.482937957973675], [11.397583021337242, 44.48266811244525], [11.398336874220705, 44.48265227637474], [11.398325812467261, 44.48238243097951], [11.398702736942047, 44.4823745111542], [11.398680610431471, 44.48183482046703], [11.399057531282448, 44.4818268995472], [11.39902433747646, 44.48101736362647], [11.398647421828437, 44.48102528432395], [11.398636359270835, 44.48075543891296], [11.398259445202045, 44.48076335829362], [11.398248384533726, 44.48049351279354], [11.397494559399647, 44.480509347678584], [11.397505616599465, 44.480779193326846], [11.39712870206572, 44.4807871089794], [11.397139757686217, 44.48105695468674], [11.3960090079526, 44.481080694410366], [11.39602005852511, 44.4813505403249], [11.395266221126361, 44.48136636074175], [11.395277268385058, 44.48163620678934], [11.394900347719098, 44.481644115207686], [11.394933485220967, 44.48245365348263], [11.39455655919702, 44.48246156088021], [11.394567603606143, 44.48273140701591], [11.39381374762503, 44.482747218230664], [11.393835829969701, 44.48328691075306], [11.393458898278052, 44.48329481464417], [11.393469937947975, 44.48356466095687], [11.393093004367078, 44.48357256367911], [11.393104042457171, 44.48384241005079], [11.392727106987024, 44.483850311604144], [11.392738143497239, 44.48412015803479], [11.392361206137839, 44.48412805841922], [11.392372241068122, 44.48439790490884], [11.391995301819462, 44.48440580412432], [11.392028402334297, 44.485215343725095], [11.39240534678693, 44.48520744428784], [11.392427418039446, 44.485747137132336], [11.392804365806843, 44.485739236304326], [11.39282644114756, 44.48627892894106], [11.393203392229783, 44.48627102672221], [11.393225471658912, 44.486810719151194], [11.393602426056024, 44.48680281554148], [11.393613467737522, 44.487072661659546], [11.39399042371472, 44.4870647567329], [11.394001467285836, 44.487334602762026], [11.394378424843117, 44.48732669651842], [11.394389470303901, 44.48759654245859], [11.395143388423783, 44.48758072609438], [11.395154437509188, 44.48785057187157], [11.396285318732222, 44.48782683778068], [11.396296373177256, 44.4880966833208], [11.39667333501002, 44.48808876939707], [11.396607000254603, 44.486469696376034], [11.396230048830986, 44.48647760985541], [11.396196888749298, 44.485668072920554], [11.395819942375015, 44.48567598493488], [11.395797839897833, 44.48513629342201], [11.395420896838047, 44.48514420404536], [11.39533250700096, 44.482985436802686], [11.397594079776821, 44.482937957973675]]]}}, {"type": "Feature", "properties": {"threshold": "ge_6", "source": "HistorySUHI", "period": "2013-2026", "hotspot_percentile": "top_10_pct", "label": ">= 6 estati"}, "geometry": {"type": "Polygon", "coordinates": [[[11.412726730195738, 44.48396950164523], [11.412349799333196, 44.48397746797377], [11.412360926349864, 44.484247310514114], [11.413491723673031, 44.48422340757641], [11.41346945938879, 44.483683722928085], [11.412715601600548, 44.48369965916444], [11.412726730195738, 44.48396950164523]]]}}, {"type": "Feature", "properties": {"threshold": "ge_6", "source": "HistorySUHI", "period": "2013-2026", "hotspot_percentile": "top_10_pct", "label": ">= 6 estati"}, "geometry": {"type": "Polygon", "coordinates": [[[11.402239090614303, 44.48581115612969], [11.40186214498683, 44.485819088104705], [11.401839986689634, 44.4852793989938], [11.401463044376232, 44.48528732957748], [11.401474121712528, 44.485557174214634], [11.401097177509213, 44.485565103629646], [11.401119329178158, 44.486104793007414], [11.402250171730525, 44.48608100058844], [11.402239090614303, 44.48581115612969]]]}}, {"type": "Feature", "properties": {"threshold": "ge_6", "source": "HistorySUHI", "period": "2013-2026", "hotspot_percentile": "top_10_pct", "label": ">= 6 estati"}, "geometry": {"type": "Polygon", "coordinates": [[[11.406940075616875, 44.490033370758255], [11.406917867239025, 44.489493684058814], [11.406540899189089, 44.48950163198976], [11.406529796968602, 44.48923178854319], [11.406906763283548, 44.489223840686606], [11.406895659483698, 44.48895399729941], [11.40651869490372, 44.488961945081606], [11.40650759299444, 44.488692101605025], [11.40613062999381, 44.48870004806984], [11.406119529975049, 44.48843020450391], [11.404611683356748, 44.48846197763563], [11.404633869670311, 44.48900166534713], [11.404256904157096, 44.48900960567113], [11.404245812657535, 44.488739761748576], [11.403868848723825, 44.488747700755255], [11.403857759114656, 44.48847785674343], [11.40234990876556, 44.4885096000428], [11.402360991434948, 44.48877944435168], [11.40198402672434, 44.488787377143204], [11.401995107814086, 44.48905722151134], [11.40237207425967, 44.489049288645575], [11.402394240375113, 44.4895889771884], [11.402771210135382, 44.4895810429311], [11.4027933803423, 44.49012073126548], [11.402039433726184, 44.49013659883396], [11.402050515592503, 44.49040644312715], [11.40242749071333, 44.49039850989022], [11.402438574470095, 44.49066835409418], [11.404700432342592, 44.49062072812184], [11.404689338175157, 44.49035088436354], [11.405066312208046, 44.490342942424924], [11.405055216461022, 44.49007309872594], [11.405809160590076, 44.490057211268095], [11.405820259807248, 44.4903270548184], [11.406197233373515, 44.49031910915052], [11.40618613242127, 44.49004926567456], [11.406940075616875, 44.490033370758255]]]}}, {"type": "Feature", "properties": {"threshold": "ge_6", "source": "HistorySUHI", "period": "2013-2026", "hotspot_percentile": "top_10_pct", "label": ">= 6 estati"}, "geometry": {"type": "Polygon", "coordinates": [[[11.401662460185136, 44.49014453075356], [11.401640300388582, 44.48960484197379], [11.401263330162369, 44.48961277250187], [11.40128548648879, 44.49015246143008], [11.401662460185136, 44.49014453075356]]]}}, {"type": "Feature", "properties": {"threshold": "ge_6", "source": "HistorySUHI", "period": "2013-2026", "hotspot_percentile": "top_10_pct", "label": ">= 6 estati"}, "geometry": {"type": "Polygon", "coordinates": [[[11.42425822890655, 44.48912673551992], [11.424137439657697, 44.48912930059044], [11.424249807290472, 44.48939751504036], [11.424271608568697, 44.489449550947874], [11.42425822890655, 44.48912673551992]]]}}, {"type": "Feature", "properties": {"threshold": "ge_6", "source": "HistorySUHI", "period": "2013-2026", "hotspot_percentile": "top_10_pct", "label": ">= 6 estati"}, "geometry": {"type": "Polygon", "coordinates": [[[11.423870086013295, 44.48886490061635], [11.423493126725608, 44.48887290440832], [11.42348194658976, 44.48860306430498], [11.421974114811725, 44.48863506674358], [11.421985288008148, 44.48890490714638], [11.420854407325692, 44.488928896148614], [11.420865575474043, 44.48919873676087], [11.419734688178165, 44.48922271480056], [11.41974585127828, 44.489492555622164], [11.419368886798452, 44.48950054589084], [11.419380048320072, 44.489770386772186], [11.419003081948857, 44.48977837587258], [11.419014241891935, 44.49004821681368], [11.418637273629328, 44.49005620474581], [11.418642218970842, 44.490175793808355], [11.420018140887594, 44.48972742337985], [11.423875424530056, 44.48899372747226], [11.423870086013295, 44.48886490061635]]]}}, {"type": "Feature", "properties": {"threshold": "ge_6", "source": "HistorySUHI", "period": "2013-2026", "hotspot_percentile": "top_10_pct", "label": ">= 6 estati"}, "geometry": {"type": "Polygon", "coordinates": [[[11.397071460711677, 44.49780319620019], [11.396694436405692, 44.49781111279032], [11.396705496585078, 44.498080957776295], [11.397082522626876, 44.49807304111206], [11.397071460711677, 44.49780319620019]]]}}, {"type": "Feature", "properties": {"threshold": "ge_6", "source": "HistorySUHI", "period": "2013-2026", "hotspot_percentile": "top_10_pct", "label": ">= 6 estati"}, "geometry": {"type": "Polygon", "coordinates": [[[11.420091984997999, 44.49785761364223], [11.420104089339336, 44.49785735699661], [11.420091245230333, 44.497839739103746], [11.420091984997999, 44.49785761364223]]]}}, {"type": "Feature", "properties": {"threshold": "ge_6", "source": "HistorySUHI", "period": "2013-2026", "hotspot_percentile": "top_10_pct", "label": ">= 6 estati"}, "geometry": {"type": "Polygon", "coordinates": [[[11.397581258910689, 44.50103341543134], [11.397204213928394, 44.50104133415408], [11.39722634163559, 44.50158102360335], [11.39684929302597, 44.50158894123068], [11.396860355376047, 44.501858786006935], [11.396483304875202, 44.50186670246474], [11.396505426568176, 44.50240639212047], [11.39612837243989, 44.50241430748281], [11.396139431782716, 44.50268415236228], [11.39576237576317, 44.502692066555035], [11.395773433524763, 44.502961911493585], [11.394265200951704, 44.50299355612418], [11.394276251923136, 44.50326340134386], [11.393145070657802, 44.50328712198026], [11.39315611657517, 44.503556967406944], [11.39240199148471, 44.50357277509405], [11.39241303408421, 44.50384262065368], [11.391658904901854, 44.50385842351387], [11.391669944183377, 44.504128269206404], [11.389407542504767, 44.50417564838118], [11.389418571522514, 44.5044454945021], [11.388287363386423, 44.50446916752063], [11.388309411466935, 44.50500886016064], [11.387932338306188, 44.50501674882696], [11.387910293698624, 44.50447705603932], [11.387533223856316, 44.50448494331426], [11.387522203520742, 44.5042150968242], [11.387899271626612, 44.50420720962306], [11.387888249709103, 44.50393736319184], [11.38826531592405, 44.50392947482079], [11.388243269079794, 44.50338978206108], [11.388620331667463, 44.50338189259396], [11.388598281968653, 44.50284219992205], [11.388975340929127, 44.5028343093589], [11.388953288375937, 44.50229461677482], [11.389330343709302, 44.502286725115674], [11.389308288301912, 44.50174703261943], [11.38968534000825, 44.50173913986436], [11.389674310800242, 44.50146929366764], [11.389297260830089, 44.50147718634885], [11.389286233512845, 44.501207340063296], [11.387778039031362, 44.50123889805665], [11.387789059403941, 44.5015087446375], [11.38741200866114, 44.50151663110062], [11.387445065497104, 44.50232617097479], [11.387068009391172, 44.50233405641564], [11.387079026909147, 44.50260390308423], [11.3867019689125, 44.5026117873552], [11.386712984848618, 44.50288163408261], [11.385581804723348, 44.50290527965475], [11.3856038266408, 44.50344497350722], [11.38522676281762, 44.50345285302469], [11.385237772271493, 44.50372270000222], [11.384106574666907, 44.503746331313494], [11.384117579065876, 44.504016178497196], [11.38374051115271, 44.50402405318718], [11.38372950849016, 44.503754205929795], [11.38335244215918, 44.50376207930237], [11.383374444165652, 44.50430177394955], [11.382997374207589, 44.50430964622572], [11.383008373705676, 44.504579493600545], [11.38338544540021, 44.5045716212507], [11.383396446788987, 44.50484146853691], [11.383773520065796, 44.50483359486963], [11.383795526779076, 44.5053732892498], [11.384549679816036, 44.50535753788915], [11.384560686877176, 44.5056273849094], [11.385314842770054, 44.50561162842611], [11.385325853458658, 44.505881475283964], [11.386457091350007, 44.505857831009216], [11.38644607545168, 44.50558798437261], [11.386823152703409, 44.505580100533834], [11.386845188127655, 44.50611979364456], [11.388730589434832, 44.506080355055644], [11.388741616061685, 44.50635020121952], [11.389118697596096, 44.506342309696436], [11.389129726114152, 44.506612155771485], [11.38950680923059, 44.506604262930715], [11.389517839639897, 44.50687410891695], [11.390649093271266, 44.50685042271], [11.390638057652028, 44.5065805769454], [11.391015140149804, 44.506572679129306], [11.391004102948653, 44.50630283342365], [11.391381183555096, 44.50629493443763], [11.39137014477208, 44.50602508879093], [11.39174722348719, 44.50601718863502], [11.391736183122362, 44.50574734304727], [11.392490336615138, 44.50573153915191], [11.392479292932011, 44.50546169369709], [11.392856367709662, 44.505453789957684], [11.392867413129316, 44.50572363533855], [11.393244489488657, 44.505715730281395], [11.3932555367997, 44.505985575573334], [11.393632614740723, 44.50597766919841], [11.393643663943202, 44.50624751440139], [11.394397822833689, 44.50623169777213], [11.394419928649741, 44.50677138783715], [11.395928258463988, 44.50673973906068], [11.395917198532059, 44.50646989433181], [11.397425518919219, 44.506438225950454], [11.39741445219604, 44.50616838150296], [11.398545685647854, 44.506144617379334], [11.398534613870192, 44.50587477313921], [11.398911689640544, 44.50586684935123], [11.39890061628158, 44.505597005170266], [11.399277690160194, 44.505589080212665], [11.399288765255667, 44.50585892431946], [11.399665840715533, 44.50585099804393], [11.399676917702791, 44.50612084206158], [11.400053994743907, 44.506112914468076], [11.400065073622994, 44.50638275839655], [11.400442152245352, 44.506374829485075], [11.40045323301632, 44.50664467332437], [11.400830313219915, 44.50663674309489], [11.40084139588281, 44.50690658684498], [11.401218477667639, 44.50689865529748], [11.401229562222513, 44.507168498958386], [11.402360811854408, 44.507144696630235], [11.402371901774575, 44.5074145400534], [11.403503155217193, 44.507390726307996], [11.403514250502777, 44.50766056949335], [11.404645507755488, 44.50763674433051], [11.404656608406611, 44.50790658727792], [11.405410782603717, 44.50789069746814], [11.405432991319605, 44.508430383020624], [11.40581008165806, 44.508422436101235], [11.405876721962613, 44.510041491952606], [11.406630923013852, 44.51002559348964], [11.406619812433474, 44.50975575103399], [11.406996910988626, 44.509747800011006], [11.407008023305847, 44.510017642392235], [11.407762223422464, 44.51000173646563], [11.407751107631565, 44.509731894233234], [11.408128205719306, 44.50972393947848], [11.408117088347423, 44.5094540973055], [11.408494184542501, 44.50944614138127], [11.408483065589687, 44.50917629926775], [11.408860159892109, 44.50916834217407], [11.408815678692653, 44.508088973867814], [11.408438591337113, 44.50809693066367], [11.408427473163627, 44.50782708847515], [11.40880455878251, 44.50781913175375], [11.408771199987363, 44.50700960532156], [11.408017039013417, 44.50702551707385], [11.40799480754224, 44.506485832412935], [11.407617730294627, 44.50649378627451], [11.407595502919746, 44.50595410140474], [11.407218428989355, 44.50596205387372], [11.407151761022094, 44.504342998457965], [11.40677469735443, 44.50435094923678], [11.406763588308028, 44.504081106540596], [11.40638652622097, 44.50408905600132], [11.406375419066602, 44.50381921321575], [11.405244237080266, 44.503843053912746], [11.405255339025691, 44.50411289692139], [11.404878276315982, 44.50412084140738], [11.404867176106873, 44.503850998324396], [11.40411305369331, 44.503866883416656], [11.404079764417226, 44.503057353631796], [11.404456820492967, 44.50304941193044], [11.404445722642468, 44.50277956871315], [11.40482277682642, 44.50277162584249], [11.404767281226595, 44.50142240990275], [11.404390235723408, 44.50143035240182], [11.404401332796104, 44.50170019569406], [11.403270190144998, 44.50172401595267], [11.40328128216485, 44.501993859452824], [11.402527182814381, 44.50200973355582], [11.402538271517393, 44.50227957718953], [11.401030064006731, 44.50231131076924], [11.401018982248408, 44.50204146683859], [11.400641931718505, 44.502049397050264], [11.400608692583948, 44.50123986494575], [11.400231647107129, 44.501247793691235], [11.400198414578508, 44.50043826122927], [11.400575454847148, 44.50043033270637], [11.40056437591215, 44.50016048859661], [11.400941414289484, 44.50015255890438], [11.400930333773797, 44.49988271485382], [11.401684406590519, 44.499866851887205], [11.401673322758239, 44.49959700797011], [11.403181459583296, 44.49956526741173], [11.403170368962686, 44.499295423776665], [11.403547401044442, 44.4992874856026], [11.403536308843396, 44.49901764202682], [11.40391333903378, 44.49900970268358], [11.403902245252349, 44.4987398591671], [11.405787385191928, 44.498700144170506], [11.40579848765265, 44.498969987315355], [11.40692957495666, 44.498946143172844], [11.406918467288396, 44.49867630025113], [11.407295494342526, 44.498668349791096], [11.407317713306458, 44.49920803547075], [11.406940682780622, 44.49921598607958], [11.406951790760283, 44.49948582897131], [11.40657475834285, 44.499493778411036], [11.406596971297432, 44.50003346429829], [11.40810511392025, 44.50000165848322], [11.408116227574913, 44.500271501106724], [11.408493264577181, 44.500263546469775], [11.408482149186561, 44.49999370392071], [11.408859184297068, 44.49998574811468], [11.408848067326325, 44.49971590562506], [11.40960213360797, 44.49969999043145], [11.409591013321256, 44.49943014807576], [11.409213981994256, 44.49943810621983], [11.409202863599289, 44.499168263774656], [11.409956922625664, 44.49915234639197], [11.409945800914846, 44.498882504080754], [11.411453910153293, 44.498850654691914], [11.411442781655099, 44.49858081266372], [11.411819806838986, 44.498572847282446], [11.411830937072992, 44.4988426892361], [11.412207963836677, 44.49883472253685], [11.412196831866863, 44.49856488065773], [11.413327906014185, 44.498540973323045], [11.413305632128067, 44.49800128996721], [11.413682653060135, 44.497993318517985], [11.413660376327003, 44.49745363525131], [11.412906341249618, 44.49746957660801], [11.412895206588592, 44.497199734803], [11.41251819055146, 44.49720770354171], [11.412529323476802, 44.49747754542129], [11.411398269222161, 44.49750144440088], [11.411387141503875, 44.49723160229765], [11.4110101248427, 44.4972395660629], [11.410998999016057, 44.49696972387015], [11.410621983934602, 44.496977686317514], [11.410610859999549, 44.49670784403525], [11.408725790932198, 44.496747637249186], [11.408736906188983, 44.4970174799038], [11.407982873999956, 44.49703338863474], [11.407971762214498, 44.49676354583125], [11.407217732873795, 44.49677944943987], [11.407206624715377, 44.49650960647257], [11.406075584743576, 44.49653345233715], [11.406064481947734, 44.4962636091317], [11.404556433415891, 44.496295385913434], [11.404545337718117, 44.49602554239564], [11.404168326931897, 44.49603348340839], [11.404179420894055, 44.49630332700049], [11.402294355952824, 44.49634301378548], [11.402316526987022, 44.496882701667424], [11.401939510061197, 44.496890635442824], [11.401906258949944, 44.4960811033747], [11.401529247075741, 44.496089035684044], [11.401518165418313, 44.495819191557125], [11.401141155124394, 44.4958271225489], [11.401130075357884, 44.49555727833278], [11.400753066644254, 44.495565208007015], [11.40076414467517, 44.495835052297316], [11.399633112395929, 44.495858834082576], [11.399644185375257, 44.49612867858045], [11.398890159608436, 44.49614452703552], [11.398868020747456, 44.49560483772819], [11.398491011102537, 44.495612759942425], [11.398479943640362, 44.495342915192154], [11.398102935575901, 44.495350836088924], [11.398091870004418, 44.495080991249566], [11.398468876333318, 44.49507307042691], [11.398457809181396, 44.49480322564666], [11.398080804588036, 44.4948111463952], [11.398069739326752, 44.49454130152587], [11.397315733145795, 44.49455713914481], [11.397304671510595, 44.494287294112304], [11.396550668180453, 44.49430312660992], [11.396528552317033, 44.49376343620365], [11.39615155389039, 44.4937713504394], [11.396140497926597, 44.49350150513975], [11.39576350108042, 44.49350941805819], [11.395796664230328, 44.494318954134386], [11.393157645525333, 44.49437431130633], [11.393146603135532, 44.494104465444565], [11.392769601579591, 44.49411236856484], [11.392758561080042, 44.49384252261416], [11.390873559656995, 44.49388201919661], [11.390895623455858, 44.494421711822206], [11.390518619236259, 44.49442960755662], [11.390529649632095, 44.494699453920845], [11.390906655587235, 44.49469155811254], [11.390917687873246, 44.49496140438794], [11.391294695409316, 44.494953507262416], [11.391305729585554, 44.495223353448935], [11.39168273870255, 44.49521545500619], [11.391693774769061, 44.49548530110381], [11.392070785466975, 44.4954774013438], [11.392103899801631, 44.49628693932511], [11.390595835254, 44.49631853179195], [11.39060686673216, 44.496588378051406], [11.389475811490632, 44.496612059567546], [11.38949786449631, 44.49715175248477], [11.389120842301805, 44.49715964398437], [11.389131867300689, 44.49742949049437], [11.38950889123099, 44.49742159892094], [11.389552999715368, 44.49850098451598], [11.38993003043452, 44.49849309140367], [11.389941059677955, 44.49876293769113], [11.390318091978424, 44.49875504326146], [11.390329123112398, 44.4990248894601], [11.392214290974517, 44.49898539828979], [11.392203251160902, 44.49871555246069], [11.393334344813626, 44.49869184305834], [11.393323299947076, 44.49842199743613], [11.393700329119156, 44.49841409188902], [11.393645098429522, 44.497064863923256], [11.39326807793652, 44.4970727691005], [11.393234946587848, 44.49626323191945], [11.393611961873695, 44.49625532696413], [11.393600916664727, 44.49598548128114], [11.393977930060089, 44.49597757515643], [11.393988977004724, 44.496247420765435], [11.395120021468644, 44.49622369470908], [11.39513107377518, 44.4964935400811], [11.395508090022368, 44.49648562883487], [11.395519144219527, 44.49675547411787], [11.395896162047473, 44.49674756155421], [11.39590721813531, 44.49701740674821], [11.39666125679771, 44.497001577742594], [11.39668337638134, 44.4975412677894], [11.397060398951531, 44.49753335127334], [11.397071460711677, 44.49780319620019], [11.397825508858455, 44.49778735928958], [11.397814443626734, 44.497517514510925], [11.398191465731697, 44.49750959426459], [11.398235734532495, 44.498588972992884], [11.398612763425605, 44.49858105120662], [11.398645971862814, 44.49939058487317], [11.398268937761996, 44.49939850688181], [11.398291074024039, 44.49993819606619], [11.397914036296145, 44.49994611697957], [11.397947236644747, 44.500755650866154], [11.39757019355364, 44.500763570758345], [11.397581258910689, 44.50103341543134]], [[11.398158265759916, 44.496700060061066], [11.398535282502555, 44.49669213879368], [11.398524214419847, 44.49642229410335], [11.399278243968322, 44.49640644798671], [11.399322531115747, 44.497485826065066], [11.398191465731697, 44.49750959426459], [11.398158265759916, 44.496700060061066]], [[11.408393231670395, 44.49783496298815], [11.408016210290855, 44.49784291695522], [11.408005098038132, 44.49757307419673], [11.408382117681935, 44.49756512030409], [11.408393231670395, 44.49783496298815]], [[11.408371003849256, 44.497295277605026], [11.408748021601568, 44.497287322543436], [11.408759137169955, 44.49755716516806], [11.408382117681935, 44.49756512030409], [11.408371003849256, 44.497295277605026]]]}}, {"type": "Feature", "properties": {"threshold": "ge_6", "source": "HistorySUHI", "period": "2013-2026", "hotspot_percentile": "top_10_pct", "label": ">= 6 estati"}, "geometry": {"type": "Polygon", "coordinates": [[[11.42488476983919, 44.50423774809152], [11.42450771178185, 44.504245757397264], [11.42446294949131, 44.50316640061965], [11.423708846795622, 44.50318241490078], [11.423720033660638, 44.50345225426758], [11.423342980341397, 44.50346025961766], [11.423354165627037, 44.503730099044326], [11.421091832002672, 44.503778105478204], [11.421080657134224, 44.50350826560232], [11.420703602717966, 44.50351626224711], [11.420692429742346, 44.503246422281386], [11.420315376905652, 44.503254417607735], [11.420304205822813, 44.50298457755216], [11.419550103152005, 44.503000564324466], [11.419527768400611, 44.50246088386906], [11.41915072030265, 44.50246887524027], [11.419139554897857, 44.50219903491525], [11.418762508379483, 44.5022070249681], [11.418751344867276, 44.50193718455331], [11.418374299928496, 44.50194517328784], [11.41835197684561, 44.5014054922637], [11.418729018312305, 44.501397503678675], [11.418717855269538, 44.501127663218824], [11.419848973522667, 44.501103690226884], [11.419815469709636, 44.5002941694302], [11.41943843565629, 44.50030216144667], [11.41939377304058, 44.49922279987501], [11.419016745774185, 44.49923079034891], [11.419005582247332, 44.49896094984368], [11.419382607777921, 44.49895295944454], [11.41933794829228, 44.4978735975725], [11.418960929704673, 44.49788158767256], [11.41894976696018, 44.49761174709223], [11.41857274995179, 44.49761973587417], [11.418561589099427, 44.49734989520406], [11.417430542342721, 44.49737385386543], [11.417441697988078, 44.497643694759724], [11.416310644617061, 44.49766764245494], [11.416321795211685, 44.49793748355831], [11.415944775373017, 44.497945463711304], [11.415955924388209, 44.49821530487432], [11.415578902657536, 44.498223283858586], [11.41560119768521, 44.49876296628892], [11.415978222887421, 44.49875498715532], [11.416000522011757, 44.4992946693763], [11.416377550529317, 44.49928668884993], [11.416399853750525, 44.49982637086149], [11.416022821761237, 44.49983435153721], [11.416033971870414, 44.50010419259513], [11.416411005595602, 44.500096211844735], [11.41645561453912, 44.501175575627634], [11.416832655051818, 44.50116759333497], [11.416843809414532, 44.50143743416846], [11.41759789344288, 44.501421465703146], [11.417620209581582, 44.501961147026236], [11.417243164173499, 44.50196913203009], [11.417254320741378, 44.502238972743825], [11.41687727344082, 44.502246956578844], [11.416888428428974, 44.502516797352264], [11.416511379235937, 44.5025247800184], [11.416555993807536, 44.50360414326077], [11.41693304994528, 44.50359616029584], [11.416955361641687, 44.504135841677545], [11.417332421095548, 44.50412785731957], [11.417343578914606, 44.504397697913184], [11.41772063994834, 44.50438971223683], [11.417731799660112, 44.5046595527407], [11.418108862273714, 44.50465156574594], [11.418131185639249, 44.505191246559164], [11.417377053310249, 44.505207219603925], [11.417388211754961, 44.50547706013747], [11.41663407532753, 44.50549302835687], [11.416645230455847, 44.505762869024814], [11.415136948779065, 44.5057947908377], [11.415148097118006, 44.50606463178934], [11.414771024571612, 44.506072609207884], [11.414815612544182, 44.50715197316293], [11.415192692036596, 44.50714399544579], [11.415203841156965, 44.50741383632237], [11.415958003146025, 44.50739787700739], [11.415969155895858, 44.50766771771962], [11.417854566814999, 44.50762779729218], [11.417843405382278, 44.507357956953484], [11.41859756518171, 44.50734198022538], [11.418586400432364, 44.507072140021165], [11.418963478360787, 44.507064149866196], [11.418929979842327, 44.50625462938778], [11.419684124810622, 44.5062386457952], [11.419695294299839, 44.50650848582013], [11.419318220157505, 44.506516478313074], [11.419329388066812, 44.50678631839778], [11.419706463945632, 44.506778325830034], [11.41972880370696, 44.5073180058048], [11.420105882902238, 44.50731001184369], [11.420117054754334, 44.50757985173373], [11.42162537691532, 44.50754786315219], [11.421636555870323, 44.5078177027279], [11.422767801055404, 44.50779369800732], [11.422778985376882, 44.50806353734337], [11.42391023436065, 44.5080395212039], [11.423921424048727, 44.508309360300196], [11.42429850846623, 44.50830135235783], [11.42428731704155, 44.508031513336476], [11.42466439956557, 44.50802350422524], [11.424653206561203, 44.507753665263785], [11.425784447982013, 44.50772963069217], [11.425773249924921, 44.50745979194058], [11.426150328348061, 44.507451778004125], [11.426139128711434, 44.5071819393125], [11.426516205241064, 44.50717392420727], [11.426471401318693, 44.50609456959045], [11.425717261994047, 44.50611059795722], [11.425706064878769, 44.505840759115436], [11.424951928399064, 44.50585678235739], [11.424963122041548, 44.5061266213491], [11.4242089814614, 44.50614263976612], [11.424164221723832, 44.50506328310956], [11.424541285146887, 44.50505527482266], [11.424530093868333, 44.50478543569589], [11.424907155398206, 44.50477742624027], [11.42488476983919, 44.50423774809152]], [[11.425728459266285, 44.50638043678394], [11.425351387632087, 44.506388449176725], [11.425340192096268, 44.506118610275024], [11.425717261994047, 44.50611059795722], [11.425728459266285, 44.50638043678394]]]}}, {"type": "Feature", "properties": {"threshold": "ge_6", "source": "HistorySUHI", "period": "2013-2026", "hotspot_percentile": "top_10_pct", "label": ">= 6 estati"}, "geometry": {"type": "Polygon", "coordinates": [[[11.413950022575493, 44.50446951303528], [11.413916596466809, 44.5036599891934], [11.414293653698515, 44.50365201493394], [11.414282510238424, 44.50338217369792], [11.41390545474295, 44.50339014788277], [11.413894313175275, 44.50312030655712], [11.414271366934539, 44.503112332446904], [11.414237937960086, 44.50230280860373], [11.414614986354682, 44.502294833473776], [11.414570409631164, 44.50121546843791], [11.414193368180852, 44.50122344326938], [11.414171084228345, 44.500683760512146], [11.413794046093853, 44.50069173395084], [11.413782906087832, 44.500421892475096], [11.411520684418338, 44.500469706546006], [11.411576333929336, 44.50181891601177], [11.4111992877581, 44.50182688104396], [11.411210416392242, 44.50209672296662], [11.410833368328905, 44.50210468682977], [11.410877877480795, 44.503184054668495], [11.410500822316806, 44.50319201758609], [11.410489696531071, 44.50292217557439], [11.410112642947333, 44.50293013717386], [11.410090395316077, 44.502390452956476], [11.40933629462553, 44.502406372126615], [11.40935853531208, 44.502946056641925], [11.408981481260616, 44.502954014510514], [11.409037077023665, 44.50430322590861], [11.409414139756459, 44.50429526766768], [11.409447504293826, 44.50510479410311], [11.409824572079804, 44.505096834395054], [11.409835695640476, 44.505366676435706], [11.41021276500693, 44.505358715409436], [11.410235016068956, 44.50589839929676], [11.410612088752334, 44.50589043687775], [11.410634343911184, 44.50643012055605], [11.411388495755899, 44.506414191688684], [11.411399627042352, 44.506684033356265], [11.412153781735942, 44.50666809936473], [11.412164916651514, 44.50693794086821], [11.413673231111542, 44.506906057661475], [11.413639805994995, 44.50609653400104], [11.413262732823725, 44.50610450644458], [11.41321817513388, 44.505025141055484], [11.41284110875214, 44.505033111956934], [11.412829971456414, 44.50476327049755], [11.41358410059103, 44.50474732760013], [11.413572959978756, 44.50447748627491], [11.413950022575493, 44.50446951303528]]]}}, {"type": "Feature", "properties": {"threshold": "ge_6", "source": "HistorySUHI", "period": "2013-2026", "hotspot_percentile": "top_10_pct", "label": ">= 6 estati"}, "geometry": {"type": "Polygon", "coordinates": [[[11.421304184269125, 44.508905060265754], [11.418664556964604, 44.508961021135214], [11.418675722809583, 44.50923086123428], [11.41792153869718, 44.50924683900893], [11.417932701225215, 44.5095166792425], [11.417555607197539, 44.50952466633875], [11.417589090510182, 44.51033418717355], [11.417211991115664, 44.5103421732501], [11.417234310632722, 44.510881853881], [11.417611413500948, 44.51087386765501], [11.417622575231038, 44.51114370787321], [11.418376783971816, 44.51112773153987], [11.418387949332203, 44.51139757159356], [11.419142160920694, 44.51138159013487], [11.419130992086496, 44.511111750230725], [11.419885199574885, 44.511095763945775], [11.41986285542875, 44.510556084391595], [11.420617055343218, 44.51054009343013], [11.420605880031433, 44.510270253780135], [11.420982978016866, 44.510262256508355], [11.42097180112495, 44.50999241691818], [11.421348897216903, 44.50998441847733], [11.421304184269125, 44.508905060265754]]]}}, {"type": "Feature", "properties": {"threshold": "ge_6", "source": "HistorySUHI", "period": "2013-2026", "hotspot_percentile": "top_10_pct", "label": ">= 6 estati"}, "geometry": {"type": "Polygon", "coordinates": [[[11.40627604072037, 44.510573228358155], [11.405521832410143, 44.510589124630755], [11.405532938247038, 44.51085896726453], [11.406287150031112, 44.51084307084321], [11.40627604072037, 44.510573228358155]]]}}, {"type": "Feature", "properties": {"threshold": "ge_6", "source": "HistorySUHI", "period": "2013-2026", "hotspot_percentile": "top_10_pct", "label": ">= 6 estati"}, "geometry": {"type": "Polygon", "coordinates": [[[11.405166936377093, 44.5111367563024], [11.405144728021483, 44.5105970709011], [11.404767623477154, 44.51060501592748], [11.404789828358883, 44.51114470147747], [11.405166936377093, 44.5111367563024]]]}}, {"type": "Feature", "properties": {"threshold": "ge_6", "source": "HistorySUHI", "period": "2013-2026", "hotspot_percentile": "top_10_pct", "label": ">= 6 estati"}, "geometry": {"type": "Polygon", "coordinates": [[[11.400097958306036, 44.51637490362831], [11.400109041351215, 44.516644747061534], [11.400863330764977, 44.51662888484305], [11.40084115788016, 44.51608919825847], [11.40159543972237, 44.51607333135999], [11.401584350038267, 44.51580348819368], [11.401961488988755, 44.51579555295237], [11.401939306612212, 44.51525586672331], [11.402693577097175, 44.51523999280517], [11.402682482667469, 44.5149701498167], [11.403436749055603, 44.514954271070444], [11.403425651306817, 44.51468442821557], [11.404179913597998, 44.5146685446413], [11.40416881253024, 44.514398701920065], [11.404923070724344, 44.5143828135179], [11.404856446739679, 44.512763757767566], [11.404479328143575, 44.51277170214467], [11.404468226428069, 44.51250185939282], [11.40409110941343, 44.51250980245153], [11.40408000959064, 44.51223995961033], [11.40294866282441, 44.51226378109925], [11.402959757435944, 44.512533624163346], [11.401828404058607, 44.51255743467867], [11.401839493614327, 44.51282727795057], [11.401462373773795, 44.51283521237514], [11.401484549877324, 44.51337489902248], [11.401107426407021, 44.51338283235145], [11.401118512954762, 44.51365267572689], [11.400741387591834, 44.513660607885974], [11.400763557679124, 44.51420029474033], [11.398877911161462, 44.514239937615976], [11.398844682322133, 44.51343040619912], [11.398467557764365, 44.513438330819376], [11.39847863215164, 44.513708174714125], [11.39772437909592, 44.51372402037058], [11.397735450163964, 44.51399386439862], [11.39735832166603, 44.51400178543479], [11.39736939115201, 44.51427162952198], [11.398123651467214, 44.51425578605727], [11.39813472458298, 44.51452562998122], [11.397380460793183, 44.514541473594186], [11.397391530589548, 44.51481131765142], [11.39663726270433, 44.51482715643595], [11.396648329181192, 44.51509700062642], [11.396271193268493, 44.51510491822651], [11.396282258163126, 44.51537476247608], [11.395905120357924, 44.51538267890607], [11.395916183670277, 44.51565252321474], [11.395161904119767, 44.51566835249025], [11.395172964112358, 44.51593819693205], [11.394795822367067, 44.51594610977753], [11.39482899806276, 44.51675564323524], [11.395583291823192, 44.51673981585575], [11.395594354173573, 44.5170096601636], [11.396348650788692, 44.51699382765892], [11.396337584963254, 44.51672398349923], [11.39746902350973, 44.51670022563254], [11.39745795262694, 44.51643038168018], [11.397835096761211, 44.51642245997691], [11.397824024296165, 44.516152616083694], [11.399332592330804, 44.516120917124844], [11.399343671745696, 44.51639076072145], [11.400097958306036, 44.51637490362831]]]}}, {"type": "Feature", "properties": {"threshold": "ge_6", "source": "HistorySUHI", "period": "2013-2026", "hotspot_percentile": "top_10_pct", "label": ">= 6 estati"}, "geometry": {"type": "Polygon", "coordinates": [[[11.41695997602624, 44.52250094806346], [11.416582797980174, 44.522508933770126], [11.416593959489365, 44.52277877364152], [11.416971139273373, 44.522770787860125], [11.41695997602624, 44.52250094806346]]]}}, {"type": "Feature", "properties": {"threshold": "ge_6", "source": "HistorySUHI", "period": "2013-2026", "hotspot_percentile": "top_10_pct", "label": ">= 6 estati"}, "geometry": {"type": "Polygon", "coordinates": [[[11.417725498371816, 44.522754812563946], [11.416971139273373, 44.522770787860125], [11.417004629953889, 44.523580307160046], [11.417758999480258, 44.523564331415415], [11.41777016682955, 44.52383417100253], [11.41814735309592, 44.52382618118872], [11.418136184008594, 44.52355634167635], [11.41889055259545, 44.52354035846478], [11.418879380188715, 44.523270519086964], [11.419633744672986, 44.52325453104704], [11.419611393377597, 44.52271485254555], [11.418857035845177, 44.52273084028627], [11.418868207938624, 44.52300067969413], [11.417736665251395, 44.52302465219613], [11.417725498371816, 44.522754812563946]]]}}, {"type": "Feature", "properties": {"threshold": "ge_6", "source": "HistorySUHI", "period": "2013-2026", "hotspot_percentile": "top_10_pct", "label": ">= 6 estati"}, "geometry": {"type": "Polygon", "coordinates": [[[11.40570012376609, 44.52408918793932], [11.405322932345541, 44.5240971366838], [11.405334042494044, 44.52436697871655], [11.40571123565274, 44.52435902989769], [11.40570012376609, 44.52408918793932]]]}}, {"type": "Feature", "properties": {"threshold": "ge_6", "source": "HistorySUHI", "period": "2013-2026", "hotspot_percentile": "top_10_pct", "label": ">= 6 estati"}, "geometry": {"type": "Polygon", "coordinates": [[[11.40573345989344, 44.52489871376943], [11.405722347695189, 44.52462887184106], [11.405345152798324, 44.524636820734294], [11.405356263258385, 44.52490666273705], [11.40573345989344, 44.52489871376943]]]}}, {"type": "Feature", "properties": {"threshold": "ge_6", "source": "HistorySUHI", "period": "2013-2026", "hotspot_percentile": "top_10_pct", "label": ">= 6 estati"}, "geometry": {"type": "Polygon", "coordinates": [[[11.407242244875361, 44.52486690545318], [11.407231125724364, 44.52459706382244], [11.406853931450861, 44.52460501769395], [11.406865048863677, 44.52487485939911], [11.407242244875361, 44.52486690545318]]]}}, {"type": "Feature", "properties": {"threshold": "ge_6", "source": "HistorySUHI", "period": "2013-2026", "hotspot_percentile": "top_10_pct", "label": ">= 6 estati"}, "geometry": {"type": "Polygon", "coordinates": [[[11.421231938828925, 44.52538125104376], [11.42119838750245, 44.5245717345276], [11.420821197275387, 44.52457973452196], [11.420854743387462, 44.525389251262695], [11.421231938828925, 44.52538125104376]]]}}, {"type": "Feature", "properties": {"threshold": "ge_6", "source": "HistorySUHI", "period": "2013-2026", "hotspot_percentile": "top_10_pct", "label": ">= 6 estati"}, "geometry": {"type": "Polygon", "coordinates": [[[11.4057445722475, 44.52516855568282], [11.40575568475737, 44.525438397581205], [11.406132884713072, 44.525430447220224], [11.406121770464965, 44.52516060539624], [11.4057445722475, 44.52516855568282]]]}}, {"type": "Feature", "properties": {"threshold": "ge_6", "source": "HistorySUHI", "period": "2013-2026", "hotspot_percentile": "top_10_pct", "label": ">= 6 estati"}, "geometry": {"type": "Polygon", "coordinates": [[[11.406498968526597, 44.52515265386505], [11.40651008451294, 44.525422495614634], [11.406132884713072, 44.525430447220224], [11.406143999117015, 44.52570028902922], [11.40689840203741, 44.52568438442462], [11.40687616643237, 44.52514470108928], [11.406498968526597, 44.52515265386505]]]}}, {"type": "Feature", "properties": {"threshold": "ge_6", "source": "HistorySUHI", "period": "2013-2026", "hotspot_percentile": "top_10_pct", "label": ">= 6 estati"}, "geometry": {"type": "Polygon", "coordinates": [[[11.420100352034206, 44.52540524796689], [11.420089173316384, 44.52513540891863], [11.419711979142802, 44.52514340532907], [11.419723156122457, 44.525413244452125], [11.420100352034206, 44.52540524796689]]]}}, {"type": "Feature", "properties": {"threshold": "ge_6", "source": "HistorySUHI", "period": "2013-2026", "hotspot_percentile": "top_10_pct", "label": ">= 6 estati"}, "geometry": {"type": "Polygon", "coordinates": [[[11.41022776088042, 44.53317625993345], [11.410238897194294, 44.53344610056273], [11.410616147592068, 44.533438134275215], [11.410649562687613, 44.534247655849356], [11.411305104662985, 44.534233809508336], [11.411295081679627, 44.53421780004645], [11.411264358025461, 44.534183942382526], [11.410602067769673, 44.53309702274306], [11.410605009539253, 44.53316829372047], [11.41022776088042, 44.53317625993345]]]}}, {"type": "Feature", "properties": {"threshold": "ge_6", "source": "HistorySUHI", "period": "2013-2026", "hotspot_percentile": "top_10_pct", "label": ">= 6 estati"}, "geometry": {"type": "Polygon", "coordinates": [[[11.411415215604118, 44.53450155943772], [11.411471982992309, 44.53450036011094], [11.411411154169217, 44.53440319974556], [11.411415215604118, 44.53450155943772]]]}}, {"type": "Feature", "properties": {"threshold": "ge_6", "source": "HistorySUHI", "period": "2013-2026", "hotspot_percentile": "top_10_pct", "label": ">= 6 estati"}, "geometry": {"type": "Polygon", "coordinates": [[[11.41262502177656, 44.53636652517325], [11.412640126023314, 44.536366205904706], [11.412623940492427, 44.536340353159005], [11.41262502177656, 44.53636652517325]]]}}, {"type": "Feature", "properties": {"threshold": "ge_6", "source": "HistorySUHI", "period": "2013-2026", "hotspot_percentile": "top_10_pct", "label": ">= 6 estati"}, "geometry": {"type": "Polygon", "coordinates": [[[11.417116275730134, 44.526278703850345], [11.416739073350652, 44.52628669060322], [11.416727909806848, 44.526016850927036], [11.417105110448071, 44.526008864248894], [11.417093945322556, 44.52573902463242], [11.416716746419569, 44.52574701123583], [11.41670558318881, 44.5254771715296], [11.415951188389721, 44.52549314085324], [11.415940028791864, 44.525223300982574], [11.415562832895795, 44.52523128370282], [11.415551675192576, 44.52496144374245], [11.415174480878235, 44.52496942514344], [11.415163325069605, 44.524699585093366], [11.414786132337, 44.52470756517513], [11.41477497842291, 44.52443772503538], [11.41590655093709, 44.524413781280494], [11.415884233149546, 44.52387410140404], [11.415507045944084, 44.523882083750806], [11.415495889023044, 44.523612243715355], [11.415118703399202, 44.52362022474295], [11.415096393502433, 44.523080544477665], [11.415473575650243, 44.52307256359943], [11.415451262903135, 44.522532883423445], [11.415074084231254, 44.52254086415231], [11.415062929830256, 44.522271023967114], [11.415440106764207, 44.522263043312925], [11.415417794955593, 44.52172336304685], [11.416549314391533, 44.521699414065836], [11.416538153508286, 44.52142957413438], [11.416915324602822, 44.52142158872658], [11.416904162138232, 44.521151748854834], [11.41652699278152, 44.5211597341879], [11.41651583221123, 44.52088989422641], [11.416892999830146, 44.52088190896804], [11.416881837678558, 44.520612069066274], [11.416504671797414, 44.52062005424989], [11.416471191494786, 44.51981053423026], [11.416094030670353, 44.519818517945396], [11.416049399407893, 44.518739157410195], [11.415672245377598, 44.51874713958221], [11.415616468506826, 44.51739793820193], [11.415239323007818, 44.51740591875628], [11.41522816984031, 44.51713607836051], [11.414851025922403, 44.517144057595964], [11.414839874648704, 44.5168742171105], [11.414462732311902, 44.51688219502708], [11.414429284641013, 44.5160726732567], [11.4140521473601, 44.516080649705145], [11.414029853169048, 44.51554096830055], [11.413652719206537, 44.51554894335557], [11.413641574082732, 44.515279102556136], [11.413264441701278, 44.51528707629238], [11.413219869717498, 44.514207712646105], [11.41397412042619, 44.5141917645264], [11.413962974346413, 44.513921923726535], [11.41547146693974, 44.513890012856585], [11.41546031406761, 44.513620172340296], [11.415837435087967, 44.513612191587285], [11.415815126338549, 44.51307251065906], [11.414683773231124, 44.51309644873789], [11.414672624302202, 44.512826608027254], [11.41354127499933, 44.512850534685775], [11.413530131437888, 44.51258069373623], [11.411644554827621, 44.51262054624667], [11.411633420107632, 44.51235070490923], [11.409747848280153, 44.51239052594615], [11.409758974314844, 44.51266036765621], [11.40900474101771, 44.51267628751174], [11.409015863734195, 44.51294612935578], [11.408638745114626, 44.512954087491956], [11.40864986624992, 44.51322392939545], [11.407895625068827, 44.513239842084495], [11.407906742885734, 44.513509684121914], [11.407529620324228, 44.51351763867476], [11.407551852951263, 44.514057322853446], [11.40717472675953, 44.51406527631105], [11.407208071657175, 44.51487480268987], [11.40683094009785, 44.514882755126614], [11.406842053638083, 44.515152597297295], [11.406464920185648, 44.51516054856429], [11.406476032144358, 44.51543039079438], [11.406098896798802, 44.515438340891606], [11.406121117708846, 44.51597802545558], [11.405366839600974, 44.51599392221501], [11.405433485219946, 44.51761297643958], [11.405056335507565, 44.51762092339914], [11.405067441918222, 44.51789076579179], [11.404690290312567, 44.51789871158144], [11.40470139514135, 44.51816855403343], [11.403947087987813, 44.51818444202857], [11.403969291161944, 44.518724127184925], [11.403592133876435, 44.51873206946468], [11.403603233959302, 44.51900191209469], [11.403980392982481, 44.5189939697406], [11.404002597090509, 44.519533654807006], [11.40362543459192, 44.519541597309725], [11.403636535141676, 44.519811439894745], [11.404013699378003, 44.51980349731771], [11.404024801821159, 44.52007333981343], [11.404779133302341, 44.52005745077756], [11.40479023937673, 44.5203272931096], [11.405167406621551, 44.52031934665075], [11.40517851458946, 44.52058918889344], [11.405555683416347, 44.520581241115835], [11.405566793277824, 44.52085108326916], [11.405943963686772, 44.52084313417277], [11.405955075441863, 44.52111297623671], [11.40633224743287, 44.521105025821534], [11.406343361081628, 44.521374867796084], [11.406720534654685, 44.521366916062064], [11.406709419268058, 44.52109707416193], [11.407463762470881, 44.52108116710947], [11.407419288580337, 44.520001799954294], [11.407796452996722, 44.5199938448592], [11.407785333176054, 44.51972400310734], [11.408162495698798, 44.51971604684234], [11.40815137429632, 44.51944620514993], [11.409282855715782, 44.51942232911224], [11.409293982331382, 44.51969217058123], [11.41004830597315, 44.51967624685207], [11.4100594362202, 44.51994608815706], [11.410436599544745, 44.519938124351455], [11.41044773168559, 44.52020796556691], [11.410824896591803, 44.52020000044241], [11.410836030626493, 44.520469841568335], [11.41121319711437, 44.52046187512492], [11.411224333042952, 44.5207317161613], [11.411978669025864, 44.520715779392226], [11.411989808586194, 44.52098562026447], [11.412366978081197, 44.52097764993877], [11.41235583678306, 44.52070780914112], [11.412733004384053, 44.52069983764563], [11.412755290612163, 44.52123951907675], [11.413509632296682, 44.52122357205417], [11.413520779120779, 44.52149341259799], [11.414275123655852, 44.52147746044854], [11.414286274111968, 44.521747300828096], [11.414663447882877, 44.5217393228121], [11.41469690540298, 44.52254884363673], [11.41431972641834, 44.522556821876684], [11.414308575493207, 44.522286981542166], [11.413554220530793, 44.522302934139425], [11.413565367980047, 44.522572774623214], [11.413188188526446, 44.522580749129794], [11.413199334394028, 44.522850589673176], [11.412822153046184, 44.522858563009905], [11.412833297332046, 44.5231284036129], [11.41207893069164, 44.523144346702104], [11.41209007165771, 44.52341418743928], [11.41246725679405, 44.523406216442325], [11.412489542670931, 44.52394589772247], [11.413243919427122, 44.52392995169667], [11.413255066076099, 44.52419979216501], [11.413632255957868, 44.5241918172107], [11.41365455320094, 44.52473149795311], [11.414408939448004, 44.52471554401235], [11.41442009178033, 44.52498538421175], [11.414797286407477, 44.52497740529988], [11.41483497781741, 44.52588920667855], [11.415052282927654, 44.5259878037281], [11.415737659423467, 44.52636318277994], [11.416146468250053, 44.52659601430847], [11.416427322485443, 44.526755571755], [11.416473785502165, 44.526784494573874], [11.416480143580706, 44.526788519145704], [11.416513684839126, 44.52680928912623], [11.417004969751206, 44.527113057957884], [11.417154559019682, 44.52720389176703], [11.417116275730134, 44.526278703850345]], [[11.414330877499815, 44.522826662196174], [11.414708058222416, 44.52281868388157], [11.414719211198221, 44.52308852411141], [11.414342028737638, 44.52309650250067], [11.414330877499815, 44.522826662196174]]]}}, {"type": "Feature", "properties": {"threshold": "ge_6", "source": "HistorySUHI", "period": "2013-2026", "hotspot_percentile": "top_10_pct", "label": ">= 6 estati"}, "geometry": {"type": "Polygon", "coordinates": [[[11.411069881419147, 44.52613650174636], [11.411081018888742, 44.52640634254216], [11.41070381400774, 44.526414309381074], [11.410737569696643, 44.527232247932375], [11.410809476126166, 44.52720872217076], [11.411429808824394, 44.52695535943545], [11.412510942247541, 44.526509386786536], [11.413052149350943, 44.526283011624436], [11.413523524621576, 44.526084646809785], [11.411069881419147, 44.52613650174636]]]}}, {"type": "Feature", "properties": {"threshold": "ge_6", "source": "HistorySUHI", "period": "2013-2026", "hotspot_percentile": "top_10_pct", "label": ">= 6 estati"}, "geometry": {"type": "Polygon", "coordinates": [[[11.410216624722702, 44.53290641928917], [11.410482506732897, 44.532900804788994], [11.410197060764483, 44.53243234428189], [11.410216624722702, 44.53290641928917]]]}}, {"type": "Feature", "properties": {"threshold": "ge_6", "source": "HistorySUHI", "period": "2013-2026", "hotspot_percentile": "top_10_pct", "label": ">= 6 estati"}, "geometry": {"type": "Polygon", "coordinates": [[[11.41939066258686, 44.52650059633408], [11.419379486718599, 44.5262307571963], [11.419756688001712, 44.52622276173118], [11.419745510551907, 44.525952922653175], [11.419368311007037, 44.52596091804349], [11.419357135452168, 44.52569107887566], [11.418979937488823, 44.52569907294657], [11.419013459408784, 44.5265085906294], [11.41939066258686, 44.52650059633408]]]}}, {"type": "Feature", "properties": {"threshold": "ge_6", "source": "HistorySUHI", "period": "2013-2026", "hotspot_percentile": "top_10_pct", "label": ">= 6 estati"}, "geometry": {"type": "Polygon", "coordinates": [[[11.418703293714142, 44.52813561908899], [11.418680619739982, 44.52813609949591], [11.4187039029843, 44.52815033293272], [11.418703293714142, 44.52813561908899]]]}}, {"type": "Feature", "properties": {"threshold": "ge_6", "source": "HistorySUHI", "period": "2013-2026", "hotspot_percentile": "top_10_pct", "label": ">= 6 estati"}, "geometry": {"type": "Polygon", "coordinates": [[[11.398921312756716, 44.53368451028513], [11.398910228612255, 44.533414667425006], [11.398532975123903, 44.533422595044584], [11.398521892873866, 44.5331527520953], [11.396258379115196, 44.53320029122345], [11.396313739747773, 44.53454950804427], [11.396691001124468, 44.5345415875981], [11.39670207545591, 44.534811430843206], [11.397079338416443, 44.534803509077875], [11.397068262345872, 44.53453366590689], [11.398200045078097, 44.53450989336316], [11.398188963945532, 44.534240050399646], [11.397811704929248, 44.53424797575175], [11.397800625691147, 44.53397813269909], [11.398177882968357, 44.53397020742114], [11.398166802146562, 44.53370036442765], [11.398921312756716, 44.53368451028513]]]}}, {"type": "Feature", "properties": {"threshold": "ge_6", "source": "HistorySUHI", "period": "2013-2026", "hotspot_percentile": "top_10_pct", "label": ">= 6 estati"}, "geometry": {"type": "Polygon", "coordinates": [[[11.40911827631724, 44.53373983279345], [11.409129407726454, 44.53400967361626], [11.408752153226219, 44.53401763507301], [11.40877441303485, 44.53455731682262], [11.409906186501454, 44.53453342827045], [11.409872781371426, 44.5337239062941], [11.40911827631724, 44.53373983279345]]]}}, {"type": "Feature", "properties": {"threshold": "ge_6", "source": "HistorySUHI", "period": "2013-2026", "hotspot_percentile": "top_10_pct", "label": ">= 6 estati"}, "geometry": {"type": "Polygon", "coordinates": [[[11.399009991508052, 44.53584325262662], [11.3989767358105, 44.53503372436095], [11.398599471887653, 44.535041652425605], [11.39863272236763, 44.53585118091386], [11.399009991508052, 44.53584325262662]]]}}, {"type": "Feature", "properties": {"threshold": "ge_6", "source": "HistorySUHI", "period": "2013-2026", "hotspot_percentile": "top_10_pct", "label": ">= 6 estati"}, "geometry": {"type": "Polygon", "coordinates": [[[11.39863272236763, 44.53585118091386], [11.397878183620533, 44.53586703375308], [11.397889263946215, 44.53613687670085], [11.398643806171801, 44.536121023713285], [11.39863272236763, 44.53585118091386]]]}}, {"type": "Feature", "properties": {"threshold": "ge_6", "source": "HistorySUHI", "period": "2013-2026", "hotspot_percentile": "top_10_pct", "label": ">= 6 estati"}, "geometry": {"type": "Polygon", "coordinates": [[[11.399065420779667, 44.53719246610303], [11.399021077051465, 44.53611309535187], [11.398643806171801, 44.536121023713285], [11.3986881429428, 44.53720039476121], [11.399065420779667, 44.53719246610303]]]}}, {"type": "Feature", "properties": {"threshold": "ge_6", "source": "HistorySUHI", "period": "2013-2026", "hotspot_percentile": "top_10_pct", "label": ">= 6 estati"}, "geometry": {"type": "Polygon", "coordinates": [[[11.414290287557076, 44.54011237386967], [11.413912995085026, 44.54012035322796], [11.413921144404165, 44.54031746573965], [11.4142540823898, 44.54021061094512], [11.414293840219377, 44.54019829084111], [11.414290287557076, 44.54011237386967]]]}}, {"type": "Feature", "properties": {"threshold": "ge_6", "source": "HistorySUHI", "period": "2013-2026", "hotspot_percentile": "top_10_pct", "label": ">= 6 estati"}, "geometry": {"type": "Polygon", "coordinates": [[[11.423686473536023, 44.50264273612209], [11.423675287141435, 44.50237289671021], [11.424052333359356, 44.50236489041621], [11.424063521490034, 44.50263472975317], [11.424440569287214, 44.50262672214067], [11.424418189710536, 44.50208704360157], [11.423287056264993, 44.50211106225886], [11.423309425425206, 44.50265074124746], [11.423686473536023, 44.50264273612209]]]}}, {"type": "Feature", "properties": {"threshold": "ge_6", "source": "HistorySUHI", "period": "2013-2026", "hotspot_percentile": "top_10_pct", "label": ">= 6 estati"}, "geometry": {"type": "Polygon", "coordinates": [[[11.424761660482027, 44.50126951719885], [11.42554567323395, 44.50125285533211], [11.425416812760174, 44.50103144468274], [11.425416786131851, 44.501031409238266], [11.425416759130401, 44.50103136479916], [11.425126524602907, 44.5006092251973], [11.42511328561009, 44.50061362963852], [11.424739613319677, 44.50073789249147], [11.424761660482027, 44.50126951719885]]]}}, {"type": "Feature", "properties": {"threshold": "ge_6", "source": "HistorySUHI", "period": "2013-2026", "hotspot_percentile": "top_10_pct", "label": ">= 6 estati"}, "geometry": {"type": "Polygon", "coordinates": [[[11.425552934116292, 44.51124554683729], [11.425541735755132, 44.510975708206125], [11.42516463444111, 44.51098372062964], [11.425153437973771, 44.51071388190849], [11.424399238348542, 44.51072990287382], [11.424388045511792, 44.510460063987715], [11.423256750107646, 44.51048408588154], [11.423279125517062, 44.511023764088264], [11.422902023261633, 44.511031769048195], [11.422913209464726, 44.51130160820393], [11.423290313457027, 44.5112936031691], [11.423312689807494, 44.511833281285675], [11.423689797116769, 44.51182527485705], [11.423700987264219, 44.51209511381789], [11.424455204886012, 44.512079097078896], [11.424466398664265, 44.512348935874805], [11.424843508976748, 44.51234092556438], [11.424832313461534, 44.51207108684343], [11.42520942188011, 44.512063075363976], [11.425198224784907, 44.51179323670294], [11.42557533130958, 44.5117852240545], [11.42556413263444, 44.51151538545341], [11.425187027846675, 44.511523398026874], [11.42517583106541, 44.51125355933577], [11.425552934116292, 44.51124554683729]]]}}, {"type": "Feature", "properties": {"threshold": "ge_6", "source": "HistorySUHI", "period": "2013-2026", "hotspot_percentile": "top_10_pct", "label": ">= 6 estati"}, "geometry": {"type": "Polygon", "coordinates": [[[11.432408143214568, 44.512720132514204], [11.432419373940766, 44.512989969688526], [11.43204226156104, 44.512998005103995], [11.43205349070768, 44.51326784233846], [11.433184832585505, 44.513243732134455], [11.433162364027707, 44.5127040581017], [11.432408143214568, 44.512720132514204]]]}}, {"type": "Feature", "properties": {"threshold": "ge_6", "source": "HistorySUHI", "period": "2013-2026", "hotspot_percentile": "top_10_pct", "label": ">= 6 estati"}, "geometry": {"type": "Polygon", "coordinates": [[[11.426885933477955, 44.51607859061833], [11.426897140034297, 44.516348428738844], [11.42775944674791, 44.51633009095798], [11.42754834034553, 44.516064505062246], [11.426885933477955, 44.51607859061833]]]}}, {"type": "Feature", "properties": {"threshold": "ge_6", "source": "HistorySUHI", "period": "2013-2026", "hotspot_percentile": "top_10_pct", "label": ">= 6 estati"}, "geometry": {"type": "Polygon", "coordinates": [[[11.428050969853485, 44.51686404405274], [11.42818166046741, 44.51686126390024], [11.428043639454998, 44.51668762428629], [11.428050969853485, 44.51686404405274]]]}}, {"type": "Feature", "properties": {"threshold": "ge_6", "source": "HistorySUHI", "period": "2013-2026", "hotspot_percentile": "top_10_pct", "label": ">= 6 estati"}, "geometry": {"type": "Polygon", "coordinates": [[[11.42845053639581, 44.517395696805735], [11.428603871839544, 44.517392433889356], [11.428441934145328, 44.51718870549891], [11.42845053639581, 44.517395696805735]]]}}, {"type": "Feature", "properties": {"threshold": "ge_6", "source": "HistorySUHI", "period": "2013-2026", "hotspot_percentile": "top_10_pct", "label": ">= 6 estati"}, "geometry": {"type": "Polygon", "coordinates": [[[11.42867157135797, 44.52036183303037], [11.428719373898423, 44.520342064845835], [11.429194029456426, 44.52014459472383], [11.429970128201761, 44.51984199304034], [11.43000993407153, 44.5198254902277], [11.430309768578915, 44.519698274749175], [11.430311762352927, 44.51969599066704], [11.430379742446197, 44.519619011963094], [11.430034983454032, 44.51918822919026], [11.430048876780832, 44.51952229177041], [11.429671721604397, 44.51953032028065], [11.429649280551674, 44.51899064543649], [11.429272128693071, 44.518998672552236], [11.429249691744632, 44.51845899749768], [11.428495394505713, 44.518475047696], [11.428484179742398, 44.518205209996005], [11.428107032624577, 44.51821323315372], [11.428095819755962, 44.51794339536359], [11.42847296513631, 44.51793537228094], [11.42845053639581, 44.517395696805735], [11.428073394490331, 44.51740371973824], [11.428050969853485, 44.51686404405274], [11.427296692520526, 44.51688008588495], [11.427307901285598, 44.51714992388533], [11.42693076064601, 44.5171579430102], [11.426986798141304, 44.518507133161734], [11.427363947468166, 44.51849911366168], [11.42738636704128, 44.51903878946698], [11.428517824504038, 44.51901472305093], [11.428573902251525, 44.52036391117506], [11.42867157135797, 44.52036183303037]]]}}, {"type": "Feature", "properties": {"threshold": "ge_6", "source": "HistorySUHI", "period": "2013-2026", "hotspot_percentile": "top_10_pct", "label": ">= 6 estati"}, "geometry": {"type": "Polygon", "coordinates": [[[11.42780836766871, 44.52011011970252], [11.427431208073482, 44.52011814089715], [11.42741999757968, 44.51984830306216], [11.42697507698439, 44.519857762366854], [11.427287002398522, 44.52035128645239], [11.427328893339505, 44.520419778237006], [11.427566198156807, 44.52080771063292], [11.42783301924578, 44.52070337708424], [11.42780836766871, 44.52011011970252]]]}}, {"type": "Feature", "properties": {"threshold": "ge_6", "source": "HistorySUHI", "period": "2013-2026", "hotspot_percentile": "top_10_pct", "label": ">= 6 estati"}, "geometry": {"type": "Polygon", "coordinates": [[[11.424481108507315, 44.521801295953175], [11.42458616233707, 44.52179906445054], [11.424491716376364, 44.52167211934502], [11.424488873860975, 44.52166820960006], [11.424474798738782, 44.52164924306102], [11.424481108507315, 44.521801295953175]]]}}, {"type": "Feature", "properties": {"threshold": "ge_6", "source": "HistorySUHI", "period": "2013-2026", "hotspot_percentile": "top_10_pct", "label": ">= 6 estati"}, "geometry": {"type": "Polygon", "coordinates": [[[11.424492306198756, 44.522071134282996], [11.424503504047197, 44.52234097259777], [11.424880678801355, 44.52233296075797], [11.424891878544681, 44.522602798982746], [11.424514702052637, 44.5226108108975], [11.42452590021508, 44.52288064918222], [11.424903078445038, 44.52287263719249], [11.424909953119016, 44.52303826111097], [11.424988015916334, 44.5230162788555], [11.425003606899551, 44.52301172544452], [11.425217838120965, 44.522947604226715], [11.425262464823588, 44.522924986956234], [11.425334858597038, 44.522888302895865], [11.425336543703885, 44.52288736683803], [11.425381123541761, 44.522767838198625], [11.425380514210579, 44.52276710393491], [11.425334852670428, 44.52272902112239], [11.424793267596046, 44.5220647413762], [11.424492306198756, 44.522071134282996]]]}}]}