{"type": "FeatureCollection", "features": [{"type": "Feature", "properties": {"threshold": "ge_5", "source": "HistorySUHI", "period": "2013-2025", "hotspot_percentile": "top_10_pct", "label": ">= 5 estati"}, "geometry": {"type": "Polygon", "coordinates": [[[11.261376000498286, 44.49192946505718], [11.261753023190643, 44.49192199594091], [11.26176345883645, 44.49219186710287], [11.262140483118477, 44.49218439667315], [11.262161358320919, 44.492724138812996], [11.263669467873573, 44.4926942440991], [11.263659023255222, 44.492424373316304], [11.264413073681217, 44.49240941863788], [11.264392177939936, 44.49186967730798], [11.264769199461371, 44.49186219824343], [11.264737851740158, 44.491052586347955], [11.266622931111556, 44.49101517342259], [11.266612473484942, 44.490745303111396], [11.26698948718373, 44.4907378168659], [11.266972081669334, 44.49028871085251], [11.266771194119787, 44.490329932676644], [11.266567716933062, 44.49037281003732], [11.26592972457093, 44.49050752359798], [11.265870909157133, 44.490520016282325], [11.264759510290515, 44.490756377371106], [11.264071832933858, 44.49090575916801], [11.26402761636276, 44.490906501057246], [11.264027317187702, 44.49090657000878], [11.263959783252089, 44.49092161130197], [11.263710083219534, 44.49097751773258], [11.263603981618202, 44.491001155850256], [11.263011787659206, 44.49113312642855], [11.262969254214168, 44.491142594070325], [11.26275959947422, 44.49118945821045], [11.261882949016837, 44.491395894723205], [11.261831446964605, 44.49140078626849], [11.26178185670769, 44.491391694888236], [11.26177407614351, 44.49139441478231], [11.261705736836836, 44.491418581326215], [11.26140592016032, 44.49150914532834], [11.26136028472078, 44.4915229678129], [11.261376000498286, 44.49192946505718]]]}}, {"type": "Feature", "properties": {"threshold": "ge_5", "source": "HistorySUHI", "period": "2013-2025", "hotspot_percentile": "top_10_pct", "label": ">= 5 estati"}, "geometry": {"type": "Polygon", "coordinates": [[[11.248309994846094, 44.496508788546606], [11.248085752084423, 44.496471830087984], [11.247625484259013, 44.49639263162503], [11.247620620462834, 44.496448696507294], [11.247626428498739, 44.49647643617802], [11.247636645243576, 44.496522045661905], [11.248309994846094, 44.496508788546606]]]}}, {"type": "Feature", "properties": {"threshold": "ge_5", "source": "HistorySUHI", "period": "2013-2025", "hotspot_percentile": "top_10_pct", "label": ">= 5 estati"}, "geometry": {"type": "Polygon", "coordinates": [[[11.24835647762345, 44.49677795109041], [11.249487649125596, 44.496755667040226], [11.249498029957133, 44.497025540252466], [11.24987508856995, 44.49701810967863], [11.24988547128348, 44.49728798280662], [11.25101665145795, 44.49726568341368], [11.2510270395265, 44.49753555631825], [11.251781162387706, 44.49752068369809], [11.251791554074895, 44.497790556448756], [11.252168617023504, 44.49778311820335], [11.252158223599809, 44.49751324552229], [11.253289406361835, 44.497490923532084], [11.253279765570166, 44.49724071556266], [11.253050209858175, 44.49721580913725], [11.252011004100543, 44.497110746205614], [11.251600376953368, 44.49707284269105], [11.251243109876064, 44.49703305719311], [11.251108944809754, 44.49701818384988], [11.251046337037486, 44.497005275333166], [11.250952415456858, 44.496985980208606], [11.250850644759513, 44.49696602053116], [11.250584411354504, 44.496921125077186], [11.250443904354585, 44.496888523839054], [11.249959398463917, 44.49679347291092], [11.249216923949527, 44.496656068195776], [11.249140828010551, 44.49664269517222], [11.248772185712111, 44.49657814384547], [11.248605101912649, 44.496555651624206], [11.24854651484998, 44.49654783902747], [11.24842363849646, 44.49652751866801], [11.24834635990139, 44.49651478203501], [11.24835647762345, 44.49677795109041]]]}}, {"type": "Feature", "properties": {"threshold": "ge_5", "source": "HistorySUHI", "period": "2013-2025", "hotspot_percentile": "top_10_pct", "label": ">= 5 estati"}, "geometry": {"type": "Polygon", "coordinates": [[[11.25580390962294, 44.49420033039429], [11.255630361590484, 44.49420375918091], [11.255675051116029, 44.49427366508168], [11.2557054087825, 44.49432083300437], [11.255734278336403, 44.49437637572871], [11.255742424925355, 44.49439193328499], [11.255781018248259, 44.4944755520046], [11.255805128526868, 44.49452378862048], [11.255817313537968, 44.49454784256045], [11.25580390962294, 44.49420033039429]]]}}, {"type": "Feature", "properties": {"threshold": "ge_5", "source": "HistorySUHI", "period": "2013-2025", "hotspot_percentile": "top_10_pct", "label": ">= 5 estati"}, "geometry": {"type": "Polygon", "coordinates": [[[11.238769906867123, 44.5026379872269], [11.240278296232015, 44.50260839621267], [11.240267955913646, 44.50233852155985], [11.240645051155523, 44.5023311207654], [11.240624367479755, 44.50179137155416], [11.241001459102735, 44.50178396965421], [11.24099466081471, 44.50160659031493], [11.240970808414188, 44.50161276704851], [11.240926804139564, 44.50162419089146], [11.240910911430724, 44.50162897714853], [11.240741351398327, 44.50168036125605], [11.240577631523362, 44.50175055392481], [11.240478232679756, 44.50180181193525], [11.24020315747229, 44.50198386798052], [11.240005677588039, 44.502103093209435], [11.240005592011894, 44.50210315790671], [11.239978243276118, 44.502117567521424], [11.239744431457234, 44.50224100718721], [11.239578373013215, 44.502318527391324], [11.239359333866958, 44.502416838317764], [11.239110716476759, 44.502526883177886], [11.23911036865371, 44.50252699803112], [11.239046606118258, 44.502547748252205], [11.23897637005717, 44.502570596968155], [11.238838238532535, 44.502596937820904], [11.2387685978628, 44.50260379993629], [11.238769906867123, 44.5026379872269]]]}}, {"type": "Feature", "properties": {"threshold": "ge_5", "source": "HistorySUHI", "period": "2013-2025", "hotspot_percentile": "top_10_pct", "label": ">= 5 estati"}, "geometry": {"type": "Polygon", "coordinates": [[[11.260809724929844, 44.496802081992826], [11.260432670547768, 44.49680954863611], [11.260453533361392, 44.497349290973695], [11.260830591216289, 44.49734182419064], [11.260809724929844, 44.496802081992826]]]}}, {"type": "Feature", "properties": {"threshold": "ge_5", "source": "HistorySUHI", "period": "2013-2025", "hotspot_percentile": "top_10_pct", "label": ">= 5 estati"}, "geometry": {"type": "Polygon", "coordinates": [[[11.257907904781161, 44.499830367818156], [11.257949588800242, 44.500909853741234], [11.259080832723708, 44.500887473057496], [11.259070406289542, 44.50061760180828], [11.259447485568312, 44.50061013916234], [11.259395346906528, 44.49926078304436], [11.258641205569592, 44.49927570639402], [11.258651629536327, 44.49954557778674], [11.258274556912022, 44.499553037665585], [11.258284979288234, 44.4998229091134], [11.257907904781161, 44.499830367818156]]]}}, {"type": "Feature", "properties": {"threshold": "ge_5", "source": "HistorySUHI", "period": "2013-2025", "hotspot_percentile": "top_10_pct", "label": ">= 5 estati"}, "geometry": {"type": "Polygon", "coordinates": [[[11.235773760567762, 44.50323686046219], [11.235773172628216, 44.5032214850662], [11.235719585056652, 44.50323532979143], [11.235721296768974, 44.50323788751854], [11.235773760567762, 44.50323686046219]]]}}, {"type": "Feature", "properties": {"threshold": "ge_5", "source": "HistorySUHI", "period": "2013-2025", "hotspot_percentile": "top_10_pct", "label": ">= 5 estati"}, "geometry": {"type": "Polygon", "coordinates": [[[11.258018889444763, 44.52224457767234], [11.257641670271468, 44.52225203843828], [11.257610388039105, 44.521442426882444], [11.256855959685865, 44.52145734426096], [11.256876807406618, 44.52199708559211], [11.257254025133639, 44.52198962738568], [11.257274876916464, 44.52252936851831], [11.258029318886694, 44.52251444809165], [11.258018889444763, 44.52224457767234]]]}}, {"type": "Feature", "properties": {"threshold": "ge_5", "source": "HistorySUHI", "period": "2013-2025", "hotspot_percentile": "top_10_pct", "label": ">= 5 estati"}, "geometry": {"type": "Polygon", "coordinates": [[[11.243736276573065, 44.52387657680365], [11.243767369296718, 44.52468619573175], [11.244144607774954, 44.52467878047143], [11.24415497404584, 44.52494865334863], [11.24453221411771, 44.524941236773905], [11.244542582272974, 44.52521110956698], [11.245674306833187, 44.52518885216445], [11.245684680350951, 44.52545872473452], [11.246439166141876, 44.52544388010214], [11.246428789146051, 44.52517400767099], [11.246051548062365, 44.52518143054022], [11.246020423164898, 44.52437181295005], [11.24564318715267, 44.52437923436592], [11.245632814216746, 44.524109361736976], [11.244878345233822, 44.52412420069487], [11.244867975921178, 44.52385432791234], [11.243736276573065, 44.52387657680365]]]}}, {"type": "Feature", "properties": {"threshold": "ge_5", "source": "HistorySUHI", "period": "2013-2025", "hotspot_percentile": "top_10_pct", "label": ">= 5 estati"}, "geometry": {"type": "Polygon", "coordinates": [[[11.254367079237706, 44.54500315888579], [11.253989712172515, 44.54501061056872], [11.25400013127767, 44.54528048065737], [11.254377500083644, 44.54527302890469], [11.254367079237706, 44.54500315888579]]]}}, {"type": "Feature", "properties": {"threshold": "ge_5", "source": "HistorySUHI", "period": "2013-2025", "hotspot_percentile": "top_10_pct", "label": ">= 5 estati"}, "geometry": {"type": "Polygon", "coordinates": [[[11.243118587216035, 44.54711527185345], [11.243128956855445, 44.54738514385633], [11.243506342076165, 44.54737772774855], [11.243495970695728, 44.547107855815064], [11.243118587216035, 44.54711527185345]]]}}, {"type": "Feature", "properties": {"threshold": "ge_5", "source": "HistorySUHI", "period": "2013-2025", "hotspot_percentile": "top_10_pct", "label": ">= 5 estati"}, "geometry": {"type": "Polygon", "coordinates": [[[11.245047017411052, 44.5481576657365], [11.24503663862982, 44.5478877941249], [11.24465925050903, 44.547895215355524], [11.244669627549172, 44.548165087036566], [11.243914847388778, 44.54817992589866], [11.243883727151411, 44.54737031039476], [11.243506342076165, 44.54737772774855], [11.243516713602073, 44.54764759966731], [11.243139326640303, 44.5476550158445], [11.243201548403984, 44.54927424746446], [11.245465930672664, 44.549229729211795], [11.245455549567927, 44.54895985772851], [11.245832944362029, 44.548952433728], [11.245812179107086, 44.54841269085626], [11.245434787795274, 44.54842011471783], [11.245424407127356, 44.54815024319041], [11.245047017411052, 44.5481576657365]]]}}, {"type": "Feature", "properties": {"threshold": "ge_5", "source": "HistorySUHI", "period": "2013-2025", "hotspot_percentile": "top_10_pct", "label": ">= 5 estati"}, "geometry": {"type": "Polygon", "coordinates": [[[11.247027458472816, 44.55054938126112], [11.246650053668272, 44.55055680941683], [11.24666044087069, 44.550826680603315], [11.247037847416552, 44.55081925237807], [11.247027458472816, 44.55054938126112]]]}}, {"type": "Feature", "properties": {"threshold": "ge_5", "source": "HistorySUHI", "period": "2013-2025", "hotspot_percentile": "top_10_pct", "label": ">= 5 estati"}, "geometry": {"type": "Polygon", "coordinates": [[[11.24743603562405, 44.55135156495742], [11.248190854952467, 44.55133670199814], [11.248180460493186, 44.551066831119236], [11.247803052643228, 44.5510742631524], [11.247782267644716, 44.55053452121132], [11.247404863131637, 44.550541951859266], [11.247415253816694, 44.5508118229067], [11.247037847416552, 44.55081925237807], [11.247048236506012, 44.55108912348031], [11.247425644647496, 44.55108169393943], [11.24743603562405, 44.55135156495742]]]}}, {"type": "Feature", "properties": {"threshold": "ge_5", "source": "HistorySUHI", "period": "2013-2025", "hotspot_percentile": "top_10_pct", "label": ">= 5 estati"}, "geometry": {"type": "Polygon", "coordinates": [[[11.244835679988237, 44.55248303193181], [11.244458262120022, 44.55249045309696], [11.244468639893382, 44.552760324597244], [11.244846059503104, 44.552752903362645], [11.244835679988237, 44.55248303193181]]]}}, {"type": "Feature", "properties": {"threshold": "ge_5", "source": "HistorySUHI", "period": "2013-2025", "hotspot_percentile": "top_10_pct", "label": ">= 5 estati"}, "geometry": {"type": "Polygon", "coordinates": [[[11.246722767144954, 44.55244590741305], [11.246753932249188, 44.55325552061919], [11.247508776541133, 44.55324066167116], [11.247529560972195, 44.55378040345687], [11.247906986382668, 44.55377297197441], [11.247917380558468, 44.55404284277565], [11.248672234425204, 44.554027975932875], [11.24863064466425, 44.55294849319614], [11.249008064412596, 44.55294105818368], [11.248966470019223, 44.551861575489646], [11.247834231234316, 44.5518838759536], [11.247875804730057, 44.55296335948242], [11.247120964212698, 44.552978220783814], [11.247089794321138, 44.552168607742075], [11.245957548125531, 44.55219088972199], [11.245967932719237, 44.55246076095916], [11.246722767144954, 44.55244590741305]], [[11.24825322477006, 44.552955926962376], [11.248242829435934, 44.55268605617181], [11.248620247588617, 44.552678622475135], [11.24863064466425, 44.55294849319614], [11.24825322477006, 44.552955926962376]]]}}, {"type": "Feature", "properties": {"threshold": "ge_5", "source": "HistorySUHI", "period": "2013-2025", "hotspot_percentile": "top_10_pct", "label": ">= 5 estati"}, "geometry": {"type": "Polygon", "coordinates": [[[11.244479017812315, 44.55303019608284], [11.244499774086895, 44.55356993900985], [11.244877198921282, 44.553562517566895], [11.244866818969625, 44.5532926461802], [11.245621664718419, 44.5532777996945], [11.245611281429259, 44.55300792843202], [11.244479017812315, 44.55303019608284]]]}}, {"type": "Feature", "properties": {"threshold": "ge_5", "source": "HistorySUHI", "period": "2013-2025", "hotspot_percentile": "top_10_pct", "label": ">= 5 estati"}, "geometry": {"type": "Polygon", "coordinates": [[[11.245265005448928, 44.55382496618022], [11.245254623610068, 44.5535550948777], [11.244877198921282, 44.553562517566895], [11.24488757901854, 44.553832388938886], [11.245265005448928, 44.55382496618022]]]}}, {"type": "Feature", "properties": {"threshold": "ge_5", "source": "HistorySUHI", "period": "2013-2025", "hotspot_percentile": "top_10_pct", "label": ">= 5 estati"}, "geometry": {"type": "Polygon", "coordinates": [[[11.244510152442551, 44.55383981045128], [11.244499774086895, 44.55356993900985], [11.24412234910693, 44.55357735920655], [11.24413272572098, 44.553847230717416], [11.244510152442551, 44.55383981045128]]]}}, {"type": "Feature", "properties": {"threshold": "ge_5", "source": "HistorySUHI", "period": "2013-2025", "hotspot_percentile": "top_10_pct", "label": ">= 5 estati"}, "geometry": {"type": "Polygon", "coordinates": [[[11.247529560972195, 44.55378040345687], [11.247152135415945, 44.55378783369306], [11.247162526108525, 44.55405770463336], [11.247539953406385, 44.55405027432763], [11.247529560972195, 44.55378040345687]]]}}, {"type": "Feature", "properties": {"threshold": "ge_5", "source": "HistorySUHI", "period": "2013-2025", "hotspot_percentile": "top_10_pct", "label": ">= 5 estati"}, "geometry": {"type": "Polygon", "coordinates": [[[11.246428445931386, 44.55461230362054], [11.246418058430624, 44.55434243257066], [11.245663199331565, 44.554357284597224], [11.24567358334899, 44.5546271557861], [11.246428445931386, 44.55461230362054]]]}}, {"type": "Feature", "properties": {"threshold": "ge_5", "source": "HistorySUHI", "period": "2013-2025", "hotspot_percentile": "top_10_pct", "label": ">= 5 estati"}, "geometry": {"type": "Polygon", "coordinates": [[[11.246438833577859, 44.55488217465572], [11.246061400617812, 44.55488960143114], [11.24607178666828, 44.5551594725211], [11.24644922137004, 44.55515204567617], [11.246438833577859, 44.55488217465572]]]}}, {"type": "Feature", "properties": {"threshold": "ge_5", "source": "HistorySUHI", "period": "2013-2025", "hotspot_percentile": "top_10_pct", "label": ">= 5 estati"}, "geometry": {"type": "Polygon", "coordinates": [[[11.252446495003952, 44.553953566943726], [11.252452953358663, 44.554120910091754], [11.252577281059203, 44.55395098591889], [11.252446495003952, 44.553953566943726]]]}}, {"type": "Feature", "properties": {"threshold": "ge_5", "source": "HistorySUHI", "period": "2013-2025", "hotspot_percentile": "top_10_pct", "label": ">= 5 estati"}, "geometry": {"type": "Polygon", "coordinates": [[[11.252079483082495, 44.554230883471504], [11.252089896707963, 44.5545007534775], [11.251712467677805, 44.55450819887764], [11.251732783720017, 44.55503476424501], [11.251876572115883, 44.5548619035775], [11.252105620087045, 44.55458650839544], [11.25216113674027, 44.55451974878414], [11.252376781293504, 44.55422501782569], [11.252079483082495, 44.554230883471504]]]}}, {"type": "Feature", "properties": {"threshold": "ge_5", "source": "HistorySUHI", "period": "2013-2025", "hotspot_percentile": "top_10_pct", "label": ">= 5 estati"}, "geometry": {"type": "Polygon", "coordinates": [[[11.251366269804384, 44.55532525337915], [11.251371803971574, 44.55546871077255], [11.251493223031103, 44.55532274940526], [11.251366269804384, 44.55532525337915]]]}}, {"type": "Feature", "properties": {"threshold": "ge_5", "source": "HistorySUHI", "period": "2013-2025", "hotspot_percentile": "top_10_pct", "label": ">= 5 estati"}, "geometry": {"type": "Polygon", "coordinates": [[[11.28582943868683, 44.490092052446734], [11.285452434083973, 44.49009960079385], [11.28546297835084, 44.490369467602584], [11.285839984689368, 44.49036191918481], [11.28582943868683, 44.490092052446734]]]}}, {"type": "Feature", "properties": {"threshold": "ge_5", "source": "HistorySUHI", "period": "2013-2025", "hotspot_percentile": "top_10_pct", "label": ">= 5 estati"}, "geometry": {"type": "Polygon", "coordinates": [[[11.285861077137922, 44.49090165261666], [11.285850530839731, 44.49063178590812], [11.285096514543476, 44.490646881641524], [11.28510705737022, 44.49091674849131], [11.285861077137922, 44.49090165261666]]]}}, {"type": "Feature", "properties": {"threshold": "ge_5", "source": "HistorySUHI", "period": "2013-2025", "hotspot_percentile": "top_10_pct", "label": ">= 5 estati"}, "geometry": {"type": "Polygon", "coordinates": [[[11.28471950617367, 44.49065442764307], [11.283965488990816, 44.4906695159159], [11.283986564377637, 44.491209250024355], [11.284740588503459, 44.491194161469124], [11.28471950617367, 44.49065442764307]]]}}, {"type": "Feature", "properties": {"threshold": "ge_5", "source": "HistorySUHI", "period": "2013-2025", "hotspot_percentile": "top_10_pct", "label": ">= 5 estati"}, "geometry": {"type": "Polygon", "coordinates": [[[11.26180520288253, 44.493271351603234], [11.26105113999152, 44.49328628929117], [11.261072005947952, 44.493826031732496], [11.261826075783317, 44.493811093764975], [11.26180520288253, 44.493271351603234]]]}}, {"type": "Feature", "properties": {"threshold": "ge_5", "source": "HistorySUHI", "period": "2013-2025", "hotspot_percentile": "top_10_pct", "label": ">= 5 estati"}, "geometry": {"type": "Polygon", "coordinates": [[[11.281452739569831, 44.49396069539299], [11.281442212477408, 44.49369082800008], [11.280688154448153, 44.493705895442055], [11.280698678068534, 44.493975762976], [11.280321647096601, 44.49398329490212], [11.280332169128451, 44.49425316249176], [11.279955136272973, 44.4942606932448], [11.279965656716243, 44.494530560890134], [11.280342691307794, 44.494523030066645], [11.280353213634639, 44.49479289762675], [11.280730249814791, 44.49478536548916], [11.280719725751851, 44.494515497999544], [11.281850828198786, 44.49449289433661], [11.281861357470001, 44.494762761614695], [11.282615428502195, 44.49474768614698], [11.28259436316307, 44.494207951858215], [11.281840299075167, 44.494223027043766], [11.28182977009914, 44.49395315973613], [11.281452739569831, 44.49396069539299]]]}}, {"type": "Feature", "properties": {"threshold": "ge_5", "source": "HistorySUHI", "period": "2013-2025", "hotspot_percentile": "top_10_pct", "label": ">= 5 estati"}, "geometry": {"type": "Polygon", "coordinates": [[[11.26451756117535, 44.49510812440257], [11.263386433233824, 44.49513055665409], [11.263375989033909, 44.494860685934036], [11.2629989478301, 44.494868160793914], [11.263019832903886, 44.49540790235915], [11.263396877580144, 44.49540042735937], [11.263407322072876, 44.49567029804992], [11.264538460431858, 44.49564786537853], [11.26451756117535, 44.49510812440257]]]}}, {"type": "Feature", "properties": {"threshold": "ge_5", "source": "HistorySUHI", "period": "2013-2025", "hotspot_percentile": "top_10_pct", "label": ">= 5 estati"}, "geometry": {"type": "Polygon", "coordinates": [[[11.284144648613262, 44.495257253953305], [11.283767610289486, 44.49526479742458], [11.283799225917022, 44.49607439802309], [11.284930356070609, 44.49605176324291], [11.28490926842077, 44.495512029949], [11.284155188744197, 44.49552712076366], [11.284144648613262, 44.495257253953305]]]}}, {"type": "Feature", "properties": {"threshold": "ge_5", "source": "HistorySUHI", "period": "2013-2025", "hotspot_percentile": "top_10_pct", "label": ">= 5 estati"}, "geometry": {"type": "Polygon", "coordinates": [[[11.284627112110227, 44.497948375970715], [11.284637655455166, 44.498218242562636], [11.285768826393133, 44.49819559862529], [11.285726633064005, 44.49711613301649], [11.285349583177897, 44.49712368195677], [11.285328490873061, 44.49658394892238], [11.28570553728663, 44.49657640012339], [11.285684442100685, 44.496036667171154], [11.284930356070609, 44.49605176324291], [11.285004167500999, 44.49794082930597], [11.284627112110227, 44.497948375970715]]]}}, {"type": "Feature", "properties": {"threshold": "ge_5", "source": "HistorySUHI", "period": "2013-2025", "hotspot_percentile": "top_10_pct", "label": ">= 5 estati"}, "geometry": {"type": "Polygon", "coordinates": [[[11.276929590220313, 44.503773795041866], [11.27617539985892, 44.503788835357796], [11.276196413006186, 44.50432857114899], [11.276573511734469, 44.50432105147228], [11.276563003350214, 44.504051183654454], [11.276940100194201, 44.5040436628041], [11.276929590220313, 44.503773795041866]]]}}, {"type": "Feature", "properties": {"threshold": "ge_5", "source": "HistorySUHI", "period": "2013-2025", "hotspot_percentile": "top_10_pct", "label": ">= 5 estati"}, "geometry": {"type": "Polygon", "coordinates": [[[11.270162813337896, 44.5044487167858], [11.269408610732986, 44.50446371259743], [11.269419086261117, 44.50473358173556], [11.270173292340115, 44.504718585783614], [11.270162813337896, 44.5044487167858]]]}}, {"type": "Feature", "properties": {"threshold": "ge_5", "source": "HistorySUHI", "period": "2013-2025", "hotspot_percentile": "top_10_pct", "label": ">= 5 estati"}, "geometry": {"type": "Polygon", "coordinates": [[[11.284147085587183, 44.504979995827085], [11.28411545533053, 44.50417039669186], [11.283738359553272, 44.5041779412491], [11.283769984598997, 44.50498754059613], [11.284147085587183, 44.504979995827085]]]}}, {"type": "Feature", "properties": {"threshold": "ge_5", "source": "HistorySUHI", "period": "2013-2025", "hotspot_percentile": "top_10_pct", "label": ">= 5 estati"}, "geometry": {"type": "Polygon", "coordinates": [[[11.272854975104316, 44.505745534641], [11.27323208384275, 44.505738025809364], [11.273253071257914, 44.50627776251896], [11.273630183323544, 44.50627025230266], [11.273598697210044, 44.50546064742695], [11.27397580391711, 44.5054531361774], [11.273965307103127, 44.50518326792627], [11.273588202133153, 44.50519077910553], [11.273577707203394, 44.50492091076933], [11.273200603823357, 44.50492842063424], [11.273211097016045, 44.50519828904071], [11.272833991751826, 44.50520579773181], [11.272854975104316, 44.505745534641]]]}}, {"type": "Feature", "properties": {"threshold": "ge_5", "source": "HistorySUHI", "period": "2013-2025", "hotspot_percentile": "top_10_pct", "label": ">= 5 estati"}, "geometry": {"type": "Polygon", "coordinates": [[[11.283403423703483, 44.50526495061117], [11.283026320682715, 44.5052724929627], [11.283047398132808, 44.50581222603962], [11.283801610974832, 44.50579713981015], [11.28379106870176, 44.505527273420256], [11.283413964091709, 44.50553481708644], [11.283403423703483, 44.50526495061117]]]}}, {"type": "Feature", "properties": {"threshold": "ge_5", "source": "HistorySUHI", "period": "2013-2025", "hotspot_percentile": "top_10_pct", "label": ">= 5 estati"}, "geometry": {"type": "Polygon", "coordinates": [[[11.272509337139189, 44.50656264769236], [11.27248835637852, 44.50602291073123], [11.27211124560878, 44.50603041714489], [11.272121734178405, 44.506300285703084], [11.271744621524444, 44.506307790942856], [11.271734134691997, 44.50603792231443], [11.271357023628191, 44.50604542623983], [11.271377993965727, 44.50658516362239], [11.272509337139189, 44.50656264769236]]]}}, {"type": "Feature", "properties": {"threshold": "ge_5", "source": "HistorySUHI", "period": "2013-2025", "hotspot_percentile": "top_10_pct", "label": ">= 5 estati"}, "geometry": {"type": "Polygon", "coordinates": [[[11.283100094343682, 44.50716155847329], [11.28272297901527, 44.507169100074776], [11.282733516963493, 44.507438966587735], [11.283487750947005, 44.50742388199947], [11.283466668249448, 44.506884149241074], [11.283089554805995, 44.506891692016126], [11.283100094343682, 44.50716155847329]]]}}, {"type": "Feature", "properties": {"threshold": "ge_5", "source": "HistorySUHI", "period": "2013-2025", "hotspot_percentile": "top_10_pct", "label": ">= 5 estati"}, "geometry": {"type": "Polygon", "coordinates": [[[11.271996349615518, 44.51278463359713], [11.271619195114939, 44.512792139278346], [11.271629683885898, 44.51306200760801], [11.272006840124265, 44.51305450185656], [11.271996349615518, 44.51278463359713]]]}}, {"type": "Feature", "properties": {"threshold": "ge_5", "source": "HistorySUHI", "period": "2013-2025", "hotspot_percentile": "top_10_pct", "label": ">= 5 estati"}, "geometry": {"type": "Polygon", "coordinates": [[[11.267093329644426, 44.51288211038797], [11.266716173233993, 44.51288959989166], [11.266726639413491, 44.5131594691334], [11.267103797561745, 44.513151979559616], [11.267093329644426, 44.51288211038797]]]}}, {"type": "Feature", "properties": {"threshold": "ge_5", "source": "HistorySUHI", "period": "2013-2025", "hotspot_percentile": "top_10_pct", "label": ">= 5 estati"}, "geometry": {"type": "Polygon", "coordinates": [[[11.285626580307705, 44.51386292876953], [11.284495106226759, 44.51388557753429], [11.284505654820537, 44.51415544339533], [11.283751334551395, 44.51417053649092], [11.28367752182926, 44.5122814741645], [11.283300373637209, 44.51228901835142], [11.283268747043895, 44.51147941977801], [11.28289160391695, 44.51148696250879], [11.282881063752374, 44.511217096217514], [11.281749638697766, 44.51123971673219], [11.281760173649555, 44.51150958323515], [11.28138302993165, 44.5115171209886], [11.281372496717463, 44.511247254415096], [11.28099535458948, 44.51125479085368], [11.280984823260548, 44.51098492419486], [11.280607682722493, 44.51099245931861], [11.280586623982666, 44.51045272581561], [11.279832349413901, 44.51046779204816], [11.279821823740445, 44.510197925133504], [11.279067552056421, 44.51021298624792], [11.279078074254844, 44.510482853303515], [11.278700936454019, 44.51049038206475], [11.278721977818321, 44.511030116272536], [11.278344836394878, 44.51103764393036], [11.278355355560688, 44.511307511082535], [11.277978212252163, 44.51131503756647], [11.278009765421562, 44.51212463914568], [11.279141210543466, 44.51210205532686], [11.279151733774606, 44.512371922279044], [11.279906033260264, 44.51235686003703], [11.279895506553748, 44.51208699322579], [11.28027265433752, 44.51207946030871], [11.28028318278172, 44.51234932704945], [11.281037481381764, 44.51233425734117], [11.281048013448986, 44.512604123926096], [11.281425164265226, 44.512596587134865], [11.281456766566139, 44.513406186589414], [11.281079610536654, 44.513413723592244], [11.281090143194552, 44.51368359011808], [11.28071298527959, 44.513691125947], [11.280734047562744, 44.51423085909537], [11.279602562505005, 44.51425345953853], [11.27961308865443, 44.514523326302054], [11.279235924935437, 44.514530857364676], [11.279267499055441, 44.51534045777802], [11.278890329975082, 44.51534798780756], [11.278911376650269, 44.51588772148354], [11.279288549206619, 44.51588019131305], [11.279299074503566, 44.51615005805841], [11.280053422649571, 44.51613499384288], [11.280063951570199, 44.51640486043248], [11.281572653042694, 44.51637471678487], [11.281562117169889, 44.516104850477355], [11.283825154518208, 44.516059598093044], [11.283814608365079, 44.51578973219423], [11.284946119829357, 44.51576708941284], [11.284935568610178, 44.51549722371113], [11.285312737064459, 44.51548967369896], [11.285291631594045, 44.514949942392526], [11.28566879642451, 44.51494239127719], [11.285626580307705, 44.51386292876953]]]}}, {"type": "Feature", "properties": {"threshold": "ge_5", "source": "HistorySUHI", "period": "2013-2025", "hotspot_percentile": "top_10_pct", "label": ">= 5 estati"}, "geometry": {"type": "Polygon", "coordinates": [[[11.273557454917972, 44.51410393817219], [11.273934617372017, 44.514096425917415], [11.273924117585533, 44.51382655806843], [11.274301278154494, 44.51381904463949], [11.274280275547499, 44.51327930903784], [11.273148803826016, 44.51330184516949], [11.273159299842426, 44.51357171318858], [11.272782140569753, 44.513579222813874], [11.272792634995472, 44.5138490908885], [11.27354695686936, 44.51383407025291], [11.273557454917972, 44.51410393817219]]]}}, {"type": "Feature", "properties": {"threshold": "ge_5", "source": "HistorySUHI", "period": "2013-2025", "hotspot_percentile": "top_10_pct", "label": ">= 5 estati"}, "geometry": {"type": "Polygon", "coordinates": [[[11.27280312956833, 44.51411895894836], [11.271671640440358, 44.51414148077904], [11.2716926196, 44.514681217276], [11.2720697862656, 44.51467371110308], [11.27205929487431, 44.51440384293223], [11.272813624288334, 44.51438882699344], [11.27280312956833, 44.51411895894836]]]}}, {"type": "Feature", "properties": {"threshold": "ge_5", "source": "HistorySUHI", "period": "2013-2025", "hotspot_percentile": "top_10_pct", "label": ">= 5 estati"}, "geometry": {"type": "Polygon", "coordinates": [[[11.271933409651677, 44.511165423730645], [11.271179121355896, 44.51118043300587], [11.27116863535191, 44.51091056450265], [11.270791492721099, 44.510918067203534], [11.270812461400826, 44.51145780433561], [11.2693038755068, 44.511487803257175], [11.269335308776459, 44.51229740968684], [11.26895815672252, 44.51230490651678], [11.268968633035128, 44.51257477536732], [11.268214325011112, 44.51258976543428], [11.268235271125796, 44.51312950337163], [11.267103797561745, 44.513151979559616], [11.267114265625834, 44.513421848716504], [11.266737105739736, 44.51342933836036], [11.266747572212726, 44.5136992075726], [11.266370410442013, 44.513706696042085], [11.266380875323856, 44.51397656530963], [11.26600371166852, 44.51398405260471], [11.26601417495917, 44.514253921927576], [11.265637009419207, 44.51426140804825], [11.265689319383092, 44.51561075479161], [11.265312145006451, 44.51561824001801], [11.265333066542674, 44.5161579787522], [11.264955888543188, 44.51616546287412], [11.264976807189832, 44.5167052016894], [11.26459962556742, 44.51671268470678], [11.264620541324312, 44.517252423603125], [11.26424335607889, 44.51725990551595], [11.26425381243906, 44.517529775012], [11.263499438031948, 44.51754473524375], [11.263509891062224, 44.51781460486508], [11.26313270190055, 44.51782208318397], [11.26315360492422, 44.51836182252234], [11.26277641213941, 44.51836929973652], [11.262818212991867, 44.51944877851619], [11.262441013107043, 44.519456254765544], [11.262461910935572, 44.51999599420683], [11.262084707427345, 44.52000346935137], [11.26210560236494, 44.5205432088736], [11.261728395233222, 44.52055068291327], [11.261717949429691, 44.520280813089585], [11.261340743890017, 44.52028828581454], [11.261372076524415, 44.52109789545114], [11.260994865622678, 44.5211053671411], [11.26101575130066, 44.521645106964975], [11.262524607937586, 44.521615212176805], [11.26253505795076, 44.52188508178686], [11.262912273482357, 44.52187760490779], [11.262901821730555, 44.521607735367716], [11.264033462230046, 44.5215852974715], [11.264023005409003, 44.52131542812665], [11.264777428198386, 44.52130046344513], [11.264766968046832, 44.52103059422557], [11.265898595915113, 44.52100813807742], [11.265877665620861, 44.520468400014366], [11.266254871139797, 44.52046091228223], [11.266244404474294, 44.52019104329863], [11.26699881159489, 44.520176064240225], [11.26698834159924, 44.51990619538207], [11.267365543200883, 44.51989870405584], [11.26735507161361, 44.51962883525304], [11.268109470899535, 44.51961384900665], [11.26809899598229, 44.519343980329324], [11.26885339120392, 44.519328989244336], [11.26884291295681, 44.51905912069255], [11.26997449947218, 44.51903662494029], [11.269890637066117, 44.51687767767891], [11.26951345561397, 44.51688517694623], [11.269492494958499, 44.51634543984296], [11.26911531683567, 44.51635293772534], [11.269104838466447, 44.51608306908139], [11.268727661934797, 44.51609056564904], [11.268706709113227, 44.51555082817658], [11.268329535910812, 44.51555832335937], [11.268287638982278, 44.51447884795682], [11.268664805232723, 44.514471353054574], [11.268654329629799, 44.51420148423719], [11.269031493995437, 44.51419398816061], [11.269021016801485, 44.513924119398624], [11.269398179282323, 44.51391662214772], [11.269408658214177, 44.51418649083954], [11.271671640440358, 44.51414148077904], [11.271661151081146, 44.51387161250843], [11.271283989482201, 44.513879117226146], [11.271273502007917, 44.513609248870544], [11.271650661868998, 44.513601744223045], [11.271629683885898, 44.51306200760801], [11.271252527500469, 44.51306951211504], [11.2712420404673, 44.51279964371515], [11.271619195114939, 44.512792139278346], [11.271587729684398, 44.51198253420081], [11.271964878971763, 44.51197502873032], [11.27195438905133, 44.51170516041185], [11.27120009380493, 44.51172016996799], [11.271189607506903, 44.51145030149431], [11.27194389927797, 44.51143529207862], [11.271933409651677, 44.511165423730645]], [[11.271263014680674, 44.51333938050016], [11.270885856410393, 44.51334688383297], [11.270875370968003, 44.513077015377625], [11.271252527500469, 44.51306951211504], [11.271263014680674, 44.51333938050016]]]}}, {"type": "Feature", "properties": {"threshold": "ge_5", "source": "HistorySUHI", "period": "2013-2025", "hotspot_percentile": "top_10_pct", "label": ">= 5 estati"}, "geometry": {"type": "Polygon", "coordinates": [[[11.272740820143602, 44.52222250450883], [11.27236360495317, 44.52223001389367], [11.272353109442154, 44.52196014613615], [11.271975895843168, 44.521967654205895], [11.27196540221791, 44.521697786363355], [11.271588190210371, 44.521705293118046], [11.27159868209704, 44.521975161030845], [11.270844254163451, 44.52199017094628], [11.270854742719996, 44.52226003898479], [11.27010031072088, 44.52227504406138], [11.270110795947197, 44.522544912225534], [11.269356359882677, 44.52255991246318], [11.269366841778663, 44.52282978075296], [11.268989621787242, 44.522837279074686], [11.2690001020915, 44.52310714741987], [11.269377323821626, 44.52309964902798], [11.269387806011574, 44.523369517288245], [11.270142252508313, 44.52335451662947], [11.270131766840912, 44.52308464850958], [11.270508988130016, 44.52307714638309], [11.270519475536144, 44.523347014432765], [11.271651143737193, 44.5233245003734], [11.271640651114911, 44.52305463253441], [11.272017871815653, 44.52304712542846], [11.27200737760181, 44.52277725764496], [11.272761815084438, 44.52276223983903], [11.272740820143602, 44.52222250450883]]]}}, {"type": "Feature", "properties": {"threshold": "ge_5", "source": "HistorySUHI", "period": "2013-2025", "hotspot_percentile": "top_10_pct", "label": ">= 5 estati"}, "geometry": {"type": "Polygon", "coordinates": [[[11.264840192187926, 44.52291967845272], [11.263708526488127, 44.52294212486812], [11.263718982450225, 44.52321199419448], [11.264850653366242, 44.52318954756903], [11.264840192187926, 44.52291967845272]]]}}, {"type": "Feature", "properties": {"threshold": "ge_5", "source": "HistorySUHI", "period": "2013-2025", "hotspot_percentile": "top_10_pct", "label": ">= 5 estati"}, "geometry": {"type": "Polygon", "coordinates": [[[11.271001597955305, 44.52603818997398], [11.270980616870853, 44.5254984542955], [11.270603380079432, 44.525505958298865], [11.27062435768598, 44.526045694117784], [11.271001597955305, 44.52603818997398]]]}}, {"type": "Feature", "properties": {"threshold": "ge_5", "source": "HistorySUHI", "period": "2013-2025", "hotspot_percentile": "top_10_pct", "label": ">= 5 estati"}, "geometry": {"type": "Polygon", "coordinates": [[[11.276670701176153, 44.526195345181044], [11.276293461377035, 44.52620286806997], [11.276282946268564, 44.525933001237256], [11.275528469705913, 44.52594804313941], [11.275538981336473, 44.52621791011288], [11.274784500706305, 44.52623294717585], [11.274795009006294, 44.5265028142753], [11.274040524308736, 44.52651784649896], [11.274051029278054, 44.526787713724325], [11.273673784969287, 44.526795228038964], [11.273684288346873, 44.52706509531986], [11.273307042151773, 44.52707260845981], [11.273328045870647, 44.52761234311794], [11.272950796050118, 44.52761985515344], [11.272982297515512, 44.5284294572408], [11.272605042330298, 44.52843696824212], [11.272615541374066, 44.52870683564532], [11.274124568188078, 44.52867678388828], [11.274114062187545, 44.5284069167663], [11.277132094828922, 44.528346754050624], [11.277111055443578, 44.527807020888375], [11.277488305381913, 44.527799495086924], [11.277446221425146, 44.52672002886687], [11.277068978443035, 44.52672755438663], [11.277058459561665, 44.526457687724246], [11.276681218171047, 44.52646521192859], [11.276670701176153, 44.526195345181044]]]}}, {"type": "Feature", "properties": {"threshold": "ge_5", "source": "HistorySUHI", "period": "2013-2025", "hotspot_percentile": "top_10_pct", "label": ">= 5 estati"}, "geometry": {"type": "Polygon", "coordinates": [[[11.280558977406931, 44.52908857347702], [11.281313491869822, 44.52907349751286], [11.281281874292556, 44.52826390020637], [11.280150118029095, 44.528286511650144], [11.2801606518563, 44.52855637764536], [11.279406143463751, 44.528571445856905], [11.279437735396478, 44.529381044176915], [11.280569513416507, 44.52935843935738], [11.280558977406931, 44.52908857347702]]]}}, {"type": "Feature", "properties": {"threshold": "ge_5", "source": "HistorySUHI", "period": "2013-2025", "hotspot_percentile": "top_10_pct", "label": ">= 5 estati"}, "geometry": {"type": "Polygon", "coordinates": [[[11.2725322686047, 44.53627062873578], [11.273286880015531, 44.53625560390123], [11.273276375108523, 44.53598573698172], [11.272521767177448, 44.536000761675645], [11.2725322686047, 44.53627062873578]]]}}, {"type": "Feature", "properties": {"threshold": "ge_5", "source": "HistorySUHI", "period": "2013-2025", "hotspot_percentile": "top_10_pct", "label": ">= 5 estati"}, "geometry": {"type": "Polygon", "coordinates": [[[11.264315214724794, 44.538594521418375], [11.264317449034973, 44.538652141692125], [11.264354922482326, 44.538603817706765], [11.26436286441401, 44.538593576191474], [11.264315214724794, 44.538594521418375]]]}}, {"type": "Feature", "properties": {"threshold": "ge_5", "source": "HistorySUHI", "period": "2013-2025", "hotspot_percentile": "top_10_pct", "label": ">= 5 estati"}, "geometry": {"type": "Polygon", "coordinates": [[[11.2628791271677, 44.54051352973074], [11.262881668364015, 44.54057910193018], [11.262890370136622, 44.540565558634505], [11.2629243721916, 44.5405126327742], [11.2628791271677, 44.54051352973074]]]}}, {"type": "Feature", "properties": {"threshold": "ge_5", "source": "HistorySUHI", "period": "2013-2025", "hotspot_percentile": "top_10_pct", "label": ">= 5 estati"}, "geometry": {"type": "Polygon", "coordinates": [[[11.262512248114366, 44.5407908776658], [11.262521360605461, 44.5410260492926], [11.262707140316547, 44.54080578617531], [11.2627232414464, 44.54078669552283], [11.262512248114366, 44.5407908776658]]]}}, {"type": "Feature", "properties": {"threshold": "ge_5", "source": "HistorySUHI", "period": "2013-2025", "hotspot_percentile": "top_10_pct", "label": ">= 5 estati"}, "geometry": {"type": "Polygon", "coordinates": [[[11.26214536558033, 44.54106822448043], [11.262160315868547, 44.54145410916397], [11.262491575200636, 44.54106136330013], [11.26214536558033, 44.54106822448043]]]}}, {"type": "Feature", "properties": {"threshold": "ge_5", "source": "HistorySUHI", "period": "2013-2025", "hotspot_percentile": "top_10_pct", "label": ">= 5 estati"}, "geometry": {"type": "Polygon", "coordinates": [[[11.261799387221933, 44.54188530778682], [11.261799847165316, 44.54189718086588], [11.26180885001854, 44.54188512028181], [11.261799387221933, 44.54188530778682]]]}}, {"type": "Feature", "properties": {"threshold": "ge_5", "source": "HistorySUHI", "period": "2013-2025", "hotspot_percentile": "top_10_pct", "label": ">= 5 estati"}, "geometry": {"type": "Polygon", "coordinates": [[[11.259283281251799, 44.54517604274679], [11.259284296483406, 44.545202276904504], [11.259306748377739, 44.54517557822473], [11.259283281251799, 44.54517604274679]]]}}, {"type": "Feature", "properties": {"threshold": "ge_5", "source": "HistorySUHI", "period": "2013-2025", "hotspot_percentile": "top_10_pct", "label": ">= 5 estati"}, "geometry": {"type": "Polygon", "coordinates": [[[11.258916356229419, 44.54545337986205], [11.258923252662415, 44.545631612319106], [11.259075788089419, 44.54545022475065], [11.258916356229419, 44.54545337986205]]]}}, {"type": "Feature", "properties": {"threshold": "ge_5", "source": "HistorySUHI", "period": "2013-2025", "hotspot_percentile": "top_10_pct", "label": ">= 5 estati"}, "geometry": {"type": "Polygon", "coordinates": [[[11.280268033479752, 44.540977735423915], [11.280257494595283, 44.540707870037906], [11.280634827004567, 44.540700332135955], [11.28062428652766, 44.5404304668057], [11.281001617048872, 44.54042292772871], [11.280991074979577, 44.54015306245424], [11.281368403612722, 44.54014552220221], [11.281347316437316, 44.53960579175005], [11.281724641442242, 44.539598250393595], [11.281703551378051, 44.53905852002345], [11.282835515064647, 44.53903588890437], [11.282824965034129, 44.53876602390892], [11.283202284227029, 44.53875847778213], [11.283191732604411, 44.53848861284251], [11.284701000935746, 44.53845841616285], [11.284690442501011, 44.538188551491025], [11.285067757473694, 44.53818099927805], [11.285057197447038, 44.53791113466211], [11.286566448896595, 44.537880913638226], [11.286555882058181, 44.53761104929033], [11.286933192810189, 44.53760349099142], [11.286954330115151, 44.538143219531], [11.288463585560494, 44.53811297331484], [11.28848473737843, 44.53865270122916], [11.289239371171313, 44.53863757036508], [11.289228791708151, 44.538367706556905], [11.288851476625899, 44.53837527254089], [11.288830321624637, 44.53783554473856], [11.288453009874003, 44.53784310933549], [11.288431858945966, 44.53730338133242], [11.288809167216735, 44.53729581687708], [11.288788013402169, 44.536756088956416], [11.28916531804484, 44.536748523397236], [11.289133583215996, 44.5359389316177], [11.290265480595453, 44.53591622810512], [11.290254897396567, 44.53564636436148], [11.29079214314152, 44.53563558304522], [11.290748597435373, 44.53556764398], [11.291379913530385, 44.53544843440856], [11.291376199951298, 44.53535378630729], [11.291941229164669, 44.53534244281934], [11.292129543362, 44.535306884000335], [11.292120198011775, 44.535068773797825], [11.291742904995196, 44.53507634889489], [11.291732315282815, 44.534806485390305], [11.29248689768808, 44.534791334092645], [11.292476304644898, 44.53452147071504], [11.292853593885063, 44.53451389326916], [11.292842999250809, 44.534244029947665], [11.294729434524394, 44.53420612439345], [11.294718831340749, 44.53393626141189], [11.295473400930312, 44.53392109061518], [11.295462794416242, 44.53365122776078], [11.295840077248366, 44.53364364056552], [11.295850685501993, 44.53391350334892], [11.296227969924905, 44.533905914837405], [11.296217359931726, 44.53363605212501], [11.296594642466296, 44.53362846243926], [11.296584030882379, 44.533358599783085], [11.296961311528614, 44.5333510089231], [11.296950698354008, 44.53308114632317], [11.29808253418112, 44.533058366484966], [11.298071915936935, 44.5327885040834], [11.298449192508729, 44.53278090838463], [11.298438572674005, 44.53251104603933], [11.299193121891914, 44.53249585104835], [11.29918249872729, 44.53222598883044], [11.29993704387049, 44.53221078900092], [11.299926417376069, 44.53194092691044], [11.301812768928931, 44.53190290590176], [11.301802133886778, 44.53163304415226], [11.30217940201069, 44.53162543628623], [11.302168765378353, 44.531355574593114], [11.302546031613788, 44.53134796555312], [11.302535393391318, 44.5310781039164], [11.305553503987962, 44.53101718734169], [11.305542852000626, 44.530747326260204], [11.305920113414034, 44.53073970615664], [11.30586684702203, 44.529390400883436], [11.305489594304479, 44.529398020630474], [11.305468292271552, 44.52885829827483], [11.30509104288282, 44.528865916634224], [11.30508039382944, 44.5285960553629], [11.304703146030432, 44.52860367240599], [11.304692498865409, 44.528333811048554], [11.303938006297576, 44.52834904125717], [11.30394864998453, 44.52861890275714], [11.303571401737686, 44.52862651606519], [11.303560759789772, 44.52835665449399], [11.302429019371088, 44.52837948673435], [11.302418382789453, 44.528109624934665], [11.302041137423908, 44.528117233120234], [11.302019868186068, 44.52757750933403], [11.301642626149377, 44.52758511613222], [11.301631993493094, 44.52731525414573], [11.302009233790836, 44.52730764741871], [11.30199859954472, 44.52703778548857], [11.301244122278003, 44.52705299755529], [11.30123349165882, 44.52678313546799], [11.300856254540756, 44.526790739562756], [11.300877512450352, 44.527330463864864], [11.300123030811422, 44.52734566860413], [11.300144282361309, 44.52788539313158], [11.299767037840379, 44.527892993776], [11.299756413729925, 44.52762313144855], [11.299001927719138, 44.52763832886019], [11.299012548351605, 44.52790819132986], [11.298258058267109, 44.52792338390371], [11.298247441112641, 44.52765352129188], [11.297870197586063, 44.52766111564025], [11.297859582319454, 44.527391252942536], [11.297482340382999, 44.52739884597485], [11.297471727004199, 44.52712898319128], [11.297094486657878, 44.52713657490757], [11.297052041586493, 44.52605712334107], [11.297429274977222, 44.52604953190895], [11.297397437519557, 44.525239943291744], [11.29702020934527, 44.52524753451076], [11.297009598895764, 44.5249776715377], [11.296632372311459, 44.52498526144078], [11.296621763749478, 44.52471539838189], [11.295867313612117, 44.524730574311405], [11.295846103889254, 44.524190847865206], [11.296223325554877, 44.52418326066488], [11.296191506869874, 44.523373671097545], [11.295814290420205, 44.52338125808487], [11.295803686227911, 44.523111394795144], [11.295426471368152, 44.52311898046667], [11.295415869063126, 44.522849117091155], [11.294284228807705, 44.522871866424005], [11.294294825896973, 44.5231417300124], [11.293917610442698, 44.52314931070471], [11.293949397386156, 44.52395890159392], [11.293572176567386, 44.52396648125421], [11.293582770773662, 44.524236344925285], [11.292073879058528, 44.524266651401604], [11.292084466458476, 44.52453651534148], [11.291707241419763, 44.52454408891928], [11.291696655758539, 44.52427422490853], [11.29131943231012, 44.524281797170595], [11.291340600303519, 44.52482152531905], [11.290963373229202, 44.52482909647796], [11.29098453833867, 44.52536882470892], [11.290230076789706, 44.525383963575415], [11.290240656089365, 44.52565382781039], [11.28797725744991, 44.525699214956646], [11.28798782646471, 44.525969079601545], [11.286478884118525, 44.52599931308334], [11.286489446325913, 44.5262691779964], [11.286112208630128, 44.526276733325176], [11.28612276924669, 44.52654659829414], [11.285745529663883, 44.52655415244867], [11.28578776665504, 44.52763361245944], [11.286165013193841, 44.52762605802215], [11.286186136055994, 44.52816578779743], [11.286563385924834, 44.528158231973705], [11.286595076546229, 44.52896782631359], [11.286972331484325, 44.52896026903267], [11.28698289706023, 44.52923013371233], [11.287360153589342, 44.5292225751156], [11.287391856423708, 44.53003216885368], [11.287769118022288, 44.530024608799614], [11.287800827408276, 44.530834202192345], [11.287423560591815, 44.53084176245865], [11.287444697444888, 44.53138149145469], [11.287067427001517, 44.53138905061733], [11.28707799391097, 44.5316589151639], [11.28670072158002, 44.53166647315207], [11.286690156409964, 44.53139660853477], [11.286312885670254, 44.531404165207036], [11.286323449100912, 44.53167402989506], [11.285946176473669, 44.53168158539284], [11.285956738313041, 44.53195145013677], [11.285579463798257, 44.53195900446006], [11.285600584442419, 44.53249873404497], [11.284468749572826, 44.53252138996758], [11.284479304898532, 44.53279125494988], [11.284102024573082, 44.53279880450427], [11.284091470986885, 44.53252893945132], [11.28333691337104, 44.53254403468307], [11.283315813600543, 44.532004304250314], [11.282938538049649, 44.532011849857106], [11.282927990125762, 44.53174198454795], [11.281796167804004, 44.53176461368525], [11.281806710509542, 44.53203447920617], [11.281429434367116, 44.53204201983208], [11.281439975481023, 44.53231188540879], [11.281062697451294, 44.532319424860034], [11.28107323697352, 44.53258929049252], [11.280695957056482, 44.53259682876906], [11.280706494986978, 44.532866694457326], [11.27995193123052, 44.532881767415724], [11.279962465829675, 44.53315163323026], [11.279585181990273, 44.53315916791207], [11.279595714997575, 44.53342903378234], [11.277709284887422, 44.5334666888646], [11.277698760578103, 44.53319682264196], [11.277321475852805, 44.533204349852085], [11.277310953430653, 44.532934483544224], [11.276933670297375, 44.532942009438656], [11.276923149762343, 44.532672143045595], [11.276545868221087, 44.53267966762431], [11.27655638701656, 44.53294953408779], [11.275801820012415, 44.53296457965026], [11.275812335476225, 44.53323444623977], [11.275435050013352, 44.533241967223454], [11.275456077904117, 44.53378170049892], [11.27470149957754, 44.533796739011905], [11.27472252109937, 44.53433647250975], [11.274345228235605, 44.53434399003896], [11.2743557374779, 44.53461385683609], [11.27473303208139, 44.534606339236525], [11.274754054487646, 44.53514607264578], [11.275131352423239, 44.53513855366013], [11.275152378898747, 44.53567828686959], [11.274775077483548, 44.53568580599595], [11.274764565911891, 44.53541593932825], [11.274387266089095, 44.53542345713887], [11.274408285900163, 44.535963190600214], [11.273653678853089, 44.53597822276663], [11.27370621356101, 44.537327556864966], [11.274083525857836, 44.537320041052794], [11.274094034981477, 44.53758990775785], [11.274471348870915, 44.537582390629865], [11.274481859881956, 44.53785225724978], [11.274104544252506, 44.537859774448116], [11.274125563236723, 44.538399507784355], [11.273748243979774, 44.53840702387785], [11.27375875195288, 44.53867689059415], [11.272851906260925, 44.53869494879001], [11.27296367930237, 44.53884810000723], [11.273054520884884, 44.5389797087525], [11.273128293388218, 44.539086711294765], [11.273145014071769, 44.53916055921369], [11.27316880797296, 44.53917683011997], [11.27321714001744, 44.53920973520348], [11.273529333416953, 44.539089914975], [11.273571036772026, 44.53915041865501], [11.273677259531231, 44.539117100238556], [11.274464661773957, 44.540256124275814], [11.274737360193086, 44.54065073608598], [11.275617892877522, 44.54032828880277], [11.27561897547651, 44.54032990568241], [11.275722737527191, 44.5402847780849], [11.276232359058762, 44.54105827562943], [11.280268033479752, 44.540977735423915]], [[11.288481349754871, 44.528930027458216], [11.28846020513447, 44.528390298620515], [11.28883745585327, 44.528382735255775], [11.288826882026356, 44.52811287088553], [11.28958137954094, 44.5280977405625], [11.289623689651242, 44.529177197388414], [11.288869178223676, 44.5291923282778], [11.288858603951928, 44.52892246395192], [11.288481349754871, 44.528930027458216]], [[11.293603959631886, 44.52477607222303], [11.293614554283833, 44.52504593584971], [11.294746237159076, 44.525023192282994], [11.294767437341445, 44.52556291906628], [11.29514466814687, 44.52555533524566], [11.295165872401476, 44.52609506182779], [11.29478863811837, 44.52610264579034], [11.2948204403986, 44.526912235765444], [11.294443200750134, 44.526919818695944], [11.294453800068561, 44.52718968206234], [11.292944833032829, 44.527220001618396], [11.292934240670236, 44.52695013796828], [11.292557000278874, 44.52695771467393], [11.292546409803757, 44.526687850938096], [11.29216917100283, 44.52669542632788], [11.292116229549094, 44.52534610707236], [11.292493459655669, 44.52533853203702], [11.292482870071536, 44.52506866821242], [11.293237326361597, 44.525053514548844], [11.293226733448414, 44.524783650851234], [11.293603959631886, 44.52477607222303]]]}}, {"type": "Feature", "properties": {"threshold": "ge_5", "source": "HistorySUHI", "period": "2013-2025", "hotspot_percentile": "top_10_pct", "label": ">= 5 estati"}, "geometry": {"type": "Polygon", "coordinates": [[[11.271389854176354, 44.53602328937589], [11.271400350383953, 44.536293156646835], [11.272154962678359, 44.53627813928489], [11.27214446299099, 44.53600827215448], [11.272521767177448, 44.536000761675645], [11.272469262250226, 44.53465142615358], [11.272846557590377, 44.5346439147808], [11.272783546099223, 44.53302471208888], [11.27316083085407, 44.53301719989254], [11.27315032771475, 44.53274733279585], [11.272773044699488, 44.53275484492188], [11.272710039393589, 44.53113564160988], [11.272332766668075, 44.53114315206891], [11.272322268038572, 44.530873284728294], [11.27194499690525, 44.53088079387185], [11.271903010816894, 44.52980132408064], [11.27228027499278, 44.52979381521817], [11.272269777099378, 44.52952394780373], [11.272647039388755, 44.52951643776638], [11.272636539903292, 44.52924657040747], [11.272259279353186, 44.52925408037452], [11.272248781754204, 44.52898421293055], [11.272626040565061, 44.52897670303377], [11.272615541374066, 44.52870683564532], [11.271106512204387, 44.528736867480745], [11.271096020117426, 44.52846699979647], [11.270718764196323, 44.52847450457233], [11.270708273995677, 44.528204636803096], [11.26844474581586, 44.52824963888999], [11.268455225581352, 44.52851950708037], [11.266946196898536, 44.52854948385031], [11.266956669854068, 44.52881935230648], [11.266579410576913, 44.52882684345628], [11.26661082510686, 44.52963644894655], [11.266233560465004, 44.529643939061515], [11.266254500740507, 44.53018367612145], [11.266631768861055, 44.53017618586629], [11.266642240958431, 44.53044605430403], [11.266264971098497, 44.53045354462929], [11.26627544160332, 44.53072341312238], [11.266652713202662, 44.530715922727026], [11.266673658131696, 44.531255659528746], [11.267050933063066, 44.53124816774797], [11.267061407487356, 44.53151803605659], [11.267438684011314, 44.53151054296047], [11.2674701133841, 44.53232014758742], [11.268224676428384, 44.53230515723864], [11.268256117561023, 44.53311476131196], [11.267124257117844, 44.533137245598475], [11.26716615980955, 44.5342167183313], [11.267543453729614, 44.53420922453393], [11.267552687956066, 44.53444706336425], [11.267569992251286, 44.53442465138625], [11.268387857603637, 44.53336534113326], [11.26841183518148, 44.533334265033936], [11.268497694456679, 44.53322306096136], [11.269056507779228, 44.532499250630394], [11.269086739650078, 44.53254559796996], [11.2690918219086, 44.532553311155866], [11.26917758980799, 44.53244856319944], [11.269466804753472, 44.532872397144835], [11.269847871927547, 44.53346743283226], [11.270117709504085, 44.53388174755583], [11.270493759363658, 44.53447039893323], [11.270501413019453, 44.534482733228096], [11.270501440270737, 44.534482786701325], [11.270714396801615, 44.534826192951215], [11.270707129049052, 44.53487558140581], [11.27066155466095, 44.53492383228625], [11.270562689930985, 44.53495493097451], [11.270562392988918, 44.53495506291627], [11.270231529621624, 44.535105125805515], [11.270225502922964, 44.53514209305072], [11.27025830729711, 44.535205988863275], [11.27033493632111, 44.535308705277394], [11.27059323061047, 44.535655648270115], [11.27079304597024, 44.535932543870764], [11.270868789149203, 44.536033655471336], [11.271389854176354, 44.53602328937589]]]}}, {"type": "Feature", "properties": {"threshold": "ge_5", "source": "HistorySUHI", "period": "2013-2025", "hotspot_percentile": "top_10_pct", "label": ">= 5 estati"}, "geometry": {"type": "Polygon", "coordinates": [[[11.266820289084631, 44.53503381548839], [11.26683366877697, 44.53537852112185], [11.267104099287037, 44.53502817791126], [11.266820289084631, 44.53503381548839]]]}}, {"type": "Feature", "properties": {"threshold": "ge_5", "source": "HistorySUHI", "period": "2013-2025", "hotspot_percentile": "top_10_pct", "label": ">= 5 estati"}, "geometry": {"type": "Polygon", "coordinates": [[[11.265751209676939, 44.53667549637665], [11.265756031655666, 44.53679977733632], [11.265875271090168, 44.536673033605005], [11.265751209676939, 44.53667549637665]]]}}, {"type": "Feature", "properties": {"threshold": "ge_5", "source": "HistorySUHI", "period": "2013-2025", "hotspot_percentile": "top_10_pct", "label": ">= 5 estati"}, "geometry": {"type": "Polygon", "coordinates": [[[11.280006617522771, 44.54395379119744], [11.279629263933021, 44.54396132745443], [11.27963980111021, 44.54423119280417], [11.280017156440527, 44.544223656476646], [11.280038234719477, 44.54476338699075], [11.280415593383179, 44.544755849276406], [11.280426134485014, 44.545025714440754], [11.280803494741505, 44.54501817541008], [11.280814037731846, 44.5452880404891], [11.281568761282504, 44.545272958549255], [11.281579307902073, 44.54554282347236], [11.281956671196207, 44.54553528056314], [11.281914478642898, 44.5444558210644], [11.281537122311317, 44.54446336369127], [11.281516030403424, 44.54392363371205], [11.280761324258815, 44.54393871494623], [11.280740239904635, 44.54339898462563], [11.280362890091576, 44.54340652323301], [11.280373430454228, 44.54367638847124], [11.279996078752825, 44.543683925903444], [11.280006617522771, 44.54395379119744]]]}}, {"type": "Feature", "properties": {"threshold": "ge_5", "source": "HistorySUHI", "period": "2013-2025", "hotspot_percentile": "top_10_pct", "label": ">= 5 estati"}, "geometry": {"type": "Polygon", "coordinates": [[[11.283854042658838, 44.54576741181473], [11.283843485447193, 44.54549754733009], [11.283466122893037, 44.54550509646831], [11.283476678363996, 44.54577496102359], [11.283854042658838, 44.54576741181473]]]}}, {"type": "Feature", "properties": {"threshold": "ge_5", "source": "HistorySUHI", "period": "2013-2025", "hotspot_percentile": "top_10_pct", "label": ">= 5 estati"}, "geometry": {"type": "Polygon", "coordinates": [[[11.340740931038939, 44.48573837475692], [11.339610044758468, 44.48576155803273], [11.33962083712089, 44.486031414728124], [11.340751728606403, 44.48600823123537], [11.340740931038939, 44.48573837475692]]]}}, {"type": "Feature", "properties": {"threshold": "ge_5", "source": "HistorySUHI", "period": "2013-2025", "hotspot_percentile": "top_10_pct", "label": ">= 5 estati"}, "geometry": {"type": "Polygon", "coordinates": [[[11.285797801566135, 44.48928245214375], [11.286174800814303, 44.489274902765175], [11.286185348108983, 44.48954476947697], [11.285808347125215, 44.489552318926194], [11.28582943868683, 44.490092052446734], [11.28696045160837, 44.49006939994495], [11.286928798867102, 44.48925980027794], [11.28730579767168, 44.48925224716926], [11.287284693112499, 44.488712514125375], [11.286907697779027, 44.48872006709267], [11.286897147456814, 44.488450200477864], [11.28614315981729, 44.488465302541094], [11.286164253667463, 44.489005036038606], [11.285787256154867, 44.489012585346536], [11.285797801566135, 44.48928245214375]]]}}, {"type": "Feature", "properties": {"threshold": "ge_5", "source": "HistorySUHI", "period": "2013-2025", "hotspot_percentile": "top_10_pct", "label": ">= 5 estati"}, "geometry": {"type": "Polygon", "coordinates": [[[11.333406183740241, 44.49102001659745], [11.333395418157762, 44.49075015894219], [11.331887432458107, 44.490780973233825], [11.331908949889838, 44.49132068910621], [11.333039949803963, 44.491297579819914], [11.33302918580611, 44.491027722107425], [11.333406183740241, 44.49102001659745]]]}}, {"type": "Feature", "properties": {"threshold": "ge_5", "source": "HistorySUHI", "period": "2013-2025", "hotspot_percentile": "top_10_pct", "label": ">= 5 estati"}, "geometry": {"type": "Polygon", "coordinates": [[[11.334537176637149, 44.490996892607626], [11.334160179155784, 44.49100460184754], [11.3341709483602, 44.49127445934368], [11.33454794757708, 44.49126675003162], [11.334537176637149, 44.490996892607626]]]}}, {"type": "Feature", "properties": {"threshold": "ge_5", "source": "HistorySUHI", "period": "2013-2025", "hotspot_percentile": "top_10_pct", "label": ">= 5 estati"}, "geometry": {"type": "Polygon", "coordinates": [[[11.309644363956128, 44.49123317330021], [11.308890352494544, 44.49124842627092], [11.30890100526425, 44.49151828858904], [11.308523997573802, 44.49152591328067], [11.308545300089774, 44.49206563801514], [11.308168288778624, 44.49207326160604], [11.308210888659092, 44.49315271118249], [11.307833870255548, 44.493160333815304], [11.307855167619788, 44.49370005865727], [11.309740275502866, 44.49366193234492], [11.309729618066816, 44.49339207028814], [11.31010663745951, 44.49338444136658], [11.31008531956394, 44.49284471735134], [11.310462335335595, 44.49283708732911], [11.31043035440552, 44.49202750140925], [11.310053343841119, 44.49203513121728], [11.310032027439567, 44.49149540705376], [11.309655020197155, 44.49150303547559], [11.309644363956128, 44.49123317330021]]]}}, {"type": "Feature", "properties": {"threshold": "ge_5", "source": "HistorySUHI", "period": "2013-2025", "hotspot_percentile": "top_10_pct", "label": ">= 5 estati"}, "geometry": {"type": "Polygon", "coordinates": [[[11.299948286247892, 44.494129713586176], [11.299937673796114, 44.49385984969207], [11.299560648642585, 44.49386744511027], [11.299571259358418, 44.494137309075455], [11.299948286247892, 44.494129713586176]]]}}, {"type": "Feature", "properties": {"threshold": "ge_5", "source": "HistorySUHI", "period": "2013-2025", "hotspot_percentile": "top_10_pct", "label": ">= 5 estati"}, "geometry": {"type": "Polygon", "coordinates": [[[11.307876465581101, 44.49423978343995], [11.30749944008478, 44.494247405114585], [11.307510087553403, 44.49451726755501], [11.307887114785665, 44.49450964580905], [11.307876465581101, 44.49423978343995]]]}}, {"type": "Feature", "properties": {"threshold": "ge_5", "source": "HistorySUHI", "period": "2013-2025", "hotspot_percentile": "top_10_pct", "label": ">= 5 estati"}, "geometry": {"type": "Polygon", "coordinates": [[[11.330917758936447, 44.49485194173387], [11.331671805063193, 44.494836542373065], [11.33163952846743, 44.494026968905665], [11.332016546097123, 44.494019267576235], [11.332005785797703, 44.49374940979612], [11.33087473766358, 44.49377250983787], [11.330885492755659, 44.49404236783416], [11.331262510686935, 44.49403466899163], [11.331273267665578, 44.49430452690102], [11.330896247998496, 44.494312225815584], [11.330917758936447, 44.49485194173387]]]}}, {"type": "Feature", "properties": {"threshold": "ge_5", "source": "HistorySUHI", "period": "2013-2025", "hotspot_percentile": "top_10_pct", "label": ">= 5 estati"}, "geometry": {"type": "Polygon", "coordinates": [[[11.330928514631568, 44.49512179967072], [11.330939270477455, 44.4953916575927], [11.331316297088005, 44.49538395838994], [11.331327054820587, 44.495653816225015], [11.331704083016271, 44.49564611570669], [11.33168256423007, 44.495106400165795], [11.330928514631568, 44.49512179967072]]]}}, {"type": "Feature", "properties": {"threshold": "ge_5", "source": "HistorySUHI", "period": "2013-2025", "hotspot_percentile": "top_10_pct", "label": ">= 5 estati"}, "geometry": {"type": "Polygon", "coordinates": [[[11.331327054820587, 44.495653816225015], [11.330950026474111, 44.495661515499826], [11.33096078262154, 44.49593137339209], [11.33133781270397, 44.49592367404523], [11.331327054820587, 44.495653816225015]]]}}, {"type": "Feature", "properties": {"threshold": "ge_5", "source": "HistorySUHI", "period": "2013-2025", "hotspot_percentile": "top_10_pct", "label": ">= 5 estati"}, "geometry": {"type": "Polygon", "coordinates": [[[11.295195199058385, 44.49800646383798], [11.295572252037282, 44.49799888227802], [11.295561658338206, 44.49772901773892], [11.295184607095624, 44.49773659922793], [11.295174015281338, 44.49746673460307], [11.294419915823356, 44.497481893708105], [11.294462270080725, 44.49856135268621], [11.29521638342935, 44.49854619301371], [11.295195199058385, 44.49800646383798]]]}}, {"type": "Feature", "properties": {"threshold": "ge_5", "source": "HistorySUHI", "period": "2013-2025", "hotspot_percentile": "top_10_pct", "label": ">= 5 estati"}, "geometry": {"type": "Polygon", "coordinates": [[[11.315964954999492, 44.49839721313851], [11.3159435793378, 44.49785749183155], [11.315566532676685, 44.49786514062189], [11.315555846806769, 44.497595279874574], [11.313293574112532, 44.49764114607053], [11.313304249565181, 44.49791100724706], [11.31292720185602, 44.49791864733177], [11.312948549737754, 44.49845836978333], [11.312571498406452, 44.49846600876734], [11.312592843414087, 44.49900573130257], [11.312969898218006, 44.49899809217558], [11.312991247296795, 44.499537814508514], [11.313745363401111, 44.499522532237386], [11.31373468531417, 44.49925267122135], [11.314865853138853, 44.49922973870125], [11.314855169992596, 44.498959877884985], [11.315232223898345, 44.49895223129573], [11.31522153916554, 44.498682370536194], [11.315598591185207, 44.498674722774815], [11.315587904865902, 44.49840486207201], [11.315964954999492, 44.49839721313851]]]}}, {"type": "Feature", "properties": {"threshold": "ge_5", "source": "HistorySUHI", "period": "2013-2025", "hotspot_percentile": "top_10_pct", "label": ">= 5 estati"}, "geometry": {"type": "Polygon", "coordinates": [[[11.334429454556876, 44.49775103479073], [11.334052413529317, 44.49775874459083], [11.33403087149669, 44.497219030153026], [11.333276795933006, 44.4972344457339], [11.33326602861528, 44.49696458834845], [11.33175788262117, 44.49699540429881], [11.331747122398536, 44.4967255466101], [11.331370087258911, 44.4967332474167], [11.331380845745501, 44.49700310517746], [11.331003808719023, 44.49701080481253], [11.33102532267246, 44.49755052043358], [11.33064828202302, 44.49755821896915], [11.330659037489799, 44.49782807682943], [11.330281994953467, 44.497835774193426], [11.33031425704989, 44.49864534790117], [11.331068352388833, 44.49862995149732], [11.331079110194919, 44.4988998092261], [11.331833208403097, 44.49888440770353], [11.331854731412696, 44.499424122828245], [11.331100626259502, 44.49943952463909], [11.331122142927313, 44.499979239992605], [11.33074508665188, 44.4999869391766], [11.330766600450236, 44.50052665461478], [11.331143660198379, 44.500518955286694], [11.331154419060136, 44.500788812911445], [11.333793845227552, 44.50073488228576], [11.333750762067764, 44.49965545371629], [11.334881921610588, 44.499632322800814], [11.334871145989284, 44.49936246583773], [11.335248197131884, 44.49935475311737], [11.335205089212323, 44.498275325405075], [11.334828045014545, 44.49828303783673], [11.334817270148466, 44.49801318079931], [11.334440227535794, 44.49802089191517], [11.334429454556876, 44.49775103479073]], [[11.333729221393758, 44.499115739342336], [11.333739991655273, 44.49938559653675], [11.333362939908616, 44.49939330428241], [11.333352171383355, 44.49912344701586], [11.333729221393758, 44.499115739342336]]]}}, {"type": "Feature", "properties": {"threshold": "ge_5", "source": "HistorySUHI", "period": "2013-2025", "hotspot_percentile": "top_10_pct", "label": ">= 5 estati"}, "geometry": {"type": "Polygon", "coordinates": [[[11.312614189020165, 44.499545453778474], [11.311483013292683, 44.49956836412592], [11.31149368111095, 44.499838225556026], [11.312624862047624, 44.49981531499418], [11.312614189020165, 44.499545453778474]]]}}, {"type": "Feature", "properties": {"threshold": "ge_5", "source": "HistorySUHI", "period": "2013-2025", "hotspot_percentile": "top_10_pct", "label": ">= 5 estati"}, "geometry": {"type": "Polygon", "coordinates": [[[11.3076911173575, 44.4991049267748], [11.307701767513032, 44.49937478894846], [11.30694765009851, 44.499390031277066], [11.306958296930528, 44.49965989357853], [11.306581236262973, 44.49966751294852], [11.306623818137702, 44.500746962291444], [11.307000885751131, 44.50073934263624], [11.307011533329428, 44.501009204863614], [11.308896877839803, 44.50097108757383], [11.308886221578893, 44.50070122570317], [11.309263288296396, 44.50069359858515], [11.309252630448379, 44.50042373677103], [11.309629695279986, 44.500416108480614], [11.309565740910857, 44.49879693771291], [11.308057522361862, 44.49882744169908], [11.308068174104452, 44.499097303816214], [11.3076911173575, 44.4991049267748]]]}}, {"type": "Feature", "properties": {"threshold": "ge_5", "source": "HistorySUHI", "period": "2013-2025", "hotspot_percentile": "top_10_pct", "label": ">= 5 estati"}, "geometry": {"type": "Polygon", "coordinates": [[[11.31225847332564, 44.500092814364244], [11.311881411276987, 44.50010045128966], [11.311892081130795, 44.50037031261865], [11.312269144915895, 44.50036267562177], [11.31225847332564, 44.500092814364244]]]}}, {"type": "Feature", "properties": {"threshold": "ge_5", "source": "HistorySUHI", "period": "2013-2025", "hotspot_percentile": "top_10_pct", "label": ">= 5 estati"}, "geometry": {"type": "Polygon", "coordinates": [[[11.289310245309464, 44.50190571850938], [11.28968732497264, 44.5018981558583], [11.289697893112383, 44.50216802130935], [11.290074974364126, 44.502160457343585], [11.290085544388763, 44.50243032270906], [11.290839709921165, 44.5024151909042], [11.29078684391285, 44.50106586463691], [11.290409769904187, 44.50107343080727], [11.290399198883797, 44.50080356543862], [11.289267981178613, 44.50082625627415], [11.289278546989143, 44.50109612185514], [11.28890147238786, 44.50110368305004], [11.288912036609862, 44.501373548687], [11.289289112947795, 44.501365987421345], [11.289310245309464, 44.50190571850938]]]}}, {"type": "Feature", "properties": {"threshold": "ge_5", "source": "HistorySUHI", "period": "2013-2025", "hotspot_percentile": "top_10_pct", "label": ">= 5 estati"}, "geometry": {"type": "Polygon", "coordinates": [[[11.320984418247763, 44.50126611970817], [11.320962994141018, 44.50072640059095], [11.320208866368795, 44.50074173084084], [11.320230283529643, 44.501281450245], [11.320984418247763, 44.50126611970817]]]}}, {"type": "Feature", "properties": {"threshold": "ge_5", "source": "HistorySUHI", "period": "2013-2025", "hotspot_percentile": "top_10_pct", "label": ">= 5 estati"}, "geometry": {"type": "Polygon", "coordinates": [[[11.359509826715637, 44.50209677822525], [11.36064101257863, 44.50207339120007], [11.3606519080928, 44.50234324304978], [11.361406034710603, 44.5023276453351], [11.36141693385032, 44.50259749702392], [11.362171063329788, 44.502581894188324], [11.362160160717268, 44.50231204264552], [11.362537223491366, 44.50230423943514], [11.362526319295307, 44.50203438795042], [11.362149258257585, 44.502042191087774], [11.362138355950727, 44.50177233951513], [11.361761296496523, 44.50178014133577], [11.361750396078822, 44.5015102896752], [11.361373338208145, 44.50151809017915], [11.361362439679546, 44.501248238430655], [11.360985383392398, 44.501256037617914], [11.360974486752859, 44.50098618578155], [11.360220377192912, 44.50100178027909], [11.360231270359881, 44.50127163226139], [11.359100099665909, 44.50129501489896], [11.359034774206705, 44.49967590146857], [11.359411820839945, 44.49966810893728], [11.359400932061419, 44.4993982567196], [11.35751570605011, 44.49943720657539], [11.357504826104872, 44.49916735397832], [11.357127782181113, 44.49917514014578], [11.357138660390213, 44.4994449928157], [11.356384568612977, 44.49946056156549], [11.356428069084657, 44.50053997267888], [11.356805121994325, 44.50053218863444], [11.35683775415767, 44.501341746594434], [11.35608363776814, 44.50135731387668], [11.356105386360703, 44.501897019400154], [11.355728324464566, 44.50190480132138], [11.355739197253113, 44.502174654133576], [11.355362133468168, 44.50218243488389], [11.355373004672712, 44.502452287754], [11.354995938998952, 44.50246006733336], [11.354985069530827, 44.50219021439046], [11.351968552548886, 44.50225240566821], [11.351946841852083, 44.50171269857375], [11.350815655890777, 44.501735999344966], [11.350826505953899, 44.50200585311769], [11.349695313414509, 44.50202914291327], [11.349684468560607, 44.501759288922614], [11.350438593599453, 44.50174376378125], [11.350427745424808, 44.50147390992096], [11.350050684717793, 44.50148167304086], [11.350039838431574, 44.50121181909304], [11.350416897402233, 44.501204056045786], [11.350406049531726, 44.500934202155705], [11.350783106613985, 44.50092643793739], [11.350772257159235, 44.50065658410509], [11.350395201813281, 44.50066434825073], [11.350362659570306, 44.49985478644644], [11.350739709707486, 44.49984702251875], [11.35069631523424, 44.498767606861755], [11.351073358274661, 44.49875984198108], [11.351051658478257, 44.49822013420852], [11.3529368540376, 44.49818129187808], [11.352925995687263, 44.49791143833295], [11.353680069373622, 44.49789589284123], [11.353669207703453, 44.49762603942666], [11.354046242582246, 44.49761826488822], [11.354035379328337, 44.49734841153151], [11.354412412318865, 44.497340635822276], [11.354347225577623, 44.49572151580559], [11.35397020300252, 44.49572929107825], [11.353937616895129, 44.494919730650444], [11.354314634262847, 44.494911955596066], [11.354303770795807, 44.4946421021631], [11.354680786275507, 44.49463432593806], [11.354669921225018, 44.49436447256293], [11.3558009615431, 44.49434113664573], [11.355746612540388, 44.492991870638456], [11.355369607931557, 44.492999650156925], [11.35535874032365, 44.492729796837956], [11.35498173729806, 44.492737575040294], [11.354970871578024, 44.49246772163362], [11.354593870135679, 44.49247549851985], [11.354604734120166, 44.49274535199928], [11.353473723672913, 44.49276867541628], [11.353452006269455, 44.49222896800599], [11.35420600644437, 44.492213420595654], [11.354195144499933, 44.49194356701366], [11.354949140594853, 44.49192801477561], [11.35493827533171, 44.491658161324224], [11.355315271415268, 44.49165038341303], [11.355293537874985, 44.49111067661116], [11.354539552497323, 44.491126230899134], [11.354550415720457, 44.491396084453086], [11.353419431305763, 44.491419406778824], [11.35340857328892, 44.49114955300662], [11.352654586388997, 44.491165094861955], [11.35264373199517, 44.49089524092941], [11.352266740052402, 44.49090300991947], [11.352255887546107, 44.49063315589933], [11.35187889718662, 44.490640923573444], [11.351868046567805, 44.49037106946571], [11.35111406886334, 44.49038660093883], [11.351103221867316, 44.49011674667087], [11.350726234522371, 44.49012451046991], [11.35071538941371, 44.489854656114396], [11.350338403652088, 44.489862418597575], [11.350316717361375, 44.48932270969658], [11.349185769576524, 44.48934598925108], [11.34917493186493, 44.489076134560385], [11.348797950701409, 44.489083891852886], [11.348776279204392, 44.48854418228166], [11.348399301359466, 44.488551938185815], [11.348377633940318, 44.48801222840986], [11.348000659413925, 44.48801998292571], [11.348011491312397, 44.488289837893696], [11.347634514899003, 44.48829759123897], [11.347667006299673, 44.48910715627126], [11.347290024528784, 44.489114908591], [11.347300853564, 44.48938476364452], [11.346923869906048, 44.48939251479359], [11.34693469735774, 44.48966236990478], [11.347311682750998, 44.489654618683176], [11.347344171222723, 44.490464183709754], [11.346590189872298, 44.49047968534494], [11.346601016195647, 44.49074954046909], [11.346224023557395, 44.49075728949431], [11.346213198969457, 44.490487434297634], [11.345836207914893, 44.490495182007095], [11.345857853771642, 44.491034892530536], [11.345480859094529, 44.49104263914172], [11.345502502087134, 44.4915823497506], [11.345879500235199, 44.49157460299444], [11.345890323694537, 44.49184445820405], [11.346267323426401, 44.491836710132084], [11.346278148772983, 44.49210656525432], [11.34590114730558, 44.49211431339878], [11.34591197106834, 44.49238416857862], [11.344403956739601, 44.49241514901312], [11.344393139919102, 44.49214529354338], [11.344016137693384, 44.49215303547119], [11.343994507978291, 44.49161332434213], [11.34324051001426, 44.49162880417803], [11.343229698855097, 44.49135894844632], [11.34285270138127, 44.49136668642688], [11.342820274019351, 44.4905571189252], [11.342443281600394, 44.49056485544526], [11.342432474518173, 44.490294999509224], [11.34205548368315, 44.49030273471362], [11.342044678487795, 44.4900328786903], [11.341667689236713, 44.49004061257907], [11.341678492696676, 44.49031046867477], [11.341301501558775, 44.49031820139266], [11.341258295568892, 44.489238776631154], [11.34088131122103, 44.48924650781636], [11.340838114594481, 44.48816708252741], [11.34008415932682, 44.48818254058956], [11.340127342071225, 44.48926196645714], [11.339750357269335, 44.489269693912696], [11.339771946078757, 44.48980940690187], [11.339394957654877, 44.4898171332588], [11.339384164909873, 44.489547276699355], [11.337876216643288, 44.48957816940553], [11.337897788401547, 44.49011788308773], [11.33752079748613, 44.49012560330067], [11.337477661515754, 44.48904617558779], [11.337100677390628, 44.48905389426852], [11.33708989551121, 44.48878403723089], [11.336335930278224, 44.48879947071826], [11.336346708687033, 44.48906932790033], [11.33596972410861, 44.4890770428514], [11.33599127790876, 44.4896167573153], [11.336368265957875, 44.48960904221983], [11.336389823833033, 44.49014875647987], [11.336012832313132, 44.49015647171973], [11.336023609741906, 44.49042632889964], [11.335646616335511, 44.490434042968424], [11.335657392179892, 44.49070390020564], [11.335280396886997, 44.490711613103315], [11.335312720119873, 44.49152118494232], [11.334935719469431, 44.4915288968132], [11.334924946642987, 44.49125903947623], [11.33454794757708, 44.49126675003162], [11.33456948990987, 44.491806464835], [11.334192487221882, 44.49181417429134], [11.334203256879157, 44.49208403174288], [11.333826252304625, 44.492091740028016], [11.333847788600787, 44.49263145503074], [11.334601804541398, 44.49261603692855], [11.334623348384012, 44.49315575158324], [11.33500035959919, 44.49314804052276], [11.335011133482693, 44.493417897755634], [11.33576515893139, 44.4934024717601], [11.335775936437365, 44.49367232883377], [11.336152950670849, 44.49366461389867], [11.336196069148611, 44.49474404175582], [11.336573090174133, 44.49473632528848], [11.336594653791337, 44.495276038983405], [11.336971678137436, 44.49526832112815], [11.337004029904492, 44.49607789134234], [11.336249970645673, 44.49609332624268], [11.336239190044038, 44.49582346937505], [11.335862161923883, 44.495831184887734], [11.335872940789578, 44.49610104182757], [11.335118880624131, 44.496116469266745], [11.335129656168975, 44.496386326336086], [11.3343755919274, 44.49640174894546], [11.334397136526178, 44.49694146332817], [11.334020100706852, 44.49694917291183], [11.33403087149669, 44.497219030153026], [11.335161983709792, 44.49719589745486], [11.335172759858839, 44.49746575446473], [11.335549798697198, 44.49745804100599], [11.335560576733394, 44.4977278979288], [11.335937617156766, 44.49772018315429], [11.3359160577633, 44.49718046943819], [11.336293094563409, 44.49717275356449], [11.336260751398425, 44.49636318309545], [11.337014814129171, 44.49634774805067], [11.337025598505017, 44.49661760474411], [11.337779664103056, 44.4966021645807], [11.337790452102087, 44.49687202111478], [11.338167486410292, 44.496864299095506], [11.33817827629657, 44.49713415554245], [11.338555312189555, 44.497126432207324], [11.338566103963133, 44.49739628856713], [11.33894314144089, 44.497388563916154], [11.339018700244784, 44.49927755751222], [11.339395749724229, 44.49926983111158], [11.339417342788233, 44.49980954328911], [11.33979439558883, 44.49980181550018], [11.339805194084136, 44.50007167149431], [11.340182248469644, 44.50006394238937], [11.340193048852628, 44.50033379829629], [11.341324216309568, 44.500310603302296], [11.341345827947762, 44.500850314637404], [11.341722886936493, 44.500842580340596], [11.341755310739062, 44.50165214701452], [11.341378246541154, 44.50165988152846], [11.341399859694176, 44.50219959271475], [11.341022791871872, 44.502207326129685], [11.34104440215785, 44.502747037401214], [11.342175615589277, 44.50272383299082], [11.34218642616909, 44.50299368838711], [11.342563498746372, 44.502985951023646], [11.342552686430027, 44.502716095699746], [11.343306827656795, 44.50270061738625], [11.34329601201901, 44.50243076219231], [11.343673080668479, 44.50242302124231], [11.343651446374823, 44.501883310954675], [11.344028511399726, 44.501875568905795], [11.344006874239783, 44.50133585870353], [11.344383935640204, 44.501328115555815], [11.34437311555134, 44.5010582605048], [11.345127234424385, 44.501042770623116], [11.345116411014503, 44.500772915702186], [11.34587052580797, 44.50075742099065], [11.345848872498149, 44.50021771139409], [11.345471818649894, 44.500225459226705], [11.3454609939589, 44.49995560433361], [11.346592149839546, 44.49993235732226], [11.346559661051034, 44.49912279320624], [11.348067845931947, 44.49909178065046], [11.348078682321042, 44.499361635080476], [11.347701634592426, 44.49936939015744], [11.347723304353893, 44.499909099117936], [11.348100355554942, 44.499901343895836], [11.348122029396475, 44.500441052651624], [11.3477449747229, 44.50044880801887], [11.347734139462453, 44.50017895357585], [11.34698003313222, 44.50019446043417], [11.346990864920107, 44.500464315022306], [11.346613809790936, 44.500472066658496], [11.346635470349593, 44.501011775935176], [11.347012528951403, 44.50100402415391], [11.347023361194818, 44.501273878697376], [11.34815454129813, 44.50125061567363], [11.34816537890252, 44.50152046998449], [11.348542440369519, 44.50151271308323], [11.348553279862228, 44.50178256730663], [11.348930342913672, 44.501774809089035], [11.348995393479836, 44.50339393368105], [11.34861832000953, 44.50340169233427], [11.348629160565945, 44.50367154645342], [11.347875009696326, 44.50368706017359], [11.34788584693153, 44.50395691442303], [11.347508769532233, 44.50396466948995], [11.347519605182741, 44.50423452379707], [11.347142525894927, 44.504242277692704], [11.34715335996069, 44.5045121320575], [11.34602211597613, 44.50453538649895], [11.346032944983746, 44.50480524106644], [11.345655861615235, 44.50481299013172], [11.3456450343443, 44.504543135491694], [11.344890870625315, 44.50455862974562], [11.34488004697948, 44.50428877494571], [11.343748805473064, 44.504312006780154], [11.3437704424964, 44.50485171679987], [11.343016273787056, 44.50486719875994], [11.343027089052773, 44.50513705389235], [11.341895829641526, 44.50516026772054], [11.341852590328621, 44.5040808462327], [11.342229670003839, 44.504073109823466], [11.34221885881782, 44.503803254486684], [11.341841780879236, 44.50381099082354], [11.341820162435056, 44.503271279960565], [11.341443087818137, 44.50327901490879], [11.34148631836613, 44.50435843686475], [11.341109236651205, 44.504366170858646], [11.341130849360866, 44.50490588189208], [11.340753764021052, 44.50491361478684], [11.340764568866382, 44.5051834703536], [11.339256219045705, 44.50521438978298], [11.339234623400369, 44.50467467805589], [11.339611707609189, 44.50466695020905], [11.339600908276877, 44.50439709439551], [11.34035507276692, 44.504381635114825], [11.340301061009937, 44.50303235654727], [11.339923987523731, 44.50304008644787], [11.339902387354014, 44.50250037477203], [11.339525317189482, 44.502508103284164], [11.339514519068222, 44.5022382473516], [11.339137450488826, 44.50224597454763], [11.339126654255416, 44.50197611852788], [11.33761838537056, 44.50200701458499], [11.33762917465802, 44.502276870893866], [11.337252105322134, 44.50228459187095], [11.337273680877741, 44.50282430458858], [11.336896607917568, 44.50283202446635], [11.336907394185644, 44.50310188087509], [11.335776169188266, 44.5031250332622], [11.335797731758381, 44.503664746468374], [11.334666494981079, 44.5036878880941], [11.334677271282882, 44.50395774489145], [11.33430019031829, 44.50396545635114], [11.334310965034476, 44.50423531320579], [11.33393388218215, 44.50424302349376], [11.333944655312674, 44.50451288040568], [11.33356757057261, 44.5045205895219], [11.333578342117423, 44.504790446491114], [11.333201255489618, 44.504798154435576], [11.333212025448669, 44.50506801146203], [11.332834936933114, 44.50507571823469], [11.332867242505731, 44.505885289441274], [11.333244336231735, 44.505877582452236], [11.333255106794732, 44.506147439419244], [11.333632202106607, 44.506139731114125], [11.333642974557485, 44.50640958799412], [11.333265877508724, 44.506417296371374], [11.333276648373712, 44.50668715330864], [11.332522450349401, 44.50670256647545], [11.332511682958243, 44.506432709393934], [11.33213458545657, 44.50644041403924], [11.332123819953251, 44.506170556870785], [11.332500915718033, 44.50616285229757], [11.332490148628764, 44.50589299518632], [11.332113054600855, 44.505900699687444], [11.332102289399375, 44.505630842489246], [11.33097101162079, 44.50565394831257], [11.330981771611718, 44.505923805726994], [11.329473392181155, 44.50595459636422], [11.329462639137665, 44.50568473866166], [11.32908554563996, 44.505692433139046], [11.329053292624401, 44.504882859726195], [11.328676204186436, 44.50489055274364], [11.32866545521945, 44.50462069483765], [11.328288368367568, 44.50462838653918], [11.328277621288018, 44.50435852854636], [11.326015107434241, 44.50440465220166], [11.325993634567778, 44.50386493530819], [11.325616551872004, 44.503872618086596], [11.32558434891113, 44.50306304241933], [11.32520727127489, 44.50307072373819], [11.325175074878102, 44.5022611477216], [11.324798002301218, 44.50226882758099], [11.324776542262002, 44.5017291100186], [11.324399473007789, 44.50173678849046], [11.324388744950312, 44.50146692961514], [11.324011677282215, 44.50147460677136], [11.324000951111612, 44.50120474780934], [11.32475508282445, 44.50118939239681], [11.324744353331287, 44.500919533563625], [11.325121417225645, 44.50091185406356], [11.325099955217702, 44.500372136496395], [11.325477015488792, 44.50036445589631], [11.325412622657199, 44.49874530326959], [11.3261667219122, 44.498729939200885], [11.326155986827677, 44.49846008052156], [11.325778939011636, 44.49846776310585], [11.325768205813802, 44.498197904339776], [11.32539115958351, 44.49820558560852], [11.325380428272316, 44.49793572675572], [11.32500338362778, 44.497943406708956], [11.324981924928972, 44.49740368881504], [11.3234737587363, 44.49743439561687], [11.323495203545855, 44.49797411408549], [11.323118158149546, 44.49798178782052], [11.323171764122598, 44.499331084091295], [11.322794709894753, 44.49933875694169], [11.32284831094332, 44.50068805320028], [11.323225373853026, 44.50068037999086], [11.323257541494955, 44.50148995735242], [11.32288047337584, 44.50149763077726], [11.32289119448726, 44.501767489939894], [11.322514124481334, 44.50177516219274], [11.322524844006502, 44.502045021412314], [11.322147772113757, 44.50205269249314], [11.322201363310624, 44.50340198872727], [11.321824282584519, 44.503409658923154], [11.321877868854173, 44.50475895514501], [11.321500779294098, 44.50476662445584], [11.321532927648324, 44.505576202226116], [11.321155832727483, 44.505583870508296], [11.321166547409124, 44.50585372980711], [11.320789450601179, 44.50586139691706], [11.320800163696108, 44.50613125627279], [11.320423065001052, 44.50613892221048], [11.320444488167558, 44.50667864102089], [11.32006738584841, 44.50668630585803], [11.32008880614157, 44.50722602475252], [11.319711700198246, 44.50723368848905], [11.319743826552891, 44.508043266934614], [11.31936671524821, 44.50805092964224], [11.31937742259623, 44.50832078916612], [11.31900030940431, 44.50832845070134], [11.319011015165286, 44.50859831028207], [11.318633900086121, 44.50860597064488], [11.318644604260008, 44.508875830282456], [11.318267487293596, 44.50888348947283], [11.318278189880346, 44.50915334916722], [11.317901071026679, 44.509161007185135], [11.317911772026239, 44.50943086693637], [11.317534651285314, 44.50943852378179], [11.317545350697637, 44.50970838358984], [11.31716822806945, 44.509716039262756], [11.31717892589449, 44.50998589912759], [11.31680180137903, 44.509993553627965], [11.316812497616738, 44.51026341354961], [11.316435371214006, 44.51027106687743], [11.31644606586433, 44.510540926855846], [11.316068937574318, 44.510548579011086], [11.316079630637216, 44.51081843904628], [11.315702500459919, 44.5108260900289], [11.315713191935334, 44.51109595012087], [11.314581795291991, 44.511118895818164], [11.314592481705029, 44.51138875611001], [11.313461078500998, 44.51141169082384], [11.31347175985149, 44.51168155131548], [11.31271748682508, 44.511696835046486], [11.312728164850352, 44.51196669566632], [11.31197388775014, 44.51198197456324], [11.311963213199855, 44.51171211380045], [11.311586076162744, 44.51171975131102], [11.311575403499585, 44.511449890461904], [11.310821132451444, 44.511465161607354], [11.310831801639651, 44.51173502259938], [11.309700388733198, 44.511757920199884], [11.309711052858471, 44.51202778139136], [11.309333913186423, 44.51203541150771], [11.309344575723673, 44.51230527275577], [11.308590292456055, 44.5123205293984], [11.30860095166767, 44.51259039077439], [11.308223808072116, 44.51259801730063], [11.308245123468474, 44.51313774015089], [11.30786797624829, 44.513145365575525], [11.307878632432963, 44.51341522704977], [11.306747184663148, 44.51343809607166], [11.306736533691419, 44.51316823438341], [11.306359385873773, 44.513175854830685], [11.306338087853527, 44.51263613126708], [11.305960943361816, 44.51264375032741], [11.305950296313227, 44.51237388845208], [11.305196010357175, 44.51238912269723], [11.305185366932982, 44.512119260664505], [11.30443108385517, 44.51213448978988], [11.304441723804226, 44.51240435196512], [11.30331029285605, 44.512427186534595], [11.303320927741488, 44.51269704890869], [11.302566636221945, 44.512712265875805], [11.302577267781235, 44.5129821283775], [11.302200120060233, 44.512989735065744], [11.302210750030923, 44.51325959762381], [11.30183360042323, 44.513267203138874], [11.301854857336332, 44.51380692835291], [11.301100550723131, 44.5138221359346], [11.301111175927735, 44.514091998661705], [11.300734020659931, 44.514099600657104], [11.300723397193066, 44.51382973785886], [11.300346243514054, 44.51383733853874], [11.300335621933854, 44.51356747565456], [11.299958469843643, 44.51357507501893], [11.299947850150057, 44.51330521204882], [11.29957069964865, 44.513312810097716], [11.299560081841628, 44.51304294704169], [11.299182932929034, 44.51305054377514], [11.299172317008525, 44.512780680633206], [11.298795169684745, 44.512788276051204], [11.298784555650707, 44.5125184128234], [11.296898825488288, 44.512556370892966], [11.296920036328673, 44.51309609804421], [11.297297186133946, 44.51308850877693], [11.297307793514868, 44.51335837225934], [11.29768494490911, 44.51335078167666], [11.297695554176467, 44.51362064507322], [11.298449859994111, 44.51360546003265], [11.298460472885687, 44.5138753232723], [11.298837627309055, 44.51386772881438], [11.298858857014139, 44.514407455107126], [11.299236014764213, 44.51439985926263], [11.299246631577796, 44.51466972231571], [11.30000095010696, 44.51465452675129], [11.30001157054504, 44.514924389647355], [11.301143052435387, 44.51490158675416], [11.301153678235893, 44.515171449422034], [11.301530840305919, 44.51516384589761], [11.301541467993266, 44.515433708479506], [11.302295795161982, 44.51541849755501], [11.302306426474095, 44.51568835997975], [11.302683591572755, 44.51568075257965], [11.302704858119988, 44.51622047724229], [11.303836362948806, 44.5161976471479], [11.30379380959609, 44.515118198617884], [11.304548131499859, 44.51510297290249], [11.304537490058934, 44.514833110875436], [11.306800441761817, 44.51478740429066], [11.306811093629571, 44.515057265889986], [11.307565413144966, 44.51504202026375], [11.307554757801618, 44.51477215880708], [11.307931915597443, 44.51476453419868], [11.307921258665726, 44.514494672798556], [11.308675570333573, 44.514479419991275], [11.30866491007579, 44.51420955871906], [11.310173524666812, 44.514179038457385], [11.310184191875521, 44.514448899444], [11.310561346887168, 44.5144412661962], [11.310550677940734, 44.514171405281026], [11.310927831065076, 44.51416377086029], [11.310906490145582, 44.51362404912832], [11.311283639644948, 44.51361641360612], [11.311272967671957, 44.51334655278934], [11.313158704235732, 44.51330835687056], [11.313169384896918, 44.5135782173299], [11.31354653349817, 44.51357057434161], [11.313535851099351, 44.51330071395381], [11.315044437055894, 44.5132701298435], [11.31503374785644, 44.51300026972706], [11.315410892233377, 44.51299262066024], [11.315421583170426, 44.5132624807051], [11.316175874949796, 44.51324717869535], [11.316165180537565, 44.51297731879369], [11.316542324464764, 44.51296966599396], [11.316553020614583, 44.513239525824], [11.316930166129406, 44.513231871708314], [11.316940864166797, 44.513501731451896], [11.31731801126924, 44.513494076020265], [11.317328711194252, 44.51376393567735], [11.317705859884308, 44.51375627892974], [11.317716561696988, 44.514026138500356], [11.318093711974655, 44.51401848043674], [11.318104415675052, 44.51428833992085], [11.318858719255495, 44.51427301991721], [11.31888013405733, 44.514812738554156], [11.319634443988102, 44.51479741328627], [11.319645155089681, 44.51506727243907], [11.320399467895227, 44.51505194205019], [11.3204101826225, 44.5153218010447], [11.3207873405377, 44.515314133911936], [11.320798057152976, 44.51558399281984], [11.321175216655702, 44.51557632437091], [11.321196653812637, 44.51611604199867], [11.321950979318462, 44.51610070108048], [11.321918813381703, 44.515291125047256], [11.321541655917327, 44.5152987959132], [11.321520216186581, 44.51475907833992], [11.321143062047376, 44.51476674781794], [11.321132344145145, 44.514496888937266], [11.320755191593374, 44.51450455709915], [11.320744475579088, 44.514234698131865], [11.321875927570549, 44.514211690128434], [11.321833044164414, 44.51313225497205], [11.321078756887955, 44.513147594311164], [11.32105732303688, 44.51260787635681], [11.322188743300892, 44.51258486591236], [11.322199465363886, 44.51285472468163], [11.322576606888799, 44.512847051973125], [11.322598054940876, 44.51338676932352], [11.323352344489848, 44.513371419886376], [11.3233630722166, 44.51364127839565], [11.324117364639129, 44.513625923837594], [11.324128095991508, 44.51389578218834], [11.324505243714711, 44.51388810297097], [11.324515976955176, 44.514157961235014], [11.325270275425366, 44.51414259892355], [11.325281012291617, 44.51441245702897], [11.326412464080779, 44.51438940401353], [11.326401722001593, 44.51411954612384], [11.326778870559156, 44.514111859368604], [11.326789614375983, 44.51438171718635], [11.32754391451447, 44.514366339799004], [11.327565409550713, 44.514906055102166], [11.327942562869284, 44.514898364398036], [11.327953312351138, 44.515168221955356], [11.3283304672567, 44.5151605299349], [11.328341218626994, 44.515430387405374], [11.32984984369251, 44.51539960659178], [11.329839085371336, 44.51512974940934], [11.330593393523746, 44.51511435168036], [11.330539586803939, 44.51376506626568], [11.330162441491355, 44.5137727653921], [11.330151682337581, 44.51350290819252], [11.327511673090205, 44.51355676673284], [11.327468686633935, 44.51247733576996], [11.327845824314256, 44.51246964571354], [11.32782432851521, 44.51192993028688], [11.32857859647398, 44.511914546729166], [11.328567845325663, 44.511644689137505], [11.329322109206702, 44.51162930074688], [11.329300600412779, 44.511089585807], [11.329677728652415, 44.5110818898894], [11.329666972744286, 44.51081203246918], [11.330044099095803, 44.51080433537942], [11.330033341601165, 44.51053447801638], [11.330787590377128, 44.510519080248415], [11.330766068891254, 44.50997936576591], [11.33114318957844, 44.509971665159796], [11.331121665221584, 44.509431950761986], [11.331498782283475, 44.50942424905587], [11.33147725505582, 44.50888453474274], [11.332985707896912, 44.508853716054006], [11.332996478383842, 44.5091235729296], [11.334127821640696, 44.50910044563371], [11.334117045942376, 44.50883058897453], [11.334871270550723, 44.508815164701154], [11.334860491529275, 44.50854530817145], [11.335614712058971, 44.50852987906613], [11.335603929714496, 44.508260022665944], [11.33598103801555, 44.508252306319385], [11.335991822097089, 44.508522162647374], [11.33636893198402, 44.50851444498455], [11.336379717953834, 44.508784301225425], [11.336756829426639, 44.508776582246306], [11.336799981766625, 44.509856006772225], [11.336422863345238, 44.50986372604029], [11.336433650071141, 44.51013358220681], [11.336056529761322, 44.51014130030297], [11.33606731490122, 44.51041115652686], [11.335690192702964, 44.5104188734511], [11.335679409300303, 44.510149017154994], [11.333793804728032, 44.51018758275308], [11.333836904500174, 44.51126700929185], [11.336476798487038, 44.51121300672421], [11.336487585969097, 44.51148286281638], [11.337241843507808, 44.51146742216921], [11.337252634615805, 44.51173727810202], [11.337629764895588, 44.5117295558399], [11.337640557892247, 44.51199941168556], [11.337263425875092, 44.51200713401995], [11.337274217285673, 44.51227698992301], [11.337651351040224, 44.51226926751636], [11.337672937790133, 44.51280897913332], [11.336918663180006, 44.51282442299144], [11.33694024358529, 44.51336413483795], [11.336185961420114, 44.51337957400804], [11.336175174616832, 44.513109717947756], [11.335798035044887, 44.51311743559417], [11.33573332782543, 44.51149829848678], [11.335356198526801, 44.51150601445569], [11.335366980948027, 44.51177587074964], [11.33498984976087, 44.51178358554654], [11.335011411582032, 44.512323298234215], [11.334634276768927, 44.51233101193127], [11.334666615421911, 44.51314058106783], [11.335043755447401, 44.51313286715421], [11.335054537038166, 44.51340272343112], [11.335431678650007, 44.51339500820104], [11.335442462129468, 44.51366486439089], [11.335065318780094, 44.51367257969318], [11.335086882717436, 44.514212292172665], [11.335841176215263, 44.514196860034986], [11.335851961885892, 44.514466716108025], [11.336229110145593, 44.514458998100494], [11.336250685415779, 44.51499871005749], [11.336627836999508, 44.51499099066117], [11.33663862659914, 44.51526084654511], [11.336261473277741, 44.51526856601367], [11.336283049455421, 44.51580827788144], [11.336660206252233, 44.5158005582684], [11.336670996305699, 44.51607041410774], [11.33704815468897, 44.51606269317808], [11.337037362897766, 44.51579283741099], [11.337414519391993, 44.51578511530922], [11.337403726014378, 44.515515259599525], [11.337780880619565, 44.51550753632563], [11.33777008565559, 44.51523768067334], [11.338147238371745, 44.51522995622738], [11.338125645422537, 44.514690245022734], [11.338879943450126, 44.51467479268697], [11.338858344156003, 44.51413508171202], [11.340744069198925, 44.514096429820405], [11.340733261091229, 44.51382657467232], [11.341110403907773, 44.5138188406335], [11.34109959421409, 44.51354898554288], [11.341476735141566, 44.51354125033217], [11.34145511273389, 44.51300154025109], [11.340700837677309, 44.51301700913876], [11.340614381906944, 44.510858167061194], [11.339483009882484, 44.51088135932454], [11.339472208804738, 44.510611503780865], [11.338717963505776, 44.51062695892436], [11.338707166053931, 44.510357103221175], [11.338330044914613, 44.5103648288544], [11.338265273805245, 44.50874569388911], [11.342413483356637, 44.50866064827152], [11.342402669593781, 44.50839079318777], [11.343533991078035, 44.508367573020536], [11.343523172255727, 44.50809771813917], [11.343900277376822, 44.5080899756678], [11.3438894569692, 44.50782012084401], [11.34577497161388, 44.50778139018926], [11.345818288894861, 44.50886080794536], [11.346195398316487, 44.508853057792294], [11.346206229753355, 44.509122912121576], [11.346583340760201, 44.50911516065193], [11.346572507586268, 44.50884530639519], [11.347326725670188, 44.508829799868806], [11.347315889174054, 44.508559945742284], [11.348447209949375, 44.50853667684011], [11.348436368394136, 44.508266822916454], [11.348813473278293, 44.508259064200274], [11.348824316570534, 44.508528918051326], [11.349955635521825, 44.50850563422079], [11.349944787018591, 44.50823578058762], [11.350321891294554, 44.508228016895366], [11.350256793047409, 44.50660889521936], [11.350633886749838, 44.50660113071906], [11.350623035837504, 44.50633127712692], [11.352131402178536, 44.50630020697708], [11.352142260038118, 44.506570060278484], [11.352896445769066, 44.50655451759456], [11.352918168892245, 44.50709422386176], [11.353295265003009, 44.507086450508424], [11.353306128529876, 44.507356303546935], [11.353683226225218, 44.507348528876875], [11.353694091641279, 44.507618381827726], [11.35444829004876, 44.50760282861019], [11.354459159090974, 44.50787268140059], [11.354836259803081, 44.507864902853065], [11.354847130734607, 44.50813475555577], [11.356732640693327, 44.50809584379429], [11.356743520462016, 44.508365696117956], [11.357120623733238, 44.50835790996082], [11.3571097422276, 44.50808805771001], [11.357486843609326, 44.50808027038176], [11.357475960519318, 44.507810418188896], [11.358984357572623, 44.507779256727595], [11.35899524761028, 44.508049108628846], [11.35937234822891, 44.50804131508066], [11.359361456454346, 44.507771463252325], [11.35973855518338, 44.507763668533116], [11.359705875565261, 44.5069541131775], [11.359328782046791, 44.506961907677905], [11.35933967336329, 44.507231759550955], [11.35858548239466, 44.5072473449658], [11.358574594551829, 44.506977492946895], [11.358197500575386, 44.5069852837155], [11.358186614622001, 44.50671543160878], [11.356678244137655, 44.50674658195228], [11.356689123143761, 44.50701643435051], [11.355557838468577, 44.507039784265345], [11.35554696467296, 44.50676993164863], [11.355169871213157, 44.506777712392875], [11.355158999306786, 44.50650785968843], [11.35478190743138, 44.506515639115946], [11.35474929783701, 44.50570608069482], [11.355126384502121, 44.50569830148571], [11.355104642061027, 44.50515859594269], [11.35472755886932, 44.50516637500622], [11.354716689614035, 44.50489652213956], [11.353962526246871, 44.50491207638945], [11.35395166061725, 44.50464222336234], [11.353574580441823, 44.504649998548736], [11.353563716701146, 44.504380145433956], [11.353186638110055, 44.50438791930376], [11.353164914558757, 44.503848212884016], [11.354673214116573, 44.50381711052389], [11.354651477282012, 44.50327740462663], [11.35502854831756, 44.503269626072644], [11.355017678392315, 44.50299977317446], [11.35652595406452, 44.502968646811965], [11.356515077345787, 44.502698794190145], [11.358777475860688, 44.50265206777061], [11.358766588875854, 44.50238221557114], [11.359520717020644, 44.5023666302938], [11.359509826715637, 44.50209677822525]], [[11.352787839288586, 44.503855985364495], [11.35279869925152, 44.504125838654566], [11.352044544781315, 44.50414138002952], [11.352055401423268, 44.50441123345012], [11.350547083710271, 44.50444230156478], [11.350536234014793, 44.50417244785346], [11.349782077718865, 44.50418797430242], [11.349749539964455, 44.503378412643194], [11.350126612978716, 44.50337065025856], [11.35011576562813, 44.503100796415005], [11.350869907727391, 44.503085268059635], [11.35085905705586, 44.50281541434651], [11.351236126140842, 44.50280764837581], [11.351225273884944, 44.50253779472044], [11.352356475017597, 44.50251448956379], [11.3523673324829, 44.50278434300107], [11.352744400959212, 44.502776572055275], [11.352766119819433, 44.50331627873968], [11.353143191616512, 44.50330850640465], [11.353164914558757, 44.503848212884016], [11.352787839288586, 44.503855985364495]], [[11.31989376740825, 44.51182129791419], [11.319904478595534, 44.51209115715856], [11.32065875287326, 44.512075825859164], [11.320690897761223, 44.51288540307277], [11.320313755484927, 44.512893069559816], [11.320324469010474, 44.51316292867307], [11.319193036067768, 44.51318592088362], [11.319182327754913, 44.51291606155521], [11.318428041850876, 44.51293138333065], [11.318417337163241, 44.51266152384402], [11.318040195723636, 44.5126691827936], [11.318029492923609, 44.51239932322045], [11.318406632625688, 44.51239166434253], [11.318395928238214, 44.512121804826215], [11.318773066052715, 44.5121141447757], [11.318762360077839, 44.511844285316215], [11.31989376740825, 44.51182129791419]], [[11.338070993163177, 44.503888285780256], [11.338081785246093, 44.50415814191273], [11.338458866435554, 44.504150417942135], [11.338491248802177, 44.5049599860335], [11.337359989149553, 44.504983154864135], [11.337349200086228, 44.504713298631756], [11.33697211496956, 44.50472101901524], [11.336950540770056, 44.50418130636135], [11.336573458975575, 44.504189025356474], [11.336562673839323, 44.503919168934985], [11.336939753897132, 44.50391145001209], [11.336928967175425, 44.50364159364796], [11.337683123364096, 44.503626152215105], [11.337693913559086, 44.50389600843473], [11.338070993163177, 44.503888285780256]], [[11.3579580448491, 44.5010485339235], [11.357968927598288, 44.501318386343314], [11.357214812123724, 44.50133396108777], [11.35720393284715, 44.50106410852219], [11.3579580448491, 44.5010485339235]], [[11.34989885054567, 44.49770371641583], [11.34987716238196, 44.49716400808823], [11.350631228086346, 44.49714848292939], [11.350642075564183, 44.49741833695537], [11.3510191099243, 44.497410572437985], [11.351040808808188, 44.49795028029992], [11.350286732991798, 44.497965808381736], [11.350275886945889, 44.49769595431291], [11.34989885054567, 44.49770371641583]], [[11.343424322907275, 44.496216349340074], [11.343435136794495, 44.496486204803894], [11.343058106341909, 44.496493944160406], [11.343047294190631, 44.49622408862416], [11.343424322907275, 44.496216349340074]], [[11.338856797600076, 44.495229713199535], [11.338878382652554, 44.49576942596796], [11.33850135559071, 44.495777150185205], [11.33847977401001, 44.49523743727223], [11.338856797600076, 44.495229713199535]], [[11.34711878725814, 44.49424990451675], [11.347129617441935, 44.49451975935991], [11.346375583720645, 44.49453526068434], [11.346364757008347, 44.49426540569611], [11.34711878725814, 44.49424990451675]], [[11.342917560195952, 44.4929858210284], [11.342939181013023, 44.493525532443186], [11.342562169502939, 44.493533269759666], [11.342551360754317, 44.493263413987314], [11.34217435082841, 44.493271149988004], [11.342163543966949, 44.493001294128376], [11.342917560195952, 44.4929858210284]], [[11.335345044711968, 44.492330756647505], [11.335355819878062, 44.492600613852815], [11.334978812285234, 44.492608326012366], [11.334968038854774, 44.492338468734886], [11.335345044711968, 44.492330756647505]], [[11.340569115790396, 44.49087337567948], [11.340558317233913, 44.49060351939648], [11.34093531041002, 44.49059578909279], [11.341000114432411, 44.4922149261335], [11.340623110843252, 44.49222265687125], [11.340612311529947, 44.491952800662645], [11.340235309524987, 44.49196053008472], [11.3402245120986, 44.4916906737889], [11.339847511677842, 44.49169840189531], [11.339836716138324, 44.491428545512306], [11.339082718313943, 44.491443997850524], [11.339071926396752, 44.49117414130806], [11.340202917699848, 44.491150961152655], [11.340192120727481, 44.49088110481221], [11.340569115790396, 44.49087337567948]], [[11.349283315816885, 44.49177468079706], [11.349294155047643, 44.49204453533881], [11.348917154794812, 44.49205229342987], [11.34890631729957, 44.49178243881552], [11.349283315816885, 44.49177468079706]]]}}, {"type": "Feature", "properties": {"threshold": "ge_5", "source": "HistorySUHI", "period": "2013-2025", "hotspot_percentile": "top_10_pct", "label": ">= 5 estati"}, "geometry": {"type": "Polygon", "coordinates": [[[11.297281902946587, 44.50309596163712], [11.29765898817707, 44.50308837250933], [11.297648382972138, 44.502818508606424], [11.298025466317187, 44.50281091830572], [11.297993646384278, 44.50200132672125], [11.29648533295275, 44.50203167960837], [11.296474733552497, 44.50176181543323], [11.29609765655975, 44.5017694004743], [11.296087059044735, 44.50149953621337], [11.295709983640077, 44.5015071199396], [11.295688792528955, 44.50096739123141], [11.294180503318175, 44.500997713130126], [11.29420168053632, 44.501537442405855], [11.293824604389222, 44.50154501991273], [11.293856366119682, 44.502354613928084], [11.293479284614094, 44.502362190403794], [11.293511042470067, 44.50317178449866], [11.293133955605777, 44.503179359943125], [11.293208050305843, 44.50506841280954], [11.293585149328345, 44.50506083686879], [11.293595736616062, 44.505330701433905], [11.294349937689741, 44.50531554567851], [11.29433934692806, 44.50504568125523], [11.296979033848901, 44.504992597421094], [11.296957828453886, 44.50445286952365], [11.296580734241921, 44.50446045651857], [11.29655953291521, 44.50392072841993], [11.29693662365342, 44.503913141567004], [11.296915419447481, 44.50337341355114], [11.297292506563403, 44.50336582559625], [11.297281902946587, 44.50309596163712]]]}}, {"type": "Feature", "properties": {"threshold": "ge_5", "source": "HistorySUHI", "period": "2013-2025", "hotspot_percentile": "top_10_pct", "label": ">= 5 estati"}, "geometry": {"type": "Polygon", "coordinates": [[[11.304111954737342, 44.5040386176434], [11.304090684234673, 44.50349889235953], [11.303713598061432, 44.50350650277642], [11.303702964770505, 44.50323664004104], [11.302194625534216, 44.503267068984464], [11.302215878370838, 44.50380679500993], [11.302970055234175, 44.50379158274134], [11.302980685349597, 44.50406144558949], [11.304111954737342, 44.5040386176434]]]}}, {"type": "Feature", "properties": {"threshold": "ge_5", "source": "HistorySUHI", "period": "2013-2025", "hotspot_percentile": "top_10_pct", "label": ">= 5 estati"}, "geometry": {"type": "Polygon", "coordinates": [[[11.331682144607749, 44.50455911644453], [11.332059230102578, 44.504551413547816], [11.33204846565565, 44.504281556275295], [11.331671381897545, 44.504289259099934], [11.331660619338217, 44.50401940174047], [11.33203770135962, 44.50401169898792], [11.332026937214492, 44.50374184168567], [11.332404017348319, 44.50373413776132], [11.332393251617436, 44.50346428051631], [11.333147407959007, 44.50344886908024], [11.333136638905795, 44.503179011964576], [11.333513715113526, 44.5031713044529], [11.333492173986832, 44.50263159032122], [11.33311510125227, 44.50263929768865], [11.333104332651947, 44.5023694405284], [11.331973118752254, 44.50239255495148], [11.331983882142922, 44.50266241232805], [11.331606808804668, 44.5026701147202], [11.331628332565483, 44.503209829572896], [11.329742946245748, 44.50324832359675], [11.329764453243543, 44.503788039110454], [11.330141534282387, 44.503780342649335], [11.330152289744102, 44.50405020031187], [11.330906454842813, 44.50403480351393], [11.330917213928727, 44.504304661017535], [11.331294297988563, 44.50429696068068], [11.331315820086369, 44.50483667549916], [11.331692907468835, 44.50482897377427], [11.331682144607749, 44.50455911644453]], [[11.332005409376924, 44.50320212703659], [11.33201617322026, 44.50347198436856], [11.331639094672191, 44.503479686976945], [11.331628332565483, 44.503209829572896], [11.332005409376924, 44.50320212703659]]]}}, {"type": "Feature", "properties": {"threshold": "ge_5", "source": "HistorySUHI", "period": "2013-2025", "hotspot_percentile": "top_10_pct", "label": ">= 5 estati"}, "geometry": {"type": "Polygon", "coordinates": [[[11.313624582742547, 44.50600683564652], [11.316264277198263, 44.505953305204855], [11.3161894356335, 44.50406428327873], [11.315812349033036, 44.50407193371554], [11.315790970551244, 44.503532212888516], [11.316168053678213, 44.50352456259489], [11.316157362925376, 44.50325470223071], [11.31578028153512, 44.503262352452744], [11.31573752696905, 44.50218291056131], [11.314983377632272, 44.50219820670111], [11.314994062575794, 44.50246806733938], [11.31461698594609, 44.50247571361507], [11.31460630273919, 44.502205852905256], [11.31422922769635, 44.502213497865554], [11.314207865205011, 44.501673776258336], [11.313076649597718, 44.501696703247006], [11.31306597378632, 44.5014268422066], [11.312688903354434, 44.501434481977], [11.312710251653739, 44.50197420418596], [11.312333177599065, 44.501981842855514], [11.312343850236559, 44.50225170400923], [11.312720926027845, 44.5022440652682], [11.312742275224986, 44.502783787388175], [11.313119354339927, 44.5027761472603], [11.313151384468107, 44.50358573011456], [11.313905552669183, 44.50357044569809], [11.313969637808665, 44.50518961014793], [11.313592543362102, 44.50519725340726], [11.313603223005863, 44.50546711416851], [11.312849030189811, 44.50548239709826], [11.31285970650944, 44.5057522579877], [11.312105509620844, 44.505767536084456], [11.312116182616236, 44.506037397102034], [11.311739082210531, 44.506045034355864], [11.311749753618567, 44.506314895430094], [11.311372651326272, 44.506322531511366], [11.311383321146907, 44.506592392642226], [11.311006216968018, 44.506600027550896], [11.311016885201198, 44.50686988873837], [11.31063977913571, 44.50687752247445], [11.310661112576607, 44.50741724494779], [11.311038222116247, 44.50740961106884], [11.31102755358394, 44.507139749911026], [11.31215887609411, 44.50711684102408], [11.312148202500191, 44.5068469800658], [11.312902413284718, 44.50683170139716], [11.312891736366382, 44.506561840567045], [11.313268839797107, 44.50655419943814], [11.313258161291449, 44.5062843386647], [11.313635262835476, 44.50627669636327], [11.313624582742547, 44.50600683564652]]]}}, {"type": "Feature", "properties": {"threshold": "ge_5", "source": "HistorySUHI", "period": "2013-2025", "hotspot_percentile": "top_10_pct", "label": ">= 5 estati"}, "geometry": {"type": "Polygon", "coordinates": [[[11.298853908591369, 44.504684779490105], [11.298843297283646, 44.50441491588915], [11.29733492251721, 44.504445281284724], [11.297366736043505, 44.50525487289565], [11.296989636769373, 44.505262461347606], [11.29700023983849, 44.505532325259324], [11.297754441712053, 44.50551714696933], [11.297765048403832, 44.5057870107242], [11.298519253156613, 44.505771827315975], [11.298529863471146, 44.50604169091395], [11.299661174695714, 44.50601890625809], [11.299650559170122, 44.50574904287333], [11.300404762435063, 44.50573384702469], [11.300383524882424, 44.50519412049517], [11.299629328565393, 44.50520931605941], [11.299618713486252, 44.50493945263024], [11.299241616841446, 44.50494704847524], [11.299231003648039, 44.50467718496018], [11.298853908591369, 44.504684779490105]]]}}, {"type": "Feature", "properties": {"threshold": "ge_5", "source": "HistorySUHI", "period": "2013-2025", "hotspot_percentile": "top_10_pct", "label": ">= 5 estati"}, "geometry": {"type": "Polygon", "coordinates": [[[11.310661112576607, 44.50741724494779], [11.310284002887427, 44.50742487758265], [11.3102733378293, 44.50715501628197], [11.309896229727691, 44.507162647601334], [11.309885566556147, 44.50689278621441], [11.30950846004212, 44.50690041621829], [11.309497798757112, 44.50663055474514], [11.307989378154808, 44.50666106203455], [11.307968069929313, 44.5061213384728], [11.308722273581212, 44.506106087601644], [11.308732931093294, 44.506375949247214], [11.309110034432148, 44.506368321874206], [11.309099375183063, 44.50609846030002], [11.30947647663548, 44.50609083175436], [11.309455155111676, 44.505551108704296], [11.309832252940714, 44.5055434790574], [11.30980026656519, 44.50473389458531], [11.310177359034054, 44.50472626390863], [11.310081392347751, 44.502297510334394], [11.309704315509661, 44.5023051403684], [11.309682994696848, 44.50176541704602], [11.30892884751885, 44.5017806730969], [11.308939504377312, 44.50205053490828], [11.308185353128511, 44.5020657861265], [11.308196006663088, 44.50233564806578], [11.30706477345991, 44.50235851577818], [11.307054125135274, 44.50208865362491], [11.30667704883895, 44.50209627363665], [11.306666402400209, 44.501826411397246], [11.305535177825735, 44.50184926375543], [11.305545819054576, 44.50211912620868], [11.305168742161399, 44.50212674124497], [11.305211301621755, 44.50320619119488], [11.305588385461725, 44.50319857587355], [11.305599027436472, 44.50346843825272], [11.306353198142336, 44.50345320373574], [11.306363843739831, 44.503723065957516], [11.306740930605693, 44.503715446761845], [11.306751578089228, 44.50398530889749], [11.307128666542622, 44.50397768838658], [11.307139315912245, 44.5042475504361], [11.307516405953171, 44.504239928609906], [11.307537708614012, 44.504779652521854], [11.306406427622234, 44.50480251469645], [11.306417073965953, 44.50507237684413], [11.305285786420217, 44.50509522803673], [11.305349636351163, 44.50671440189475], [11.304972529782237, 44.50672201689851], [11.305004451550504, 44.50753160384126], [11.305381563330732, 44.5075239886237], [11.305413491653123, 44.50833357521929], [11.305790608495666, 44.5083259585438], [11.305801253305436, 44.50859582064143], [11.306555490017226, 44.50858058341546], [11.306566138450712, 44.508850445355655], [11.30694325831993, 44.50884282480514], [11.306932608149204, 44.50857296293624], [11.307309726131871, 44.50856534121289], [11.307320378039831, 44.50883520301046], [11.309583093222333, 44.50878944611525], [11.309572430891016, 44.508519584745876], [11.31032666461515, 44.50850432263712], [11.310305333452241, 44.50796460013954], [11.310682446615678, 44.50795696736182], [11.310661112576607, 44.50741724494779]]]}}, {"type": "Feature", "properties": {"threshold": "ge_5", "source": "HistorySUHI", "period": "2013-2025", "hotspot_percentile": "top_10_pct", "label": ">= 5 estati"}, "geometry": {"type": "Polygon", "coordinates": [[[11.304584784510121, 44.50645976824306], [11.304207679379939, 44.50646738068746], [11.304228953162987, 44.5070071056454], [11.304606061767311, 44.50699949305853], [11.304584784510121, 44.50645976824306]]]}}, {"type": "Feature", "properties": {"threshold": "ge_5", "source": "HistorySUHI", "period": "2013-2025", "hotspot_percentile": "top_10_pct", "label": ">= 5 estati"}, "geometry": {"type": "Polygon", "coordinates": [[[11.299044937571043, 44.50954232177513], [11.299055551705667, 44.509812185094745], [11.298678423494488, 44.50981977973092], [11.298667811097227, 44.509549916340234], [11.298290684474628, 44.50955750966113], [11.298280073963491, 44.509287646184596], [11.297902948929478, 44.50929523819023], [11.297892340304417, 44.50902537462782], [11.297515216858994, 44.509032965318234], [11.297504610119958, 44.50876310166999], [11.296373244103469, 44.50878586606304], [11.296383845630594, 44.50905572992433], [11.296006721590498, 44.509063315637974], [11.29599612180068, 44.50879345170571], [11.295618999349287, 44.50880103610419], [11.295629597401794, 44.509070900107425], [11.29487534857866, 44.50908606531376], [11.29490713320351, 44.50989565766042], [11.296415651103771, 44.50986532141933], [11.29642625322544, 44.510135185221394], [11.297180514758631, 44.51012000949347], [11.297191120503793, 44.510389873138706], [11.297568252784787, 44.51038228333737], [11.297578860416088, 44.51065214689678], [11.29795599428581, 44.510644555780154], [11.297966603803298, 44.51091441925372], [11.299852279607556, 44.510876444651394], [11.299862897961214, 44.51114630775479], [11.300240034413035, 44.511138709030426], [11.300229414321898, 44.51086884599815], [11.300606548887348, 44.510861246100625], [11.300553441977994, 44.509511931072666], [11.29979919007223, 44.50952712891231], [11.299788572611742, 44.50925726572007], [11.299411448172897, 44.50926486270249], [11.299422063896053, 44.50953472596582], [11.299044937571043, 44.50954232177513]]]}}, {"type": "Feature", "properties": {"threshold": "ge_5", "source": "HistorySUHI", "period": "2013-2025", "hotspot_percentile": "top_10_pct", "label": ">= 5 estati"}, "geometry": {"type": "Polygon", "coordinates": [[[11.28892587619828, 44.511366129497304], [11.28854873529091, 44.51137369089292], [11.28853816906274, 44.511103825661635], [11.288161029744781, 44.5111113857422], [11.28815046540228, 44.51084152042539], [11.287773327673742, 44.51084907919089], [11.287762765216865, 44.51057921378856], [11.287385629077749, 44.510586771239055], [11.287375068506444, 44.51031690575121], [11.286997933956755, 44.51032446188671], [11.286987375270975, 44.51005459631337], [11.285855975946218, 44.51007725704216], [11.285940407876227, 44.51223618291143], [11.28556326057154, 44.51224373456451], [11.285594919773793, 44.513053331733545], [11.286726376883125, 44.5130306724051], [11.2867158184546, 44.51276080690893], [11.287092968790628, 44.512753251381376], [11.287082408772449, 44.51248338594111], [11.288213853679048, 44.512460712104385], [11.288203288595952, 44.51219084686152], [11.288580434864278, 44.51218328649799], [11.288569868191676, 44.51191342131108], [11.288947012574226, 44.511905859773954], [11.28892587619828, 44.511366129497304]]]}}, {"type": "Feature", "properties": {"threshold": "ge_5", "source": "HistorySUHI", "period": "2013-2025", "hotspot_percentile": "top_10_pct", "label": ">= 5 estati"}, "geometry": {"type": "Polygon", "coordinates": [[[11.29363158811365, 44.515862986708115], [11.292877250626411, 44.51587814052893], [11.29288783863927, 44.51614800471485], [11.293642179602433, 44.51613285075222], [11.29363158811365, 44.515862986708115]]]}}, {"type": "Feature", "properties": {"threshold": "ge_5", "source": "HistorySUHI", "period": "2013-2025", "hotspot_percentile": "top_10_pct", "label": ">= 5 estati"}, "geometry": {"type": "Polygon", "coordinates": [[[11.293317960176434, 44.51748974870892], [11.293695139273943, 44.51748217075079], [11.293663363025512, 44.51667257879605], [11.293286189142174, 44.51668015654144], [11.293275599094393, 44.51641029245601], [11.29252125435832, 44.516425444071416], [11.292542427650268, 44.51696517251105], [11.292919603568585, 44.51695759718383], [11.292930192175278, 44.51722746131056], [11.293307369683193, 44.51721988466789], [11.293317960176434, 44.51748974870892]]]}}, {"type": "Feature", "properties": {"threshold": "ge_5", "source": "HistorySUHI", "period": "2013-2025", "hotspot_percentile": "top_10_pct", "label": ">= 5 estati"}, "geometry": {"type": "Polygon", "coordinates": [[[11.294417710346634, 44.516657419571686], [11.294040536760338, 44.51666499980613], [11.294072318222936, 44.517474591548094], [11.294449497023388, 44.51746701110084], [11.294417710346634, 44.516657419571686]]]}}, {"type": "Feature", "properties": {"threshold": "ge_5", "source": "HistorySUHI", "period": "2013-2025", "hotspot_percentile": "top_10_pct", "label": ">= 5 estati"}, "geometry": {"type": "Polygon", "coordinates": [[[11.325032694677935, 44.517658435847956], [11.32578703802974, 44.51764306917854], [11.325776297618958, 44.51737321132326], [11.325399127756278, 44.5173808952083], [11.325388389233998, 44.517111037266275], [11.325011220958672, 44.51711871983495], [11.325000484324846, 44.516848861806174], [11.324623317636878, 44.51685654305851], [11.324612582891458, 44.51658668494299], [11.322726755883862, 44.51662507217861], [11.32271602997822, 44.51635521368901], [11.32233886586331, 44.516362887330985], [11.32234959003109, 44.516632745892394], [11.321595257874487, 44.51664808958662], [11.321659585183413, 44.51826724150473], [11.322036761764597, 44.518259569849114], [11.322047485246923, 44.51852942837838], [11.32242466341579, 44.51852175540645], [11.322435388786529, 44.51879161384906], [11.322812568543073, 44.51878393956078], [11.322823295802275, 44.51905379791673], [11.323200477146495, 44.519046122312076], [11.323189748149215, 44.518776264027956], [11.323566927604924, 44.51876858725058], [11.323556197020023, 44.51849872902345], [11.323933374587229, 44.518491051073404], [11.323922642414756, 44.518221192903255], [11.324299818093465, 44.518213513780545], [11.324289084333467, 44.5179436556674], [11.325043431763376, 44.51792829383219], [11.325032694677935, 44.517658435847956]]]}}, {"type": "Feature", "properties": {"threshold": "ge_5", "source": "HistorySUHI", "period": "2013-2025", "hotspot_percentile": "top_10_pct", "label": ">= 5 estati"}, "geometry": {"type": "Polygon", "coordinates": [[[11.293716324182137, 44.51802189864662], [11.292584776015438, 44.51804462921277], [11.292595363477844, 44.5183144933512], [11.292218178720521, 44.518322067788276], [11.29222876459319, 44.518591931982805], [11.292605951088698, 44.51858435747484], [11.292616538848007, 44.51885422158368], [11.293748102658341, 44.518831490379405], [11.293716324182137, 44.51802189864662]]]}}, {"type": "Feature", "properties": {"threshold": "ge_5", "source": "HistorySUHI", "period": "2013-2025", "hotspot_percentile": "top_10_pct", "label": ">= 5 estati"}, "geometry": {"type": "Polygon", "coordinates": [[[11.292239350614285, 44.518861796162525], [11.29222876459319, 44.518591931982805], [11.29185157794925, 44.51859950524615], [11.291862162232134, 44.51886936949675], [11.292239350614285, 44.518861796162525]]]}}, {"type": "Feature", "properties": {"threshold": "ge_5", "source": "HistorySUHI", "period": "2013-2025", "hotspot_percentile": "top_10_pct", "label": ">= 5 estati"}, "geometry": {"type": "Polygon", "coordinates": [[[11.331196613288625, 44.52077364412009], [11.330819422941744, 44.52078134636458], [11.330830187907482, 44.521051203090806], [11.331207379992582, 44.52104350077425], [11.331218146847503, 44.52131335741354], [11.332349727411643, 44.521290242779834], [11.332338955342006, 44.52102038635684], [11.332716146823106, 44.52101267906181], [11.332694599660547, 44.520472966315474], [11.3330717875142, 44.52046525792011], [11.333061012421346, 44.52019540159678], [11.331929453621735, 44.52021852283276], [11.331940223500103, 44.52048837937246], [11.33118584673563, 44.52050378745107], [11.331196613288625, 44.52077364412009]]]}}, {"type": "Feature", "properties": {"threshold": "ge_5", "source": "HistorySUHI", "period": "2013-2025", "hotspot_percentile": "top_10_pct", "label": ">= 5 estati"}, "geometry": {"type": "Polygon", "coordinates": [[[11.338816001947249, 44.52250832402366], [11.338438802456524, 44.5225160516662], [11.338428001818293, 44.52224619647298], [11.33767360585918, 44.52226164787945], [11.337684403020775, 44.52253150321727], [11.3373072030758, 44.52253922712581], [11.337317998650443, 44.52280908252105], [11.337695200333764, 44.52280135854022], [11.337716795413927, 44.52334106914149], [11.338094000422613, 44.523333343771405], [11.33810479992821, 44.52360319897743], [11.338482006523888, 44.52359547229035], [11.338503609466267, 44.52413518251317], [11.338880819387386, 44.52412745443675], [11.338891622824244, 44.52439730945352], [11.339268834332364, 44.52438958006003], [11.339258029157023, 44.524119725115575], [11.339635238775157, 44.524111994549706], [11.339613625402107, 44.523572284760846], [11.339236419260859, 44.52358001518206], [11.339214809970693, 44.523040305189014], [11.338460404187312, 44.52305576200803], [11.338449603246197, 44.52278590684455], [11.338826804475259, 44.52277817912971], [11.338816001947249, 44.52250832402366]]]}}, {"type": "Feature", "properties": {"threshold": "ge_5", "source": "HistorySUHI", "period": "2013-2025", "hotspot_percentile": "top_10_pct", "label": ">= 5 estati"}, "geometry": {"type": "Polygon", "coordinates": [[[11.328308129817586, 44.524073513011594], [11.328318884425114, 44.52434337006374], [11.329827739527717, 44.524312584722324], [11.329816977966088, 44.524042727958275], [11.328685342080966, 44.524065818615405], [11.328653073947713, 44.523256247585834], [11.327898659701042, 44.5232716347015], [11.327909412117728, 44.52354149187021], [11.32753220302977, 44.523549183632944], [11.327553704838452, 44.52408889806973], [11.328308129817586, 44.524073513011594]]]}}, {"type": "Feature", "properties": {"threshold": "ge_5", "source": "HistorySUHI", "period": "2013-2025", "hotspot_percentile": "top_10_pct", "label": ">= 5 estati"}, "geometry": {"type": "Polygon", "coordinates": [[[11.310632349725388, 44.52578304749268], [11.310643023367476, 44.52605290784171], [11.311774712188836, 44.52602999514712], [11.311753354621793, 44.52549027486306], [11.310998902512274, 44.52550555095176], [11.31100957774344, 44.525775411244155], [11.310632349725388, 44.52578304749268]]]}}, {"type": "Feature", "properties": {"threshold": "ge_5", "source": "HistorySUHI", "period": "2013-2025", "hotspot_percentile": "top_10_pct", "label": ">= 5 estati"}, "geometry": {"type": "Polygon", "coordinates": [[[11.312162622243424, 44.52629221514078], [11.312151941496506, 44.52602235509249], [11.311774712188836, 44.52602999514712], [11.31178539119697, 44.5262998552669], [11.312162622243424, 44.52629221514078]]]}}, {"type": "Feature", "properties": {"threshold": "ge_5", "source": "HistorySUHI", "period": "2013-2025", "hotspot_percentile": "top_10_pct", "label": ">= 5 estati"}, "geometry": {"type": "Polygon", "coordinates": [[[11.335636967478633, 44.52797494030182], [11.335626177721586, 44.52770508482793], [11.336003411456137, 44.52769736577042], [11.335981828918356, 44.527157654922505], [11.334095676120787, 44.527196237039014], [11.334084893772635, 44.5269263812317], [11.333330435072611, 44.526941805219856], [11.333319656353126, 44.52667194925335], [11.33294242851513, 44.52667965930797], [11.332920875006986, 44.52613994718605], [11.331789201018669, 44.52616306944803], [11.331864604427539, 44.52805206312923], [11.33375078784279, 44.528013517276925], [11.33376156905687, 44.528283373096926], [11.333007092666405, 44.52829879531692], [11.33301787055389, 44.52856865126637], [11.33264063039306, 44.52857636058113], [11.332672959745512, 44.52938592855671], [11.33305020512316, 44.529378219025524], [11.333071762258369, 44.529917930790624], [11.333449010962871, 44.529910219870175], [11.333470572180756, 44.53044993143147], [11.333847824212173, 44.530442219121674], [11.333869389512941, 44.53098193047917], [11.334246644871339, 44.530974216779995], [11.334257429487655, 44.53124407236427], [11.334634686433947, 44.531236357347865], [11.334645472940641, 44.53150621284505], [11.336909021875996, 44.53145989616722], [11.33689822493447, 44.53119004110344], [11.33727548082146, 44.531182317371716], [11.337199894296655, 44.529293332014696], [11.33682265058289, 44.52930105524051], [11.336779468569633, 44.52822163442015], [11.33640223166009, 44.52822935611196], [11.336391438274056, 44.52795950079742], [11.335636967478633, 44.52797494030182]]]}}, {"type": "Feature", "properties": {"threshold": "ge_5", "source": "HistorySUHI", "period": "2013-2025", "hotspot_percentile": "top_10_pct", "label": ">= 5 estati"}, "geometry": {"type": "Polygon", "coordinates": [[[11.313874639747688, 44.53138897485043], [11.314251903086397, 44.5313813271402], [11.314230518657975, 44.53084160830782], [11.313853258797716, 44.53084925587491], [11.313789119545548, 44.52923009859236], [11.31341186997016, 44.529237744485066], [11.31340118235849, 44.5289678848145], [11.31302393437228, 44.52897552939064], [11.313013248649499, 44.528705669633716], [11.31263600225247, 44.528713312893316], [11.312625318418533, 44.52844345305003], [11.312248073610691, 44.52845109499313], [11.312216028224615, 44.527641515159736], [11.311838788483858, 44.527649155643346], [11.311828108726974, 44.52737929559772], [11.31145087057537, 44.527386934764884], [11.31144019270713, 44.52711707463295], [11.311062956144685, 44.5271247124837], [11.311052280165038, 44.526854852265444], [11.309543339373953, 44.52688539093334], [11.309618025684895, 44.52877441415018], [11.309240777940396, 44.52878204620477], [11.309272783386426, 44.52959162757527], [11.309650036348145, 44.52958399530643], [11.309660706868485, 44.52985385566218], [11.310037961419692, 44.52984622207686], [11.31005930638758, 44.53038594260104], [11.311191079578071, 44.53036303394599], [11.311201757504065, 44.530632893971465], [11.311579016673974, 44.53062525519148], [11.31158969648891, 44.530895115130626], [11.311966957248263, 44.53088747503407], [11.312052415073975, 44.533046353441414], [11.313184238196596, 44.53302342396468], [11.313173550225901, 44.53275356443024], [11.31355082256099, 44.532745918852505], [11.313540133000808, 44.532476059374794], [11.313917403446634, 44.532468412623444], [11.313896021297323, 44.5319286937666], [11.314273288114578, 44.53192104591323], [11.314262595525516, 44.53165118653415], [11.313885330447548, 44.531658834315934], [11.313874639747688, 44.53138897485043]]]}}, {"type": "Feature", "properties": {"threshold": "ge_5", "source": "HistorySUHI", "period": "2013-2025", "hotspot_percentile": "top_10_pct", "label": ">= 5 estati"}, "geometry": {"type": "Polygon", "coordinates": [[[11.335184573317793, 44.53554632610164], [11.334807288693517, 44.53555404351849], [11.334818077620655, 44.535823898777736], [11.335195363984464, 44.53581618128868], [11.335184573317793, 44.53554632610164]]]}}, {"type": "Feature", "properties": {"threshold": "ge_5", "source": "HistorySUHI", "period": "2013-2025", "hotspot_percentile": "top_10_pct", "label": ">= 5 estati"}, "geometry": {"type": "Polygon", "coordinates": [[[11.331034434133437, 44.53563114919884], [11.331045205665088, 44.53590100517963], [11.330667917638321, 44.53590870897091], [11.330678687581441, 44.53617856500893], [11.331433266963092, 44.53616315603691], [11.331411720269587, 44.535623444234396], [11.331034434133437, 44.53563114919884]]]}}, {"type": "Feature", "properties": {"threshold": "ge_5", "source": "HistorySUHI", "period": "2013-2025", "hotspot_percentile": "top_10_pct", "label": ">= 5 estati"}, "geometry": {"type": "Polygon", "coordinates": [[[11.332586692637914, 44.536679744549666], [11.331454814260928, 44.53670286777997], [11.33146558813648, 44.536972723629205], [11.332597471732422, 44.536949600182524], [11.332586692637914, 44.536679744549666]]]}}, {"type": "Feature", "properties": {"threshold": "ge_5", "source": "HistorySUHI", "period": "2013-2025", "hotspot_percentile": "top_10_pct", "label": ">= 5 estati"}, "geometry": {"type": "Polygon", "coordinates": [[[11.290360736064596, 44.53834500113211], [11.289983421427523, 44.53835257085251], [11.290004587462311, 44.538892298170786], [11.290381905579423, 44.5388847283087], [11.290360736064596, 44.53834500113211]]]}}, {"type": "Feature", "properties": {"threshold": "ge_5", "source": "HistorySUHI", "period": "2013-2025", "hotspot_percentile": "top_10_pct", "label": ">= 5 estati"}, "geometry": {"type": "Polygon", "coordinates": [[[11.29001517070234, 44.539162161807724], [11.290004587462311, 44.538892298170786], [11.289249950782844, 44.538907434158446], [11.289260530542752, 44.539177297937044], [11.29001517070234, 44.539162161807724]]]}}, {"type": "Feature", "properties": {"threshold": "ge_5", "source": "HistorySUHI", "period": "2013-2025", "hotspot_percentile": "top_10_pct", "label": ">= 5 estati"}, "geometry": {"type": "Polygon", "coordinates": [[[11.290812158633539, 44.540226474529454], [11.289680178180653, 44.540249185178304], [11.289701342813062, 44.54078891243112], [11.29007867325952, 44.54078134331872], [11.290068089128905, 44.54051147977055], [11.290822746096072, 44.540496337950735], [11.290812158633539, 44.540226474529454]]]}}, {"type": "Feature", "properties": {"threshold": "ge_5", "source": "HistorySUHI", "period": "2013-2025", "hotspot_percentile": "top_10_pct", "label": ">= 5 estati"}, "geometry": {"type": "Polygon", "coordinates": [[[11.330883345200194, 44.541305826907106], [11.330894118164489, 44.54157568264784], [11.330516793450196, 44.54158338670764], [11.330527564825477, 44.5418532425056], [11.33015023822002, 44.54186094539199], [11.330182548031797, 44.54267051291293], [11.33055987985771, 44.54266280981029], [11.330570651837261, 44.5429326655488], [11.331325318516242, 44.542917255462676], [11.331292992589766, 44.542107688635184], [11.331670320482079, 44.54209998194012], [11.331659543735366, 44.54183012637335], [11.332414195586315, 44.541814709390934], [11.332403415510557, 44.54154485395356], [11.331648767139793, 44.5415602707917], [11.331637990695352, 44.541290415195185], [11.330883345200194, 44.541305826907106]]]}}, {"type": "Feature", "properties": {"threshold": "ge_5", "source": "HistorySUHI", "period": "2013-2025", "hotspot_percentile": "top_10_pct", "label": ">= 5 estati"}, "geometry": {"type": "Polygon", "coordinates": [[[11.341426684134042, 44.54054990210584], [11.339540106343183, 44.54058858323251], [11.339550919025244, 44.54085843734169], [11.339173601272092, 44.54086616990307], [11.339184412365803, 44.5411360240697], [11.338807092721037, 44.54114375545797], [11.338817902226348, 44.541413609682095], [11.338440580689966, 44.54142133989725], [11.338451388606824, 44.541691194178824], [11.338074065178821, 44.54169892322081], [11.338095677987095, 44.54223863188397], [11.338473004895269, 44.542230902697334], [11.338483813266862, 44.54250075693425], [11.33923847010868, 44.54248529467974], [11.339249282112142, 44.54275514875711], [11.340381271457986, 44.54273194581679], [11.340392088833566, 44.543001799662164], [11.341524082034502, 44.54297858529483], [11.341534904782323, 44.54324843890809], [11.341912237285941, 44.543240698222135], [11.341901412797947, 44.54297084468132], [11.343410734333416, 44.5429398697719], [11.343367410057814, 44.54186045661918], [11.342990086862146, 44.54186820192492], [11.34295760047039, 44.54105864168663], [11.342580282342912, 44.54106638552948], [11.342569455589357, 44.54079653201451], [11.34143750551591, 44.54081975585304], [11.341426684134042, 44.54054990210584]]]}}, {"type": "Feature", "properties": {"threshold": "ge_5", "source": "HistorySUHI", "period": "2013-2025", "hotspot_percentile": "top_10_pct", "label": ">= 5 estati"}, "geometry": {"type": "Polygon", "coordinates": [[[11.284598210111273, 44.545482445316274], [11.284608770804285, 44.545752309659576], [11.283854042658838, 44.54576741181473], [11.283875157526346, 44.546307140739636], [11.283914724315876, 44.54630634906378], [11.285249855347375, 44.545571446575245], [11.28528610505997, 44.545534323685274], [11.285351483746487, 44.54546736485933], [11.284598210111273, 44.545482445316274]]]}}, {"type": "Feature", "properties": {"threshold": "ge_5", "source": "HistorySUHI", "period": "2013-2025", "hotspot_percentile": "top_10_pct", "label": ">= 5 estati"}, "geometry": {"type": "Polygon", "coordinates": [[[11.349352292555146, 44.46530560328987], [11.348598636204187, 44.465321111314594], [11.348620288530274, 44.46586082315683], [11.348997120247903, 44.46585306962043], [11.348986292275853, 44.46558321377932], [11.349363122108597, 44.4655754590733], [11.349352292555146, 44.46530560328987]]]}}, {"type": "Feature", "properties": {"threshold": "ge_5", "source": "HistorySUHI", "period": "2013-2025", "hotspot_percentile": "top_10_pct", "label": ">= 5 estati"}, "geometry": {"type": "Polygon", "coordinates": [[[11.346018382328364, 44.48563003821194], [11.346395341997981, 44.48562229056437], [11.346416989334339, 44.48616200133375], [11.346793952322221, 44.48615425229813], [11.34675065131647, 44.48507483098987], [11.345996739068676, 44.485090327238], [11.346018382328364, 44.48563003821194]]]}}, {"type": "Feature", "properties": {"threshold": "ge_5", "source": "HistorySUHI", "period": "2013-2025", "hotspot_percentile": "top_10_pct", "label": ">= 5 estati"}, "geometry": {"type": "Polygon", "coordinates": [[[11.371296219967295, 44.48564789865924], [11.371274343624323, 44.485108197511614], [11.37089739401887, 44.485116027197435], [11.370919266892212, 44.485655728491594], [11.371296219967295, 44.48564789865924]]]}}, {"type": "Feature", "properties": {"threshold": "ge_5", "source": "HistorySUHI", "period": "2013-2025", "hotspot_percentile": "top_10_pct", "label": ">= 5 estati"}, "geometry": {"type": "Polygon", "coordinates": [[[11.352901316406328, 44.48791907725467], [11.352524343703656, 44.48792684668818], [11.3525351964241, 44.48819670078461], [11.35291217086192, 44.488188931278394], [11.352901316406328, 44.48791907725467]]]}}, {"type": "Feature", "properties": {"threshold": "ge_5", "source": "HistorySUHI", "period": "2013-2025", "hotspot_percentile": "top_10_pct", "label": ">= 5 estati"}, "geometry": {"type": "Polygon", "coordinates": [[[11.34389718176357, 44.48918462352461], [11.344651147884065, 44.48916914001956], [11.344618698129183, 44.48835957324716], [11.343110786105019, 44.48839053441522], [11.343132405241379, 44.488930246191174], [11.343509386945236, 44.48892250761909], [11.343531010158234, 44.489462219190685], [11.343907995181143, 44.48945447923054], [11.34389718176357, 44.48918462352461]]]}}, {"type": "Feature", "properties": {"threshold": "ge_5", "source": "HistorySUHI", "period": "2013-2025", "hotspot_percentile": "top_10_pct", "label": ">= 5 estati"}, "geometry": {"type": "Polygon", "coordinates": [[[11.362789754031445, 44.489875452265515], [11.362778853393495, 44.489605600240644], [11.362401872508133, 44.48961340250616], [11.362423670466296, 44.49015310668699], [11.363177639025277, 44.49013750062072], [11.36316673649927, 44.4898676486838], [11.362789754031445, 44.489875452265515]]]}}, {"type": "Feature", "properties": {"threshold": "ge_5", "source": "HistorySUHI", "period": "2013-2025", "hotspot_percentile": "top_10_pct", "label": ">= 5 estati"}, "geometry": {"type": "Polygon", "coordinates": [[[11.343186455733766, 44.49027952537064], [11.34280946520172, 44.49028726306155], [11.342820274019351, 44.4905571189252], [11.343197266286808, 44.49054938116187], [11.343186455733766, 44.49027952537064]]]}}, {"type": "Feature", "properties": {"threshold": "ge_5", "source": "HistorySUHI", "period": "2013-2025", "hotspot_percentile": "top_10_pct", "label": ">= 5 estati"}, "geometry": {"type": "Polygon", "coordinates": [[[11.361292716482147, 44.49017650646238], [11.360538746395886, 44.49019210009663], [11.360527856016834, 44.48992224764877], [11.360150872480014, 44.489930042528144], [11.360161761123777, 44.490199895048946], [11.359784775699048, 44.49020768875805], [11.359806549973772, 44.49074739390077], [11.361314504639472, 44.49071621102151], [11.361292716482147, 44.49017650646238]]]}}, {"type": "Feature", "properties": {"threshold": "ge_5", "source": "HistorySUHI", "period": "2013-2025", "hotspot_percentile": "top_10_pct", "label": ">= 5 estati"}, "geometry": {"type": "Polygon", "coordinates": [[[11.37051529859992, 44.49430660170003], [11.37055905192661, 44.4953860027841], [11.372067114413301, 44.495354675388825], [11.3720452235578, 44.49481497546296], [11.372422235324608, 44.49480714065227], [11.372367502192636, 44.493457890942835], [11.371236492465984, 44.493481390545206], [11.371247433578853, 44.49375124073688], [11.370870428294333, 44.4937590715243], [11.370892307508967, 44.494298772009394], [11.37051529859992, 44.49430660170003]]]}}, {"type": "Feature", "properties": {"threshold": "ge_5", "source": "HistorySUHI", "period": "2013-2025", "hotspot_percentile": "top_10_pct", "label": ">= 5 estati"}, "geometry": {"type": "Polygon", "coordinates": [[[11.350642075564183, 44.49741833695537], [11.350265041052012, 44.49742610022919], [11.350275886945889, 44.49769595431291], [11.350652923194074, 44.49768819096643], [11.350642075564183, 44.49741833695537]]]}}, {"type": "Feature", "properties": {"threshold": "ge_5", "source": "HistorySUHI", "period": "2013-2025", "hotspot_percentile": "top_10_pct", "label": ">= 5 estati"}, "geometry": {"type": "Polygon", "coordinates": [[[11.371133019356241, 44.50023547340328], [11.370755972257673, 44.50024330470599], [11.370745030935751, 44.49997345472613], [11.370367985419954, 44.49998128471194], [11.37037892500573, 44.50025113476507], [11.370001877600437, 44.50025896358054], [11.370023753759671, 44.50079866378852], [11.371154905932563, 44.500775173171625], [11.371133019356241, 44.50023547340328]]]}}, {"type": "Feature", "properties": {"threshold": "ge_5", "source": "HistorySUHI", "period": "2013-2025", "hotspot_percentile": "top_10_pct", "label": ">= 5 estati"}, "geometry": {"type": "Polygon", "coordinates": [[[11.364498929497197, 44.50415416214563], [11.364466188109832, 44.50334460905591], [11.36371205004637, 44.50336022725476], [11.363722960216203, 44.50363007844575], [11.363345889218564, 44.50363788575258], [11.363378615436122, 44.504447439455184], [11.363755691643366, 44.504439631929166], [11.363799335687567, 44.505519036364866], [11.364176418688324, 44.50551122730274], [11.364187331818448, 44.50578107830128], [11.364564416402896, 44.505773267922216], [11.364575331422706, 44.50604311883275], [11.364952417590837, 44.50603530713673], [11.364974251562971, 44.50657500876683], [11.365351341051525, 44.50656719568069], [11.365362260003923, 44.50683704640026], [11.365739351076172, 44.50682923199708], [11.365728430387012, 44.50655938135065], [11.366859697474816, 44.50653593089713], [11.366805070275053, 44.505186678538294], [11.365673829237538, 44.505210127894614], [11.365662909466895, 44.50494027715864], [11.36490875148302, 44.50495590369742], [11.364876003508963, 44.50414635096128], [11.364498929497197, 44.50415416214563]]]}}, {"type": "Feature", "properties": {"threshold": "ge_5", "source": "HistorySUHI", "period": "2013-2025", "hotspot_percentile": "top_10_pct", "label": ">= 5 estati"}, "geometry": {"type": "Polygon", "coordinates": [[[11.357153269165455, 44.509167466623836], [11.356776160683253, 44.509175252999555], [11.35678704106206, 44.5094451052636], [11.357164151281305, 44.50943731881502], [11.357153269165455, 44.509167466623836]]]}}, {"type": "Feature", "properties": {"threshold": "ge_5", "source": "HistorySUHI", "period": "2013-2025", "hotspot_percentile": "top_10_pct", "label": ">= 5 estati"}, "geometry": {"type": "Polygon", "coordinates": [[[11.356195992036586, 44.51350845878588], [11.356573128619505, 44.51350067373271], [11.356562247689805, 44.513230821619416], [11.356939382382766, 44.5132230353949], [11.356928499868227, 44.51295318333956], [11.357305632671233, 44.512945395943696], [11.357294748571904, 44.51267554394634], [11.356917617506257, 44.51268333126933], [11.356906735296851, 44.51241347918417], [11.356529605815973, 44.51242126519012], [11.356496965315, 44.511611708626646], [11.356874089584014, 44.51160392283928], [11.35686320798485, 44.5113340706945], [11.357240330364073, 44.511326283735855], [11.357207681270326, 44.51051672743066], [11.35683056410267, 44.5105245141707], [11.356819683113706, 44.51025466196629], [11.35531121986645, 44.510285796194154], [11.355300345978517, 44.510015943683484], [11.353791887240654, 44.51004705771478], [11.353802754180059, 44.51031691051661], [11.352294286056086, 44.510348004933554], [11.352305146199171, 44.510617858011436], [11.35004242902307, 44.510664462749986], [11.350053278895187, 44.51093431624911], [11.349676157096102, 44.51094207942377], [11.349741249099434, 44.51256120054153], [11.350872645311652, 44.51253790597728], [11.350894354287242, 44.513077612461416], [11.350517218893863, 44.5130853787057], [11.350528071872503, 44.5133552319981], [11.35015093458954, 44.51336299707083], [11.350161785982882, 44.51363285042099], [11.34978464681033, 44.51364061432214], [11.349795496618329, 44.51391046773004], [11.350172637528363, 44.51390270375624], [11.350183489225982, 44.5141725570766], [11.350560631721377, 44.51416479178587], [11.350571485308663, 44.51443464501866], [11.351702917094318, 44.51441134146279], [11.351713776046411, 44.51468119446262], [11.353222356579268, 44.514650105344025], [11.353233222633847, 44.51491995803803], [11.354364661646642, 44.51489662791578], [11.354375533066294, 44.51516648037656], [11.354752680836663, 44.51515870110779], [11.354730934674656, 44.51461899631689], [11.355108078817468, 44.514611215949415], [11.355097204227603, 44.514341363604416], [11.355474346480435, 44.51433358206548], [11.355463470305537, 44.5140637297784], [11.355840610668393, 44.51405594706804], [11.355829732908512, 44.51378609483887], [11.3562068713814, 44.51377831095709], [11.356195992036586, 44.51350845878588]]]}}, {"type": "Feature", "properties": {"threshold": "ge_5", "source": "HistorySUHI", "period": "2013-2025", "hotspot_percentile": "top_10_pct", "label": ">= 5 estati"}, "geometry": {"type": "Polygon", "coordinates": [[[11.358437030164596, 44.512922026290916], [11.358426140853208, 44.51265217451224], [11.357671879484963, 44.51266775537915], [11.357682765321647, 44.512937607303634], [11.358437030164596, 44.512922026290916]]]}}, {"type": "Feature", "properties": {"threshold": "ge_5", "source": "HistorySUHI", "period": "2013-2025", "hotspot_percentile": "top_10_pct", "label": ">= 5 estati"}, "geometry": {"type": "Polygon", "coordinates": [[[11.357146179150591, 44.51835022161352], [11.357900514108502, 44.51833464266219], [11.357933181693122, 44.51914419745156], [11.357556009076818, 44.51915198776814], [11.357566896839105, 44.51942183940767], [11.357189722332203, 44.51942962855266], [11.357200608509178, 44.519699480250175], [11.356823432111677, 44.51970726822356], [11.35684520144752, 44.52024697171962], [11.356468021421396, 44.520254758594255], [11.356446255561567, 44.51971505495246], [11.356069078858871, 44.51972284043687], [11.356058197895809, 44.51945298852075], [11.355303847508715, 44.51946855561042], [11.355325602635439, 44.52000825971908], [11.35494842373713, 44.52001604154281], [11.354991928868508, 44.52109544987255], [11.353860370401867, 44.52111878875028], [11.353871241851557, 44.52138864101384], [11.353116865302004, 44.52140419418841], [11.35313860170598, 44.52194389896192], [11.35276140972626, 44.52195167382785], [11.352783143263329, 44.52249137868726], [11.353160338719505, 44.522483603675816], [11.353192945382741, 44.5232931606349], [11.353570145901385, 44.52328538416053], [11.353602759151299, 44.52409494076717], [11.35397996473259, 44.5240871628298], [11.354001711138189, 44.524626867014135], [11.354378920043853, 44.52461908768649], [11.354368045026396, 44.52434923567457], [11.354745252041148, 44.524341455175026], [11.354734375437776, 44.52407160322101], [11.355111580561623, 44.524063821549575], [11.355133337397698, 44.52460352529707], [11.355887754141404, 44.52458795792882], [11.355876872170263, 44.5243181062082], [11.35625407857484, 44.52431032072987], [11.356243195017893, 44.524040469067195], [11.356997603892435, 44.52402489452219], [11.356975830282943, 44.523485191443605], [11.35735303101456, 44.523477402449856], [11.357342142700475, 44.52320755096109], [11.36035972914885, 44.523145194787304], [11.36034882708125, 44.522875343867135], [11.360726022961412, 44.52286754381754], [11.360704215808331, 44.522327842078404], [11.361081408059166, 44.52232004093022], [11.36107050297376, 44.522050190111266], [11.361447693333506, 44.52204238779148], [11.361382255603298, 44.52042328300266], [11.361759435381545, 44.52041547987641], [11.361748527890363, 44.520145629099076], [11.362125705777672, 44.520137824801374], [11.362114796701436, 44.519867974082146], [11.362491972697807, 44.51986016861298], [11.362470151528305, 44.51932046727587], [11.362847323895815, 44.519312660708316], [11.36282549986241, 44.51877295945764], [11.362448330970688, 44.518780765879086], [11.362404691691031, 44.517701362906486], [11.362781853631473, 44.51769355677723], [11.362770942456194, 44.51742370606983], [11.363148102505901, 44.517415898769244], [11.363126277138834, 44.51687619745581], [11.363503433560101, 44.516868389056974], [11.363492519368384, 44.51659853845094], [11.363869673898952, 44.51659072888085], [11.363858758122598, 44.51632087833299], [11.364613063249276, 44.51630525560599], [11.36460214415071, 44.516035405189385], [11.366487895599837, 44.51599632696193], [11.366476967966392, 44.515726476896084], [11.366854116059107, 44.51571865759085], [11.366843186841308, 44.51544880758324], [11.367220333043234, 44.51544098710689], [11.367187541096655, 44.51463143721406], [11.36756468193281, 44.51462361571301], [11.367553749852982, 44.51435376579206], [11.369062304714868, 44.514322467638316], [11.369073243744502, 44.51459231726638], [11.369450383814074, 44.51458448954412], [11.369472265808406, 44.51512418860898], [11.36984940919955, 44.51511635949596], [11.369860352164318, 44.51538620893271], [11.370237497139556, 44.51537837850218], [11.370248441995287, 44.515648227850726], [11.37062558855461, 44.51564039610264], [11.370647482201562, 44.51618009460836], [11.371024632082554, 44.51617226146939], [11.37104652981865, 44.5167119597688], [11.37255514170823, 44.51668061418329], [11.372566097757128, 44.516950463017274], [11.372943252083212, 44.516942623436734], [11.372954210023384, 44.517212472182415], [11.373331365933499, 44.51720463128418], [11.373353285750142, 44.517744328584], [11.373730444981991, 44.51773648629465], [11.37374140685854, 44.51800633484877], [11.373364245888958, 44.51801417721149], [11.37338616662759, 44.51855387442168], [11.37376333107271, 44.51854603191218], [11.373752368888779, 44.518276183387954], [11.374506693842356, 44.518260494782574], [11.374495728336612, 44.517990646390196], [11.374872888845049, 44.517982800294355], [11.374796122445817, 44.51609386164339], [11.374418974100942, 44.516101707225296], [11.374386081734379, 44.5152921616448], [11.374008938448384, 44.51530000576223], [11.373987014447522, 44.51476030848708], [11.373609874482787, 44.51476815121346], [11.373566035274854, 44.51368875619033], [11.373943168289982, 44.5136809137575], [11.373932207134786, 44.513411065037744], [11.3743093382589, 44.51340322143413], [11.374287412934914, 44.51286352409663], [11.373910285285403, 44.51287136755345], [11.37387740366381, 44.512061821214964], [11.373500281072369, 44.512069663207484], [11.373467406045208, 44.51126011651441], [11.372713170824497, 44.51127579632692], [11.372702216263619, 44.51100594725263], [11.371193750928008, 44.511037291655335], [11.371182803469141, 44.510767442272794], [11.370805688488602, 44.51077527518998], [11.37074001738047, 44.50915617814138], [11.371117121938822, 44.50914834566396], [11.371106175554221, 44.508878496176884], [11.371483278222167, 44.508870662528786], [11.371472330254106, 44.50860081310008], [11.371849431031656, 44.50859297828131], [11.371838481480179, 44.50832312891099], [11.37259267910097, 44.50830745568819], [11.372581726229264, 44.508037606449605], [11.372958823072489, 44.508029768045624], [11.37294786861749, 44.50775991886546], [11.373702058369545, 44.5077442384724], [11.373669185505241, 44.506934691282424], [11.374046274940516, 44.50692684944015], [11.374024356992251, 44.506387151385574], [11.373647271030416, 44.50639499308109], [11.37363631402341, 44.50612514395801], [11.373259229644653, 44.50613298433629], [11.373248274527908, 44.50586313512491], [11.372871191732242, 44.505870974185974], [11.372849285432721, 44.505331275571706], [11.372472205956763, 44.50533911324223], [11.372450303744582, 44.50479941442152], [11.372073227588272, 44.50480725070155], [11.372062278449002, 44.50453740119547], [11.371685203875755, 44.504545236158386], [11.371696151278474, 44.50481508573778], [11.371319074815212, 44.50482291953021], [11.371308129149043, 44.504553069877495], [11.370931054268892, 44.504560902352814], [11.370887280084558, 44.50348150329948], [11.37051021199698, 44.50348933423788], [11.37049927057085, 44.50321948436394], [11.368236869243939, 44.50326644343599], [11.3682478002514, 44.50353629374938], [11.367870731090674, 44.503544115981455], [11.367903519822955, 44.50435366705161], [11.368280594193187, 44.504345844599925], [11.368291525813598, 44.504615694853584], [11.36866860176714, 44.50460787108489], [11.368679535277368, 44.504877721250416], [11.36905661281421, 44.50486989616469], [11.369067548214305, 44.50513974624206], [11.369821706301263, 44.50512409219267], [11.369854523841184, 44.50593364189574], [11.369477439664452, 44.50594146976209], [11.36949931531777, 44.506481169636], [11.368745139557525, 44.50649682193005], [11.368756074140709, 44.506766671991066], [11.368001894293826, 44.506782319456], [11.368012825556757, 44.50705216964851], [11.367635733666672, 44.50705999158832], [11.367668523164479, 44.5078695422959], [11.368045620265033, 44.507861720136496], [11.368056552140954, 44.508131570269285], [11.366925255169022, 44.50815503323518], [11.36693618198751, 44.50842488357263], [11.36618197976647, 44.50844051947638], [11.36617105642179, 44.50817066899262], [11.365793956818463, 44.5081784850054], [11.365804878426234, 44.50844833556229], [11.365050675286456, 44.50846396400216], [11.365061593573468, 44.50873381469039], [11.363930282505068, 44.5087572482396], [11.363941195734245, 44.50902709913216], [11.363564090001793, 44.50903490790031], [11.363575001646968, 44.50930475885105], [11.363197894024546, 44.50931256644824], [11.363208804085673, 44.50958241745712], [11.362454584907951, 44.50959802906551], [11.362465491647926, 44.509867880205555], [11.360957044509616, 44.5098990887859], [11.360967944454163, 44.51016894020307], [11.360590830550416, 44.51017673931101], [11.360656223003772, 44.51179584793868], [11.361033347330567, 44.51178804839284], [11.361044248344843, 44.51205789970561], [11.361798500014443, 44.51204229673551], [11.361820309450653, 44.51258199902426], [11.362197438530727, 44.512574195526945], [11.362230159043714, 44.513383748629124], [11.361475890306584, 44.51339935481768], [11.361486793975274, 44.51366920596793], [11.360732521151874, 44.51368480732565], [11.36072162095799, 44.51341495602941], [11.359590215789034, 44.513438348515436], [11.359579320960128, 44.51316849698538], [11.359202187335677, 44.51317629191934], [11.359213080427192, 44.51344614352235], [11.35883594491263, 44.513453937285064], [11.358846836419447, 44.51372378894608], [11.35846969901477, 44.51373158153749], [11.358535040837388, 44.51535069162804], [11.358157892854985, 44.51535848341269], [11.3582014501733, 44.516437890133155], [11.358578605106224, 44.51643009805686], [11.358589496555178, 44.51669994962676], [11.358966653073088, 44.51669215623319], [11.358955759886447, 44.5164223047362], [11.359332914513947, 44.51641451017121], [11.359343809438274, 44.51668436159526], [11.359720965650709, 44.51667656571298], [11.359775451252442, 44.51802582224479], [11.359398286351228, 44.518033618491835], [11.35938739066312, 44.51776376714236], [11.359010227346948, 44.51777156207205], [11.358988439904554, 44.517231859182445], [11.358234119765124, 44.517247445016935], [11.358223229748502, 44.51697759340392], [11.356714594588617, 44.51700874984876], [11.356779895271282, 44.51862786105255], [11.357157064717056, 44.51862007337066], [11.357146179150591, 44.51835022161352]], [[11.36015261600087, 44.51801802475333], [11.360185314408902, 44.51882757827455], [11.359808144446923, 44.518835375984914], [11.359775451252442, 44.51802582224479], [11.36015261600087, 44.51801802475333]], [[11.36056248421806, 44.51881977931974], [11.36057338573094, 44.51908963039067], [11.360196214183885, 44.51909742941846], [11.360185314408902, 44.51882757827455], [11.36056248421806, 44.51881977931974]], [[11.371062391550359, 44.50779909807927], [11.37107333732115, 44.508068947626064], [11.370696239710439, 44.5080767798103], [11.370718128238597, 44.50861647900571], [11.370341027000684, 44.50862431009257], [11.370264431994803, 44.506735362134414], [11.370641521074921, 44.50672753156051], [11.370630577808061, 44.50645768186575], [11.37100766499804, 44.50644985012124], [11.370996720147884, 44.506180000484825], [11.37175089059412, 44.50616433341077], [11.37178373602523, 44.50697388183538], [11.37140664566867, 44.506981716214256], [11.371439487270774, 44.507791264724375], [11.371062391550359, 44.50779909807927]]]}}, {"type": "Feature", "properties": {"threshold": "ge_5", "source": "HistorySUHI", "period": "2013-2025", "hotspot_percentile": "top_10_pct", "label": ">= 5 estati"}, "geometry": {"type": "Polygon", "coordinates": [[[11.352986459677503, 44.51816596429558], [11.352609292030252, 44.518173738143], [11.35262015658976, 44.518443590788785], [11.352997325974886, 44.51843581686861], [11.352986459677503, 44.51816596429558]]]}}, {"type": "Feature", "properties": {"threshold": "ge_5", "source": "HistorySUHI", "period": "2013-2025", "hotspot_percentile": "top_10_pct", "label": ">= 5 estati"}, "geometry": {"type": "Polygon", "coordinates": [[[11.356014675569124, 44.51837358070725], [11.356003795368828, 44.518103728716596], [11.355626628941067, 44.518111512519475], [11.355637507403506, 44.51838136458296], [11.356014675569124, 44.51837358070725]]]}}, {"type": "Feature", "properties": {"threshold": "ge_5", "source": "HistorySUHI", "period": "2013-2025", "hotspot_percentile": "top_10_pct", "label": ">= 5 estati"}, "geometry": {"type": "Polygon", "coordinates": [[[11.35262015658976, 44.518443590788785], [11.352242987052307, 44.51845136346451], [11.35225385002624, 44.518721216168124], [11.352631021301598, 44.51871344341967], [11.35262015658976, 44.518443590788785]]]}}, {"type": "Feature", "properties": {"threshold": "ge_5", "source": "HistorySUHI", "period": "2013-2025", "hotspot_percentile": "top_10_pct", "label": ">= 5 estati"}, "geometry": {"type": "Polygon", "coordinates": [[[11.354128833216045, 44.518412487641406], [11.353751664288053, 44.51842026529492], [11.353740794514925, 44.51815041286741], [11.353363627172403, 44.51815818920371], [11.353385363395294, 44.518697894189366], [11.353762534213582, 44.51869011770753], [11.353773404291516, 44.51895997010522], [11.354150576695316, 44.518952192306145], [11.354128833216045, 44.518412487641406]]]}}, {"type": "Feature", "properties": {"threshold": "ge_5", "source": "HistorySUHI", "period": "2013-2025", "hotspot_percentile": "top_10_pct", "label": ">= 5 estati"}, "geometry": {"type": "Polygon", "coordinates": [[[11.353773404291516, 44.51895997010522], [11.353396231735308, 44.518967746659825], [11.353407100227704, 44.51923759911539], [11.353784274521855, 44.519229822488015], [11.353773404291516, 44.51895997010522]]]}}, {"type": "Feature", "properties": {"threshold": "ge_5", "source": "HistorySUHI", "period": "2013-2025", "hotspot_percentile": "top_10_pct", "label": ">= 5 estati"}, "geometry": {"type": "Polygon", "coordinates": [[[11.353019059026716, 44.51897552196996], [11.352264713152483, 44.51899106885682], [11.3522864398619, 44.51953077418953], [11.353040792687981, 44.51951522701171], [11.353019059026716, 44.51897552196996]]]}}, {"type": "Feature", "properties": {"threshold": "ge_5", "source": "HistorySUHI", "period": "2013-2025", "hotspot_percentile": "top_10_pct", "label": ">= 5 estati"}, "geometry": {"type": "Polygon", "coordinates": [[[11.350476542579813, 44.52145859109523], [11.350465686773454, 44.521188738177095], [11.352728810563372, 44.52114211642697], [11.352696212771678, 44.52033255889199], [11.351941849212789, 44.520348104017216], [11.351920125065552, 44.51980839862845], [11.35116576784964, 44.51982393848473], [11.351144051263551, 44.51928423274553], [11.35076687590321, 44.51929200066151], [11.350756019576488, 44.51902214769688], [11.350378845801899, 44.5190299142957], [11.350389700390656, 44.51929976733302], [11.348880996818767, 44.51933082157408], [11.348924388887236, 44.52041023473679], [11.348547205661818, 44.52041799547629], [11.348579746095883, 44.5212275554098], [11.347070990816105, 44.52125858679355], [11.34708183097892, 44.5215284403653], [11.346704640040755, 44.52153619517236], [11.346715478617353, 44.521806048801785], [11.346338285789008, 44.5218138024368], [11.346359959921628, 44.52235350979611], [11.347491548380196, 44.52233024472186], [11.34748070602314, 44.52206039126735], [11.347857900133727, 44.52205263382592], [11.347847056190465, 44.52178278042912], [11.347469863818107, 44.521790537797955], [11.347459021765093, 44.52152068431366], [11.350476542579813, 44.52145859109523]]]}}, {"type": "Feature", "properties": {"threshold": "ge_5", "source": "HistorySUHI", "period": "2013-2025", "hotspot_percentile": "top_10_pct", "label": ">= 5 estati"}, "geometry": {"type": "Polygon", "coordinates": [[[11.345174211976785, 44.5210274940707], [11.34519587476865, 44.521567201954554], [11.346704640040755, 44.52153619517236], [11.346682963343458, 44.5209964878688], [11.347060150805278, 44.520988733206885], [11.347049310946444, 44.52071887960535], [11.346672125222758, 44.520726634194695], [11.346661287254017, 44.5204567805057], [11.34590691882702, 44.52047228580561], [11.34591775331953, 44.5207421396397], [11.345540567140034, 44.520749890495374], [11.345551400046313, 44.5210197443871], [11.345174211976785, 44.5210274940707]]]}}, {"type": "Feature", "properties": {"threshold": "ge_5", "source": "HistorySUHI", "period": "2013-2025", "hotspot_percentile": "top_10_pct", "label": ">= 5 estati"}, "geometry": {"type": "Polygon", "coordinates": [[[11.34254471039193, 44.52135156146434], [11.342533891239196, 44.521081707007674], [11.34215670195542, 44.5210894467346], [11.342167519369962, 44.52135930126371], [11.34254471039193, 44.52135156146434]]]}}, {"type": "Feature", "properties": {"threshold": "ge_5", "source": "HistorySUHI", "period": "2013-2025", "hotspot_percentile": "top_10_pct", "label": ">= 5 estati"}, "geometry": {"type": "Polygon", "coordinates": [[[11.369800569364408, 44.523219667414494], [11.370177764891597, 44.523211836103336], [11.370166817476546, 44.5229419870996], [11.37054401111202, 44.52293415461712], [11.37053306211227, 44.52266430567177], [11.370910253856032, 44.522656472017985], [11.37088835284077, 44.52211677422906], [11.371265540954688, 44.522108939477334], [11.37124363707736, 44.52156924177531], [11.370489267648404, 44.521584909740966], [11.370467371337517, 44.52104521168595], [11.369713008246787, 44.52106087438033], [11.369702063797643, 44.52079102518388], [11.368947703569168, 44.52080668275368], [11.368958644542248, 44.52107653209666], [11.368581462459863, 44.52108435908804], [11.368592401848291, 44.521354208489335], [11.367460849466768, 44.521377682216034], [11.367471783794311, 44.521647531822055], [11.367094597622396, 44.52165535398175], [11.36711646326116, 44.5221950532954], [11.366739273459691, 44.52220287435691], [11.366750204770842, 44.52247272406453], [11.366373013077936, 44.522480543954636], [11.366449524379824, 44.524369492002286], [11.36682672824061, 44.52436167159993], [11.366859526312645, 44.52517122031978], [11.367991152620641, 44.52514775098586], [11.367969276655613, 44.52460805229346], [11.368723686473906, 44.5245924001403], [11.368701804168968, 44.52405270168112], [11.369079005371333, 44.52404487388404], [11.36906806271067, 44.52377502470529], [11.369445262021307, 44.523767195736816], [11.369434317775802, 44.52349734661641], [11.36981151519471, 44.523489516476566], [11.369800569364408, 44.523219667414494]]]}}, {"type": "Feature", "properties": {"threshold": "ge_5", "source": "HistorySUHI", "period": "2013-2025", "hotspot_percentile": "top_10_pct", "label": ">= 5 estati"}, "geometry": {"type": "Polygon", "coordinates": [[[11.344905326406952, 44.52373378205854], [11.345282532011172, 44.5237260328944], [11.345304197840669, 44.52426574048048], [11.346813032645757, 44.524234730796614], [11.346769673779969, 44.52315531672561], [11.344883664661783, 44.523194074267884], [11.344905326406952, 44.52373378205854]]]}}, {"type": "Feature", "properties": {"threshold": "ge_5", "source": "HistorySUHI", "period": "2013-2025", "hotspot_percentile": "top_10_pct", "label": ">= 5 estati"}, "geometry": {"type": "Polygon", "coordinates": [[[11.363065597892383, 44.52470966993287], [11.363054682738772, 44.524439819613384], [11.360791448089941, 44.524486648676955], [11.360802352813161, 44.52475649943466], [11.361179560708761, 44.52474869762944], [11.361190467323313, 44.52501854829921], [11.360813257689285, 44.52502635017744], [11.360835067900247, 44.525566051618256], [11.361212281011206, 44.52555824959401], [11.361201374090795, 44.52528839895406], [11.361578585310346, 44.525280595758105], [11.361589493969234, 44.52555044632503], [11.361966706774302, 44.52554264181132], [11.361977617324646, 44.52581249229029], [11.362354831715225, 44.5258046864588], [11.36237665675193, 44.5263443872259], [11.361999438884288, 44.52635219320347], [11.362010349893595, 44.526622043637694], [11.361255910222223, 44.526637652004595], [11.361245002690058, 44.52636780142432], [11.360867784363519, 44.526375603667596], [11.36090050220305, 44.5271851555827], [11.361654949134776, 44.52716954941328], [11.361665858864427, 44.527439399875774], [11.362043083839485, 44.527431594850825], [11.362032172371192, 44.527161744461374], [11.363163841162347, 44.52713832213684], [11.363174757846554, 44.527408172307126], [11.363929206419272, 44.52739255105396], [11.363907366249455, 44.52685285099083], [11.36353014551688, 44.526860662093625], [11.363442804870061, 44.52470186065949], [11.363065597892383, 44.52470966993287]]]}}, {"type": "Feature", "properties": {"threshold": "ge_5", "source": "HistorySUHI", "period": "2013-2025", "hotspot_percentile": "top_10_pct", "label": ">= 5 estati"}, "geometry": {"type": "Polygon", "coordinates": [[[11.349163088770007, 44.526347002871574], [11.348785867300805, 44.52635476520896], [11.348840118850624, 44.527704030051886], [11.34997180888192, 44.527680738215594], [11.349906676182542, 44.5260616216671], [11.349152237177853, 44.52607714993094], [11.349163088770007, 44.526347002871574]]]}}, {"type": "Feature", "properties": {"threshold": "ge_5", "source": "HistorySUHI", "period": "2013-2025", "hotspot_percentile": "top_10_pct", "label": ">= 5 estati"}, "geometry": {"type": "Polygon", "coordinates": [[[11.367400772370972, 44.529211138939225], [11.367023537369215, 44.529218961903815], [11.36703447266624, 44.529488811223324], [11.367411709406799, 44.52948098818554], [11.367400772370972, 44.529211138939225]]]}}, {"type": "Feature", "properties": {"threshold": "ge_5", "source": "HistorySUHI", "period": "2013-2025", "hotspot_percentile": "top_10_pct", "label": ">= 5 estati"}, "geometry": {"type": "Polygon", "coordinates": [[[11.367176645482246, 44.53299685101859], [11.367187582926237, 44.53326670012912], [11.368696626351058, 44.533235396407974], [11.368685681950515, 44.532965547590386], [11.36906294068397, 44.53295771862074], [11.36900821228795, 44.53160847467507], [11.368630962249787, 44.53161630327841], [11.36862001877002, 44.531346454371224], [11.36673377497281, 44.53138557834722], [11.366799385981688, 44.533004673763045], [11.367176645482246, 44.53299685101859]]]}}, {"type": "Feature", "properties": {"threshold": "ge_5", "source": "HistorySUHI", "period": "2013-2025", "hotspot_percentile": "top_10_pct", "label": ">= 5 estati"}, "geometry": {"type": "Polygon", "coordinates": [[[11.354814045808178, 44.53541315594094], [11.355945880280633, 44.53538980174981], [11.355956766770394, 44.535659652932054], [11.358220442029202, 44.535612910492816], [11.358198648329596, 44.5350732089882], [11.360462297214644, 44.53502642259827], [11.36047320442425, 44.535296272920235], [11.360850480442595, 44.535288470757564], [11.360861389544537, 44.53555832099159], [11.361238667149284, 44.53555051751074], [11.361249578143614, 44.53582036765685], [11.361626857334755, 44.535812562857814], [11.361659596454158, 44.53662211298748], [11.362036880710615, 44.53661430672413], [11.362069626425948, 44.53742385650039], [11.362824204916743, 44.537408239799674], [11.362802367328667, 44.536868540256], [11.362425081638873, 44.536876349082846], [11.362414164814004, 44.53660649921557], [11.362791448764302, 44.5365986904618], [11.362780530353055, 44.53632884065267], [11.363535094315361, 44.536313219555694], [11.363524172578344, 44.53604336987782], [11.362392331623527, 44.53606679943624], [11.362370499045388, 44.53552709959724], [11.361993221899732, 44.535534906813574], [11.361982307579654, 44.535265056798636], [11.362359582985937, 44.535257249655366], [11.362337751326262, 44.53471754972685], [11.361960479398652, 44.53472535672402], [11.361927738274991, 44.53391580650016], [11.361550471412171, 44.533923612033085], [11.361539559749595, 44.53365376185558], [11.361162294472988, 44.533661566070386], [11.361151384702632, 44.53339171580495], [11.361528648240029, 44.533383911663186], [11.361517736883474, 44.533114061455855], [11.36000868877282, 44.53314527026044], [11.359986880431935, 44.53260556921696], [11.360364139210713, 44.53259776902939], [11.360375045043845, 44.53286761948559], [11.360752305408836, 44.532859817979976], [11.360675955614854, 44.53097086498429], [11.359921459078894, 44.53098646572854], [11.359910556055178, 44.530716615094946], [11.359533309296829, 44.53072441352664], [11.35954421058157, 44.53099426423322], [11.358412464172506, 44.531017652277406], [11.358401568104705, 44.53074780135197], [11.35764707321264, 44.53076338701071], [11.35763618077555, 44.53049353592451], [11.357258934839361, 44.53050132681353], [11.357204483639398, 44.5291520707944], [11.354563818673078, 44.5292065696087], [11.354542063605466, 44.528666866076726], [11.354164828620476, 44.528674646496384], [11.354153953054253, 44.528404794635236], [11.352267784536286, 44.52844367769641], [11.352278651408513, 44.52871352992141], [11.351901415508886, 44.528721302871745], [11.351923146232789, 44.52926100742253], [11.351168667021106, 44.529276549879384], [11.351201253816214, 44.530086107030115], [11.350824008765155, 44.53009387660927], [11.350900037778443, 44.53198284328181], [11.351277295002744, 44.5319750731937], [11.351288158638715, 44.53224492544318], [11.351665417449805, 44.532237154037304], [11.351687148657106, 44.53277685834613], [11.352064410794158, 44.532769085549745], [11.352086146089354, 44.53330878965348], [11.352463411552431, 44.53330101546654], [11.352474281167872, 44.53357086742332], [11.35285154821777, 44.533563091918516], [11.352862419724902, 44.53383294378763], [11.353239688361613, 44.53382516696495], [11.353250561760488, 44.53409501874639], [11.354005102055027, 44.534079461220145], [11.354015979085, 44.53434931284108], [11.354393250742797, 44.53434153213747], [11.35440412966463, 44.53461138367071], [11.354781402909198, 44.534603601649145], [11.354803164689265, 44.535143304525256], [11.35442588796597, 44.535151086692466], [11.354436767345481, 44.53542093818098], [11.35405948873022, 44.53542871917583], [11.354048611090112, 44.535158867614506], [11.353671334061715, 44.535166647291376], [11.35368220996242, 44.53543649892551], [11.3533049310421, 44.535444277429995], [11.353348429212232, 44.53652368410862], [11.353725715090427, 44.53651590531297], [11.353747468569582, 44.537055608417276], [11.354124757774327, 44.53704782823078], [11.35413563648228, 44.53731767968778], [11.35451292727404, 44.537309898183224], [11.354523807874148, 44.53757974955249], [11.354901100252922, 44.53757196672986], [11.35492286539016, 44.53811166927803], [11.355300161095581, 44.538103885064444], [11.355321930322633, 44.53864358740729], [11.355699229354768, 44.53863580180272], [11.35568834292523, 44.538365950711594], [11.356065640065012, 44.538358163934575], [11.356032976473488, 44.53754861079037], [11.355655684552616, 44.537556397348794], [11.355623027553932, 44.53674684385181], [11.355245740699097, 44.53675462894643], [11.35522397360891, 44.53621492639488], [11.354846690080464, 44.53622271009859], [11.354814045808178, 44.53541315594094]], [[11.357012366338502, 44.533747330257384], [11.357023257130125, 44.53401718131046], [11.356645988280011, 44.53402497065706], [11.35662421032799, 44.53348526839024], [11.357378740918495, 44.5334696887435], [11.357389633296634, 44.533739539738576], [11.357012366338502, 44.533747330257384]]]}}, {"type": "Feature", "properties": {"threshold": "ge_5", "source": "HistorySUHI", "period": "2013-2025", "hotspot_percentile": "top_10_pct", "label": ">= 5 estati"}, "geometry": {"type": "Polygon", "coordinates": [[[11.350707423796166, 44.53657810081176], [11.350330136698634, 44.53658586964556], [11.350319275843491, 44.53631601741636], [11.349941990333178, 44.53632378493223], [11.349931131369845, 44.53605393261545], [11.349176563371419, 44.53606946376618], [11.349143997831833, 44.535259906290435], [11.348766718822654, 44.53526766978003], [11.348745012702848, 44.53472796457642], [11.348367737020283, 44.53473572667557], [11.348346034987959, 44.53419602126711], [11.347591490123788, 44.53421154143942], [11.347558948652315, 44.53340198277933], [11.347181681209957, 44.53340974077998], [11.347159991134664, 44.53287003478693], [11.346782727018713, 44.532877791397304], [11.34676104103012, 44.53233808519952], [11.346383780240517, 44.53234584041966], [11.346372939213454, 44.53207598722585], [11.345995680010992, 44.532083741128375], [11.34598484087509, 44.53181388784712], [11.344475809502113, 44.531844890716535], [11.344562471189915, 44.53400371887059], [11.344939743174955, 44.53399596944071], [11.34496141359474, 44.53453567618532], [11.345338688906548, 44.534527925365225], [11.345371200894078, 44.53533748515287], [11.344993920364018, 44.53534523619055], [11.345037264850427, 44.53642464932242], [11.345414552338491, 44.536416897994606], [11.345436228972623, 44.53695660432614], [11.345813519787841, 44.53694885160799], [11.345824360072504, 44.537218704678864], [11.346201652475312, 44.53721095064289], [11.346212494651626, 44.53748080362633], [11.348476256312392, 44.537434252824134], [11.348487109078627, 44.53770410535708], [11.348864403895854, 44.53769634245891], [11.348853549389984, 44.53742648999862], [11.349230842315357, 44.53741872592783], [11.349252554958612, 44.53795843068821], [11.34812066528797, 44.53798171960061], [11.348142368102032, 44.53852142473726], [11.347765067761365, 44.538529185362705], [11.347797617904524, 44.539338743173836], [11.34817492346448, 44.53933098233052], [11.348185775556335, 44.53960083483182], [11.349317696542402, 44.53957754461182], [11.34932855400594, 44.539847396880276], [11.349705862436627, 44.5398396309102], [11.349695003233265, 44.539569778714394], [11.35007230977184, 44.53956201157162], [11.350061448980963, 44.53929215943363], [11.350816058121563, 44.539276621557356], [11.350805194003454, 44.53900676954984], [11.35118249660546, 44.538998998816396], [11.351149899946106, 44.538189442922615], [11.350772602563252, 44.53819721343791], [11.350707423796166, 44.53657810081176]], [[11.350018007340529, 44.538212750732605], [11.350028867522182, 44.538482602930195], [11.349274268210857, 44.53849813538899], [11.349263411508609, 44.538228283046045], [11.350018007340529, 44.538212750732605]]]}}, {"type": "Feature", "properties": {"threshold": "ge_5", "source": "HistorySUHI", "period": "2013-2025", "hotspot_percentile": "top_10_pct", "label": ">= 5 estati"}, "geometry": {"type": "Polygon", "coordinates": [[[11.365033291707125, 44.536012113034076], [11.365044220401865, 44.536281962419466], [11.36542150154041, 44.536274145022446], [11.365410571106242, 44.53600429571021], [11.365033291707125, 44.536012113034076]]]}}, {"type": "Feature", "properties": {"threshold": "ge_5", "source": "HistorySUHI", "period": "2013-2025", "hotspot_percentile": "top_10_pct", "label": ">= 5 estati"}, "geometry": {"type": "Polygon", "coordinates": [[[11.368450689631542, 44.536481409731444], [11.368073407980502, 44.53648923716315], [11.368062465216981, 44.536219388378214], [11.368439745128594, 44.536211561019755], [11.36842880077912, 44.53594171229315], [11.368806078797855, 44.53593388376277], [11.36881702488673, 44.53620373241613], [11.369194304491366, 44.536195902567336], [11.369205252473165, 44.53646575113249], [11.369959814700676, 44.536450087552815], [11.369970766314887, 44.53671993595646], [11.370348048937732, 44.536712102225565], [11.370359002444987, 44.53698195054098], [11.370736286653692, 44.536974115491546], [11.370747242054039, 44.53724396371873], [11.371879098976711, 44.53722045087926], [11.371857177892835, 44.53668075485003], [11.372234459747421, 44.53667291489318], [11.372201574056149, 44.535863370957394], [11.371824297419769, 44.535871210694154], [11.371791418329936, 44.535061666403855], [11.371036875032125, 44.535077341701886], [11.371025919121456, 44.53480749342856], [11.37027137868768, 44.53482316359949], [11.370260426409175, 44.5345533151646], [11.369883157701167, 44.53456114830911], [11.36987220731549, 44.53429129978598], [11.369494940193174, 44.5342991316121], [11.369483991700273, 44.53402928300076], [11.369106726163652, 44.534037113508504], [11.369095779563482, 44.53376726480897], [11.368341251508161, 44.53378292194275], [11.368352194629919, 44.5340527707888], [11.367974928632858, 44.534060597561314], [11.367985870168837, 44.53433044646569], [11.36760860227911, 44.53433827206636], [11.367619542229264, 44.534608121029024], [11.367242272446862, 44.53461594545781], [11.367253210811139, 44.53488579447877], [11.366498667307619, 44.53490143974742], [11.366509602346653, 44.535171288899846], [11.365755054751125, 44.53518692933438], [11.365776918331797, 44.53572662788716], [11.365399640825354, 44.535734446383046], [11.365410571106242, 44.53600429571021], [11.365787850352083, 44.53599647714116], [11.365809714852569, 44.53653617560439], [11.366186997423972, 44.53652835564383], [11.366197931643644, 44.53679820477987], [11.366575215801177, 44.53679038350093], [11.366586151913674, 44.53706023254887], [11.367340723247613, 44.53704458610897], [11.367406364018152, 44.538663679204596], [11.368160955613241, 44.53864802690508], [11.368150011622014, 44.538378178239604], [11.368527305449735, 44.53837035029517], [11.36850541444852, 44.537830653065896], [11.368882704643577, 44.537822824022726], [11.368860810777258, 44.537283126880254], [11.3681062371918, 44.53729878342835], [11.36809529396791, 44.53702893468821], [11.36847257909788, 44.537021107110014], [11.368450689631542, 44.536481409731444]]]}}, {"type": "Feature", "properties": {"threshold": "ge_5", "source": "HistorySUHI", "period": "2013-2025", "hotspot_percentile": "top_10_pct", "label": ">= 5 estati"}, "geometry": {"type": "Polygon", "coordinates": [[[11.36428965766503, 44.536297593477954], [11.36391237606679, 44.53630540713941], [11.363923299696426, 44.53657525672928], [11.364300583034124, 44.53656744299469], [11.36428965766503, 44.536297593477954]]]}}, {"type": "Feature", "properties": {"threshold": "ge_5", "source": "HistorySUHI", "period": "2013-2025", "hotspot_percentile": "top_10_pct", "label": ">= 5 estati"}, "geometry": {"type": "Polygon", "coordinates": [[[11.360161364286046, 44.53692317589426], [11.36013955166326, 44.53638347526842], [11.359007701358752, 44.53640687142572], [11.358996800495163, 44.5361370208715], [11.35786495403326, 44.53616040560312], [11.357897641427172, 44.536969957877545], [11.357520353749084, 44.53697775051644], [11.357531248113101, 44.53724760131768], [11.357908537530738, 44.53723980860585], [11.35794122675826, 44.538049360701315], [11.358318521241882, 44.53804156652545], [11.358329419696318, 44.53831141712117], [11.358706715766749, 44.53830362162707], [11.35872851661349, 44.538843322627905], [11.359105816010413, 44.538835525742606], [11.359094913770921, 44.53856567532261], [11.359472211275266, 44.53855787726497], [11.359439500255199, 44.537748326134405], [11.360194084367329, 44.53773272672116], [11.360172270826858, 44.53719302618481], [11.360549559174368, 44.5371852247563], [11.360538650894025, 44.536915374538744], [11.360161364286046, 44.53692317589426]]]}}, {"type": "Feature", "properties": {"threshold": "ge_5", "source": "HistorySUHI", "period": "2013-2025", "hotspot_percentile": "top_10_pct", "label": ">= 5 estati"}, "geometry": {"type": "Polygon", "coordinates": [[[11.3670400069162, 44.53894135235668], [11.366662708995442, 44.53894917546644], [11.366673646334911, 44.53921902439495], [11.367050945995349, 44.539211201211984], [11.3670400069162, 44.53894135235668]]]}}, {"type": "Feature", "properties": {"threshold": "ge_5", "source": "HistorySUHI", "period": "2013-2025", "hotspot_percentile": "top_10_pct", "label": ">= 5 estati"}, "geometry": {"type": "Polygon", "coordinates": [[[11.374563985801148, 44.53824493382902], [11.374186694432298, 44.53825278169755], [11.37416475124411, 44.53771308666854], [11.373787463200493, 44.53772093314498], [11.373809402909586, 44.53826062832081], [11.373432111233036, 44.53826847369886], [11.373410175003045, 44.537728778376184], [11.373032886651785, 44.53773662236216], [11.373043852950337, 44.53800647010437], [11.372289272307404, 44.538022154487415], [11.372300235280603, 44.53829200236145], [11.371922942988947, 44.53829984275849], [11.371966789460638, 44.53937923439871], [11.372344088710829, 44.53937139370821], [11.372355052452756, 44.53964124150755], [11.373109653971245, 44.53962555624389], [11.37313158887527, 44.54016525150422], [11.372754284713462, 44.54017309490549], [11.372776216753167, 44.54071279025284], [11.375417367011739, 44.540657859263995], [11.37543932402401, 44.541197553523574], [11.375816634067776, 44.541189701111094], [11.375838595175608, 44.541729395163934], [11.376593221760551, 44.54171368630891], [11.37657125369332, 44.54117399255006], [11.376193943957555, 44.54118184745327], [11.376182961894807, 44.540912000477924], [11.375805653744843, 44.54091985406226], [11.375783693560932, 44.54038015991976], [11.375029083758198, 44.54039586305851], [11.374974203389995, 44.53904662670604], [11.374596906956219, 44.539054476040164], [11.374563985801148, 44.53824493382902]], [[11.373842313627014, 44.53907017097254], [11.373853284173844, 44.53934001849324], [11.373475985538803, 44.53934786416493], [11.37346501673163, 44.53907801657081], [11.373842313627014, 44.53907017097254]]]}}, {"type": "Feature", "properties": {"threshold": "ge_5", "source": "HistorySUHI", "period": "2013-2025", "hotspot_percentile": "top_10_pct", "label": ">= 5 estati"}, "geometry": {"type": "Polygon", "coordinates": [[[11.365995587868078, 44.54112361013124], [11.36598465293459, 44.54085376116083], [11.365607342375421, 44.5408615810469], [11.365618275569053, 44.54113143009048], [11.365995587868078, 44.54112361013124]]]}}, {"type": "Feature", "properties": {"threshold": "ge_5", "source": "HistorySUHI", "period": "2013-2025", "hotspot_percentile": "top_10_pct", "label": ">= 5 estati"}, "geometry": {"type": "Polygon", "coordinates": [[[11.350514794541283, 44.54117335526249], [11.35013747771573, 44.54118112408679], [11.350159201582287, 44.54172082813934], [11.350536521887797, 44.541713059169616], [11.350514794541283, 44.54117335526249]]]}}, {"type": "Feature", "properties": {"threshold": "ge_5", "source": "HistorySUHI", "period": "2013-2025", "hotspot_percentile": "top_10_pct", "label": ">= 5 estati"}, "geometry": {"type": "Polygon", "coordinates": [[[11.366006522954923, 44.541393459086706], [11.365629208916008, 44.54140127911913], [11.3656401424163, 44.54167112813286], [11.366017458195119, 44.54166330802725], [11.366006522954923, 44.541393459086706]]]}}, {"type": "Feature", "properties": {"threshold": "ge_5", "source": "HistorySUHI", "period": "2013-2025", "hotspot_percentile": "top_10_pct", "label": ">= 5 estati"}, "geometry": {"type": "Polygon", "coordinates": [[[11.34606288480094, 44.543155468470815], [11.346052041171221, 44.54288561572753], [11.34416539418982, 44.542924374844], [11.344187064199723, 44.54346408104105], [11.345696396010196, 44.54343307565866], [11.345685553968568, 44.543163222857714], [11.34606288480094, 44.543155468470815]]]}}, {"type": "Feature", "properties": {"threshold": "ge_5", "source": "HistorySUHI", "period": "2013-2025", "hotspot_percentile": "top_10_pct", "label": ">= 5 estati"}, "geometry": {"type": "Polygon", "coordinates": [[[11.367357302504441, 44.546766963099515], [11.366979954123016, 44.546774788332485], [11.366990895911647, 44.547044636828076], [11.367368246033463, 44.54703681152188], [11.367357302504441, 44.546766963099515]]]}}, {"type": "Feature", "properties": {"threshold": "ge_5", "source": "HistorySUHI", "period": "2013-2025", "hotspot_percentile": "top_10_pct", "label": ">= 5 estati"}, "geometry": {"type": "Polygon", "coordinates": [[[11.35996304176122, 44.55070112811462], [11.359585665946922, 44.55070892945661], [11.359596575069077, 44.550978779205415], [11.359973952624157, 44.55097097779043], [11.35996304176122, 44.55070112811462]]]}}, {"type": "Feature", "properties": {"threshold": "ge_5", "source": "HistorySUHI", "period": "2013-2025", "hotspot_percentile": "top_10_pct", "label": ">= 5 estati"}, "geometry": {"type": "Polygon", "coordinates": [[[11.355478082706629, 44.55187406410857], [11.355467192275013, 44.55160421360225], [11.355089809403747, 44.55161200021284], [11.355078920865738, 44.551342149618755], [11.354701539582615, 44.55134993491063], [11.354723313329602, 44.55188963622961], [11.353213772743356, 44.55192076552104], [11.353170253713886, 44.55084136165831], [11.35279287514922, 44.55084914057527], [11.35278199751414, 44.550579289499524], [11.353159374338004, 44.55057151065535], [11.35314849511471, 44.550301659637505], [11.352771120031624, 44.550309438408874], [11.352760242701672, 44.550039587303324], [11.352382869206783, 44.55004736475611], [11.352371993770124, 44.54977751356289], [11.35161724980424, 44.549793064585465], [11.351628121759427, 44.55006291592421], [11.351250747807008, 44.55007068963955], [11.351261618173915, 44.550340541036135], [11.350884242328267, 44.55034831357837], [11.350905980037867, 44.550888016472314], [11.350528600558164, 44.55089578791415], [11.350550335395832, 44.55143549089393], [11.350172952281993, 44.55144326123534], [11.350203770534527, 44.55220859637797], [11.350366045329089, 44.552203032444936], [11.35062519269056, 44.55217068875596], [11.350702987417971, 44.55214883110882], [11.351516964051894, 44.55202962639874], [11.351520481148464, 44.552029112822936], [11.351639251707356, 44.55200246731962], [11.35168653929662, 44.551991833434606], [11.351799243703736, 44.551957435543095], [11.351937388343822, 44.551890446442535], [11.352398254234641, 44.551611441802656], [11.352398280118633, 44.55161145927426], [11.352607787653128, 44.55202684748442], [11.352607801320397, 44.55202687421027], [11.352849594698174, 44.55252600404551], [11.35295151307507, 44.552736397258215], [11.353246413617763, 44.552730318261595], [11.353257294214448, 44.5530001691453], [11.35363468655381, 44.55299238840006], [11.35364249354059, 44.55318597658949], [11.354194764469455, 44.55288196544886], [11.354197607126377, 44.55288096155957], [11.354405027068383, 44.55280785043769], [11.35453031910089, 44.55276340449905], [11.354535855249216, 44.55276144479301], [11.354543103806042, 44.552758864602374], [11.354702912630271, 44.552702120273835], [11.354706114154524, 44.55270158610194], [11.354876909101204, 44.552670623146355], [11.355139055936295, 44.552602485376426], [11.355144773369037, 44.55260096302336], [11.355101216412693, 44.55249125688679], [11.355100349001258, 44.55248910517879], [11.355595576181273, 44.55236017070299], [11.356246437910729, 44.552195026101096], [11.356232851472667, 44.55185848700399], [11.355478082706629, 44.55187406410857]]]}}, {"type": "Feature", "properties": {"threshold": "ge_5", "source": "HistorySUHI", "period": "2013-2025", "hotspot_percentile": "top_10_pct", "label": ">= 5 estati"}, "geometry": {"type": "Polygon", "coordinates": [[[11.362735754867089, 44.55388467282665], [11.362358359233738, 44.55389248376639], [11.362369282379621, 44.55416233282489], [11.362746679754027, 44.55415452181205], [11.362735754867089, 44.55388467282665]]]}}, {"type": "Feature", "properties": {"threshold": "ge_5", "source": "HistorySUHI", "period": "2013-2025", "hotspot_percentile": "top_10_pct", "label": ">= 5 estati"}, "geometry": {"type": "Polygon", "coordinates": [[[11.372126723725716, 44.552609605635126], [11.372126887744933, 44.55261364109717], [11.372144205945242, 44.55260924230889], [11.372126723725716, 44.552609605635126]]]}}, {"type": "Feature", "properties": {"threshold": "ge_5", "source": "HistorySUHI", "period": "2013-2025", "hotspot_percentile": "top_10_pct", "label": ">= 5 estati"}, "geometry": {"type": "Polygon", "coordinates": [[[11.373758260330307, 44.46264007886652], [11.373004651531513, 44.46265574719396], [11.372993714175538, 44.462385895871385], [11.372616911278994, 44.46239372809884], [11.372605975808995, 44.46212387668802], [11.372229174491949, 44.462131707600214], [11.372207307477002, 44.461592004587224], [11.371830509472142, 44.46159983411092], [11.371852373021706, 44.46213953727044], [11.371475571398284, 44.4621473656987], [11.371497432095067, 44.462687068945016], [11.371874237183974, 44.46267924037024], [11.371896101958967, 44.46321894341031], [11.372649718608368, 44.46320328224168], [11.372660654691291, 44.46347313359276], [11.373037464518971, 44.463465301072134], [11.373070278885788, 44.4642748548159], [11.373447093758804, 44.46426702083331], [11.373468974235545, 44.464806723107856], [11.373845792421118, 44.464798887736585], [11.373856734622397, 44.46506873877813], [11.374233554387603, 44.465060902091444], [11.374244498475191, 44.46533075304471], [11.375374962049545, 44.46530723531207], [11.37535306362993, 44.464767533830724], [11.374976246057797, 44.464775374170294], [11.37493245799115, 44.46369597073488], [11.374555647197191, 44.46370380953896], [11.37454470229683, 44.4634339585694], [11.374167893082342, 44.46344179605811], [11.374156950068153, 44.46317194500028], [11.373780142433143, 44.46317978117365], [11.373758260330307, 44.46264007886652]]]}}, {"type": "Feature", "properties": {"threshold": "ge_5", "source": "HistorySUHI", "period": "2013-2025", "hotspot_percentile": "top_10_pct", "label": ">= 5 estati"}, "geometry": {"type": "Polygon", "coordinates": [[[11.384316582186884, 44.47187278251389], [11.383185999223192, 44.47189639147267], [11.383207975273105, 44.472436089206944], [11.384338568638155, 44.47241247980631], [11.384316582186884, 44.47187278251389]]]}}, {"type": "Feature", "properties": {"threshold": "ge_5", "source": "HistorySUHI", "period": "2013-2025", "hotspot_percentile": "top_10_pct", "label": ">= 5 estati"}, "geometry": {"type": "Polygon", "coordinates": [[[11.37419601892459, 44.47343411365839], [11.374174125166812, 44.472894412486355], [11.37266664350692, 44.4729257553169], [11.37267758337434, 44.47319560620369], [11.370793219181794, 44.473234757153556], [11.370815082039163, 44.4737744596151], [11.37119195865163, 44.47376663176351], [11.37120289204388, 44.47403648289863], [11.372333526163223, 44.47401299166923], [11.372344464910093, 44.47428284256959], [11.37272134437712, 44.47427500960154], [11.3727322850111, 44.474544860413666], [11.373109166058626, 44.47453702612981], [11.37312010857977, 44.4748068768537], [11.374250756003693, 44.47478336632714], [11.374239808281043, 44.474513515823254], [11.374616688715049, 44.47450567656942], [11.37460573941201, 44.47423582612397], [11.37498261795877, 44.474227985701006], [11.37497166707539, 44.47395813531398], [11.37459479026241, 44.473965975663575], [11.374572892423515, 44.47342627469799], [11.37419601892459, 44.47343411365839]]]}}, {"type": "Feature", "properties": {"threshold": "ge_5", "source": "HistorySUHI", "period": "2013-2025", "hotspot_percentile": "top_10_pct", "label": ">= 5 estati"}, "geometry": {"type": "Polygon", "coordinates": [[[11.385125288011954, 44.473206279378445], [11.384748418818253, 44.473214153126825], [11.384781406238176, 44.47402369859771], [11.38515828063293, 44.474015824628275], [11.385125288011954, 44.473206279378445]]]}}, {"type": "Feature", "properties": {"threshold": "ge_5", "source": "HistorySUHI", "period": "2013-2025", "hotspot_percentile": "top_10_pct", "label": ">= 5 estati"}, "geometry": {"type": "Polygon", "coordinates": [[[11.380335731887513, 44.47600703441171], [11.37995884335456, 44.47601489274399], [11.379969818007131, 44.476284742056585], [11.380346708274022, 44.47627688365075], [11.380335731887513, 44.47600703441171]]]}}, {"type": "Feature", "properties": {"threshold": "ge_5", "source": "HistorySUHI", "period": "2013-2025", "hotspot_percentile": "top_10_pct", "label": ">= 5 estati"}, "geometry": {"type": "Polygon", "coordinates": [[[11.373328045620323, 44.47993403776993], [11.373317100185147, 44.4796641873298], [11.372940186190498, 44.479672023006714], [11.372951129891371, 44.47994187352016], [11.373328045620323, 44.47993403776993]]]}}, {"type": "Feature", "properties": {"threshold": "ge_5", "source": "HistorySUHI", "period": "2013-2025", "hotspot_percentile": "top_10_pct", "label": ">= 5 estati"}, "geometry": {"type": "Polygon", "coordinates": [[[11.381609169215917, 44.47949148803235], [11.381986079676379, 44.47948362377328], [11.381953124629897, 44.47867407743226], [11.381576219372015, 44.478681941470576], [11.381565236398554, 44.47841209258675], [11.3811883327209, 44.47841995530884], [11.381199313960211, 44.47868980426623], [11.379691690774298, 44.478721243022335], [11.379702665230791, 44.478991092259], [11.378571941023829, 44.47901465849866], [11.378560971769897, 44.478744809041466], [11.37743025138197, 44.478768363876625], [11.377441215433317, 44.47903821355425], [11.376687397604659, 44.47905391071123], [11.376720280275146, 44.47986346009508], [11.377097194469043, 44.4798556119176], [11.37710815740073, 44.48012546160889], [11.379369649742602, 44.48007834600614], [11.379391596878827, 44.4806180444621], [11.379768515199663, 44.480610187365045], [11.379779490732815, 44.480880036497076], [11.380156410634187, 44.48087217808376], [11.380145433366682, 44.480602329025274], [11.380522351379861, 44.48059446944275], [11.38051137253187, 44.480324620442865], [11.380888288656863, 44.48031675969117], [11.380877308228438, 44.48004691074988], [11.381254222465246, 44.48003904882903], [11.381243240456437, 44.47976919994637], [11.38162015280507, 44.47976133685639], [11.381609169215917, 44.47949148803235]]]}}, {"type": "Feature", "properties": {"threshold": "ge_5", "source": "HistorySUHI", "period": "2013-2025", "hotspot_percentile": "top_10_pct", "label": ">= 5 estati"}, "geometry": {"type": "Polygon", "coordinates": [[[11.388869596027474, 44.48177048088686], [11.38849267273322, 44.48177836817835], [11.388503688927711, 44.482048215541276], [11.390765236783016, 44.48200087270786], [11.390754210182086, 44.481731025787944], [11.391131132549507, 44.481723131039885], [11.391109076342524, 44.48118343730291], [11.390355238390596, 44.48119922526081], [11.390344213987582, 44.480929378222136], [11.389590378886304, 44.48094516106139], [11.389601399820656, 44.48121500824775], [11.388847560632897, 44.48123078626373], [11.388869596027474, 44.48177048088686]]]}}, {"type": "Feature", "properties": {"threshold": "ge_5", "source": "HistorySUHI", "period": "2013-2025", "hotspot_percentile": "top_10_pct", "label": ">= 5 estati"}, "geometry": {"type": "Polygon", "coordinates": [[[11.376485850928715, 44.483379353760604], [11.376452967470467, 44.48256980473916], [11.376076035625221, 44.482577651165414], [11.376065076514232, 44.48230780138829], [11.375311215832047, 44.48232349036549], [11.375300260343652, 44.4820536404266], [11.374923331506743, 44.48206148297757], [11.374890471166152, 44.48125193285115], [11.374513547379111, 44.48125977393917], [11.374579259034933, 44.48287887449785], [11.374202324687412, 44.48288671478328], [11.374224226331444, 44.48342641499675], [11.373847288361251, 44.48343425418604], [11.373858237678846, 44.48370410434372], [11.373481297820561, 44.483711942363485], [11.373492245556951, 44.483981792579584], [11.373115303810566, 44.483989629429786], [11.37314814273622, 44.484799180208476], [11.373525089686746, 44.484791343138255], [11.373536038036894, 44.48506119329462], [11.373159089351605, 44.48506903043817], [11.373170036120412, 44.48533888065292], [11.375054786686066, 44.48529968213886], [11.375043831243353, 44.48502983229093], [11.375420779161171, 44.48502198893264], [11.375398865266895, 44.48448228933871], [11.375775809561677, 44.4844744448843], [11.375742934667946, 44.48366489560159], [11.376119873605129, 44.48365705012451], [11.376108913879754, 44.483387200407144], [11.376485850928715, 44.483379353760604]]]}}, {"type": "Feature", "properties": {"threshold": "ge_5", "source": "HistorySUHI", "period": "2013-2025", "hotspot_percentile": "top_10_pct", "label": ">= 5 estati"}, "geometry": {"type": "Polygon", "coordinates": [[[11.38656137047204, 44.489921093488014], [11.386938346735661, 44.48991321144073], [11.386960371193165, 44.49045290599178], [11.388091309468843, 44.4904292519485], [11.388080291957392, 44.4901594049018], [11.388457269338636, 44.49015151780822], [11.388413193896561, 44.48907212976702], [11.38728228211094, 44.489095786432834], [11.387271268841666, 44.48882593916376], [11.386894299672761, 44.4888338221591], [11.386905311206979, 44.48910366950195], [11.386528340148683, 44.48911155132795], [11.38656137047204, 44.489921093488014]]]}}, {"type": "Feature", "properties": {"threshold": "ge_5", "source": "HistorySUHI", "period": "2013-2025", "hotspot_percentile": "top_10_pct", "label": ">= 5 estati"}, "geometry": {"type": "Polygon", "coordinates": [[[11.382901536933305, 44.49269832585298], [11.382524541620556, 44.49270619496215], [11.382513548904429, 44.49243634692938], [11.382136555173007, 44.49244421472167], [11.382125564346339, 44.49217436660033], [11.38174857219625, 44.49218223307576], [11.38173758325899, 44.49191238486585], [11.381360592690237, 44.49192025002445], [11.38134960564234, 44.49165040172598], [11.380595627513548, 44.49166612816633], [11.380584644090284, 44.49139627970577], [11.379830668816348, 44.49141200102614], [11.379863609135901, 44.49222154680436], [11.379486616062021, 44.49222940582036], [11.379508573573746, 44.49276910307819], [11.379885570118452, 44.492761243915105], [11.379929493930486, 44.49384063795721], [11.381437506337623, 44.49380918769506], [11.381426518211681, 44.49353933950125], [11.382934521212526, 44.493507869640666], [11.382945516280488, 44.493777717539984], [11.384076522119523, 44.49375410186901], [11.384054521724817, 44.4932144064974], [11.383677523403586, 44.49322227948367], [11.38366652517295, 44.492952431701745], [11.382912531538938, 44.49296817379716], [11.382901536933305, 44.49269832585298]]]}}, {"type": "Feature", "properties": {"threshold": "ge_5", "source": "HistorySUHI", "period": "2013-2025", "hotspot_percentile": "top_10_pct", "label": ">= 5 estati"}, "geometry": {"type": "Polygon", "coordinates": [[[11.37577148502415, 44.49365717430819], [11.376148488313108, 44.49364932735755], [11.376159452141659, 44.49391917658059], [11.376913461729618, 44.49390347880248], [11.376880560291871, 44.493093931529195], [11.37574956129909, 44.49311747567041], [11.37577148502415, 44.49365717430819]]]}}, {"type": "Feature", "properties": {"threshold": "ge_5", "source": "HistorySUHI", "period": "2013-2025", "hotspot_percentile": "top_10_pct", "label": ">= 5 estati"}, "geometry": {"type": "Polygon", "coordinates": [[[11.376821615635773, 44.500927400958226], [11.37719866548552, 44.50091954953749], [11.377187694188171, 44.500649700849856], [11.377564742147955, 44.50064184825897], [11.377553769268248, 44.50037199962988], [11.377930815338074, 44.50036414586888], [11.377919840876059, 44.50009429729834], [11.377165752054838, 44.50011000342976], [11.37717672304461, 44.50037985214728], [11.376799676667181, 44.50038770342108], [11.376821615635773, 44.500927400958226]]]}}, {"type": "Feature", "properties": {"threshold": "ge_5", "source": "HistorySUHI", "period": "2013-2025", "hotspot_percentile": "top_10_pct", "label": ">= 5 estati"}, "geometry": {"type": "Polygon", "coordinates": [[[11.389650216613546, 44.51011225958436], [11.39002732215364, 44.5101043645394], [11.390038356310317, 44.51037421025719], [11.390415463432685, 44.51036631389435], [11.390404427539051, 44.51009646825045], [11.39078153276975, 44.51008857071752], [11.390748420806382, 44.50927903391772], [11.390371320786407, 44.50928693122894], [11.3903602855116, 44.509017085525166], [11.389983187073783, 44.50902498151856], [11.389994220611728, 44.50929482729623], [11.38961712028237, 44.50930272211955], [11.389650216613546, 44.51011225958436]]]}}, {"type": "Feature", "properties": {"threshold": "ge_5", "source": "HistorySUHI", "period": "2013-2025", "hotspot_percentile": "top_10_pct", "label": ">= 5 estati"}, "geometry": {"type": "Polygon", "coordinates": [[[11.394563631562306, 44.510279371799676], [11.394186526143121, 44.5102872818464], [11.394197579561157, 44.5105571267358], [11.394574686717297, 44.51054921661505], [11.394563631562306, 44.510279371799676]]]}}, {"type": "Feature", "properties": {"threshold": "ge_5", "source": "HistorySUHI", "period": "2013-2025", "hotspot_percentile": "top_10_pct", "label": ">= 5 estati"}, "geometry": {"type": "Polygon", "coordinates": [[[11.389771581737387, 44.513080562469554], [11.389782615858557, 44.513350408096585], [11.390159742243798, 44.513342512165046], [11.390137670681714, 44.512802821043785], [11.390514793437806, 44.5127949240159], [11.390470645221605, 44.511715541889345], [11.388962181063379, 44.511747121354176], [11.389006301485257, 44.51282650466278], [11.389383424705414, 44.51281861136722], [11.389394456934687, 44.51308845708308], [11.389771581737387, 44.513080562469554]]]}}, {"type": "Feature", "properties": {"threshold": "ge_5", "source": "HistorySUHI", "period": "2013-2025", "hotspot_percentile": "top_10_pct", "label": ">= 5 estati"}, "geometry": {"type": "Polygon", "coordinates": [[[11.38683172379377, 44.51503260775225], [11.386077447238016, 44.51504837686214], [11.386110501191274, 44.51585791559884], [11.386487644758743, 44.515850031444685], [11.38647662488238, 44.515580185287845], [11.38685376655788, 44.515572299963225], [11.38683172379377, 44.51503260775225]]]}}, {"type": "Feature", "properties": {"threshold": "ge_5", "source": "HistorySUHI", "period": "2013-2025", "hotspot_percentile": "top_10_pct", "label": ">= 5 estati"}, "geometry": {"type": "Polygon", "coordinates": [[[11.385356213592932, 44.51587368017444], [11.38497906956211, 44.51588156059586], [11.384990082642963, 44.516151407032766], [11.385367228411292, 44.5161435265376], [11.385356213592932, 44.51587368017444]]]}}, {"type": "Feature", "properties": {"threshold": "ge_5", "source": "HistorySUHI", "period": "2013-2025", "hotspot_percentile": "top_10_pct", "label": ">= 5 estati"}, "geometry": {"type": "Polygon", "coordinates": [[[11.394096814637622, 44.51731115483073], [11.39407470368215, 44.51677146563769], [11.393697556259342, 44.51677937497252], [11.393719663739704, 44.517319064313575], [11.394096814637622, 44.51731115483073]]]}}, {"type": "Feature", "properties": {"threshold": "ge_5", "source": "HistorySUHI", "period": "2013-2025", "hotspot_percentile": "top_10_pct", "label": ">= 5 estati"}, "geometry": {"type": "Polygon", "coordinates": [[[11.393331460606712, 44.5170571278151], [11.392954311136437, 44.517065034735396], [11.392976411976417, 44.517604724342476], [11.39335356492186, 44.51759681727421], [11.393331460606712, 44.5170571278151]]]}}, {"type": "Feature", "properties": {"threshold": "ge_5", "source": "HistorySUHI", "period": "2013-2025", "hotspot_percentile": "top_10_pct", "label": ">= 5 estati"}, "geometry": {"type": "Polygon", "coordinates": [[[11.386963989650072, 44.51827076012039], [11.386586830598766, 44.51827864618292], [11.386597852020234, 44.518548492190135], [11.386975012809256, 44.51854060605382], [11.386963989650072, 44.51827076012039]]]}}, {"type": "Feature", "properties": {"threshold": "ge_5", "source": "HistorySUHI", "period": "2013-2025", "hotspot_percentile": "top_10_pct", "label": ">= 5 estati"}, "geometry": {"type": "Polygon", "coordinates": [[[11.376059233269736, 44.51930849488428], [11.376037287279386, 44.51876879879165], [11.375660122019015, 44.51877664884096], [11.37568206453371, 44.51931634508051], [11.376059233269736, 44.51930849488428]]]}}, {"type": "Feature", "properties": {"threshold": "ge_5", "source": "HistorySUHI", "period": "2013-2025", "hotspot_percentile": "top_10_pct", "label": ">= 5 estati"}, "geometry": {"type": "Polygon", "coordinates": [[[11.390003330771153, 44.518747317494146], [11.39038049190607, 44.518739420084735], [11.390402570276903, 44.519279110547416], [11.390779734732547, 44.51927121174583], [11.390746612195246, 44.518461676251114], [11.389992293555608, 44.51847747216646], [11.390003330771153, 44.518747317494146]]]}}, {"type": "Feature", "properties": {"threshold": "ge_5", "source": "HistorySUHI", "period": "2013-2025", "hotspot_percentile": "top_10_pct", "label": ">= 5 estati"}, "geometry": {"type": "Polygon", "coordinates": [[[11.388117522775856, 44.518786785875726], [11.387363198495192, 44.51880256451779], [11.387374223701237, 44.51907241034749], [11.388128551457411, 44.51905663155777], [11.388117522775856, 44.518786785875726]]]}}, {"type": "Feature", "properties": {"threshold": "ge_5", "source": "HistorySUHI", "period": "2013-2025", "hotspot_percentile": "top_10_pct", "label": ">= 5 estati"}, "geometry": {"type": "Polygon", "coordinates": [[[11.383979741149613, 44.51914335330422], [11.383990750870078, 44.5194131997828], [11.383236416239958, 44.519428951343386], [11.383269435900399, 44.520238491131586], [11.382137917157147, 44.52026210980244], [11.382148918805528, 44.52053195658961], [11.38101739346027, 44.52055556428135], [11.381028390049067, 44.520825411274465], [11.380651212887642, 44.52083327808974], [11.380706189454273, 44.52218251319915], [11.381083375305815, 44.52217464601579], [11.381094372819737, 44.5224444929192], [11.382603121636082, 44.522413011445906], [11.38258111285781, 44.52187331821331], [11.382203929361253, 44.521881190301116], [11.38219292694159, 44.521611343588724], [11.381815745028804, 44.52161921435836], [11.38180474450142, 44.52134936755737], [11.38369064383242, 44.5213100016325], [11.38366862586061, 44.52077030872236], [11.384800153179343, 44.5207466746759], [11.384811167301924, 44.521016520917286], [11.385188344503966, 44.52100864033913], [11.38516631293736, 44.52046894798888], [11.385543486509087, 44.520461066313764], [11.38553246921956, 44.52019122018994], [11.385909640898923, 44.52018333734415], [11.385898622025996, 44.51991349127915], [11.387030130923453, 44.5198898354965], [11.387008083214106, 44.51935014376431], [11.387385249061857, 44.51934225616222], [11.387374223701237, 44.51907241034749], [11.386619895326747, 44.519088184159685], [11.386608873596225, 44.518818338182385], [11.38623171091494, 44.51882622314813], [11.386242730907695, 44.519096069199215], [11.384356906495334, 44.51913547573103], [11.384345895191444, 44.5188656293112], [11.384723058645005, 44.51885775056734], [11.384690020446431, 44.51804821143931], [11.385067178532402, 44.51804033167228], [11.385056164370665, 44.51777048534008], [11.38467900802237, 44.51777836503339], [11.384667995752709, 44.51750851861249], [11.385799459121348, 44.517484876020845], [11.385777424619505, 44.51694518357666], [11.386531725809208, 44.5169294159224], [11.386542746458092, 44.51719926200443], [11.387674202296537, 44.517175600969466], [11.387652150727813, 44.516635909233266], [11.388406446896942, 44.51662012928378], [11.388384388996446, 44.51608043778303], [11.388007244464227, 44.51608832823225], [11.387996217483398, 44.51581848238559], [11.388750502918247, 44.51580270039062], [11.388739472617099, 44.51553285467668], [11.3876080494453, 44.51555652558128], [11.387619074534067, 44.515826371516724], [11.386487644758743, 44.515850031444685], [11.386498664789606, 44.51611987758655], [11.385367228411292, 44.5161435265376], [11.385378243384078, 44.516413372885815], [11.384246800403313, 44.51643701085972], [11.38425781031786, 44.51670685741416], [11.383880660611293, 44.51671473432395], [11.383891668942614, 44.51698458093713], [11.383514517344121, 44.516992456676334], [11.383525524092168, 44.51726230334826], [11.382771216957028, 44.517278051241114], [11.38278222038411, 44.51754789804545], [11.382405064847479, 44.51755577019907], [11.38241606669116, 44.51782561706212], [11.38203890926261, 44.517833488045056], [11.382060909937307, 44.518373181873606], [11.382438070841276, 44.51836531074335], [11.382449073147715, 44.51863515756153], [11.382826235635171, 44.518627285113254], [11.382837239833634, 44.51889713184281], [11.383214403904576, 44.51888925807648], [11.383225409995113, 44.519159104717424], [11.383979741149613, 44.51914335330422]], [[11.38279322396546, 44.517817744834836], [11.382804227701087, 44.51808759160926], [11.382427068689093, 44.518095463910214], [11.38241606669116, 44.51782561706212], [11.38279322396546, 44.517817744834836]], [[11.385400273792952, 44.51695306553734], [11.38541128922904, 44.51722291184067], [11.385034136510447, 44.517230792630805], [11.38502312281196, 44.51696094625373], [11.385400273792952, 44.51695306553734]], [[11.384645971676557, 44.51696882572583], [11.384634959870066, 44.51669897926007], [11.385012109267887, 44.5166910998617], [11.38502312281196, 44.51696094625373], [11.384645971676557, 44.51696882572583]]]}}, {"type": "Feature", "properties": {"threshold": "ge_5", "source": "HistorySUHI", "period": "2013-2025", "hotspot_percentile": "top_10_pct", "label": ">= 5 estati"}, "geometry": {"type": "Polygon", "coordinates": [[[11.379519680478522, 44.52085687106871], [11.379896858102345, 44.52084900798687], [11.379874875506578, 44.52030931354407], [11.379497701358648, 44.52031717647875], [11.37948671202983, 44.52004732916135], [11.379109539465734, 44.520055190778024], [11.379153490753692, 44.521134580252195], [11.379530670269583, 44.521126718341264], [11.379519680478522, 44.52085687106871]]]}}, {"type": "Feature", "properties": {"threshold": "ge_5", "source": "HistorySUHI", "period": "2013-2025", "hotspot_percentile": "top_10_pct", "label": ">= 5 estati"}, "geometry": {"type": "Polygon", "coordinates": [[[11.388560869519935, 44.520397968112874], [11.38818369718465, 44.520405859743526], [11.388194726794008, 44.520675705335776], [11.388571900867191, 44.52066781363128], [11.388560869519935, 44.520397968112874]]]}}, {"type": "Feature", "properties": {"threshold": "ge_5", "source": "HistorySUHI", "period": "2013-2025", "hotspot_percentile": "top_10_pct", "label": ">= 5 estati"}, "geometry": {"type": "Polygon", "coordinates": [[[11.37722367433496, 44.52009448019463], [11.377267590863784, 44.52117387113943], [11.376890410423883, 44.52118172558339], [11.37690138820291, 44.52145157335573], [11.377278570380835, 44.52144371883828], [11.37728955005183, 44.521713566522166], [11.377666733813859, 44.52170571068669], [11.377677715376871, 44.52197555828213], [11.378054900722999, 44.52196770112862], [11.37804391742192, 44.521697853606696], [11.37879828417603, 44.52168213571315], [11.378732366747585, 44.52006305115024], [11.378355193875409, 44.52007091027801], [11.37834420991434, 44.519801062724994], [11.377589867183797, 44.51981677710015], [11.377600847669074, 44.52008662480021], [11.37722367433496, 44.52009448019463]]]}}, {"type": "Feature", "properties": {"threshold": "ge_5", "source": "HistorySUHI", "period": "2013-2025", "hotspot_percentile": "top_10_pct", "label": ">= 5 estati"}, "geometry": {"type": "Polygon", "coordinates": [[[11.38896010802555, 44.52092976611193], [11.388582932369117, 44.52093765913472], [11.388593964025711, 44.52120750462321], [11.38897114142009, 44.52119961152655], [11.38896010802555, 44.52092976611193]]]}}, {"type": "Feature", "properties": {"threshold": "ge_5", "source": "HistorySUHI", "period": "2013-2025", "hotspot_percentile": "top_10_pct", "label": ">= 5 estati"}, "geometry": {"type": "Polygon", "coordinates": [[[11.388227816549955, 44.52148524202275], [11.388604995836978, 44.52147735009672], [11.388593964025711, 44.52120750462321], [11.388216786476658, 44.5212153964754], [11.388227816549955, 44.52148524202275]]]}}, {"type": "Feature", "properties": {"threshold": "ge_5", "source": "HistorySUHI", "period": "2013-2025", "hotspot_percentile": "top_10_pct", "label": ">= 5 estati"}, "geometry": {"type": "Polygon", "coordinates": [[[11.37693432246351, 44.52226111658308], [11.376945300858228, 44.52253096429563], [11.377322489988497, 44.522523109484176], [11.37733347027529, 44.522792957108294], [11.377710660989752, 44.522785100978766], [11.377688697093856, 44.52224540586262], [11.37693432246351, 44.52226111658308]]]}}, {"type": "Feature", "properties": {"threshold": "ge_5", "source": "HistorySUHI", "period": "2013-2025", "hotspot_percentile": "top_10_pct", "label": ">= 5 estati"}, "geometry": {"type": "Polygon", "coordinates": [[[11.389313253393498, 44.52956481195634], [11.389335330240566, 44.53010450181274], [11.389712564845961, 44.530096605033506], [11.389690484521429, 44.529556915324896], [11.389313253393498, 44.52956481195634]]]}}, {"type": "Feature", "properties": {"threshold": "ge_5", "source": "HistorySUHI", "period": "2013-2025", "hotspot_percentile": "top_10_pct", "label": ">= 5 estati"}, "geometry": {"type": "Polygon", "coordinates": [[[11.390111883717866, 44.53062839651035], [11.390089799296547, 44.53008870700942], [11.389712564845961, 44.530096605033506], [11.389723605240437, 44.530366449865355], [11.389346368896275, 44.53037434671848], [11.38935740770677, 44.53064419160926], [11.390111883717866, 44.53062839651035]]]}}, {"type": "Feature", "properties": {"threshold": "ge_5", "source": "HistorySUHI", "period": "2013-2025", "hotspot_percentile": "top_10_pct", "label": ">= 5 estati"}, "geometry": {"type": "Polygon", "coordinates": [[[11.389756727352742, 44.53117598427111], [11.389745686493825, 44.530906139484166], [11.389368446672053, 44.53091403648508], [11.38935740770677, 44.53064419160926], [11.388980169469027, 44.5306520872914], [11.388969132397326, 44.530382242326745], [11.38821465893517, 44.530398029808666], [11.388203625495782, 44.53012818468131], [11.387826390271398, 44.53013607648113], [11.387815358725476, 44.529866231264954], [11.387438125085163, 44.529874121746076], [11.38741606593481, 44.52933443112118], [11.387038835617284, 44.52934232020981], [11.387016780562897, 44.52880262937742], [11.386639553568097, 44.52881051707361], [11.386628528011482, 44.528540671561146], [11.386251302600725, 44.52854855793873], [11.386262326418697, 44.528818403524994], [11.385507871656193, 44.52883417269334], [11.385573996945421, 44.530453246781995], [11.385951234836352, 44.53044536237757], [11.385940211829677, 44.530175516807304], [11.386317447827249, 44.5301676312318], [11.386383598618979, 44.531786703986214], [11.386760844895061, 44.53177881672302], [11.386771872307051, 44.53204866205592], [11.387149120167438, 44.53204077347399], [11.387160149473019, 44.5323106187181], [11.387537398917704, 44.5323027288174], [11.38754843011692, 44.53257257397273], [11.3879256811459, 44.53256468275323], [11.387936714238803, 44.53283452781975], [11.388313966852069, 44.53282663528144], [11.388325001838707, 44.53309648025913], [11.390211271278565, 44.53305699852356], [11.390200227596857, 44.5327871539153], [11.390577479281337, 44.53277925390717], [11.390544343948473, 44.53196972021435], [11.390921590261206, 44.53196181918305], [11.390899497335889, 44.53142213012752], [11.390522254500945, 44.531430031010956], [11.390511210009487, 44.53116018638679], [11.389756727352742, 44.53117598427111]]]}}, {"type": "Feature", "properties": {"threshold": "ge_5", "source": "HistorySUHI", "period": "2013-2025", "hotspot_percentile": "top_10_pct", "label": ">= 5 estati"}, "geometry": {"type": "Polygon", "coordinates": [[[11.37556412559402, 44.53498321520708], [11.375941395474223, 44.53497536323933], [11.375919438585807, 44.53443566858626], [11.375542172184087, 44.534443520407066], [11.375531195710009, 44.53417367298463], [11.375153930893573, 44.5341815234869], [11.375175880517213, 44.53472121846374], [11.375553148812092, 44.534713367814554], [11.37556412559402, 44.53498321520708]]]}}, {"type": "Feature", "properties": {"threshold": "ge_5", "source": "HistorySUHI", "period": "2013-2025", "hotspot_percentile": "top_10_pct", "label": ">= 5 estati"}, "geometry": {"type": "Polygon", "coordinates": [[[11.374820558829137, 44.5352687629318], [11.37519783075646, 44.535260913380796], [11.375175880517213, 44.53472121846374], [11.374798612068437, 44.534729067867836], [11.374820558829137, 44.5352687629318]]]}}, {"type": "Feature", "properties": {"threshold": "ge_5", "source": "HistorySUHI", "period": "2013-2025", "hotspot_percentile": "top_10_pct", "label": ">= 5 estati"}, "geometry": {"type": "Polygon", "coordinates": [[[11.378003558999984, 44.53925363391562], [11.37797059041358, 44.538444093733695], [11.377593298691023, 44.5384519528829], [11.377571323883057, 44.537912259206465], [11.376816746933919, 44.53792797347507], [11.376827730781788, 44.53819782046781], [11.377205021072921, 44.538189963882594], [11.377248964963144, 44.53926935141002], [11.378003558999984, 44.53925363391562]]]}}, {"type": "Feature", "properties": {"threshold": "ge_5", "source": "HistorySUHI", "period": "2013-2025", "hotspot_percentile": "top_10_pct", "label": ">= 5 estati"}, "geometry": {"type": "Polygon", "coordinates": [[[11.380710647674647, 44.54081766032843], [11.380333341374406, 44.540825528856956], [11.38034434257494, 44.54109537502315], [11.380721650614962, 44.54108750642099], [11.380710647674647, 44.54081766032843]]]}}, {"type": "Feature", "properties": {"threshold": "ge_5", "source": "HistorySUHI", "period": "2013-2025", "hotspot_percentile": "top_10_pct", "label": ">= 5 estati"}, "geometry": {"type": "Polygon", "coordinates": [[[11.37891207287918, 44.54301576178377], [11.379289393715412, 44.54300789764794], [11.379300390930311, 44.543277743915354], [11.379677713352304, 44.543269878460485], [11.379622720120356, 44.541920647341925], [11.378868092521522, 44.541936376270286], [11.37891207287918, 44.54301576178377]]]}}, {"type": "Feature", "properties": {"threshold": "ge_5", "source": "HistorySUHI", "period": "2013-2025", "hotspot_percentile": "top_10_pct", "label": ">= 5 estati"}, "geometry": {"type": "Polygon", "coordinates": [[[11.377069414409709, 44.54413445052667], [11.377058427172527, 44.54386460386276], [11.377813080672558, 44.54384888635885], [11.377802090109363, 44.543579039827044], [11.37742476517645, 44.5435868991282], [11.377413776507412, 44.543317052507916], [11.3762818060042, 44.54334062271801], [11.376314756813171, 44.54415016319569], [11.377069414409709, 44.54413445052667]]]}}, {"type": "Feature", "properties": {"threshold": "ge_5", "source": "HistorySUHI", "period": "2013-2025", "hotspot_percentile": "top_10_pct", "label": ">= 5 estati"}, "geometry": {"type": "Polygon", "coordinates": [[[11.39738953146099, 44.54235911178263], [11.397012219794881, 44.54236703562376], [11.397001141114236, 44.54209719279813], [11.395114589152776, 44.542136792952775], [11.39510351932648, 44.541866949741625], [11.394756647331462, 44.54187422679541], [11.394862548583987, 44.54204364867492], [11.395202466095787, 44.542603206962845], [11.395445171942196, 44.54297836217492], [11.395494276818694, 44.543034479642884], [11.395504753588112, 44.54303088383576], [11.396031581472567, 44.54285158765741], [11.39675685995851, 44.54260003634729], [11.397131526818704, 44.54247063493683], [11.397390523983596, 44.54238328228913], [11.39738953146099, 44.54235911178263]]]}}, {"type": "Feature", "properties": {"threshold": "ge_5", "source": "HistorySUHI", "period": "2013-2025", "hotspot_percentile": "top_10_pct", "label": ">= 5 estati"}, "geometry": {"type": "Polygon", "coordinates": [[[11.393960527054213, 44.54162085121965], [11.3939633589684, 44.54168991686422], [11.394184404526563, 44.54161615561083], [11.393960527054213, 44.54162085121965]]]}}, {"type": "Feature", "properties": {"threshold": "ge_5", "source": "HistorySUHI", "period": "2013-2025", "hotspot_percentile": "top_10_pct", "label": ">= 5 estati"}, "geometry": {"type": "Polygon", "coordinates": [[[11.392839662288857, 44.54191442838615], [11.392845869453147, 44.542065879099084], [11.392878717431232, 44.54205467118741], [11.393326142240308, 44.54190422812106], [11.392839662288857, 44.54191442838615]]]}}, {"type": "Feature", "properties": {"threshold": "ge_5", "source": "HistorySUHI", "period": "2013-2025", "hotspot_percentile": "top_10_pct", "label": ">= 5 estati"}, "geometry": {"type": "Polygon", "coordinates": [[[11.38772284919306, 44.546072706325134], [11.388854863219468, 44.54604902158794], [11.388821736432751, 44.54523948876518], [11.388444403799282, 44.54524738470147], [11.388433363586879, 44.54497754032341], [11.388056032538694, 44.54498543494031], [11.388044994221218, 44.54471559047338], [11.387290335140653, 44.544731375822984], [11.387334475418317, 44.54581075419168], [11.387711811996537, 44.54580286184422], [11.38772284919306, 44.546072706325134]]]}}, {"type": "Feature", "properties": {"threshold": "ge_5", "source": "HistorySUHI", "period": "2013-2025", "hotspot_percentile": "top_10_pct", "label": ">= 5 estati"}, "geometry": {"type": "Polygon", "coordinates": [[[11.393682872793232, 44.47032637210358], [11.393306024484852, 44.47033427368755], [11.393317058464625, 44.47060412064489], [11.393693908506366, 44.470596218986984], [11.393682872793232, 44.47032637210358]]]}}, {"type": "Feature", "properties": {"threshold": "ge_5", "source": "HistorySUHI", "period": "2013-2025", "hotspot_percentile": "top_10_pct", "label": ">= 5 estati"}, "geometry": {"type": "Polygon", "coordinates": [[[11.393570882679613, 44.47681059653192], [11.393947772595276, 44.47680269317316], [11.393958812020571, 44.477072539697254], [11.39433570351547, 44.477064635021996], [11.39430258050195, 44.476255095626705], [11.393548807760936, 44.4762709032909], [11.393570882679613, 44.47681059653192]]]}}, {"type": "Feature", "properties": {"threshold": "ge_5", "source": "HistorySUHI", "period": "2013-2025", "hotspot_percentile": "top_10_pct", "label": ">= 5 estati"}, "geometry": {"type": "Polygon", "coordinates": [[[11.39609741686917, 44.48323946130724], [11.39608636521252, 44.482969615497545], [11.397594079776821, 44.482937957973675], [11.397583021337242, 44.48266811244525], [11.398336874220705, 44.48265227637474], [11.398325812467261, 44.48238243097951], [11.398702736942047, 44.4823745111542], [11.398680610431471, 44.48183482046703], [11.399057531282448, 44.4818268995472], [11.39902433747646, 44.48101736362647], [11.398647421828437, 44.48102528432395], [11.398625296868268, 44.480485593486975], [11.397494559399647, 44.480509347678584], [11.397505616599465, 44.480779193326846], [11.39712870206572, 44.4807871089794], [11.397139757686217, 44.48105695468674], [11.3960090079526, 44.481080694410366], [11.39602005852511, 44.4813505403249], [11.395266221126361, 44.48136636074175], [11.395277268385058, 44.48163620678934], [11.394900347719098, 44.481644115207686], [11.394922439232207, 44.48218380740596], [11.39454551494268, 44.482191714729545], [11.39455655919702, 44.48246156088021], [11.394179633018291, 44.482469467035], [11.394190675692968, 44.48273931324469], [11.39381374762503, 44.482747218230664], [11.393835829969701, 44.48328691075306], [11.393458898278052, 44.48329481464417], [11.393469937947975, 44.48356466095687], [11.393093004367078, 44.48357256367911], [11.393104042457171, 44.48384241005079], [11.392727106987024, 44.483850311604144], [11.392738143497239, 44.48412015803479], [11.392361206137839, 44.48412805841922], [11.392372241068122, 44.48439790490884], [11.391995301819462, 44.48440580412432], [11.392028402334297, 44.485215343725095], [11.39240534678693, 44.48520744428784], [11.392438453897707, 44.48601698353213], [11.392815403399855, 44.48600908263017], [11.39282644114756, 44.48627892894106], [11.393203392229783, 44.48627102672221], [11.393225471658912, 44.486810719151194], [11.393602426056024, 44.48680281554148], [11.393613467737522, 44.487072661659546], [11.39399042371472, 44.4870647567329], [11.394001467285836, 44.487334602762026], [11.394378424843117, 44.48732669651842], [11.394389470303901, 44.48759654245859], [11.395143388423783, 44.48758072609438], [11.395154437509188, 44.48785057187157], [11.395908358479446, 44.48783475038732], [11.395919411189556, 44.48810459600148], [11.39667333501002, 44.48808876939707], [11.396607000254603, 44.486469696376034], [11.396230048830986, 44.48647760985541], [11.396196888749298, 44.485668072920554], [11.395819942375015, 44.48567598493488], [11.395797839897833, 44.48513629342201], [11.395420896838047, 44.48514420404536], [11.39534355518864, 44.48325528276044], [11.39609741686917, 44.48323946130724]]]}}, {"type": "Feature", "properties": {"threshold": "ge_5", "source": "HistorySUHI", "period": "2013-2025", "hotspot_percentile": "top_10_pct", "label": ">= 5 estati"}, "geometry": {"type": "Polygon", "coordinates": [[[11.412726730195738, 44.48396950164523], [11.412349799333196, 44.48397746797377], [11.412360926349864, 44.484247310514114], [11.413491723673031, 44.48422340757641], [11.41346945938879, 44.483683722928085], [11.412715601600548, 44.48369965916444], [11.412726730195738, 44.48396950164523]]]}}, {"type": "Feature", "properties": {"threshold": "ge_5", "source": "HistorySUHI", "period": "2013-2025", "hotspot_percentile": "top_10_pct", "label": ">= 5 estati"}, "geometry": {"type": "Polygon", "coordinates": [[[11.401518432610253, 44.48663655261345], [11.401895383597212, 44.48662862165869], [11.401873224368343, 44.486088932637685], [11.402250171730525, 44.48608100058844], [11.402228009653383, 44.485541311655936], [11.401851065760592, 44.48554924355674], [11.401839986689634, 44.4852793989938], [11.401086101907582, 44.485295258918285], [11.401130405245476, 44.486374637673826], [11.401507354652935, 44.486366708036215], [11.401518432610253, 44.48663655261345]]]}}, {"type": "Feature", "properties": {"threshold": "ge_5", "source": "HistorySUHI", "period": "2013-2025", "hotspot_percentile": "top_10_pct", "label": ">= 5 estati"}, "geometry": {"type": "Polygon", "coordinates": [[[11.406940075616875, 44.490033370758255], [11.406917867239025, 44.489493684058814], [11.406540899189089, 44.48950163198976], [11.406529796968602, 44.48923178854319], [11.406906763283548, 44.489223840686606], [11.406884555839472, 44.4886841538972], [11.40650759299444, 44.488692101605025], [11.406496491240757, 44.48842225811346], [11.404611683356748, 44.48846197763563], [11.404633869670311, 44.48900166534713], [11.404256904157096, 44.48900960567113], [11.404245812657535, 44.488739761748576], [11.403868848723825, 44.488747700755255], [11.403846669660911, 44.48820801271659], [11.403469709041634, 44.488215950331686], [11.403458621478205, 44.48794610621559], [11.40308166243842, 44.48795404251341], [11.403092748266953, 44.48822388670378], [11.40196186501077, 44.488247688362], [11.401995107814086, 44.48905722151134], [11.40237207425967, 44.489049288645575], [11.402394240375113, 44.4895889771884], [11.402771210135382, 44.4895810429311], [11.4027933803423, 44.49012073126548], [11.401662460185136, 44.49014453075356], [11.401640300388582, 44.48960484197379], [11.40088635978089, 44.48962070178688], [11.400908512637173, 44.49016039086349], [11.40128548648879, 44.49015246143008], [11.401296564884905, 44.490422305871704], [11.401673540316354, 44.49041437512098], [11.401684620602872, 44.49068421947341], [11.404700432342592, 44.49062072812184], [11.404689338175157, 44.49035088436354], [11.405066312208046, 44.490342942424924], [11.405055216461022, 44.49007309872594], [11.405809160590076, 44.490057211268095], [11.405820259807248, 44.4903270548184], [11.406197233373515, 44.49031910915052], [11.40618613242127, 44.49004926567456], [11.406940075616875, 44.490033370758255]]]}}, {"type": "Feature", "properties": {"threshold": "ge_5", "source": "HistorySUHI", "period": "2013-2025", "hotspot_percentile": "top_10_pct", "label": ">= 5 estati"}, "geometry": {"type": "Polygon", "coordinates": [[[11.42425822890655, 44.48912673551992], [11.424137439657697, 44.48912930059044], [11.424249807290472, 44.48939751504036], [11.424271608568697, 44.489449550947874], [11.42425822890655, 44.48912673551992]]]}}, {"type": "Feature", "properties": {"threshold": "ge_5", "source": "HistorySUHI", "period": "2013-2025", "hotspot_percentile": "top_10_pct", "label": ">= 5 estati"}, "geometry": {"type": "Polygon", "coordinates": [[[11.423870086013295, 44.48886490061635], [11.423493126725608, 44.48887290440832], [11.42348194658976, 44.48860306430498], [11.422728031014032, 44.48861906801023], [11.422716854504534, 44.488349227742106], [11.422339898216524, 44.48835722765541], [11.422351072991189, 44.4886270679984], [11.421974114811725, 44.48863506674358], [11.421985288008148, 44.48890490714638], [11.420477446785123, 44.48893688999671], [11.420488613198579, 44.48920673068377], [11.419734688178165, 44.48922271480056], [11.41974585127828, 44.489492555622164], [11.41899192216219, 44.489508534916475], [11.419014241891935, 44.49004821681368], [11.418637273629328, 44.49005620474581], [11.41864221893651, 44.490175793819546], [11.420018140887594, 44.48972742337985], [11.423875424530056, 44.48899372747226], [11.423870086013295, 44.48886490061635]]]}}, {"type": "Feature", "properties": {"threshold": "ge_5", "source": "HistorySUHI", "period": "2013-2025", "hotspot_percentile": "top_10_pct", "label": ">= 5 estati"}, "geometry": {"type": "Polygon", "coordinates": [[[11.418349562624638, 44.49222291961888], [11.418408905748201, 44.49222166229047], [11.418345883946625, 44.49213395174451], [11.418349562624638, 44.49222291961888]]]}}, {"type": "Feature", "properties": {"threshold": "ge_5", "source": "HistorySUHI", "period": "2013-2025", "hotspot_percentile": "top_10_pct", "label": ">= 5 estati"}, "geometry": {"type": "Polygon", "coordinates": [[[11.407849542853379, 44.49379527400298], [11.407472547351626, 44.493803225610456], [11.40748365568858, 44.49407306865334], [11.407860652925732, 44.494065116971456], [11.407849542853379, 44.49379527400298]]]}}, {"type": "Feature", "properties": {"threshold": "ge_5", "source": "HistorySUHI", "period": "2013-2025", "hotspot_percentile": "top_10_pct", "label": ">= 5 estati"}, "geometry": {"type": "Polygon", "coordinates": [[[11.401473840341847, 44.4947398148996], [11.401462759461026, 44.49446997069776], [11.401085757844815, 44.49447790131847], [11.40110791629076, 44.49501758985559], [11.401861926309884, 44.49500172707403], [11.401850843538233, 44.49473188296139], [11.401473840341847, 44.4947398148996]]]}}, {"type": "Feature", "properties": {"threshold": "ge_5", "source": "HistorySUHI", "period": "2013-2025", "hotspot_percentile": "top_10_pct", "label": ">= 5 estati"}, "geometry": {"type": "Polygon", "coordinates": [[[11.420103153106076, 44.4981274539832], [11.420297988069706, 44.49812332227747], [11.420091245474744, 44.497839739438994], [11.420103153106076, 44.4981274539832]]]}}, {"type": "Feature", "properties": {"threshold": "ge_5", "source": "HistorySUHI", "period": "2013-2025", "hotspot_percentile": "top_10_pct", "label": ">= 5 estati"}, "geometry": {"type": "Polygon", "coordinates": [[[11.396361646649, 44.498898408287275], [11.395984615089551, 44.49890632268677], [11.396006729899934, 44.499446012820144], [11.396383764931246, 44.49943809827253], [11.396361646649, 44.498898408287275]]]}}, {"type": "Feature", "properties": {"threshold": "ge_5", "source": "HistorySUHI", "period": "2013-2025", "hotspot_percentile": "top_10_pct", "label": ">= 5 estati"}, "geometry": {"type": "Polygon", "coordinates": [[[11.415701533044754, 44.50119153648233], [11.415656937988933, 44.500112172102064], [11.415279903951182, 44.50012015036549], [11.415324492063139, 44.501199515044405], [11.415701533044754, 44.50119153648233]]]}}, {"type": "Feature", "properties": {"threshold": "ge_5", "source": "HistorySUHI", "period": "2013-2025", "hotspot_percentile": "top_10_pct", "label": ">= 5 estati"}, "geometry": {"type": "Polygon", "coordinates": [[[11.409569852936055, 44.50807305654454], [11.408815678692653, 44.508088973867814], [11.408771199987363, 44.50700960532156], [11.408017039013417, 44.50702551707385], [11.40799480754224, 44.506485832412935], [11.407617730294627, 44.50649378627451], [11.40757327616803, 44.50541441647498], [11.407196205710562, 44.50542236879512], [11.407140650239363, 44.50407315583618], [11.40638652622097, 44.50408905600132], [11.406375419066602, 44.50381921321575], [11.404490114977879, 44.50385894149237], [11.404479016660668, 44.50358909832005], [11.4041019571124, 44.503597040170035], [11.404079764417226, 44.503057353631796], [11.404833876413141, 44.50304146898545], [11.404767281226595, 44.50142240990275], [11.404390235723408, 44.50143035240182], [11.404401332796104, 44.50170019569406], [11.403270190144998, 44.50172401595267], [11.40328128216485, 44.501993859452824], [11.402527182814381, 44.50200973355582], [11.402538271517393, 44.50227957718953], [11.401030064006731, 44.50231131076924], [11.401018982248408, 44.50204146683859], [11.400641931718505, 44.502049397050264], [11.400608692583948, 44.50123986494575], [11.400231647107129, 44.501247793691235], [11.400198414578508, 44.50043826122927], [11.400575454847148, 44.50043033270637], [11.40056437591215, 44.50016048859661], [11.400941414289484, 44.50015255890438], [11.400930333773797, 44.49988271485382], [11.401684406590519, 44.499866851887205], [11.401673322758239, 44.49959700797011], [11.403181459583296, 44.49956526741173], [11.403170368962686, 44.499295423776665], [11.403924432970717, 44.49927954618508], [11.40391333903378, 44.49900970268358], [11.40429036906866, 44.49900176209687], [11.404279273551365, 44.498731918654705], [11.404656301694855, 44.49872397689883], [11.40466739894801, 44.49899382026668], [11.405044428671808, 44.49898587719304], [11.405033329682794, 44.498716033899505], [11.40541035751516, 44.49870808965673], [11.40542145824003, 44.49897793287593], [11.406552546010989, 44.498954092463805], [11.40656365209908, 44.499223935444924], [11.406940682780622, 44.49921598607958], [11.406951790760283, 44.49948582897131], [11.40657475834285, 44.499493778411036], [11.406596971297432, 44.50003346429829], [11.40810511392025, 44.50000165848322], [11.408116227574913, 44.500271501106724], [11.409247338114266, 44.50024763346533], [11.409236219251742, 44.49997779106516], [11.409613254050562, 44.49996983277215], [11.409579893190411, 44.49916030570505], [11.409956922625664, 44.49915234639197], [11.409945800914846, 44.498882504080754], [11.412584990444325, 44.49882675459414], [11.412573856738705, 44.498556912789596], [11.413327906014185, 44.498540973323045], [11.413316768993074, 44.498271131652636], [11.41369379166089, 44.498263160128815], [11.413660376327003, 44.49745363525131], [11.41328335886636, 44.497461606551354], [11.413272222469654, 44.497191764820904], [11.412141174358277, 44.49721567103707], [11.412152305547941, 44.497485512991204], [11.411398269222161, 44.49750144440088], [11.411387141503875, 44.49723160229765], [11.4110101248427, 44.4972395660629], [11.410998999016057, 44.49696972387015], [11.410621983934602, 44.496977686317514], [11.410610859999549, 44.49670784403525], [11.410233846497823, 44.49671580516475], [11.410222724454314, 44.496445962792976], [11.409845712532316, 44.496453922604644], [11.409856832840198, 44.49672376505088], [11.407217732873795, 44.49677944943987], [11.407206624715377, 44.49650960647257], [11.406452598223167, 44.49652550495897], [11.406441493691698, 44.496255661827895], [11.405687470048148, 44.49627155519215], [11.405676369143537, 44.496001711897364], [11.404922348348814, 44.49601760013956], [11.404933445782202, 44.496287443583014], [11.404556433415891, 44.496295385913434], [11.404545337718117, 44.49602554239564], [11.40379131599018, 44.49604142317781], [11.403802408216714, 44.496311266844195], [11.402671369251928, 44.496335078915195], [11.40266028223227, 44.49606523502598], [11.402283270668796, 44.49607316982201], [11.402294355952824, 44.49634301378548], [11.401917342498338, 44.49635094741241], [11.401895175556906, 44.49581125932202], [11.401518165418313, 44.495819191557125], [11.401507083916213, 44.49554934741523], [11.400753066644254, 44.495565208007015], [11.40076414467517, 44.495835052297316], [11.399633112395929, 44.495858834082576], [11.399644185375257, 44.49612867858045], [11.398890159608436, 44.49614452703552], [11.398868020747456, 44.49560483772819], [11.398491011102537, 44.495612759942425], [11.398457809181396, 44.49480322564666], [11.398080804588036, 44.4948111463952], [11.398069739326752, 44.49454130152587], [11.39769273631381, 44.49454922095699], [11.397681672943113, 44.49427937599857], [11.396550668180453, 44.49430312660992], [11.396528552317033, 44.49376343620365], [11.39615155389039, 44.4937713504394], [11.396140497926597, 44.49350150513975], [11.39576350108042, 44.49350941805819], [11.395796664230328, 44.494318954134386], [11.393534648662001, 44.494366406868785], [11.3935236045367, 44.494096561080994], [11.392769601579591, 44.49411236856484], [11.392758561080042, 44.49384252261416], [11.39049655890841, 44.49388991478325], [11.39054068018254, 44.494969300270114], [11.391294695409316, 44.494953507262416], [11.391305729585554, 44.495223353448935], [11.39168273870255, 44.49521545500619], [11.391715847366156, 44.49602499325417], [11.391338833042257, 44.49603289191867], [11.391349867837164, 44.4963027380453], [11.39021881873047, 44.496326426800174], [11.390229848472913, 44.49659627313353], [11.389475811490632, 44.496612059567546], [11.389486837916191, 44.496881906033636], [11.389109817457458, 44.496889797459374], [11.389142892454112, 44.49769933698943], [11.389519918120232, 44.49769144534215], [11.389552999715368, 44.49850098451598], [11.38993003043452, 44.49849309140367], [11.389941059677955, 44.49876293769113], [11.390318091978424, 44.49875504326146], [11.390329123112398, 44.4990248894601], [11.392591324082792, 44.49897749632522], [11.392580282533254, 44.498707650570054], [11.393334344813626, 44.49869184305834], [11.393323299947076, 44.49842199743613], [11.393700329119156, 44.49841409188902], [11.393678236378799, 44.497874400747634], [11.39405526192434, 44.497866494105025], [11.394044214050604, 44.497596648585855], [11.393667190240874, 44.49760455515449], [11.393623007237482, 44.49652517263215], [11.39324599021594, 44.49653307766143], [11.393234946587848, 44.49626323191945], [11.394743006802223, 44.49623160463791], [11.394754057373074, 44.49650145008395], [11.395508090022368, 44.49648562883487], [11.395530198571636, 44.497025319385905], [11.39666125679771, 44.497001577742594], [11.396705496585078, 44.498080957776295], [11.397082522626876, 44.49807304111206], [11.397071460711677, 44.49780319620019], [11.397825508858455, 44.49778735928958], [11.397836574245279, 44.49805720405327], [11.398213599821837, 44.4980492836587], [11.398280005815444, 44.499668351481496], [11.397902969823528, 44.49967627232076], [11.397936169706751, 44.50048580625227], [11.397559128351698, 44.50049372607036], [11.397581258910689, 44.50103341543134], [11.397204213928394, 44.50104133415408], [11.397215277704447, 44.501311178886205], [11.39683823083096, 44.50131909643944], [11.396860355376047, 44.501858786006935], [11.396483304875202, 44.50186670246474], [11.396505426568176, 44.50240639212047], [11.39612837243989, 44.50241430748281], [11.396139431782716, 44.50268415236228], [11.39538531958862, 44.50269997950413], [11.395396375613949, 44.50296982451673], [11.393888142421105, 44.503001464172655], [11.393899191656239, 44.50327130946634], [11.393145070657802, 44.50328712198026], [11.39315611657517, 44.503556967406944], [11.392024928707281, 44.50358067707205], [11.392035969570419, 44.503850522705626], [11.391658904901854, 44.50385842351387], [11.391669944183377, 44.504128269206404], [11.389030475017075, 44.50418354055725], [11.389041502298392, 44.504453386752026], [11.388287363386423, 44.50446916752063], [11.38829838734941, 44.50473901384812], [11.38792131592515, 44.504746902440615], [11.387910293698624, 44.50447705603932], [11.387533223856316, 44.50448494331426], [11.387522203520742, 44.5042150968242], [11.387899271626612, 44.50420720962306], [11.387888249709103, 44.50393736319184], [11.38826531592405, 44.50392947482079], [11.388243269079794, 44.50338978206108], [11.388620331667463, 44.50338189259396], [11.388598281968653, 44.50284219992205], [11.388975340929127, 44.5028343093589], [11.388964314575249, 44.50256446307434], [11.389341371644873, 44.50255657134136], [11.389308288301912, 44.50174703261943], [11.38968534000825, 44.50173913986436], [11.389674310800242, 44.50146929366764], [11.389297260830089, 44.50147718634885], [11.389286233512845, 44.501207340063296], [11.387778039031362, 44.50123889805665], [11.387789059403941, 44.5015087446375], [11.38741200866114, 44.50151663110062], [11.387423027452, 44.5017864777403], [11.387045974818543, 44.50179436303359], [11.387079026909147, 44.50260390308423], [11.3867019689125, 44.5026117873552], [11.386712984848618, 44.50288163408261], [11.385581804723348, 44.50290527965475], [11.3856038266408, 44.50344497350722], [11.38522676281762, 44.50345285302469], [11.385237772271493, 44.50372270000222], [11.382975375673988, 44.5037699514312], [11.382986374863695, 44.50403979883594], [11.38336344308531, 44.504031926633424], [11.383374444165652, 44.50430177394955], [11.382997374207589, 44.50430964622572], [11.383030373164434, 44.505119188305336], [11.383407448331985, 44.505111315808165], [11.383418450029207, 44.50538116306446], [11.383795526779076, 44.5053732892498], [11.38380653036709, 44.50564313641748], [11.384937764900778, 44.50561950728966], [11.3849487738528, 44.505889354221246], [11.38570293291016, 44.50587359510286], [11.385713945489718, 44.50614344187204], [11.388353509482448, 44.50608824526107], [11.388364534372696, 44.50635809149877], [11.388741616061685, 44.50635020121952], [11.388752642843114, 44.506620047368415], [11.389129726114152, 44.506612155771485], [11.389140754786812, 44.50688200183157], [11.38989492433835, 44.50686621475848], [11.389905956638959, 44.507136060655874], [11.390660129045207, 44.50712026845962], [11.390638057652028, 44.5065805769454], [11.391015140149804, 44.506572679129306], [11.391004102948653, 44.50630283342365], [11.391381183555096, 44.50629493443763], [11.39137014477208, 44.50602508879093], [11.392124302047531, 44.506009287235294], [11.392113259946145, 44.50573944172149], [11.393244489488657, 44.505715730281395], [11.3932555367997, 44.505985575573334], [11.393632614740723, 44.50597766919841], [11.393643663943202, 44.50624751440139], [11.394020743465903, 44.50623960670866], [11.394031794559869, 44.506509451822666], [11.394408875664242, 44.50650154281212], [11.394419928649741, 44.50677138783715], [11.39630534053, 44.506731823756986], [11.396294278861472, 44.506461979102184], [11.397802598628225, 44.506430305745596], [11.39779153016848, 44.506160461372204], [11.400053994743907, 44.506112914468076], [11.40007615265739, 44.50665260231004], [11.40045323301632, 44.50664467332437], [11.400464313942622, 44.50691451714867], [11.40084139588281, 44.50690658684498], [11.400852478701072, 44.50717643058011], [11.401229562222513, 44.507168498958386], [11.401251731798432, 44.50770818623521], [11.402005905321715, 44.507692318963315], [11.402028082465998, 44.508232005883244], [11.402782262314275, 44.50821613333891], [11.402793354593044, 44.50848597662787], [11.403170446020672, 44.5084780384156], [11.403203729000298, 44.509287567969686], [11.403957921809571, 44.50927168736773], [11.403946823853916, 44.509001844346635], [11.404323918288407, 44.5089939022541], [11.40433501798085, 44.50926374520089], [11.405089209856571, 44.509247857135456], [11.405100313178238, 44.509517699918575], [11.405854507904953, 44.5095018067288], [11.405876721962613, 44.510041491952606], [11.407762223422464, 44.51000173646563], [11.407751107631565, 44.509731894233234], [11.408128205719306, 44.50972393947848], [11.408117088347423, 44.5094540973055], [11.408871280581707, 44.509438184213124], [11.408837918980598, 44.50862865805094], [11.409215009653643, 44.508620699862284], [11.409203887695021, 44.5083508578527], [11.409580976475445, 44.50834289849466], [11.409569852936055, 44.50807305654454]], [[11.399311459096102, 44.49721598156795], [11.399322531115747, 44.497485826065066], [11.398568487681539, 44.49750167277484], [11.398557419133398, 44.497231828129436], [11.398180398919317, 44.497239749545066], [11.398169332262055, 44.496969904810555], [11.398923369063613, 44.49695406088415], [11.398934439192336, 44.49722390547039], [11.399311459096102, 44.49721598156795]], [[11.398912299090057, 44.49668421628293], [11.399289315522392, 44.49667629252877], [11.399300387231651, 44.49694613705585], [11.398923369063613, 44.49695406088415], [11.398912299090057, 44.49668421628293]]]}}, {"type": "Feature", "properties": {"threshold": "ge_5", "source": "HistorySUHI", "period": "2013-2025", "hotspot_percentile": "top_10_pct", "label": ">= 5 estati"}, "geometry": {"type": "Polygon", "coordinates": [[[11.426848470745513, 44.5060865535415], [11.425717261994047, 44.50611059795722], [11.42569486792045, 44.505570920258634], [11.425317801495437, 44.5055789324265], [11.425328996717385, 44.505848771358266], [11.424951928399064, 44.50585678235739], [11.424963122041548, 44.5061266213491], [11.4242089814614, 44.50614263976612], [11.424164221723832, 44.50506328310956], [11.424541285146887, 44.50505527482266], [11.424530093868333, 44.50478543569589], [11.424907155398206, 44.50477742624027], [11.42488476983919, 44.50423774809152], [11.42450771178185, 44.504245757397264], [11.424474139828648, 44.50343623983659], [11.424851192677373, 44.503428230755695], [11.424840000603877, 44.50315839161368], [11.423708846795622, 44.50318241490078], [11.423686473536023, 44.50264273612209], [11.42481761692754, 44.5026187132846], [11.424784042589614, 44.50180919567823], [11.423275871920053, 44.501841222742016], [11.423342980341397, 44.50346025961766], [11.422588873232574, 44.50347626658699], [11.422600055045828, 44.50374610616345], [11.421091832002672, 44.503778105478204], [11.421080657134224, 44.50350826560232], [11.420703602717966, 44.50351626224711], [11.420692429742346, 44.503246422281386], [11.420315376905652, 44.503254417607735], [11.420304205822813, 44.50298457755216], [11.419927154565693, 44.502992571560114], [11.419915985375583, 44.502722731414714], [11.41953893569804, 44.502730724104275], [11.419527768400611, 44.50246088386906], [11.41915072030265, 44.50246887524027], [11.419128389649575, 44.501929194575226], [11.418751344867276, 44.50193718455331], [11.418729018312305, 44.501397503678675], [11.419106059622527, 44.501389513850114], [11.419094894843756, 44.50111967346504], [11.419848973522667, 44.501103690226884], [11.419804302085042, 44.50002432913459], [11.419427269767596, 44.50003232107628], [11.41933794829228, 44.4978735975725], [11.418960929704673, 44.49788158767256], [11.41894976696018, 44.49761174709223], [11.41857274995179, 44.49761973587417], [11.418561589099427, 44.49734989520406], [11.417430542342721, 44.49737385386543], [11.417441697988078, 44.497643694759724], [11.416310644617061, 44.49766764245494], [11.416321795211685, 44.49793748355831], [11.415567755378078, 44.49795344262091], [11.41560119768521, 44.49876296628892], [11.415978222887421, 44.49875498715532], [11.416033971870414, 44.50010419259513], [11.416411005595602, 44.500096211844735], [11.416422157596998, 44.50036605281298], [11.416045122135886, 44.50037403363806], [11.416067423135718, 44.500913715678855], [11.416444462068752, 44.50090573470442], [11.416466767165813, 44.5014454165358], [11.417220851506896, 44.50142945055757], [11.417254320741378, 44.502238972743825], [11.416500225983897, 44.50225493917027], [11.416555993807536, 44.50360414326077], [11.41693304994528, 44.50359616029584], [11.416955361641687, 44.504135841677545], [11.417332421095548, 44.50412785731957], [11.417354736890074, 44.50466753849178], [11.418108862273714, 44.50465156574594], [11.418131185639249, 44.505191246559164], [11.41699998691111, 44.50521520426076], [11.417011143619442, 44.50548504486902], [11.416257006879242, 44.50550101060097], [11.416268160271153, 44.50577085134362], [11.415136948779065, 44.5057947908377], [11.415148097118006, 44.50606463178934], [11.414771024571612, 44.506072609207884], [11.414815612544182, 44.50715197316293], [11.415192692036596, 44.50714399544579], [11.415203841156965, 44.50741383632237], [11.415958003146025, 44.50739787700739], [11.415969155895858, 44.50766771771962], [11.418231648529526, 44.507619809475266], [11.418220485360237, 44.50734996921133], [11.41859756518171, 44.50734198022538], [11.418586400432364, 44.507072140021165], [11.418963478360787, 44.507064149866196], [11.418952312031438, 44.50679430972175], [11.419706463945632, 44.506778325830034], [11.41972880370696, 44.5073180058048], [11.420105882902238, 44.50731001184369], [11.420117054754334, 44.50757985173373], [11.420494135529559, 44.507571856454035], [11.420505309274843, 44.507841696254246], [11.422013637755427, 44.50780970239816], [11.422024818603731, 44.50807954188397], [11.42315606852829, 44.508055533207354], [11.423167254743161, 44.508325372453484], [11.424675592726846, 44.50829334317165], [11.42466439956557, 44.50802350422524], [11.42579564619608, 44.507999469428725], [11.425784447982013, 44.50772963069217], [11.426161528141689, 44.507721616680726], [11.426150328348061, 44.507451778004125], [11.426527406614202, 44.507443762823904], [11.426505004024946, 44.50690408557561], [11.42688207866107, 44.50689606930164], [11.426848470745513, 44.5060865535415]], [[11.419307052404749, 44.50624663821337], [11.419318220157505, 44.506516478313074], [11.418941145858618, 44.506524469562265], [11.418929979842327, 44.50625462938778], [11.419307052404749, 44.50624663821337]]]}}, {"type": "Feature", "properties": {"threshold": "ge_5", "source": "HistorySUHI", "period": "2013-2025", "hotspot_percentile": "top_10_pct", "label": ">= 5 estati"}, "geometry": {"type": "Polygon", "coordinates": [[[11.414304797314811, 44.50392185615495], [11.414293653698515, 44.50365201493394], [11.415047767693277, 44.50363606268411], [11.415036620760732, 44.503366221597354], [11.414659565577692, 44.50337419826945], [11.414637275653739, 44.50283451590163], [11.414260223786856, 44.50284249118084], [11.414237937960086, 44.50230280860373], [11.414614986354682, 44.502294833473776], [11.414581553577724, 44.501485309719406], [11.41495859660786, 44.501477333569774], [11.414947450925267, 44.50120749236293], [11.414193368180852, 44.50122344326938], [11.414171084228345, 44.500683760512146], [11.413794046093853, 44.50069173395084], [11.413782906087832, 44.500421892475096], [11.413405869533152, 44.50042986459568], [11.413394731419226, 44.500160023030325], [11.412263626026368, 44.500183931707326], [11.412274758932451, 44.50045377349641], [11.411520684418338, 44.500469706546006], [11.411576333929336, 44.50181891601177], [11.4111992877581, 44.50182688104396], [11.411210416392242, 44.50209672296662], [11.410833368328905, 44.50210468682977], [11.410855622592894, 44.50264437077914], [11.41010151905374, 44.50266029507267], [11.410090395316077, 44.502390452956476], [11.40933629462553, 44.502406372126615], [11.409347414890865, 44.50267621439177], [11.408970362575594, 44.50268417218591], [11.408992600101497, 44.503223856820135], [11.408615544157954, 44.50323181351956], [11.408626661418452, 44.503501655888634], [11.409003719098239, 44.503493699114756], [11.409048196643882, 44.50457306814322], [11.409425261113014, 44.50456510982783], [11.409447504293826, 44.50510479410311], [11.409824572079804, 44.505096834395054], [11.409846819357078, 44.505636518461365], [11.410223890459964, 44.50562855736061], [11.410246141833909, 44.50616824121792], [11.410623216253764, 44.506160278724394], [11.410634343911184, 44.50643012055605], [11.411388495755899, 44.506414191688684], [11.411399627042352, 44.506684033356265], [11.411776704467178, 44.506676066982386], [11.411787837646214, 44.506945908560425], [11.413673231111542, 44.506906057661475], [11.413628664601848, 44.50582669275088], [11.413251593167033, 44.50583466511983], [11.413207036101795, 44.50475529967068], [11.41358410059103, 44.50474732760013], [11.413572959978756, 44.50447748627491], [11.413950022575493, 44.50446951303528], [11.413927738346851, 44.503929830489035], [11.414304797314811, 44.50392185615495]]]}}, {"type": "Feature", "properties": {"threshold": "ge_5", "source": "HistorySUHI", "period": "2013-2025", "hotspot_percentile": "top_10_pct", "label": ">= 5 estati"}, "geometry": {"type": "Polygon", "coordinates": [[[11.394419928649741, 44.50677138783715], [11.394042845808752, 44.50677929692169], [11.394053897212558, 44.50704914200575], [11.394430981790185, 44.50704123284719], [11.394419928649741, 44.50677138783715]]]}}, {"type": "Feature", "properties": {"threshold": "ge_5", "source": "HistorySUHI", "period": "2013-2025", "hotspot_percentile": "top_10_pct", "label": ">= 5 estati"}, "geometry": {"type": "Polygon", "coordinates": [[[11.421304184269125, 44.508905060265754], [11.418287466723369, 44.50896901056971], [11.418298630831634, 44.509238850743536], [11.417544446406245, 44.509254826030435], [11.417577929249504, 44.51006434691029], [11.416823733777663, 44.510080317670024], [11.416846049508166, 44.510619998480415], [11.417223150795971, 44.510612013573066], [11.417234310632722, 44.510881853881], [11.417611413500948, 44.51087386765501], [11.417622575231038, 44.51114370787321], [11.418376783971816, 44.51112773153987], [11.418387949332203, 44.51139757159356], [11.419142160920694, 44.51138159013487], [11.419130992086496, 44.511111750230725], [11.419885199574885, 44.511095763945775], [11.419874027423507, 44.510825924176196], [11.420251129195911, 44.51081792924262], [11.420239955464305, 44.510548089532826], [11.420994155065468, 44.51053209608351], [11.42097180112495, 44.50999241691818], [11.421348897216903, 44.50998441847733], [11.421304184269125, 44.508905060265754]]]}}, {"type": "Feature", "properties": {"threshold": "ge_5", "source": "HistorySUHI", "period": "2013-2025", "hotspot_percentile": "top_10_pct", "label": ">= 5 estati"}, "geometry": {"type": "Polygon", "coordinates": [[[11.406287150031112, 44.51084307084321], [11.40627604072037, 44.510573228358155], [11.405521832410143, 44.510589124630755], [11.405510726728936, 44.51031928198197], [11.404756521269757, 44.51033517313], [11.404745419217997, 44.510065330317516], [11.404368317991816, 44.51007327395127], [11.404379418306695, 44.51034311683809], [11.40362521191375, 44.51035900052237], [11.403636308910418, 44.51062884354281], [11.402504992943562, 44.510652659962396], [11.402516084884972, 44.51092250319072], [11.402138977514715, 44.51093043958356], [11.402161158390069, 44.51147012614376], [11.402538269234293, 44.51146218960238], [11.402549361642208, 44.51173203278574], [11.40368069845281, 44.5117082154747], [11.40366960083385, 44.511438372514206], [11.404800931033213, 44.51141454422997], [11.404789828358883, 44.51114470147747], [11.40554404423963, 44.51112880988334], [11.405532938247038, 44.51085896726453], [11.406287150031112, 44.51084307084321]]]}}, {"type": "Feature", "properties": {"threshold": "ge_5", "source": "HistorySUHI", "period": "2013-2025", "hotspot_percentile": "top_10_pct", "label": ">= 5 estati"}, "geometry": {"type": "Polygon", "coordinates": [[[11.402161158390069, 44.51147012614376], [11.401784047390361, 44.51147806144111], [11.401795136324234, 44.51174790477298], [11.402172249060962, 44.511739969401376], [11.402161158390069, 44.51147012614376]]]}}, {"type": "Feature", "properties": {"threshold": "ge_5", "source": "HistorySUHI", "period": "2013-2025", "hotspot_percentile": "top_10_pct", "label": ">= 5 estati"}, "geometry": {"type": "Polygon", "coordinates": [[[11.400109041351215, 44.516644747061534], [11.40124047523872, 44.51662095186746], [11.401218298878991, 44.516081265431325], [11.40159543972237, 44.51607333135999], [11.401584350038267, 44.51580348819368], [11.401961488988755, 44.51579555295237], [11.401939306612212, 44.51525586672331], [11.402693577097175, 44.51523999280517], [11.402682482667469, 44.5149701498167], [11.403436749055603, 44.514954271070444], [11.403425651306817, 44.51468442821557], [11.404557044510153, 44.51466060098795], [11.40454594170512, 44.51439075834104], [11.404923070724344, 44.5143828135179], [11.404856446739679, 44.512763757767566], [11.404479328143575, 44.51277170214467], [11.404457124868198, 44.51223201662595], [11.403702894157474, 44.512247901350676], [11.403691796227351, 44.51197805842018], [11.403314682375662, 44.511985998842185], [11.403325778568723, 44.51225584184698], [11.401817314658354, 44.51228759139177], [11.401839493614327, 44.51282727795057], [11.401462373773795, 44.51283521237514], [11.401473461747836, 44.51310505570631], [11.401096340014709, 44.51311298896104], [11.401118512954762, 44.51365267572689], [11.400741387591834, 44.513660607885974], [11.400763557679124, 44.51420029474033], [11.398877911161462, 44.514239937615976], [11.398844682322133, 44.51343040619912], [11.398467557764365, 44.513438330819376], [11.39847863215164, 44.513708174714125], [11.39772437909592, 44.51372402037058], [11.397735450163964, 44.51399386439862], [11.39735832166603, 44.51400178543479], [11.39736939115201, 44.51427162952198], [11.398123651467214, 44.51425578605727], [11.39813472458298, 44.51452562998122], [11.397380460793183, 44.514541473594186], [11.397391530589548, 44.51481131765142], [11.39663726270433, 44.51482715643595], [11.396648329181192, 44.51509700062642], [11.396271193268493, 44.51510491822651], [11.396282258163126, 44.51537476247608], [11.395905120357924, 44.51538267890607], [11.395916183670277, 44.51565252321474], [11.395161904119767, 44.51566835249025], [11.395172964112358, 44.51593819693205], [11.394795822367067, 44.51594610977753], [11.394806880777258, 44.516215954278415], [11.394429737139466, 44.51622386595371], [11.394440793967208, 44.51649371051364], [11.394817939342488, 44.516485798764315], [11.39482899806276, 44.51675564323524], [11.39520614502051, 44.51674773016763], [11.395217205633358, 44.51701757454953], [11.39672579886355, 44.51698590954019], [11.396714731300586, 44.51671606545458], [11.39746902350973, 44.51670022563254], [11.39745795262694, 44.51643038168018], [11.397835096761211, 44.51642245997691], [11.397824024296165, 44.516152616083694], [11.399332592330804, 44.516120917124844], [11.399343671745696, 44.51639076072145], [11.400097958306036, 44.51637490362831], [11.400109041351215, 44.516644747061534]]]}}, {"type": "Feature", "properties": {"threshold": "ge_5", "source": "HistorySUHI", "period": "2013-2025", "hotspot_percentile": "top_10_pct", "label": ">= 5 estati"}, "geometry": {"type": "Polygon", "coordinates": [[[11.42206147230756, 44.518071595471106], [11.422050287395669, 44.517801756466355], [11.421673141083701, 44.51780975832219], [11.421684324258099, 44.51807959740182], [11.42206147230756, 44.518071595471106]]]}}, {"type": "Feature", "properties": {"threshold": "ge_5", "source": "HistorySUHI", "period": "2013-2025", "hotspot_percentile": "top_10_pct", "label": ">= 5 estati"}, "geometry": {"type": "Polygon", "coordinates": [[[11.396803276149138, 44.518874817719954], [11.396426115910929, 44.518882736357355], [11.396415048999431, 44.51861289230251], [11.39603789034376, 44.51862080962148], [11.396026825325091, 44.51835096547759], [11.39564966825196, 44.51835888147815], [11.395638605126077, 44.518089037245204], [11.394507138189098, 44.518112777558756], [11.394518196102013, 44.51838262201385], [11.394141038408593, 44.5183905330371], [11.394174207864427, 44.51920006653463], [11.393797044802858, 44.5192079765356], [11.393819155072958, 44.51974766560711], [11.393441988380843, 44.51975557451171], [11.393486203829662, 44.52083495277108], [11.394617724295145, 44.520811221435864], [11.394606664986817, 44.52054137711554], [11.394983836427349, 44.520533464255635], [11.39496171480018, 44.51999377571817], [11.395338882609952, 44.519985861761946], [11.395327820291179, 44.51971601754481], [11.396459317576412, 44.519692268431996], [11.396448250199416, 44.519422424422096], [11.396825413913087, 44.51941450563649], [11.396803276149138, 44.518874817719954]]]}}, {"type": "Feature", "properties": {"threshold": "ge_5", "source": "HistorySUHI", "period": "2013-2025", "hotspot_percentile": "top_10_pct", "label": ">= 5 estati"}, "geometry": {"type": "Polygon", "coordinates": [[[11.419488472455527, 44.519746619713324], [11.418734153154805, 44.51976260580852], [11.418745323525373, 44.5200324453816], [11.419499646301464, 44.52001645913681], [11.419488472455527, 44.519746619713324]]]}}, {"type": "Feature", "properties": {"threshold": "ge_5", "source": "HistorySUHI", "period": "2013-2025", "hotspot_percentile": "top_10_pct", "label": ">= 5 estati"}, "geometry": {"type": "Polygon", "coordinates": [[[11.406077315030842, 44.5240812379503], [11.406454506139774, 44.524073286716735], [11.40644339093269, 44.523803444892145], [11.406066201561876, 44.523811396051315], [11.406077315030842, 44.5240812379503]]]}}, {"type": "Feature", "properties": {"threshold": "ge_5", "source": "HistorySUHI", "period": "2013-2025", "hotspot_percentile": "top_10_pct", "label": ">= 5 estati"}, "geometry": {"type": "Polygon", "coordinates": [[[11.405289602834662, 44.52328761049557], [11.403780856452189, 44.52331939213578], [11.403803062065617, 44.52385907687105], [11.404934632514609, 44.52383524206161], [11.404945740769215, 44.52410508418372], [11.40381416510584, 44.524128919216196], [11.40382526830174, 44.524398761546344], [11.404202462083395, 44.52439081770573], [11.40424688337668, 44.525470186579064], [11.40500128437855, 44.52545429456936], [11.40499017534517, 44.52518445252222], [11.4057445722475, 44.52516855568282], [11.40570012376609, 44.52408918793932], [11.405322932345541, 44.5240971366838], [11.405311822352811, 44.52382729463605], [11.406066201561876, 44.523811396051315], [11.406055088248728, 44.52354155413734], [11.405300712515851, 44.5235574525733], [11.405289602834662, 44.52328761049557]]]}}, {"type": "Feature", "properties": {"threshold": "ge_5", "source": "HistorySUHI", "period": "2013-2025", "hotspot_percentile": "top_10_pct", "label": ">= 5 estati"}, "geometry": {"type": "Polygon", "coordinates": [[[11.407597199108714, 44.524319267135056], [11.406842814193922, 44.52433517597378], [11.406853931450861, 44.52460501769395], [11.40647673702148, 44.52461297032089], [11.406487852696111, 44.524882812100465], [11.406865048863677, 44.52487485939911], [11.40687616643237, 44.52514470108928], [11.40763056177625, 44.525128791803965], [11.407597199108714, 44.524319267135056]]]}}, {"type": "Feature", "properties": {"threshold": "ge_5", "source": "HistorySUHI", "period": "2013-2025", "hotspot_percentile": "top_10_pct", "label": ">= 5 estati"}, "geometry": {"type": "Polygon", "coordinates": [[[11.40689840203741, 44.52568438442462], [11.40687616643237, 44.52514470108928], [11.4057445722475, 44.52516855568282], [11.405766797423048, 44.5257082394646], [11.40689840203741, 44.52568438442462]]]}}, {"type": "Feature", "properties": {"threshold": "ge_5", "source": "HistorySUHI", "period": "2013-2025", "hotspot_percentile": "top_10_pct", "label": ">= 5 estati"}, "geometry": {"type": "Polygon", "coordinates": [[[11.420821197275387, 44.52457973452196], [11.420877108246108, 44.52592892901472], [11.421072502509661, 44.52592478406652], [11.421077172975037, 44.52591978950281], [11.421114231545001, 44.52587965340599], [11.421269566897681, 44.52573195793002], [11.421340804089528, 44.525653565199704], [11.421389741221146, 44.525601572772146], [11.421429672500787, 44.52551568776996], [11.421434809365268, 44.525504514685785], [11.421528868131533, 44.525307281390226], [11.421550405087144, 44.52525731956366], [11.421550897469695, 44.525256750961006], [11.421581286752447, 44.525186282611386], [11.421593020539486, 44.525153624558605], [11.42159514420301, 44.525119549923325], [11.421598185157716, 44.52488659882573], [11.421577093435292, 44.52481493596722], [11.421524424636639, 44.52465544805748], [11.421468890630106, 44.52456599516436], [11.420821197275387, 44.52457973452196]]]}}, {"type": "Feature", "properties": {"threshold": "ge_5", "source": "HistorySUHI", "period": "2013-2025", "hotspot_percentile": "top_10_pct", "label": ">= 5 estati"}, "geometry": {"type": "Polygon", "coordinates": [[[11.40911827631724, 44.53373983279345], [11.408741023556004, 44.53374779417569], [11.40877441303485, 44.53455731682262], [11.409151671013156, 44.53454935521689], [11.409162802890648, 44.53481919599471], [11.409540062451928, 44.53481123306946], [11.409528928835366, 44.53454139236616], [11.409906186501454, 44.53453342827045], [11.40989505130197, 44.53426358762667], [11.411305104460642, 44.53423380918514], [11.411295081679627, 44.53421780004645], [11.411264358025461, 44.534183942382526], [11.410197061037161, 44.53243234472939], [11.41022776088042, 44.53317625993345], [11.409473263094306, 44.53319218862461], [11.409484395930294, 44.53346202940293], [11.409107145064118, 44.53346999195562], [11.40911827631724, 44.53373983279345]]]}}, {"type": "Feature", "properties": {"threshold": "ge_5", "source": "HistorySUHI", "period": "2013-2025", "hotspot_percentile": "top_10_pct", "label": ">= 5 estati"}, "geometry": {"type": "Polygon", "coordinates": [[[11.411415215604118, 44.53450155943772], [11.411471982992309, 44.53450036011094], [11.411411154169217, 44.53440319974556], [11.411415215604118, 44.53450155943772]]]}}, {"type": "Feature", "properties": {"threshold": "ge_5", "source": "HistorySUHI", "period": "2013-2025", "hotspot_percentile": "top_10_pct", "label": ">= 5 estati"}, "geometry": {"type": "Polygon", "coordinates": [[[11.41262502177656, 44.53636652517325], [11.412640126023314, 44.536366205904706], [11.412623940492427, 44.536340353159005], [11.41262502177656, 44.53636652517325]]]}}, {"type": "Feature", "properties": {"threshold": "ge_5", "source": "HistorySUHI", "period": "2013-2025", "hotspot_percentile": "top_10_pct", "label": ">= 5 estati"}, "geometry": {"type": "Polygon", "coordinates": [[[11.417116275730134, 44.526278703850345], [11.416739073350652, 44.52628669060322], [11.416727909806848, 44.526016850927036], [11.417105110448071, 44.526008864248894], [11.417093945322556, 44.52573902463242], [11.416716746419569, 44.52574701123583], [11.41670558318881, 44.5254771715296], [11.415951188389721, 44.52549314085324], [11.415940028791864, 44.525223300982574], [11.415562832895795, 44.52523128370282], [11.415551675192576, 44.52496144374245], [11.415174480878235, 44.52496942514344], [11.415163325069605, 44.524699585093366], [11.414786132337, 44.52470756517513], [11.41477497842291, 44.52443772503538], [11.41590655093709, 44.524413781280494], [11.415884233149546, 44.52387410140404], [11.415507045944084, 44.523882083750806], [11.415495889023044, 44.523612243715355], [11.415118703399202, 44.52362022474295], [11.415096393502433, 44.523080544477665], [11.415473575650243, 44.52307256359943], [11.415440106764207, 44.522263043312925], [11.41581728354174, 44.52225506141429], [11.415828441418597, 44.52252490145013], [11.41620561977762, 44.522516918232355], [11.416227939476578, 44.52305659810956], [11.416982302677024, 44.523040627641784], [11.417004629953889, 44.523580307160046], [11.417381814795347, 44.523572319909974], [11.417415312098774, 44.52438183885053], [11.417792501997864, 44.52437385013172], [11.417781334335416, 44.524104010574625], [11.418158522339843, 44.52409602068605], [11.418136184008594, 44.52355634167635], [11.41889055259545, 44.52354035846478], [11.418879380188715, 44.523270519086964], [11.420010926680094, 44.52324653516037], [11.419999749216085, 44.522976695991964], [11.420376929328508, 44.52296869893564], [11.420365750283269, 44.52269885982704], [11.418857035845177, 44.52273084028627], [11.418868207938624, 44.52300067969413], [11.41811384630374, 44.523016662606594], [11.418091509225253, 44.52247698347676], [11.41695997602624, 44.52250094806346], [11.41694881293562, 44.522231108251766], [11.416571636627474, 44.522239093883705], [11.416560475431261, 44.521969253982284], [11.416183300704523, 44.52197723829507], [11.416172141402669, 44.521707398303924], [11.416549314391533, 44.521699414065836], [11.416538153508286, 44.52142957413438], [11.416915324602822, 44.52142158872658], [11.416892999830146, 44.52088190896804], [11.417270167292566, 44.52087392246533], [11.417259003403206, 44.520604082638286], [11.416881837678558, 44.520612069066274], [11.416870675683464, 44.520342229149456], [11.41649351154007, 44.520350214258364], [11.416471191494786, 44.51981053423026], [11.416094030670353, 44.519818517945396], [11.416038241983356, 44.518469317238846], [11.415661089690644, 44.51847729933618], [11.415616468506826, 44.51739793820193], [11.415239323007818, 44.51740591875628], [11.41522816984031, 44.51713607836051], [11.414851025922403, 44.517144057595964], [11.414839874648704, 44.5168742171105], [11.414462732311902, 44.51688219502708], [11.414418135729997, 44.51580283263654], [11.414041000186435, 44.51581080901036], [11.414029853169048, 44.51554096830055], [11.413652719206537, 44.51554894335557], [11.413630429115173, 44.51500926174168], [11.413253298471004, 44.51501723540333], [11.413219869717498, 44.514207712646105], [11.41397412042619, 44.5141917645264], [11.413985266662225, 44.51446160531125], [11.414362393519394, 44.51445362931061], [11.41435124554615, 44.51418378860041], [11.415105495317196, 44.51416783301613], [11.415094344025881, 44.513897992440185], [11.41584858969724, 44.51388203202888], [11.415815126338549, 44.51307251065906], [11.414683773231124, 44.51309644873789], [11.414672624302202, 44.512826608027254], [11.413918391589878, 44.512842560376974], [11.413907246291373, 44.51257271950205], [11.411644554827621, 44.51262054624667], [11.411633420107632, 44.51235070490923], [11.409747848280153, 44.51239052594615], [11.409758974314844, 44.51266036765621], [11.40900474101771, 44.51267628751174], [11.409015863734195, 44.51294612935578], [11.408261626339145, 44.512962044384054], [11.408272745737317, 44.513231886362014], [11.407895625068827, 44.513239842084495], [11.407906742885734, 44.513509684121914], [11.407529620324228, 44.51351763867476], [11.407551852951263, 44.514057322853446], [11.40717472675953, 44.51406527631105], [11.407208071657175, 44.51487480268987], [11.40683094009785, 44.514882755126614], [11.406842053638083, 44.515152597297295], [11.406464920185648, 44.51516054856429], [11.406476032144358, 44.51543039079438], [11.406098896798802, 44.515438340891606], [11.406110007175942, 44.51570818318109], [11.405732869937264, 44.515716132108516], [11.405743978732781, 44.515985974457394], [11.405366839600974, 44.51599392221501], [11.405422377227461, 44.5173431341063], [11.405045229252618, 44.51735108099152], [11.405067441918222, 44.51789076579179], [11.404690290312567, 44.51789871158144], [11.40470139514135, 44.51816855403343], [11.403947087987813, 44.51818444202857], [11.403969291161944, 44.518724127184925], [11.403592133876435, 44.51873206946468], [11.403614334197798, 44.51927175470969], [11.403991494958667, 44.519263812281295], [11.404002597090509, 44.519533654807006], [11.40362543459192, 44.519541597309725], [11.403647635847065, 44.52008128246479], [11.404779133302341, 44.52005745077756], [11.40479023937673, 44.5203272931096], [11.405167406621551, 44.52031934665075], [11.40517851458946, 44.52058918889344], [11.405555683416347, 44.520581241115835], [11.405566793277824, 44.52085108326916], [11.405943963686772, 44.52084313417277], [11.405955075441863, 44.52111297623671], [11.40633224743287, 44.521105025821534], [11.406343361081628, 44.521374867796084], [11.407097708071895, 44.521358963083635], [11.407086590947404, 44.52108912125791], [11.407463762470881, 44.52108116710947], [11.407430406819145, 44.520271641765575], [11.407807572973296, 44.52026368659605], [11.407785333176054, 44.51972400310734], [11.40853965806562, 44.51970808933299], [11.408528534925429, 44.519438247715044], [11.409282855715782, 44.51942232911224], [11.409293982331382, 44.51969217058123], [11.41004830597315, 44.51967624685207], [11.4100594362202, 44.51994608815706], [11.410436599544745, 44.519938124351455], [11.41044773168559, 44.52020796556691], [11.410824896591803, 44.52020000044241], [11.410836030626493, 44.520469841568335], [11.41121319711437, 44.52046187512492], [11.411224333042952, 44.5207317161613], [11.411978669025864, 44.520715779392226], [11.411989808586194, 44.52098562026447], [11.412366978081197, 44.52097764993877], [11.41235583678306, 44.52070780914112], [11.412733004384053, 44.52069983764563], [11.412755290612163, 44.52123951907675], [11.413509632296682, 44.52122357205417], [11.413520779120779, 44.52149341259799], [11.414275123655852, 44.52147746044854], [11.414286274111968, 44.521747300828096], [11.414663447882877, 44.5217393228121], [11.41469690540298, 44.52254884363673], [11.41431972641834, 44.522556821876684], [11.414308575493207, 44.522286981542166], [11.413554220530793, 44.522302934139425], [11.413565367980047, 44.522572774623214], [11.413188188526446, 44.522580749129794], [11.413199334394028, 44.522850589673176], [11.412822153046184, 44.522858563009905], [11.412833297332046, 44.5231284036129], [11.41207893069164, 44.523144346702104], [11.41209007165771, 44.52341418743928], [11.41246725679405, 44.523406216442325], [11.412478399654375, 44.52367605708991], [11.412101212779985, 44.52368402816145], [11.41211235405847, 44.523953868868595], [11.413243919427122, 44.52392995169667], [11.413266212881366, 44.52446963261835], [11.413643404501249, 44.52446165758942], [11.41365455320094, 44.52473149795311], [11.414408939448004, 44.52471554401235], [11.41442009178033, 44.52498538421175], [11.414797286407477, 44.52497740529988], [11.41483497781741, 44.52588920667855], [11.415052282927654, 44.5259878037281], [11.415737659423467, 44.52636318277994], [11.416146468250053, 44.52659601430847], [11.416427322485443, 44.526755571755], [11.416473785502165, 44.526784494573874], [11.416480143580706, 44.526788519145704], [11.416513684839126, 44.52680928912623], [11.417004969751206, 44.527113057957884], [11.417154559019682, 44.52720389176703], [11.417116275730134, 44.526278703850345]], [[11.414708058222416, 44.52281868388157], [11.414719211198221, 44.52308852411141], [11.414342028737638, 44.52309650250067], [11.414330877499815, 44.522826662196174], [11.414708058222416, 44.52281868388157]]]}}, {"type": "Feature", "properties": {"threshold": "ge_5", "source": "HistorySUHI", "period": "2013-2025", "hotspot_percentile": "top_10_pct", "label": ">= 5 estati"}, "geometry": {"type": "Polygon", "coordinates": [[[11.410692678276448, 44.526144468510736], [11.410737569771568, 44.52723224790786], [11.410809476126166, 44.52720872217076], [11.411429808824394, 44.52695535943545], [11.412510942247541, 44.526509386786536], [11.413052149350943, 44.526283011624436], [11.41352352539457, 44.52608464648449], [11.410692678276448, 44.526144468510736]]]}}, {"type": "Feature", "properties": {"threshold": "ge_5", "source": "HistorySUHI", "period": "2013-2025", "hotspot_percentile": "top_10_pct", "label": ">= 5 estati"}, "geometry": {"type": "Polygon", "coordinates": [[[11.419334784812506, 44.52515140049493], [11.419357135452168, 44.52569107887566], [11.418602739368808, 44.52570706577292], [11.418613911447235, 44.52597690509033], [11.418236711432353, 44.52598489674687], [11.418247881929178, 44.52625473612405], [11.41862508368231, 44.526246744392736], [11.418636256074032, 44.52651658368012], [11.41939066258686, 44.52650059633408], [11.419379486718599, 44.5262307571963], [11.4201338891281, 44.52621476502144], [11.420100352034206, 44.52540524796689], [11.420477547789215, 44.52539725023707], [11.42045518703401, 44.52485757227524], [11.420077994755301, 44.524865569855386], [11.420089173316384, 44.52513540891863], [11.419334784812506, 44.52515140049493]]]}}, {"type": "Feature", "properties": {"threshold": "ge_5", "source": "HistorySUHI", "period": "2013-2025", "hotspot_percentile": "top_10_pct", "label": ">= 5 estati"}, "geometry": {"type": "Polygon", "coordinates": [[[11.418703293714142, 44.52813561908899], [11.418680619739982, 44.52813609949591], [11.4187039029843, 44.52815033293272], [11.418703293714142, 44.52813561908899]]]}}, {"type": "Feature", "properties": {"threshold": "ge_5", "source": "HistorySUHI", "period": "2013-2025", "hotspot_percentile": "top_10_pct", "label": ">= 5 estati"}, "geometry": {"type": "Polygon", "coordinates": [[[11.398921312756716, 44.53368451028513], [11.398910228612255, 44.533414667425006], [11.398532975123903, 44.533422595044584], [11.398521892873866, 44.5331527520953], [11.396258379115196, 44.53320029122345], [11.396269450931193, 44.533470134617566], [11.39589219635554, 44.53347805352232], [11.395881126278557, 44.5332082100541], [11.395503873286687, 44.53321612763978], [11.395537078766209, 44.534025658221786], [11.395914336975205, 44.53401774041384], [11.395936478215814, 44.53455742724542], [11.396691001124468, 44.5345415875981], [11.39670207545591, 44.534811430843206], [11.397079338416443, 44.534803509077875], [11.397068262345872, 44.53453366590689], [11.398200045078097, 44.53450989336316], [11.398188963945532, 44.534240050399646], [11.397811704929248, 44.53424797575175], [11.397800625691147, 44.53397813269909], [11.398177882968357, 44.53397020742114], [11.398166802146562, 44.53370036442765], [11.398921312756716, 44.53368451028513]]]}}, {"type": "Feature", "properties": {"threshold": "ge_5", "source": "HistorySUHI", "period": "2013-2025", "hotspot_percentile": "top_10_pct", "label": ">= 5 estati"}, "geometry": {"type": "Polygon", "coordinates": [[[11.397123644251927, 44.53588288161198], [11.396746374334622, 44.53589080367383], [11.396757449442553, 44.536160646844024], [11.397134721099112, 44.53615272470807], [11.397123644251927, 44.53588288161198]]]}}, {"type": "Feature", "properties": {"threshold": "ge_5", "source": "HistorySUHI", "period": "2013-2025", "hotspot_percentile": "top_10_pct", "label": ">= 5 estati"}, "geometry": {"type": "Polygon", "coordinates": [[[11.3989767358105, 44.53503372436095], [11.398599471887653, 44.535041652425605], [11.398621638718883, 44.535581338099426], [11.398244371162251, 44.53558926506741], [11.398233289408122, 44.535319422163816], [11.397856023435292, 44.53532734781256], [11.397889263946215, 44.53613687670085], [11.39826653513671, 44.536128950829614], [11.398288699732785, 44.53666863653189], [11.398665974246434, 44.53666070926722], [11.3986881429428, 44.53720039476121], [11.399065420779667, 44.53719246610303], [11.39904324860465, 44.53665278075742], [11.399420522807409, 44.53664485100252], [11.399431610556498, 44.536914693608615], [11.399808886343084, 44.5369067625344], [11.39977561834441, 44.53609723489379], [11.399398347775675, 44.536105165745376], [11.399376173365848, 44.53556548042828], [11.398998906120088, 44.53557340988638], [11.3989767358105, 44.53503372436095]]]}}, {"type": "Feature", "properties": {"threshold": "ge_5", "source": "HistorySUHI", "period": "2013-2025", "hotspot_percentile": "top_10_pct", "label": ">= 5 estati"}, "geometry": {"type": "Polygon", "coordinates": [[[11.414290287557076, 44.54011237386967], [11.413912995085026, 44.54012035322796], [11.413921144404165, 44.54031746573965], [11.4142540823898, 44.54021061094512], [11.414293840219377, 44.54019829084111], [11.414290287557076, 44.54011237386967]]]}}, {"type": "Feature", "properties": {"threshold": "ge_5", "source": "HistorySUHI", "period": "2013-2025", "hotspot_percentile": "top_10_pct", "label": ">= 5 estati"}, "geometry": {"type": "Polygon", "coordinates": [[[11.425194664410984, 44.502610703184956], [11.42481761692754, 44.5026187132846], [11.424840000603877, 44.50315839161368], [11.42521705155956, 44.50315038136415], [11.425194664410984, 44.502610703184956]]]}}, {"type": "Feature", "properties": {"threshold": "ge_5", "source": "HistorySUHI", "period": "2013-2025", "hotspot_percentile": "top_10_pct", "label": ">= 5 estati"}, "geometry": {"type": "Polygon", "coordinates": [[[11.424761660482027, 44.50126951719885], [11.42554567323395, 44.50125285533211], [11.425416812760174, 44.50103144468274], [11.425416786131851, 44.501031409238266], [11.425416759130401, 44.50103136479916], [11.425126524602907, 44.5006092251973], [11.42511328561009, 44.50061362963852], [11.424739613319677, 44.50073789249147], [11.424761660482027, 44.50126951719885]]]}}, {"type": "Feature", "properties": {"threshold": "ge_5", "source": "HistorySUHI", "period": "2013-2025", "hotspot_percentile": "top_10_pct", "label": ">= 5 estati"}, "geometry": {"type": "Polygon", "coordinates": [[[11.424399238348542, 44.51072990287382], [11.424388045511792, 44.510460063987715], [11.423256750107646, 44.51048408588154], [11.423267937733934, 44.51075392499241], [11.422890837215359, 44.51076192987743], [11.422913209464726, 44.51130160820393], [11.423290313457027, 44.5112936031691], [11.423312689807494, 44.511833281285675], [11.423689797116769, 44.51182527485705], [11.423700987264219, 44.51209511381789], [11.424455204886012, 44.512079097078896], [11.424466398664265, 44.512348935874805], [11.424843508976748, 44.51234092556438], [11.424832313461534, 44.51207108684343], [11.42520942188011, 44.512063075363976], [11.425198224784907, 44.51179323670294], [11.42557533130958, 44.5117852240545], [11.425541735755132, 44.510975708206125], [11.42516463444111, 44.51098372062964], [11.425153437973771, 44.51071388190849], [11.424399238348542, 44.51072990287382]]]}}, {"type": "Feature", "properties": {"threshold": "ge_5", "source": "HistorySUHI", "period": "2013-2025", "hotspot_percentile": "top_10_pct", "label": ">= 5 estati"}, "geometry": {"type": "Polygon", "coordinates": [[[11.432419373940766, 44.512989969688526], [11.43204226156104, 44.512998005103995], [11.43205349070768, 44.51326784233846], [11.433184832585505, 44.513243732134455], [11.433162364027707, 44.5127040581017], [11.432408143214568, 44.512720132514204], [11.432419373940766, 44.512989969688526]]]}}, {"type": "Feature", "properties": {"threshold": "ge_5", "source": "HistorySUHI", "period": "2013-2025", "hotspot_percentile": "top_10_pct", "label": ">= 5 estati"}, "geometry": {"type": "Polygon", "coordinates": [[[11.425022658567293, 44.516658343055816], [11.425399796517468, 44.51665033030186], [11.42542219651671, 44.517190007067775], [11.42579933778463, 44.517181992919674], [11.42576573280919, 44.51637247797322], [11.425011460540548, 44.51638850457533], [11.425022658567293, 44.516658343055816]]]}}, {"type": "Feature", "properties": {"threshold": "ge_5", "source": "HistorySUHI", "period": "2013-2025", "hotspot_percentile": "top_10_pct", "label": ">= 5 estati"}, "geometry": {"type": "Polygon", "coordinates": [[[11.429272128693071, 44.518998672552236], [11.429249691744632, 44.51845899749768], [11.428495394505713, 44.518475047696], [11.428484179742398, 44.518205209996005], [11.428107032624577, 44.51821323315372], [11.428095819755962, 44.51794339536359], [11.42847296513631, 44.51793537228094], [11.42845053639581, 44.517395696805735], [11.428603871641313, 44.51739243363997], [11.42754834034553, 44.516064505062246], [11.426885933477955, 44.51607859061833], [11.426908346747753, 44.51661826684433], [11.427285483912598, 44.51661024786953], [11.427307901285598, 44.51714992388533], [11.42693076064601, 44.5171579430102], [11.426986798141304, 44.518507133161734], [11.427363947468166, 44.51849911366168], [11.42738636704128, 44.51903878946698], [11.428517824504038, 44.51901472305093], [11.428573902251525, 44.52036391117506], [11.42867157135797, 44.52036183303037], [11.428719373898423, 44.520342064845835], [11.429194029456426, 44.52014459472383], [11.429970128201761, 44.51984199304034], [11.43000993407153, 44.5198254902277], [11.430309768578915, 44.519698274749175], [11.430311762352927, 44.51969599066704], [11.430379742446197, 44.519619011963094], [11.429873042541312, 44.51898588100791], [11.429272128693071, 44.518998672552236]], [[11.43003765443823, 44.51925245443096], [11.430048876780832, 44.51952229177041], [11.429671721604397, 44.51953032028065], [11.429660500999379, 44.51926048286609], [11.43003765443823, 44.51925245443096]]]}}, {"type": "Feature", "properties": {"threshold": "ge_5", "source": "HistorySUHI", "period": "2013-2025", "hotspot_percentile": "top_10_pct", "label": ">= 5 estati"}, "geometry": {"type": "Polygon", "coordinates": [[[11.42780836766871, 44.52011011970252], [11.427431208073482, 44.52011814089715], [11.42741999757968, 44.51984830306216], [11.42697507698439, 44.519857762366854], [11.427287002398522, 44.52035128645239], [11.427328893339505, 44.520419778237006], [11.427566198156807, 44.52080771063292], [11.42783301924578, 44.52070337708424], [11.42780836766871, 44.52011011970252]]]}}, {"type": "Feature", "properties": {"threshold": "ge_5", "source": "HistorySUHI", "period": "2013-2025", "hotspot_percentile": "top_10_pct", "label": ">= 5 estati"}, "geometry": {"type": "Polygon", "coordinates": [[[11.424481108507315, 44.521801295953175], [11.42458616233707, 44.52179906445054], [11.424491716376364, 44.52167211934502], [11.424488873860975, 44.52166820960006], [11.424474798738782, 44.52164924306102], [11.424481108507315, 44.521801295953175]]]}}, {"type": "Feature", "properties": {"threshold": "ge_5", "source": "HistorySUHI", "period": "2013-2025", "hotspot_percentile": "top_10_pct", "label": ">= 5 estati"}, "geometry": {"type": "Polygon", "coordinates": [[[11.424492306198756, 44.522071134282996], [11.424503504047197, 44.52234097259777], [11.424880678801355, 44.52233296075797], [11.424891878544681, 44.522602798982746], [11.424514702052637, 44.5226108108975], [11.42452590021508, 44.52288064918222], [11.424903078445038, 44.52287263719249], [11.424909953119016, 44.52303826111097], [11.424988015916334, 44.5230162788555], [11.425003606899551, 44.52301172544452], [11.425217838120965, 44.522947604226715], [11.425262464823588, 44.522924986956234], [11.425334858597038, 44.522888302895865], [11.425336543703885, 44.52288736683803], [11.425381123541761, 44.522767838198625], [11.425380514210579, 44.52276710393491], [11.425334852670428, 44.52272902112239], [11.424793267596046, 44.5220647413762], [11.424492306198756, 44.522071134282996]]]}}]}