{"type": "FeatureCollection", "features": [{"type": "Feature", "properties": {"threshold": "ge_9", "source": "HistorySUHI", "period": "2013-2026", "hotspot_percentile": "top_10_pct", "label": ">= 9 estati"}, "geometry": {"type": "Polygon", "coordinates": [[[11.261753023190643, 44.49192199594091], [11.262130045736718, 44.49191452558111], [11.262140483118477, 44.49218439667315], [11.2625175072542, 44.49217692499989], [11.262527946518238, 44.49244679600725], [11.264036048541435, 44.49241689659887], [11.26401515627205, 44.49187715512902], [11.264392177939936, 44.49186967730798], [11.264360835426382, 44.49106006520253], [11.265114867907469, 44.491045106249864], [11.265104417224169, 44.490775235658546], [11.264727402792692, 44.49078271568662], [11.264726659325104, 44.49076351347381], [11.264071832933858, 44.49090575916801], [11.26402761636276, 44.490906501057246], [11.264027317187702, 44.49090657000878], [11.263959783252089, 44.49092161130197], [11.263710083219534, 44.49097751773258], [11.263603981618202, 44.491001155850256], [11.263011787659206, 44.49113312642855], [11.262969254214168, 44.491142594070325], [11.26275959947422, 44.49118945821045], [11.261882949016837, 44.491395894723205], [11.261831446964605, 44.49140078626849], [11.26178185670769, 44.491391694888236], [11.26177407614351, 44.49139441478231], [11.261733181919563, 44.49140887603611], [11.261753023190643, 44.49192199594091]]]}}, {"type": "Feature", "properties": {"threshold": "ge_9", "source": "HistorySUHI", "period": "2013-2026", "hotspot_percentile": "top_10_pct", "label": ">= 9 estati"}, "geometry": {"type": "Polygon", "coordinates": [[[11.265104417224169, 44.490775235658546], [11.266235459639567, 44.490752788113404], [11.266223553544153, 44.490445480931704], [11.26592972457093, 44.49050752359798], [11.265870909157133, 44.490520016282325], [11.265100875642755, 44.49068377923487], [11.265104417224169, 44.490775235658546]]]}}, {"type": "Feature", "properties": {"threshold": "ge_9", "source": "HistorySUHI", "period": "2013-2026", "hotspot_percentile": "top_10_pct", "label": ">= 9 estati"}, "geometry": {"type": "Polygon", "coordinates": [[[11.247969046424837, 44.496515503114566], [11.248309989707137, 44.49650878769963], [11.248085752084423, 44.496471830087984], [11.2479665794791, 44.49645132401164], [11.247969046424837, 44.496515503114566]]]}}, {"type": "Feature", "properties": {"threshold": "ge_9", "source": "HistorySUHI", "period": "2013-2026", "hotspot_percentile": "top_10_pct", "label": ">= 9 estati"}, "geometry": {"type": "Polygon", "coordinates": [[[11.249110592103703, 44.49676309630074], [11.249729371061603, 44.49675090330203], [11.249216923949527, 44.496656068195776], [11.249140828010551, 44.49664269517222], [11.249105725251596, 44.49663654848294], [11.249110592103703, 44.49676309630074]]]}}, {"type": "Feature", "properties": {"threshold": "ge_9", "source": "HistorySUHI", "period": "2013-2026", "hotspot_percentile": "top_10_pct", "label": ">= 9 estati"}, "geometry": {"type": "Polygon", "coordinates": [[[11.24987508856995, 44.49701810967863], [11.250252147037221, 44.497010677861006], [11.250262531487218, 44.497280550919434], [11.251393711224893, 44.49725824779508], [11.251404101029927, 44.49752812063007], [11.252912345586896, 44.49749836543929], [11.252901948835948, 44.49722849288276], [11.253126301354925, 44.49722406494222], [11.253050209858175, 44.49721580913725], [11.252011004100543, 44.497110746205614], [11.251600376953368, 44.49707284269105], [11.251243109876064, 44.49703305719311], [11.251108944809754, 44.49701818384988], [11.251046337037486, 44.497005275333166], [11.250952415456858, 44.496985980208606], [11.250850644759513, 44.49696602053116], [11.250584411354504, 44.496921125077186], [11.250443904354585, 44.496888523839054], [11.249959398463917, 44.49679347291092], [11.24986577979498, 44.49677614753976], [11.24987508856995, 44.49701810967863]]]}}, {"type": "Feature", "properties": {"threshold": "ge_9", "source": "HistorySUHI", "period": "2013-2026", "hotspot_percentile": "top_10_pct", "label": ">= 9 estati"}, "geometry": {"type": "Polygon", "coordinates": [[[11.235773760567762, 44.50323686046219], [11.235773172632312, 44.50322148506514], [11.235719585056652, 44.50323532979143], [11.235721296826272, 44.50323788760416], [11.235773760567762, 44.50323686046219]]]}}, {"type": "Feature", "properties": {"threshold": "ge_9", "source": "HistorySUHI", "period": "2013-2026", "hotspot_percentile": "top_10_pct", "label": ">= 9 estati"}, "geometry": {"type": "Polygon", "coordinates": [[[11.270121057462067, 44.51309201816953], [11.270131539428816, 44.513361886765274], [11.270508697993098, 44.51335438592134], [11.270487730730947, 44.512814648855475], [11.270864885672628, 44.51280714690753], [11.27083343066854, 44.511997541408654], [11.269701981042305, 44.51202004288752], [11.269722940471606, 44.5125597803227], [11.269345786826822, 44.512567278467216], [11.269366743368277, 44.51310701598368], [11.270121057462067, 44.51309201816953]]]}}, {"type": "Feature", "properties": {"threshold": "ge_9", "source": "HistorySUHI", "period": "2013-2026", "hotspot_percentile": "top_10_pct", "label": ">= 9 estati"}, "geometry": {"type": "Polygon", "coordinates": [[[11.269754380717565, 44.51336938636475], [11.26976486109343, 44.51363925501592], [11.270142021542528, 44.51363175534626], [11.270131539428816, 44.513361886765274], [11.269754380717565, 44.51336938636475]]]}}, {"type": "Feature", "properties": {"threshold": "ge_9", "source": "HistorySUHI", "period": "2013-2026", "hotspot_percentile": "top_10_pct", "label": ">= 9 estati"}, "geometry": {"type": "Polygon", "coordinates": [[[11.265867200693846, 44.520198530960705], [11.26699881159489, 44.520176064240225], [11.266977871750392, 44.51963632650916], [11.267732271329999, 44.5196213427522], [11.267721798151152, 44.519351474004765], [11.268476193666555, 44.51933648540919], [11.268465717157815, 44.51906661678726], [11.269597304114018, 44.51904412476908], [11.269586822537146, 44.51877425634287], [11.269964016156973, 44.51876675658428], [11.269890637066117, 44.51687767767891], [11.26951345561397, 44.51688517694623], [11.269502975212761, 44.51661530840197], [11.26912579535181, 44.51662280635452], [11.269104838466447, 44.51608306908139], [11.268727661934797, 44.51609056564904], [11.268706709113227, 44.51555082817658], [11.268329535910812, 44.51555832335937], [11.268319061458389, 44.51528845453088], [11.267941889847142, 44.51529594839899], [11.267900000457917, 44.514216472656905], [11.268277165117283, 44.514208979069295], [11.268256217827847, 44.51366924124997], [11.266747572212726, 44.5136992075726], [11.266758038832464, 44.51396907677007], [11.266380875323856, 44.51397656530963], [11.266391340352426, 44.51424643456243], [11.26601417495917, 44.514253921927576], [11.266024638396523, 44.514523791235696], [11.265647471118612, 44.514531277426414], [11.265689319383092, 44.51561075479161], [11.265312145006451, 44.51561824001801], [11.265343527530794, 44.51642784809719], [11.264966347793186, 44.51643533228913], [11.264987266733138, 44.516975071074896], [11.26461008337255, 44.516982554162325], [11.264620541324312, 44.517252423603125], [11.26424335607889, 44.51725990551595], [11.26425381243906, 44.517529775012], [11.263876625308798, 44.5175372557502], [11.263897534992456, 44.51807699483809], [11.263520344239069, 44.51808447447165], [11.263551704649032, 44.518894083202866], [11.263174508534084, 44.518901561801705], [11.263195412730155, 44.5194413010221], [11.262818212991867, 44.51944877851619], [11.262849565169804, 44.5202583874461], [11.262472360069607, 44.52026586390537], [11.262493258777232, 44.52080560325818], [11.262116050053478, 44.52081307861258], [11.262126497888513, 44.52108294833683], [11.261749287279702, 44.5210904225164], [11.261759733522654, 44.521360292295846], [11.262136945870049, 44.521352818046324], [11.262147393998088, 44.521622687741086], [11.262901821730555, 44.521607735367716], [11.262891370125308, 44.521337865812875], [11.264777428198386, 44.52130046344513], [11.264766968046832, 44.52103059422557], [11.265521386772397, 44.52101562470492], [11.265510923290435, 44.52074575561071], [11.265888130694616, 44.52073826905327], [11.265867200693846, 44.520198530960705]]]}}, {"type": "Feature", "properties": {"threshold": "ge_9", "source": "HistorySUHI", "period": "2013-2026", "hotspot_percentile": "top_10_pct", "label": ">= 9 estati"}, "geometry": {"type": "Polygon", "coordinates": [[[11.270844254163451, 44.52199017094628], [11.270854742719996, 44.52226003898479], [11.27010031072088, 44.52227504406138], [11.270110795947197, 44.522544912225534], [11.269733577988438, 44.522552412966775], [11.269754545404773, 44.523092149391225], [11.271640651114911, 44.52305463253441], [11.271630158639757, 44.52278476468066], [11.27200737760181, 44.52277725764496], [11.271996883535115, 44.5225073898467], [11.272374100611355, 44.52249988163643], [11.27236360495317, 44.52223001389367], [11.27198638961557, 44.522237522033684], [11.271975895843168, 44.521967654205895], [11.270844254163451, 44.52199017094628]]]}}, {"type": "Feature", "properties": {"threshold": "ge_9", "source": "HistorySUHI", "period": "2013-2026", "hotspot_percentile": "top_10_pct", "label": ">= 9 estati"}, "geometry": {"type": "Polygon", "coordinates": [[[11.244134241649434, 44.52440890757949], [11.244144607774954, 44.52467878047143], [11.244521846107832, 44.5246713639661], [11.24453221411771, 44.524941236773905], [11.245286693825259, 44.52492639988941], [11.245276322337403, 44.52465652722046], [11.24565356023405, 44.52464910698015], [11.24564318715267, 44.52437923436592], [11.245265950994986, 44.5243866545368], [11.245255579798, 44.52411678183841], [11.243746640668949, 44.5241464497944], [11.243757004910165, 44.52441632277042], [11.244134241649434, 44.52440890757949]]]}}, {"type": "Feature", "properties": {"threshold": "ge_9", "source": "HistorySUHI", "period": "2013-2026", "hotspot_percentile": "top_10_pct", "label": ">= 9 estati"}, "geometry": {"type": "Polygon", "coordinates": [[[11.246041172951058, 44.52491155802488], [11.246030797985236, 44.52464168549483], [11.24565356023405, 44.52464910698015], [11.245663933460888, 44.52491897957965], [11.246041172951058, 44.52491155802488]]]}}, {"type": "Feature", "properties": {"threshold": "ge_9", "source": "HistorySUHI", "period": "2013-2026", "hotspot_percentile": "top_10_pct", "label": ">= 9 estati"}, "geometry": {"type": "Polygon", "coordinates": [[[11.245286693825259, 44.52492639988941], [11.245297065458548, 44.52519627254365], [11.245674306833187, 44.52518885216445], [11.245663933460888, 44.52491897957965], [11.245286693825259, 44.52492639988941]]]}}, {"type": "Feature", "properties": {"threshold": "ge_9", "source": "HistorySUHI", "period": "2013-2026", "hotspot_percentile": "top_10_pct", "label": ">= 9 estati"}, "geometry": {"type": "Polygon", "coordinates": [[[11.275538981336473, 44.52621791011288], [11.275549493114433, 44.5264877770716], [11.275172251134054, 44.52649529629594], [11.27518276132041, 44.52676516331026], [11.274428273439515, 44.526780198164644], [11.274438780295181, 44.527050065304884], [11.273684288346873, 44.52706509531986], [11.273694791871744, 44.52733496258601], [11.273317543937578, 44.52734247579626], [11.273349050178592, 44.528152077716996], [11.273726303330111, 44.5281445642958], [11.273736807444159, 44.52841443150288], [11.276000333694128, 44.528369324407095], [11.275989819145135, 44.528099457622154], [11.276744323237523, 44.528084412103695], [11.276733805357729, 44.52781454544479], [11.277111055443578, 44.527807020888375], [11.277058459561665, 44.526457687724246], [11.276681218171047, 44.52646521192859], [11.276670701176153, 44.526195345181044], [11.275538981336473, 44.52621791011288]]]}}, {"type": "Feature", "properties": {"threshold": "ge_9", "source": "HistorySUHI", "period": "2013-2026", "hotspot_percentile": "top_10_pct", "label": ">= 9 estati"}, "geometry": {"type": "Polygon", "coordinates": [[[11.275843882752461, 44.53404404591965], [11.276221173286782, 44.53403652347948], [11.276210655640902, 44.533766657004676], [11.275833366846246, 44.533774179374454], [11.275843882752461, 44.53404404591965]]]}}, {"type": "Feature", "properties": {"threshold": "ge_9", "source": "HistorySUHI", "period": "2013-2026", "hotspot_percentile": "top_10_pct", "label": ">= 9 estati"}, "geometry": {"type": "Polygon", "coordinates": [[[11.270614259758737, 44.53549856674849], [11.27059327533314, 44.53495883182232], [11.270970573149118, 44.53495132660612], [11.270960079417259, 44.53468145919111], [11.272091966762813, 44.53465893628101], [11.27207096930221, 44.53411920182828], [11.272448261310174, 44.53411169184142], [11.272406261197109, 44.53303222303992], [11.272783546099223, 44.53302471208888], [11.272731040573188, 44.531675376106264], [11.272353764368766, 44.53168288670587], [11.272332766668075, 44.53114315206891], [11.271955493795334, 44.53115066128275], [11.27192400356668, 44.53034105900577], [11.271546735764929, 44.53034856676361], [11.271536241055788, 44.530078699238175], [11.27191350711819, 44.53007119155059], [11.271903010816894, 44.52980132408064], [11.27228027499278, 44.52979381521817], [11.272259279353186, 44.52925408037452], [11.271504757811368, 44.52926909657327], [11.271494263690888, 44.52899922898879], [11.271117004438478, 44.52900673515022], [11.271106512204387, 44.528736867480745], [11.270729254544076, 44.52874437232682], [11.270718764196323, 44.52847450457233], [11.270341508128114, 44.5284820081031], [11.270331019666655, 44.528212140263626], [11.269953765190555, 44.52821964247908], [11.269964251912828, 44.52848951038875], [11.267700711533763, 44.52853449795555], [11.26771118796776, 44.52880436627147], [11.266956669854068, 44.52881935230648], [11.266967142956467, 44.52908922074786], [11.266589881940051, 44.529096711967796], [11.26666318559375, 44.53098579113526], [11.267040458785665, 44.53097829942459], [11.267050933063066, 44.53124816774797], [11.26742820784755, 44.53124067472198], [11.267438684011314, 44.53151054296047], [11.267815960388361, 44.531503048619115], [11.267826438438536, 44.53177291677271], [11.268203716408141, 44.53176542111596], [11.268224676428384, 44.53230515723864], [11.268601957730082, 44.532297660196335], [11.268631185850765, 44.53305015447142], [11.269056507779228, 44.532499250630394], [11.269086739650078, 44.53254559796996], [11.2690918219086, 44.532553311155866], [11.26917758980799, 44.53244856319944], [11.269466804753472, 44.532872397144835], [11.269847871927547, 44.53346743283226], [11.270117709504085, 44.53388174755583], [11.270493759363658, 44.53447039893323], [11.270501413019453, 44.534482733228096], [11.270501440270737, 44.534482786701325], [11.270714396801615, 44.534826192951215], [11.270707129049052, 44.53487558140581], [11.27066155466095, 44.53492383228625], [11.270562689930985, 44.53495493097451], [11.270562392988918, 44.53495506291627], [11.270231529621624, 44.535105125805515], [11.270225502922964, 44.53514209305072], [11.27025830729711, 44.535205988863275], [11.27033493632111, 44.535308705277394], [11.27047829858819, 44.535501270641916], [11.270614259758737, 44.53549856674849]], [[11.268947788637776, 44.53148055812362], [11.268570512701615, 44.531488056200686], [11.268560031319437, 44.53121818817262], [11.26893730551613, 44.53121069016573], [11.268947788637776, 44.53148055812362]], [[11.268926822541493, 44.530940822193074], [11.269304094851739, 44.530933323011126], [11.269314579565817, 44.53120319091361], [11.26893730551613, 44.53121069016573], [11.268926822541493, 44.530940822193074]], [[11.269670880708494, 44.53065595473696], [11.270048150985245, 44.5306484531348], [11.270069127224064, 44.531188188673724], [11.269691853468467, 44.531195690416276], [11.269670880708494, 44.53065595473696]]]}}, {"type": "Feature", "properties": {"threshold": "ge_9", "source": "HistorySUHI", "period": "2013-2026", "hotspot_percentile": "top_10_pct", "label": ">= 9 estati"}, "geometry": {"type": "Polygon", "coordinates": [[[11.268256117561023, 44.53311476131196], [11.26826659823252, 44.53338462930689], [11.267889309825431, 44.53339212538451], [11.26791026813001, 44.53393186147041], [11.267532976096604, 44.533939356442986], [11.267543453729614, 44.53420922453393], [11.267739321725875, 44.53420533356328], [11.268387857603637, 44.53336534113326], [11.26841183518148, 44.533334265033936], [11.268497694456679, 44.53322306096136], [11.26858637321172, 44.533108198633556], [11.268256117561023, 44.53311476131196]]]}}, {"type": "Feature", "properties": {"threshold": "ge_9", "source": "HistorySUHI", "period": "2013-2026", "hotspot_percentile": "top_10_pct", "label": ">= 9 estati"}, "geometry": {"type": "Polygon", "coordinates": [[[11.2628791271677, 44.54051352973074], [11.262881668364015, 44.54057910193018], [11.262890370136622, 44.540565558634505], [11.2629243721916, 44.5405126327742], [11.2628791271677, 44.54051352973074]]]}}, {"type": "Feature", "properties": {"threshold": "ge_9", "source": "HistorySUHI", "period": "2013-2026", "hotspot_percentile": "top_10_pct", "label": ">= 9 estati"}, "geometry": {"type": "Polygon", "coordinates": [[[11.262512248114366, 44.5407908776658], [11.262521360605461, 44.5410260492926], [11.262707140316547, 44.54080578617531], [11.2627232414464, 44.54078669552283], [11.262512248114366, 44.5407908776658]]]}}, {"type": "Feature", "properties": {"threshold": "ge_9", "source": "HistorySUHI", "period": "2013-2026", "hotspot_percentile": "top_10_pct", "label": ">= 9 estati"}, "geometry": {"type": "Polygon", "coordinates": [[[11.26214536558033, 44.54106822448043], [11.262160316170432, 44.54145410880606], [11.262491575200636, 44.54106136330013], [11.26214536558033, 44.54106822448043]]]}}, {"type": "Feature", "properties": {"threshold": "ge_9", "source": "HistorySUHI", "period": "2013-2026", "hotspot_percentile": "top_10_pct", "label": ">= 9 estati"}, "geometry": {"type": "Polygon", "coordinates": [[[11.252079483082495, 44.554230883471504], [11.252093756309266, 44.55460077277519], [11.252105620087045, 44.55458650839544], [11.25216113674027, 44.55451974878414], [11.252376781658736, 44.55422501732651], [11.252079483082495, 44.554230883471504]]]}}, {"type": "Feature", "properties": {"threshold": "ge_9", "source": "HistorySUHI", "period": "2013-2026", "hotspot_percentile": "top_10_pct", "label": ">= 9 estati"}, "geometry": {"type": "Polygon", "coordinates": [[[11.251722879707694, 44.55477806893859], [11.251732783646535, 44.55503476433335], [11.251876572115883, 44.5548619035775], [11.251950024663167, 44.55477358811446], [11.251722879707694, 44.55477806893859]]]}}, {"type": "Feature", "properties": {"threshold": "ge_9", "source": "HistorySUHI", "period": "2013-2026", "hotspot_percentile": "top_10_pct", "label": ">= 9 estati"}, "geometry": {"type": "Polygon", "coordinates": [[[11.286949900546722, 44.48979953340407], [11.28691824824912, 44.48898993369269], [11.286541251032222, 44.48899748548733], [11.286572898123046, 44.489807085410725], [11.286949900546722, 44.48979953340407]]]}}, {"type": "Feature", "properties": {"threshold": "ge_9", "source": "HistorySUHI", "period": "2013-2026", "hotspot_percentile": "top_10_pct", "label": ">= 9 estati"}, "geometry": {"type": "Polygon", "coordinates": [[[11.308911658183273, 44.49178815089233], [11.30892231125162, 44.49205801318081], [11.308545300089774, 44.49206563801514], [11.308587906913347, 44.4931450873062], [11.308964925018293, 44.49313746218645], [11.308975578833294, 44.49340732440081], [11.309729618066816, 44.49339207028814], [11.309708303642877, 44.49285234613011], [11.31008531956394, 44.49284471735134], [11.31006400226599, 44.49230499327678], [11.309686989816461, 44.492312621912774], [11.309655020197155, 44.49150303547559], [11.309278012805375, 44.49151066265402], [11.309288667460088, 44.49178052488595], [11.308911658183273, 44.49178815089233]]]}}, {"type": "Feature", "properties": {"threshold": "ge_9", "source": "HistorySUHI", "period": "2013-2026", "hotspot_percentile": "top_10_pct", "label": ">= 9 estati"}, "geometry": {"type": "Polygon", "coordinates": [[[11.280698678068534, 44.493975762976], [11.280709201836434, 44.49424563049516], [11.280332169128451, 44.49425316249176], [11.280342691307794, 44.494523030066645], [11.281473794197371, 44.49450043013452], [11.281452739569831, 44.49396069539299], [11.280698678068534, 44.493975762976]]]}}, {"type": "Feature", "properties": {"threshold": "ge_9", "source": "HistorySUHI", "period": "2013-2026", "hotspot_percentile": "top_10_pct", "label": ">= 9 estati"}, "geometry": {"type": "Polygon", "coordinates": [[[11.282227862052608, 44.49448535729509], [11.282217331192927, 44.494215490072776], [11.281840299075167, 44.494223027043766], [11.281850828198786, 44.49449289433661], [11.282227862052608, 44.49448535729509]]]}}, {"type": "Feature", "properties": {"threshold": "ge_9", "source": "HistorySUHI", "period": "2013-2026", "hotspot_percentile": "top_10_pct", "label": ">= 9 estati"}, "geometry": {"type": "Polygon", "coordinates": [[[11.284176269449315, 44.49606685434002], [11.284165729022877, 44.49579698755923], [11.283788687226782, 44.4958045311717], [11.283799225917022, 44.49607439802309], [11.284176269449315, 44.49606685434002]]]}}, {"type": "Feature", "properties": {"threshold": "ge_9", "source": "HistorySUHI", "period": "2013-2026", "hotspot_percentile": "top_10_pct", "label": ">= 9 estati"}, "geometry": {"type": "Polygon", "coordinates": [[[11.285768826393133, 44.49819559862529], [11.285758277839049, 44.49792573224527], [11.285381222743945, 44.497933281397486], [11.285360129552071, 44.49739354845179], [11.284983077781815, 44.49740109621901], [11.285004167500999, 44.49794082930597], [11.284627112110227, 44.497948375970715], [11.284637655455166, 44.498218242562636], [11.285768826393133, 44.49819559862529]]]}}, {"type": "Feature", "properties": {"threshold": "ge_9", "source": "HistorySUHI", "period": "2013-2026", "hotspot_percentile": "top_10_pct", "label": ">= 9 estati"}, "geometry": {"type": "Polygon", "coordinates": [[[11.313670619935827, 44.49763350481367], [11.313724007376914, 44.498982810190476], [11.314101061731856, 44.498975167332354], [11.31411174140545, 44.4992450282917], [11.314488797347018, 44.499237384118345], [11.314478115937092, 44.49896752323053], [11.315232223898345, 44.49895223129573], [11.31522153916554, 44.498682370536194], [11.315598591185207, 44.498674722774815], [11.315566532676685, 44.49786514062189], [11.314058344534535, 44.49789572334665], [11.314047665609454, 44.49762586231315], [11.313670619935827, 44.49763350481367]]]}}, {"type": "Feature", "properties": {"threshold": "ge_9", "source": "HistorySUHI", "period": "2013-2026", "hotspot_percentile": "top_10_pct", "label": ">= 9 estati"}, "geometry": {"type": "Polygon", "coordinates": [[[11.325024842928206, 44.49848312454344], [11.325014113202792, 44.498213265633616], [11.324637066671665, 44.49822094441507], [11.324626338832847, 44.49795108541854], [11.32500338362778, 44.497943406708956], [11.324992654203177, 44.497673547769416], [11.324615611144406, 44.49768122640717], [11.324604883606343, 44.49741136738091], [11.324227842133336, 44.497419044703186], [11.324238567935257, 44.49768890380127], [11.323861524575756, 44.49769657995175], [11.323872248791858, 44.49796643910682], [11.323495203545855, 44.49797411408549], [11.32350592617609, 44.49824397329751], [11.323882973158291, 44.49823629824703], [11.323893697675055, 44.4985061573724], [11.323516648956636, 44.49851383249472], [11.323538094968663, 44.49905355084455], [11.323161042627408, 44.499061224866836], [11.323193207563866, 44.49987080249567], [11.323570265114085, 44.49986312825794], [11.323580988796538, 44.50013298736604], [11.32320392950995, 44.50014066167558], [11.323214651606335, 44.500410520840646], [11.323591712629316, 44.50040284645929], [11.323602436612425, 44.50067270553768], [11.325110686146457, 44.500641995287396], [11.325099955217702, 44.500372136496395], [11.325477015488792, 44.50036445589631], [11.32546628297408, 44.50009459716231], [11.325089224439372, 44.50010227769051], [11.325035572804032, 44.498752983438415], [11.324658522800451, 44.498760662363594], [11.324647794660866, 44.49849080339676], [11.325024842928206, 44.49848312454344]], [[11.324292199200196, 44.49903819906893], [11.324669251090425, 44.499030521315575], [11.324679979530787, 44.4993003802527], [11.324302925904268, 44.499308058077894], [11.324292199200196, 44.49903819906893]]]}}, {"type": "Feature", "properties": {"threshold": "ge_9", "source": "HistorySUHI", "period": "2013-2026", "hotspot_percentile": "top_10_pct", "label": ">= 9 estati"}, "geometry": {"type": "Polygon", "coordinates": [[[11.3076911173575, 44.4991049267748], [11.307701767513032, 44.49937478894846], [11.307324708880406, 44.499382410734626], [11.307335357448832, 44.49965227296479], [11.306958296930528, 44.49965989357853], [11.306968943911796, 44.499929755865196], [11.30659188150781, 44.49993737530649], [11.306623818137702, 44.500746962291444], [11.30775502053019, 44.500724099594414], [11.307765671581539, 44.50099396167914], [11.308142740483637, 44.50098633822118], [11.308132087695766, 44.50071647620779], [11.308886221578893, 44.50070122570317], [11.308875565467366, 44.50043136381767], [11.309252630448379, 44.50042373677103], [11.309210000550323, 44.499344289366334], [11.30883294251503, 44.499351916127466], [11.308822287150376, 44.499082054167864], [11.3076911173575, 44.4991049267748]]]}}, {"type": "Feature", "properties": {"threshold": "ge_9", "source": "HistorySUHI", "period": "2013-2026", "hotspot_percentile": "top_10_pct", "label": ">= 9 estati"}, "geometry": {"type": "Polygon", "coordinates": [[[11.29078684391285, 44.50106586463691], [11.289278546989143, 44.50109612185514], [11.289299679054569, 44.50163585297276], [11.28967675698105, 44.50162829039245], [11.289697893112383, 44.50216802130935], [11.290829136423055, 44.50214532568033], [11.29078684391285, 44.50106586463691]]]}}, {"type": "Feature", "properties": {"threshold": "ge_9", "source": "HistorySUHI", "period": "2013-2026", "hotspot_percentile": "top_10_pct", "label": ">= 9 estati"}, "geometry": {"type": "Polygon", "coordinates": [[[11.313108677929876, 44.50250628627923], [11.313485755158492, 44.502498644978985], [11.313475077161474, 44.50222878405457], [11.313852152503769, 44.502221141581984], [11.313841472919835, 44.50195128071427], [11.313087325558774, 44.50196656427257], [11.313108677929876, 44.50250628627923]]]}}, {"type": "Feature", "properties": {"threshold": "ge_9", "source": "HistorySUHI", "period": "2013-2026", "hotspot_percentile": "top_10_pct", "label": ">= 9 estati"}, "geometry": {"type": "Polygon", "coordinates": [[[11.313862832237414, 44.502491002434866], [11.314239909166623, 44.50248335864689], [11.31422922769635, 44.502213497865554], [11.313852152503769, 44.502221141581984], [11.313862832237414, 44.502491002434866]]]}}, {"type": "Feature", "properties": {"threshold": "ge_9", "source": "HistorySUHI", "period": "2013-2026", "hotspot_percentile": "top_10_pct", "label": ">= 9 estati"}, "geometry": {"type": "Polygon", "coordinates": [[[11.30555646043259, 44.50238898864713], [11.305567101959788, 44.50265885107074], [11.305944182177129, 44.50265123464805], [11.305954825590213, 44.502921096985574], [11.306331907395055, 44.50291347924771], [11.306310617244707, 44.50237375470041], [11.30555646043259, 44.50238898864713]]]}}, {"type": "Feature", "properties": {"threshold": "ge_9", "source": "HistorySUHI", "period": "2013-2026", "hotspot_percentile": "top_10_pct", "label": ">= 9 estati"}, "geometry": {"type": "Polygon", "coordinates": [[[11.296915419447481, 44.50337341355114], [11.296904817567455, 44.50310354952099], [11.297281902946587, 44.50309596163712], [11.2972606961589, 44.50255623367446], [11.297637777915881, 44.50254864468871], [11.297627173008289, 44.50227878075618], [11.297250092988026, 44.50228636967092], [11.297239489965792, 44.50201650565257], [11.29648533295275, 44.50203167960837], [11.296474733552497, 44.50176181543323], [11.295720579418441, 44.501776984271515], [11.295709983640077, 44.5015071199396], [11.295332908086882, 44.50151470242197], [11.295322314193685, 44.501244838004304], [11.29494524022861, 44.50125241917186], [11.294955832385176, 44.501522283660464], [11.29420168053632, 44.501537442405855], [11.294222858348228, 44.502077171622396], [11.293845778727775, 44.50208474927109], [11.293888129185948, 44.50316420781023], [11.293511042470067, 44.50317178449866], [11.293574562189054, 44.50479097228887], [11.293951659326178, 44.50478339517502], [11.293962248202428, 44.50505325968402], [11.295093543933888, 44.505030520665585], [11.295082949846776, 44.50476065636937], [11.29546004638997, 44.50475307427946], [11.295449450714452, 44.5044832100394], [11.296203639881346, 44.50446804226951], [11.296182442028396, 44.5039283140289], [11.29655953291521, 44.50392072841993], [11.296538332182932, 44.50338100026207], [11.296915419447481, 44.50337341355114]]]}}, {"type": "Feature", "properties": {"threshold": "ge_9", "source": "HistorySUHI", "period": "2013-2026", "hotspot_percentile": "top_10_pct", "label": ">= 9 estati"}, "geometry": {"type": "Polygon", "coordinates": [[[11.307107368251248, 44.50343796424307], [11.307096719329492, 44.503168102149075], [11.306719636086415, 44.50317572244606], [11.306730283271422, 44.50344558461136], [11.307107368251248, 44.50343796424307]]]}}, {"type": "Feature", "properties": {"threshold": "ge_9", "source": "HistorySUHI", "period": "2013-2026", "hotspot_percentile": "top_10_pct", "label": ">= 9 estati"}, "geometry": {"type": "Polygon", "coordinates": [[[11.30977894306219, 44.50419417152977], [11.30972563692026, 44.50284486363149], [11.309348556459383, 44.50285249256441], [11.309337897416043, 44.5025826308689], [11.308583739519408, 44.50259788486033], [11.308605050808724, 44.50313760852206], [11.307850885367772, 44.50315285782338], [11.307893495844777, 44.504232305539766], [11.308270585587042, 44.50422468122566], [11.308302550223468, 44.50503426664328], [11.307925455270617, 44.50504189117142], [11.30793610871126, 44.505311753019015], [11.308313205401022, 44.50530412841951], [11.308323860727953, 44.505573990180906], [11.308700959005273, 44.505566364266045], [11.30871161621854, 44.50583622594126], [11.30908871608341, 44.50582859871101], [11.309078057133188, 44.50555873710717], [11.309455155111676, 44.505551108704296], [11.309423173946858, 44.504741524017994], [11.309046081179082, 44.504749152206706], [11.309035422826552, 44.50447929054357], [11.309412513857476, 44.50447166242624], [11.309401853917539, 44.504201800819665], [11.30977894306219, 44.50419417152977]]]}}, {"type": "Feature", "properties": {"threshold": "ge_9", "source": "HistorySUHI", "period": "2013-2026", "hotspot_percentile": "top_10_pct", "label": ">= 9 estati"}, "geometry": {"type": "Polygon", "coordinates": [[[11.315036803847793, 44.503547509744045], [11.314659720271354, 44.50355515630597], [11.314670404227101, 44.50382501694162], [11.314293318764143, 44.50383266233116], [11.314336049137696, 44.50491210501158], [11.313958956577745, 44.50491974944337], [11.313980319189323, 44.50545947083765], [11.314357415223038, 44.505451826262785], [11.31436809849036, 44.505721686866146], [11.314745196111224, 44.50571404097576], [11.314755881265258, 44.50598390149272], [11.315887178439793, 44.505960956142836], [11.315876488074952, 44.50569109584058], [11.316253585096492, 44.50568344497421], [11.316221509690516, 44.504873864193236], [11.315844417879623, 44.50488151484481], [11.31574821538581, 44.50245277105642], [11.314994062575794, 44.50246806733938], [11.315036803847793, 44.503547509744045]]]}}, {"type": "Feature", "properties": {"threshold": "ge_9", "source": "HistorySUHI", "period": "2013-2026", "hotspot_percentile": "top_10_pct", "label": ">= 9 estati"}, "geometry": {"type": "Polygon", "coordinates": [[[11.29774383516897, 44.50524728319966], [11.297754441712053, 44.50551714696933], [11.299262843674626, 44.505486775460945], [11.299273457314406, 44.505756638931594], [11.299650559170122, 44.50574904287333], [11.299629328565393, 44.50520931605941], [11.29774383516897, 44.50524728319966]]]}}, {"type": "Feature", "properties": {"threshold": "ge_9", "source": "HistorySUHI", "period": "2013-2026", "hotspot_percentile": "top_10_pct", "label": ">= 9 estati"}, "geometry": {"type": "Polygon", "coordinates": [[[11.306061267927923, 44.50561971954583], [11.306071912982437, 44.50588958172035], [11.306826114653582, 44.50587434343217], [11.306815466125126, 44.50560448140025], [11.307192564999816, 44.50559686046143], [11.307171264916889, 44.50505713649576], [11.306039978266595, 44.50507999515233], [11.306050623022642, 44.50534985735649], [11.30567352543713, 44.50535747449198], [11.30568416860546, 44.505627336752596], [11.306061267927923, 44.50561971954583]]]}}, {"type": "Feature", "properties": {"threshold": "ge_9", "source": "HistorySUHI", "period": "2013-2026", "hotspot_percentile": "top_10_pct", "label": ">= 9 estati"}, "geometry": {"type": "Polygon", "coordinates": [[[11.312482608139966, 44.50575989765809], [11.312493282872316, 44.506029758604186], [11.311739082210531, 44.506045034355864], [11.311760425176212, 44.50658475648949], [11.311383321146907, 44.506592392642226], [11.311393991117123, 44.50686225375825], [11.312525307967286, 44.506839341353505], [11.312514632785971, 44.5065694804519], [11.312891736366382, 44.506561840567045], [11.312881059597723, 44.5062919797221], [11.313258161291449, 44.5062843386647], [11.313247482935497, 44.50601447787642], [11.313624582742547, 44.50600683564652], [11.313613902799345, 44.505736974914925], [11.312482608139966, 44.50575989765809]]]}}, {"type": "Feature", "properties": {"threshold": "ge_9", "source": "HistorySUHI", "period": "2013-2026", "hotspot_percentile": "top_10_pct", "label": ">= 9 estati"}, "geometry": {"type": "Polygon", "coordinates": [[[11.311016885201198, 44.50686988873837], [11.31102755358394, 44.507139749911026], [11.311404661236928, 44.507132114859445], [11.311393991117123, 44.50686225375825], [11.311016885201198, 44.50686988873837]]]}}, {"type": "Feature", "properties": {"threshold": "ge_9", "source": "HistorySUHI", "period": "2013-2026", "hotspot_percentile": "top_10_pct", "label": ">= 9 estati"}, "geometry": {"type": "Polygon", "coordinates": [[[11.307633577979574, 44.507208409391914], [11.307622925230495, 44.506938547576745], [11.30573738668529, 44.50697664783344], [11.30576931932383, 44.507786234304106], [11.306146432542775, 44.50777861652707], [11.30617837173596, 44.508588202650515], [11.309949547827836, 44.50851195431357], [11.309938883908808, 44.508242093000774], [11.310315998958933, 44.50823446139574], [11.310284002887427, 44.50742487758265], [11.309906893048726, 44.50743250897343], [11.309885566556147, 44.50689278621441], [11.308754246565695, 44.506915672493875], [11.308764904526017, 44.50718553409498], [11.307633577979574, 44.507208409391914]]]}}, {"type": "Feature", "properties": {"threshold": "ge_9", "source": "HistorySUHI", "period": "2013-2026", "hotspot_percentile": "top_10_pct", "label": ">= 9 estati"}, "geometry": {"type": "Polygon", "coordinates": [[[11.29639444730635, 44.509325593770804], [11.296405049130744, 44.50959545760247], [11.29678217649689, 44.50958787050263], [11.296792780207296, 44.509857734248484], [11.297169909162161, 44.509850145833425], [11.297148698415281, 44.50931041846891], [11.29639444730635, 44.509325593770804]]]}}, {"type": "Feature", "properties": {"threshold": "ge_9", "source": "HistorySUHI", "period": "2013-2026", "hotspot_percentile": "top_10_pct", "label": ">= 9 estati"}, "geometry": {"type": "Polygon", "coordinates": [[[11.299453911958512, 44.510344315666984], [11.299831043346838, 44.51033671840019], [11.299841661402763, 44.5106065815332], [11.300218794379653, 44.51059898295105], [11.3002081745863, 44.51032911988915], [11.300585305676874, 44.51032152013387], [11.300574684295006, 44.51005165712829], [11.300197554941832, 44.51005925681244], [11.300186935446252, 44.50978939372092], [11.299432679768037, 44.50980458921435], [11.299453911958512, 44.510344315666984]]]}}, {"type": "Feature", "properties": {"threshold": "ge_9", "source": "HistorySUHI", "period": "2013-2026", "hotspot_percentile": "top_10_pct", "label": ">= 9 estati"}, "geometry": {"type": "Polygon", "coordinates": [[[11.288569868191676, 44.51191342131108], [11.28854873529091, 44.51137369089292], [11.287794453031765, 44.511388809951185], [11.287783890278707, 44.511118944578435], [11.287406750664545, 44.51112650217037], [11.287385629077749, 44.510586771239055], [11.28625421977213, 44.510609436124824], [11.286275330933755, 44.51114916748036], [11.28589819072747, 44.51115672009507], [11.285972072291564, 44.51304577986846], [11.28634922466135, 44.513038226758965], [11.286338667970538, 44.51276836119211], [11.287092968790628, 44.512753251381376], [11.287082408772449, 44.51248338594111], [11.287836705524944, 44.512468271294324], [11.287826142179501, 44.512198405980726], [11.288203288595952, 44.51219084686152], [11.288192723660977, 44.51192098160388], [11.288569868191676, 44.51191342131108]]]}}, {"type": "Feature", "properties": {"threshold": "ge_9", "source": "HistorySUHI", "period": "2013-2026", "hotspot_percentile": "top_10_pct", "label": ">= 9 estati"}, "geometry": {"type": "Polygon", "coordinates": [[[11.285302184255272, 44.51521980805313], [11.28524942242866, 44.51387047960221], [11.28487226440167, 44.51387802919046], [11.28488281473327, 44.514147894980866], [11.284128494759901, 44.51416299056535], [11.28413904176373, 44.51443285648224], [11.283761879817368, 44.51444040247842], [11.283740789433272, 44.51390067048863], [11.283363630814744, 44.51390821509916], [11.283353087582276, 44.51363834901149], [11.283730244462998, 44.513630804471575], [11.283709154965983, 44.51309107239309], [11.283332001560803, 44.513098616791794], [11.283289831291633, 44.51201915217507], [11.282912684689434, 44.51202669504702], [11.28289160391695, 44.51148696250879], [11.281005886066065, 44.511524657497716], [11.280984823260548, 44.51098492419486], [11.280607682722493, 44.51099245931861], [11.280586623982666, 44.51045272581561], [11.279832349413901, 44.51046779204816], [11.279821823740445, 44.510197925133504], [11.279444687972205, 44.51020545631285], [11.279455211908147, 44.51047532329799], [11.278700936454019, 44.51049038206475], [11.278721977818321, 44.511030116272536], [11.278344836394878, 44.51103764393036], [11.278365874873982, 44.51157737821995], [11.278743019772644, 44.511569850421225], [11.278753540971069, 44.51183971747343], [11.279130687459862, 44.5118321883599], [11.279141210543466, 44.51210205532686], [11.281026949462206, 44.51206439074146], [11.281037481381764, 44.51233425734117], [11.281414630460302, 44.51232672062047], [11.281435698217837, 44.5128664536345], [11.28181285062411, 44.51285891552835], [11.28182338646216, 44.51312878194265], [11.281446232318142, 44.51313632011935], [11.281467300961834, 44.51367605304471], [11.281090143194552, 44.51368359011808], [11.281100676000127, 44.51395345662912], [11.280723516347342, 44.513960992528574], [11.280734047562744, 44.51423085909537], [11.279979724338535, 44.51424592730194], [11.279990252225838, 44.51451579399497], [11.27961308865443, 44.514523326302054], [11.27964466798823, 44.51533292650397], [11.279267499055441, 44.51534045777802], [11.279288549206619, 44.51588019131305], [11.280042893876569, 44.5158651272385], [11.280032365251188, 44.51559526061934], [11.280786705854652, 44.51558019170769], [11.280797237956028, 44.51585005818583], [11.284568949489172, 44.51577463825115], [11.284558400007962, 44.5155047724788], [11.284935568610178, 44.51549722371113], [11.284925017538933, 44.51522735799465], [11.285302184255272, 44.51521980805313]]]}}, {"type": "Feature", "properties": {"threshold": "ge_9", "source": "HistorySUHI", "period": "2013-2026", "hotspot_percentile": "top_10_pct", "label": ">= 9 estati"}, "geometry": {"type": "Polygon", "coordinates": [[[11.298439247251332, 44.51333559677819], [11.298449859994111, 44.51360546003265], [11.29882701267975, 44.51359786564579], [11.298805783867596, 44.5130581392642], [11.298428634657347, 44.51306573350893], [11.298407409915749, 44.51252600692599], [11.298030264032002, 44.51253359978424], [11.298040874590772, 44.512803463154164], [11.297663726820625, 44.512811054839126], [11.29768494490911, 44.51335078167666], [11.298439247251332, 44.51333559677819]]]}}, {"type": "Feature", "properties": {"threshold": "ge_9", "source": "HistorySUHI", "period": "2013-2026", "hotspot_percentile": "top_10_pct", "label": ">= 9 estati"}, "geometry": {"type": "Polygon", "coordinates": [[[11.321121626393182, 44.514227030041745], [11.321110908791484, 44.513957171131366], [11.32148805771766, 44.51394950186866], [11.32146661948982, 44.513409784146916], [11.321843764790486, 44.51340211378342], [11.321833044164414, 44.51313225497205], [11.32070161302433, 44.513155262114275], [11.320744475579088, 44.514234698131865], [11.321121626393182, 44.514227030041745]]]}}, {"type": "Feature", "properties": {"threshold": "ge_9", "source": "HistorySUHI", "period": "2013-2026", "hotspot_percentile": "top_10_pct", "label": ">= 9 estati"}, "geometry": {"type": "Polygon", "coordinates": [[[11.318470862102252, 44.514010821128785], [11.31848156754032, 44.514280680541205], [11.318858719255495, 44.51427301991721], [11.318869426581351, 44.5145428792431], [11.319246579884096, 44.51453521730304], [11.319257289097791, 44.5148050765424], [11.320765907757902, 44.51477441605159], [11.320755191593374, 44.51450455709915], [11.320378038891358, 44.51451222401666], [11.32034589651219, 44.51370264685504], [11.319968748872933, 44.51371031231299], [11.31995803678458, 44.513440453157706], [11.31807230502406, 44.51347876142401], [11.318093711974655, 44.51401848043674], [11.318470862102252, 44.514010821128785]]]}}, {"type": "Feature", "properties": {"threshold": "ge_9", "source": "HistorySUHI", "period": "2013-2026", "hotspot_percentile": "top_10_pct", "label": ">= 9 estati"}, "geometry": {"type": "Polygon", "coordinates": [[[11.325032694677935, 44.517658435847956], [11.325011220958672, 44.51711871983495], [11.324634052532808, 44.51712640115917], [11.324623317636878, 44.51685654305851], [11.32386898380944, 44.51687190182982], [11.32385825253977, 44.51660204357057], [11.323481087138227, 44.5166097210177], [11.32349181667002, 44.51687957934879], [11.323114649380159, 44.516887255623296], [11.32310392158625, 44.51661739722038], [11.321972424027956, 44.516640418361725], [11.321983146608206, 44.51691027698007], [11.321605978716844, 44.51691794827674], [11.32163814214582, 44.51772752425807], [11.322015315251003, 44.51771985274604], [11.322047485246923, 44.51852942837838], [11.32242466341579, 44.51852175540645], [11.322435388786529, 44.51879161384906], [11.323189748149215, 44.518776264027956], [11.323179019302366, 44.51850640572898], [11.323556197020023, 44.51849872902345], [11.323545466585573, 44.51822887078146], [11.323922642414756, 44.518221192903255], [11.323911910392757, 44.517951334718276], [11.324289084333467, 44.5179436556674], [11.324278350723965, 44.51767379753943], [11.325032694677935, 44.517658435847956]]]}}, {"type": "Feature", "properties": {"threshold": "ge_9", "source": "HistorySUHI", "period": "2013-2026", "hotspot_percentile": "top_10_pct", "label": ">= 9 estati"}, "geometry": {"type": "Polygon", "coordinates": [[[11.301653258954756, 44.52785497810393], [11.301642626149377, 44.52758511613222], [11.301265383963585, 44.52759272168546], [11.301276015029984, 44.52786258372833], [11.301653258954756, 44.52785497810393]]]}}, {"type": "Feature", "properties": {"threshold": "ge_9", "source": "HistorySUHI", "period": "2013-2026", "hotspot_percentile": "top_10_pct", "label": ">= 9 estati"}, "geometry": {"type": "Polygon", "coordinates": [[[11.280569513416507, 44.52935843935738], [11.2805484415451, 44.528818707581884], [11.280925697111238, 44.52881117029288], [11.280915159657983, 44.52854130445352], [11.27978339773387, 44.52856391237367], [11.279793929969617, 44.52883377842461], [11.279416673960322, 44.528841311978354], [11.279437735396478, 44.529381044176915], [11.280569513416507, 44.52935843935738]]]}}, {"type": "Feature", "properties": {"threshold": "ge_9", "source": "HistorySUHI", "period": "2013-2026", "hotspot_percentile": "top_10_pct", "label": ">= 9 estati"}, "geometry": {"type": "Polygon", "coordinates": [[[11.312657370369797, 44.52925303253541], [11.312625318418533, 44.52844345305003], [11.312248073610691, 44.52845109499313], [11.312226709870188, 44.52791137511903], [11.311849468390497, 44.52791901567414], [11.311838788483858, 44.527649155643346], [11.311461548593341, 44.52765679488201], [11.31145087057537, 44.527386934764884], [11.311073632274036, 44.52739457268712], [11.311062956144685, 44.5271247124837], [11.310685719432538, 44.52713234908953], [11.31067504519176, 44.52686248879981], [11.309920574796191, 44.52687775813375], [11.310005945090278, 44.529036641179395], [11.309628695756354, 44.52904427455043], [11.309660706868485, 44.52985385566218], [11.310037961419692, 44.52984622207686], [11.310027289160235, 44.529576361792536], [11.310404541822669, 44.529568727033606], [11.310415215821244, 44.52983858724649], [11.310792470073114, 44.52983095117106], [11.310803145960508, 44.53010081129766], [11.311557657493381, 44.53008553526868], [11.31158969648891, 44.530895115130626], [11.311966957248263, 44.53088747503407], [11.311988320805913, 44.5314271947249], [11.312365584893952, 44.53141955324023], [11.312419005106111, 44.532768851850186], [11.313173550225901, 44.53275356443024], [11.313162862405084, 44.532483704880974], [11.313540133000808, 44.532476059374794], [11.313529443590529, 44.532206199882225], [11.313906712297017, 44.53219855320245], [11.313810498696666, 44.52976981774588], [11.313433245643115, 44.52977746378169], [11.31341186997016, 44.529237744485066], [11.312657370369797, 44.52925303253541]]]}}, {"type": "Feature", "properties": {"threshold": "ge_9", "source": "HistorySUHI", "period": "2013-2026", "hotspot_percentile": "top_10_pct", "label": ">= 9 estati"}, "geometry": {"type": "Polygon", "coordinates": [[[11.27649468385888, 44.54105304663991], [11.276484162377232, 44.54078318054915], [11.276861496263463, 44.54077565510327], [11.276850973189104, 44.54050578906814], [11.277228305187485, 44.54049826244708], [11.277217780520468, 44.54022839646763], [11.277595110631003, 44.540220868671426], [11.277584584371374, 44.53995100274764], [11.277961912594067, 44.53994347377629], [11.277972440593906, 44.54021333962962], [11.278349770409157, 44.540205809342226], [11.278339240669107, 44.53993594355938], [11.279848551492277, 44.53990581023599], [11.279838014939186, 44.539635944720345], [11.280215340535435, 44.53962840834611], [11.280204802389965, 44.53935854288621], [11.280582126098272, 44.53935100533694], [11.280571586360473, 44.53908113993281], [11.280948908180847, 44.53907360120856], [11.280938366850767, 44.538803735860185], [11.281315686783207, 44.53879619596096], [11.281305143860894, 44.53852633066838], [11.282437097550773, 44.53850370370936], [11.282426549556202, 44.53823383861374], [11.283935812111444, 44.538203652180535], [11.283925257304778, 44.537933787352614], [11.28467988421435, 44.53791868680442], [11.28466932607576, 44.53764882210302], [11.285801260109613, 44.53762616215176], [11.285790696899264, 44.53735629764765], [11.286168006207694, 44.53734874191036], [11.28615744140557, 44.53707887746215], [11.287666670197769, 44.537048642341546], [11.287656098584277, 44.5367787781615], [11.288410708611169, 44.536763653270185], [11.288400133666228, 44.53649378921689], [11.288777436717382, 44.5364862249739], [11.288766860180921, 44.5362163609766], [11.288389558869591, 44.536223925148796], [11.288378984221254, 44.535954061065915], [11.289133583215996, 44.5359389316177], [11.28912300523641, 44.5356690676616], [11.290254897396567, 44.53564636436148], [11.290244314346097, 44.535376500603064], [11.290998904898018, 44.53536135898456], [11.290977732283523, 44.5348216317067], [11.29135502385741, 44.534814059171154], [11.29134443603319, 44.5345441955809], [11.291721725718938, 44.53453662187091], [11.291711136303567, 44.53426675833674], [11.294352147766972, 44.53421370799486], [11.294341546322915, 44.53394384494233], [11.294718831340749, 44.53393626141189], [11.2947082283058, 44.53366639841552], [11.295462794416242, 44.53365122776078], [11.295452188050913, 44.533381364891575], [11.296961311528614, 44.5333510089231], [11.296940085328234, 44.53281128370843], [11.297694639216237, 44.532796098536956], [11.297684022860398, 44.53252623604951], [11.298438572674005, 44.53251104603933], [11.298427952988206, 44.53224118367922], [11.29918249872729, 44.53222598883044], [11.299171875711636, 44.53195612659773], [11.300303687984774, 44.53193332519905], [11.300293059900016, 44.53166346316488], [11.300670328620324, 44.531655860279464], [11.300659698945278, 44.53138599830165], [11.302168765378353, 44.531355574593114], [11.302158128895174, 44.53108571288518], [11.303289921936045, 44.531062882243454], [11.303279280384228, 44.530793020734365], [11.304033804853525, 44.53077779422342], [11.304023159972466, 44.53050793284199], [11.304777680366207, 44.53049270149313], [11.30476703215601, 44.530222840239425], [11.30552154847407, 44.53020760405277], [11.305489594304479, 44.529398020630474], [11.30511234143757, 44.529405639132456], [11.305101692085527, 44.52913577789076], [11.304724440808387, 44.52914339507642], [11.304713793344755, 44.52887353374861], [11.303959293820737, 44.52888876424228], [11.303969937806203, 44.52915862571261], [11.303215434206983, 44.52917385136865], [11.303204793699694, 44.52890398975583], [11.302827543415347, 44.528911600645074], [11.302816904796334, 44.528641738946234], [11.302439656101875, 44.528649348519224], [11.302429019371088, 44.52837948673435], [11.30167452501282, 44.528394702002885], [11.301685158265506, 44.528664563930136], [11.300930659832709, 44.52867977436095], [11.300909400432603, 44.528140050206964], [11.300532154470696, 44.52814765341252], [11.300542782357185, 44.52841751556808], [11.29903379006333, 44.528447916224756], [11.299023169133001, 44.52817805378471], [11.298268675570458, 44.52819324650074], [11.298258058267109, 44.52792338390371], [11.297880813001528, 44.52793097832315], [11.297870197586063, 44.52766111564025], [11.297492953910627, 44.52766870874361], [11.297482340382999, 44.52739884597485], [11.29710509829772, 44.52740643776219], [11.297030819943558, 44.525517397469], [11.297408049856635, 44.525509806178945], [11.297397437519557, 44.525239943291744], [11.295888523929802, 44.525270300698416], [11.295814290420205, 44.52338125808487], [11.29543707382184, 44.52338884382736], [11.295426471368152, 44.52311898046667], [11.294294825896973, 44.5231417300124], [11.294347813572262, 44.52449104773239], [11.29397058942467, 44.5244986287794], [11.293981185666796, 44.524768492349935], [11.294358411553127, 44.52476091123199], [11.294369009682597, 44.52503077471679], [11.294746237159076, 44.525023192282994], [11.294756837175942, 44.525293055682035], [11.295134066242564, 44.525285471932385], [11.29514466814687, 44.52555533524566], [11.295521898803633, 44.52554775018014], [11.295553710625096, 44.526357339818176], [11.295176474751782, 44.52636492509666], [11.29518707725076, 44.52663478835071], [11.294809839489874, 44.526642372455214], [11.2948204403986, 44.526912235765444], [11.294443200750134, 44.526919818695944], [11.294453800068561, 44.52718968206234], [11.294076558532513, 44.52719726381883], [11.294087156260591, 44.52746712724137], [11.293332669264734, 44.52748228716126], [11.293322075014622, 44.52721242359686], [11.292567590902502, 44.52722757839494], [11.292557000278874, 44.52695771467393], [11.292179759739007, 44.52696529013459], [11.29216917100283, 44.52669542632788], [11.291791932053425, 44.5267030004727], [11.291781345204651, 44.52643313658031], [11.292158582415134, 44.52642556250637], [11.29210564170376, 44.52507624317686], [11.292860098290822, 44.52506109200308], [11.292849507116408, 44.52479122823456], [11.293226733448414, 44.524783650851234], [11.293216140683766, 44.524513787138844], [11.291707241419763, 44.52454408891928], [11.291738999294054, 44.52535368086279], [11.29098453833867, 44.52536882470892], [11.29100570404171, 44.52590855288071], [11.28987400106266, 44.52593125973805], [11.289884578920129, 44.526201124014264], [11.289507342558206, 44.52620869054765], [11.289496766439624, 44.52593882620064], [11.287233355587931, 44.52598419883235], [11.28724392127313, 44.52625406360395], [11.286112208630128, 44.526276733325176], [11.286154451984913, 44.527356193112325], [11.286531696636583, 44.527348637500715], [11.286552822680626, 44.52788836716416], [11.286930070662262, 44.52788081016612], [11.286951200776985, 44.528420539628975], [11.286573949317168, 44.52842809676845], [11.286584512857633, 44.52869796154842], [11.286961766056578, 44.528690404338214], [11.28698289706023, 44.52923013371233], [11.287737409970266, 44.52921501527378], [11.287821967740054, 44.53137393104688], [11.287444697444888, 44.53138149145469], [11.287455266093733, 44.53165135593053], [11.28707799391097, 44.5316589151639], [11.287120263030646, 44.532738373202314], [11.286742983741874, 44.53274593147341], [11.286711286898237, 44.53193633775458], [11.28633401267971, 44.531943894568286], [11.286344576406643, 44.532213759226735], [11.285967300300525, 44.53222131486593], [11.285977862436127, 44.53249117958029], [11.285223306300617, 44.5325062872644], [11.285233865105335, 44.53277615210537], [11.284856585075957, 44.53278370415025], [11.284867142289217, 44.53305356904709], [11.284112578307278, 44.53306866954242], [11.284102024573082, 44.53279880450427], [11.283724744099631, 44.53280635281339], [11.28371419225295, 44.5325364876898], [11.28333691337104, 44.53254403468307], [11.283326363411819, 44.53227416947408], [11.282949086121453, 44.5322817151515], [11.282938538049649, 44.532011849857106], [11.282561262350832, 44.532019394218686], [11.282550716166392, 44.53174952883893], [11.282173442059133, 44.53175707188469], [11.282183986504123, 44.53202693733503], [11.281429434367116, 44.53204201983208], [11.281439975481023, 44.53231188540879], [11.281062697451294, 44.532319424860034], [11.28107323697352, 44.53258929049252], [11.280695957056482, 44.53259682876906], [11.280706494986978, 44.532866694457326], [11.280329213182627, 44.532874231559155], [11.280339749521342, 44.533144097303165], [11.279962465829675, 44.53315163323026], [11.279973000576565, 44.53342149903001], [11.279218429270871, 44.53343656728937], [11.279228960686266, 44.53370643321536], [11.278474385310583, 44.53372149663453], [11.278484913394383, 44.5339913626867], [11.277353044004652, 44.534013948687026], [11.277363567017076, 44.5342838149358], [11.276608983206664, 44.5342988661836], [11.276598463673603, 44.53402899979398], [11.276221173286782, 44.53403652347948], [11.276242209021037, 44.53457625638476], [11.275864915007318, 44.53458377896574], [11.275906981286802, 44.535663244880666], [11.275529680166507, 44.53567076649783], [11.27554019536526, 44.53594063301002], [11.275162892357663, 44.53594815345216], [11.27517340596402, 44.536218020019966], [11.274796101069116, 44.536225539287074], [11.274817125244367, 44.53676527251911], [11.275194433619072, 44.536757753111274], [11.275215461863924, 44.5372974861435], [11.274838150009318, 44.53730500569207], [11.274869688262488, 44.538114605340766], [11.274492371040411, 44.53812212385495], [11.274513393799564, 44.53866185702095], [11.27375875195288, 44.53867689059415], [11.273769260073356, 44.5389467572957], [11.273041774893004, 44.53896124271578], [11.273054520884884, 44.5389797087525], [11.273128293388218, 44.539086711294765], [11.273145014071769, 44.53916055921369], [11.27316880797296, 44.53917683011997], [11.27321714001744, 44.53920973520348], [11.273529333416953, 44.539089914975], [11.273571036772026, 44.53915041865501], [11.273677259531231, 44.539117100238556], [11.273746517269968, 44.53921728566464], [11.274157092818498, 44.53920910767796], [11.274146582810511, 44.53893924106153], [11.274523905400269, 44.53893172358181], [11.274555441086921, 44.539741323175775], [11.27411484983817, 44.53975010056676], [11.274464661773957, 44.540256124275814], [11.274737360193086, 44.54065073608598], [11.275617892877522, 44.54032828880277], [11.27561897547651, 44.54032990568241], [11.275722737527191, 44.5402847780849], [11.276232360013932, 44.54105827707918], [11.27649468385888, 44.54105304663991]], [[11.28238435905717, 44.53715437808345], [11.281629740811695, 44.53716946326244], [11.281619197036571, 44.53689959795175], [11.281241889431936, 44.536907138602515], [11.281231347544574, 44.53663727320649], [11.281985959126189, 44.53662219080066], [11.281975413906927, 44.53635232553099], [11.282730021417256, 44.53633723828467], [11.282751118963175, 44.53687696852686], [11.282373811802215, 44.53688451291392], [11.28238435905717, 44.53715437808345]], [[11.278925384937509, 44.53560302710927], [11.279302684729524, 44.5355954942836], [11.279292152280238, 44.53532562846103], [11.279669450184763, 44.53531809446049], [11.279679984373832, 44.535587960212546], [11.280434583219227, 44.53557288833431], [11.280445121035642, 44.535842753930545], [11.279690518710634, 44.535857825949826], [11.279701053195172, 44.53612769167235], [11.279323750071217, 44.536135225884415], [11.279334282963633, 44.53640509166264], [11.278202367486003, 44.53642768703784], [11.278191839813177, 44.53615782104814], [11.277814536098518, 44.536165350278566], [11.27780401031318, 44.53589548420366], [11.278181312287993, 44.53588795504368], [11.278170784910447, 44.535618089024446], [11.278548084997805, 44.53561055868955], [11.278537556028102, 44.53534069272601], [11.278914854228011, 44.53533316121621], [11.278925384937509, 44.53560302710927]], [[11.281189181473497, 44.53555781147455], [11.280811882420265, 44.53556535052711], [11.280801343011854, 44.53529548498665], [11.28117864032531, 44.53528794600462], [11.281189181473497, 44.53555781147455]], [[11.28116809932495, 44.535018080519926], [11.281922690028859, 44.53500299896092], [11.281933234508715, 44.535272864304495], [11.28117864032531, 44.53528794600462], [11.28116809932495, 44.535018080519926]], [[11.290945974475207, 44.534012040678945], [11.291323260830188, 44.534004468356], [11.29133384835745, 44.53427433197585], [11.290956560262858, 44.53428190436966], [11.290945974475207, 44.534012040678945]], [[11.288805734817347, 44.52757314210062], [11.289560225375729, 44.52755801206078], [11.28958137954094, 44.5280977405625], [11.289958628075759, 44.528090173533435], [11.290000945142538, 44.529169630076105], [11.289623689651242, 44.529177197388414], [11.289634267549639, 44.5294470615579], [11.2885024949683, 44.52946975623674], [11.288481349754871, 44.528930027458216], [11.28810409540956, 44.52893758971944], [11.288082954267413, 44.528397860740206], [11.287705703252133, 44.52840542161485], [11.287673997867826, 44.5275958278228], [11.288051243665894, 44.527588267160425], [11.288040673761829, 44.52731840260425], [11.288795161435246, 44.527303277685995], [11.288805734817347, 44.52757314210062]], [[11.290670796094954, 44.52699557952751], [11.291425278213847, 44.526980437321015], [11.291446449175714, 44.52752016517355], [11.290314715340843, 44.52754287704091], [11.2903041350027, 44.5272730129095], [11.290681378023717, 44.527265443602886], [11.290670796094954, 44.52699557952751]]]}}, {"type": "Feature", "properties": {"threshold": "ge_9", "source": "HistorySUHI", "period": "2013-2026", "hotspot_percentile": "top_10_pct", "label": ">= 9 estati"}, "geometry": {"type": "Polygon", "coordinates": [[[11.290445417686719, 44.54050390948342], [11.290434831964362, 44.54023404599128], [11.289680178180653, 44.540249185178304], [11.289690760422651, 44.5405190488121], [11.290445417686719, 44.54050390948342]]]}}, {"type": "Feature", "properties": {"threshold": "ge_9", "source": "HistorySUHI", "period": "2013-2026", "hotspot_percentile": "top_10_pct", "label": ">= 9 estati"}, "geometry": {"type": "Polygon", "coordinates": [[[11.280038234719477, 44.54476338699075], [11.280415593383179, 44.544755849276406], [11.280426134485014, 44.545025714440754], [11.281180854850128, 44.54501063513363], [11.281191399581123, 44.54528050014208], [11.281568761282504, 44.545272958549255], [11.281526576283413, 44.54419349870904], [11.281149221544498, 44.544201040019566], [11.28113867740506, 44.54393117495201], [11.28038397096471, 44.5439462536947], [11.280394511623028, 44.54421611890337], [11.280017156440527, 44.544223656476646], [11.280038234719477, 44.54476338699075]]]}}, {"type": "Feature", "properties": {"threshold": "ge_9", "source": "HistorySUHI", "period": "2013-2026", "hotspot_percentile": "top_10_pct", "label": ">= 9 estati"}, "geometry": {"type": "Polygon", "coordinates": [[[11.284608770804285, 44.545752309659576], [11.284615360409502, 44.54592069462491], [11.284933068187234, 44.545745817230134], [11.284608770804285, 44.545752309659576]]]}}, {"type": "Feature", "properties": {"threshold": "ge_9", "source": "HistorySUHI", "period": "2013-2026", "hotspot_percentile": "top_10_pct", "label": ">= 9 estati"}, "geometry": {"type": "Polygon", "coordinates": [[[11.342087900177935, 44.49111230269431], [11.342066289029956, 44.49057259072206], [11.341689296308067, 44.49058032475558], [11.341710903985138, 44.491120036872566], [11.342087900177935, 44.49111230269431]]]}}, {"type": "Feature", "properties": {"threshold": "ge_9", "source": "HistorySUHI", "period": "2013-2026", "hotspot_percentile": "top_10_pct", "label": ">= 9 estati"}, "geometry": {"type": "Polygon", "coordinates": [[[11.352665440934965, 44.49143494877959], [11.352654586388997, 44.491165094861955], [11.351900598880508, 44.49118063174419], [11.351889747957518, 44.490910777666265], [11.351512755710544, 44.490918544169794], [11.351501906675043, 44.49064869000429], [11.350747925195726, 44.49066421913625], [11.350737079783043, 44.49039436481053], [11.350360090550732, 44.490402127438976], [11.350349247025417, 44.49013227302573], [11.349218283622744, 44.49015555323378], [11.349207445455427, 44.48988569858777], [11.34883045908602, 44.48989345609805], [11.348797950701409, 44.489083891852886], [11.348420969386009, 44.4890916479022], [11.34845347256473, 44.48990121236512], [11.348076485891577, 44.48990896738895], [11.348087318852855, 44.49017882225271], [11.348841295517994, 44.49016331081666], [11.348862968837604, 44.49070302020918], [11.348485977110203, 44.490710776693994], [11.348475142109846, 44.490440921932596], [11.348098151965972, 44.49044867710157], [11.348119818647737, 44.49098838675462], [11.348496812262429, 44.49098063144051], [11.348507647566528, 44.49125048617212], [11.35001562744809, 44.49121945219248], [11.350026469845915, 44.4914893066188], [11.350403466171894, 44.49148154494306], [11.350414310457175, 44.49175139928185], [11.350791308366635, 44.49174363629017], [11.350802154539418, 44.49201349054141], [11.351179154032353, 44.492005726233785], [11.35119000209269, 44.492275580397454], [11.35194400409342, 44.49226004790691], [11.351954855776901, 44.49252990191035], [11.3527088606403, 44.49251436430112], [11.352698005485742, 44.492244510443086], [11.353075005953686, 44.49223673984619], [11.353064149215768, 44.491966886045994], [11.353441147796028, 44.49195911427851], [11.353430289474797, 44.491689260536106], [11.353053292630022, 44.49169703223086], [11.353042436196448, 44.49142717840084], [11.352665440934965, 44.49143494877959]]]}}, {"type": "Feature", "properties": {"threshold": "ge_9", "source": "HistorySUHI", "period": "2013-2026", "hotspot_percentile": "top_10_pct", "label": ">= 9 estati"}, "geometry": {"type": "Polygon", "coordinates": [[[11.339115094973131, 44.49225356738873], [11.339104302602129, 44.491983710890864], [11.33835029723049, 44.49199915854494], [11.33832871988449, 44.49145944521548], [11.337951720442925, 44.49146716703297], [11.337973294317822, 44.49200688050695], [11.337596291253952, 44.49201460122563], [11.337650219909037, 44.49336388501153], [11.338027231651099, 44.493356163931615], [11.338059595865596, 44.494165733807925], [11.33881362931045, 44.49415028748422], [11.338792046073259, 44.49361057453731], [11.338415032897942, 44.49361829817633], [11.338382664383671, 44.49280872842756], [11.33913668016896, 44.49279328033981], [11.339125887495408, 44.4925234238717], [11.339502893425514, 44.49251569803506], [11.339492099167634, 44.49224584162438], [11.339115094973131, 44.49225356738873]]]}}, {"type": "Feature", "properties": {"threshold": "ge_9", "source": "HistorySUHI", "period": "2013-2026", "hotspot_percentile": "top_10_pct", "label": ">= 9 estati"}, "geometry": {"type": "Polygon", "coordinates": [[[11.349963918685097, 44.4993228410412], [11.349909694855537, 44.4979735705573], [11.349532656567265, 44.49798133148928], [11.349510971571604, 44.497441623046214], [11.349133936603415, 44.4974493825894], [11.349112255687656, 44.496909673941516], [11.349489287183872, 44.49690191454356], [11.349478445217972, 44.496632060269896], [11.350609533586828, 44.49660877483276], [11.350631228086346, 44.49714848292939], [11.351008260710476, 44.49714071848467], [11.3510191099243, 44.497410572437985], [11.352904279443205, 44.49737173119798], [11.352893421549478, 44.49710187760813], [11.353270453260782, 44.497094105702224], [11.353205298679159, 44.495474984286645], [11.352828277383184, 44.49548275575617], [11.352817420554787, 44.495212902062036], [11.353194440114962, 44.49520513066523], [11.353183581702966, 44.4949352770289], [11.35356059937516, 44.49492750446138], [11.353549739379616, 44.49465765088291], [11.353926755163835, 44.4946498771447], [11.353915893584789, 44.49438002362405], [11.355046934816704, 44.49435669516726], [11.355014335371987, 44.493547135170836], [11.354637326987305, 44.49355491234817], [11.354659056326826, 44.49409461917292], [11.35164295599844, 44.49415679299384], [11.351664658175658, 44.49469650092261], [11.351287641478462, 44.494704267200284], [11.351309340792534, 44.49524397521482], [11.349801258596957, 44.49527502847239], [11.349736204137287, 44.49365590250651], [11.350113214499789, 44.49364814149306], [11.3501023708861, 44.49337828718592], [11.34972536225925, 44.49338604812673], [11.349703678959083, 44.4928463393225], [11.349326673651506, 44.492854098874716], [11.349304994430328, 44.49231438986566], [11.348173988009524, 44.492337660626646], [11.348163153833458, 44.49206780588204], [11.34740915226467, 44.49208331336092], [11.347398321711504, 44.491813458456285], [11.34702132243491, 44.491821210258195], [11.347042980221975, 44.49236092019765], [11.34666597732252, 44.49236867090131], [11.346676804708153, 44.492638525921244], [11.345922794982814, 44.49265402374357], [11.345933619049003, 44.492923878893635], [11.345556612223136, 44.492931626012265], [11.345545789892554, 44.4926617707897], [11.344037768014836, 44.4926927465407], [11.344026952778313, 44.49242289101338], [11.34364994866543, 44.49243063177029], [11.343639135316074, 44.49216077615567], [11.342885130106781, 44.49217625379462], [11.342906750014706, 44.492715965298686], [11.343283756166306, 44.492708226956054], [11.343305380151602, 44.49324793825577], [11.343682389622925, 44.49324019852492], [11.343704017685802, 44.49377990962025], [11.344081030476913, 44.49377216850113], [11.344091846471443, 44.49404202395403], [11.345976916830988, 44.49400329934504], [11.345966092157903, 44.49373344425451], [11.347097127345961, 44.493710194785734], [11.347107957226147, 44.49398004965869], [11.347484970387628, 44.49397229727643], [11.347517466146252, 44.494781861588294], [11.347140447777537, 44.49478961418819], [11.347151278264953, 44.49505946900159], [11.344135111965667, 44.49512144561678], [11.344178379885795, 44.49620086704137], [11.344555408147624, 44.49619312402675], [11.344577046489349, 44.49673283450482], [11.344954078071412, 44.49672509010175], [11.344975720491757, 44.49726480037532], [11.344221650231992, 44.4972802882278], [11.344254104583845, 44.49808985396134], [11.343877064018315, 44.49809759623959], [11.343887880702784, 44.49836745152678], [11.34351083824952, 44.49837519263388], [11.343521653349478, 44.49864504797863], [11.343898697538878, 44.49863730679909], [11.34392033166595, 44.499177017299054], [11.345051473741272, 44.49915378586394], [11.345040651393386, 44.4988839308388], [11.345794741879434, 44.4988684371422], [11.345783916210959, 44.49859858224716], [11.347669131089303, 44.498559826605], [11.347679965438468, 44.498829681137366], [11.348057009694752, 44.49882192620555], [11.348046173609456, 44.49855207174576], [11.348423215977714, 44.49854431564292], [11.348444891772484, 44.49908402440246], [11.349198982997763, 44.49906850817556], [11.349209824595379, 44.4993383623878], [11.348455729897756, 44.499353878759905], [11.348477406604081, 44.49989358743008], [11.34923150824654, 44.49987807076759], [11.34922066634497, 44.49960821658514], [11.349597715202021, 44.49960045646104], [11.349608558839808, 44.49987031057086], [11.349985609281072, 44.49986254913048], [11.34997476390707, 44.499592695093284], [11.350351812460094, 44.49958493248189], [11.35034096550193, 44.499315078502434], [11.349963918685097, 44.4993228410412]]]}}, {"type": "Feature", "properties": {"threshold": "ge_9", "source": "HistorySUHI", "period": "2013-2026", "hotspot_percentile": "top_10_pct", "label": ">= 9 estati"}, "geometry": {"type": "Polygon", "coordinates": [[[11.332953588096762, 44.498591438723835], [11.332899757924753, 44.497242151658966], [11.331014565620347, 44.49728066263048], [11.331046837229056, 44.498090235995164], [11.331423881199974, 44.49808253607188], [11.331434640440634, 44.49835239375833], [11.3318116859969, 44.49834469251934], [11.331822447124573, 44.498614550118866], [11.332953588096762, 44.498591438723835]]]}}, {"type": "Feature", "properties": {"threshold": "ge_9", "source": "HistorySUHI", "period": "2013-2026", "hotspot_percentile": "top_10_pct", "label": ">= 9 estati"}, "geometry": {"type": "Polygon", "coordinates": [[[11.344717710498191, 44.500240951160905], [11.344706889279736, 44.49997109612283], [11.34432983671261, 44.49997884015193], [11.344308198203246, 44.49943912988619], [11.343177050009432, 44.49946235407678], [11.343144609008476, 44.49865278791456], [11.342767564515896, 44.498660526606855], [11.342756752888212, 44.498390671117264], [11.34351083824952, 44.49837519263388], [11.34350002330116, 44.498105337274254], [11.343122982432408, 44.49811307706532], [11.34310135646264, 44.49757336615655], [11.34347839385924, 44.49756562651034], [11.343489208504401, 44.49783548189972], [11.34386624748547, 44.4978277409375], [11.343833798796647, 44.49701817494198], [11.34345676502369, 44.49702591568688], [11.343467579365669, 44.497295771106046], [11.34309054370511, 44.49730351067984], [11.343079731099147, 44.49703365518824], [11.342702697023038, 44.49704139344605], [11.342691886304632, 44.49677153786716], [11.34231485381298, 44.496779274809015], [11.342282427774823, 44.495969707765845], [11.34265945505863, 44.49596197104119], [11.342648644946358, 44.495692115402775], [11.34302567034274, 44.495684377507025], [11.343014858646123, 44.49541452192613], [11.343391882155085, 44.49540678285931], [11.343381068874171, 44.49513692733597], [11.343758090495717, 44.495129187098094], [11.343747275630555, 44.494859331632306], [11.343370255744828, 44.49486707179773], [11.343348629940843, 44.494327360676614], [11.342971613375116, 44.49433509945375], [11.342960802436219, 44.494065243798445], [11.342206772321681, 44.49408071747761], [11.342195965005773, 44.49381086166262], [11.341441937756754, 44.493826330223335], [11.341431134063749, 44.49355647424872], [11.340677109680414, 44.493571937691065], [11.34068790990199, 44.49384179381039], [11.339179852376004, 44.493872706063485], [11.339190645805985, 44.494142562457206], [11.33881362931045, 44.49415028748422], [11.338824421155946, 44.49442014393537], [11.339578457467276, 44.49440469249331], [11.339600048555335, 44.494944405061794], [11.339977069955648, 44.49493667733096], [11.340009462930285, 44.49574624585514], [11.339632436322365, 44.49575397380291], [11.339643232547372, 44.49602383002019], [11.3392662040522, 44.49603155679677], [11.339276998692597, 44.4963014130715], [11.33889996831017, 44.49630913867686], [11.338932347931266, 44.49711870762865], [11.339309383521682, 44.4971109818064], [11.339341769712656, 44.49792055040741], [11.339718810359946, 44.49791282312467], [11.339762001011131, 44.498992247428504], [11.340139048451661, 44.498984518612886], [11.340149848229068, 44.499254374579316], [11.340526897254414, 44.499246644447716], [11.340537698919443, 44.49951650032694], [11.340160648157866, 44.49952423053088], [11.340171448238056, 44.49979408646757], [11.340925553082297, 44.499778624671315], [11.34093635678644, 44.50004848044843], [11.34131341071768, 44.500040747612424], [11.341324216309568, 44.500310603302296], [11.341701271825631, 44.50030286915024], [11.341712079305312, 44.50057272475286], [11.342466193355556, 44.50055725257288], [11.34248781571483, 44.501096963443885], [11.342864875985336, 44.50108922534352], [11.34288650242362, 44.501628936010164], [11.342509438680318, 44.50163667425537], [11.3425202503904, 44.501906529638795], [11.341766118976269, 44.50192200254273], [11.341776927364988, 44.50219185805606], [11.343285196532841, 44.502160906983505], [11.343274381198283, 44.50189105175981], [11.343651446374823, 44.501883310954675], [11.343629812687706, 44.50134360060753], [11.344006874239783, 44.50133585870353], [11.343996055887292, 44.501066003580064], [11.34437311555134, 44.5010582605048], [11.344340656194788, 44.50024869526248], [11.344717710498191, 44.500240951160905]]]}}, {"type": "Feature", "properties": {"threshold": "ge_9", "source": "HistorySUHI", "period": "2013-2026", "hotspot_percentile": "top_10_pct", "label": ">= 9 estati"}, "geometry": {"type": "Polygon", "coordinates": [[[11.33448332096162, 44.49910032026429], [11.33486037051903, 44.49909260885978], [11.334849595199822, 44.49882275186697], [11.334472547378635, 44.49883046319932], [11.33448332096162, 44.49910032026429]]]}}, {"type": "Feature", "properties": {"threshold": "ge_9", "source": "HistorySUHI", "period": "2013-2026", "hotspot_percentile": "top_10_pct", "label": ">= 9 estati"}, "geometry": {"type": "Polygon", "coordinates": [[[11.331499199051935, 44.49997153956492], [11.3315099593484, 44.50024139714733], [11.33113290148744, 44.500249097647085], [11.331143660198379, 44.500518955286694], [11.331520719795703, 44.50051125471488], [11.331531480393851, 44.50078111226757], [11.33190854157672, 44.50077341037994], [11.331897779242187, 44.500503552899325], [11.333028956676344, 44.50048043999032], [11.332985888011004, 44.49940101078438], [11.33223178376302, 44.49941642005731], [11.33224254723039, 44.499686277525285], [11.331865493143779, 44.49969398036832], [11.331876255025719, 44.49996383789352], [11.331499199051935, 44.49997153956492]]]}}, {"type": "Feature", "properties": {"threshold": "ge_9", "source": "HistorySUHI", "period": "2013-2026", "hotspot_percentile": "top_10_pct", "label": ">= 9 estati"}, "geometry": {"type": "Polygon", "coordinates": [[[11.356395443502231, 44.499730414366205], [11.356417193738068, 44.500270119922895], [11.356794244911496, 44.50026233595129], [11.356805121994325, 44.50053218863444], [11.35755922735621, 44.50051661681455], [11.357570108064039, 44.50078646933707], [11.357947162252467, 44.500778681488754], [11.357936279808383, 44.50050882903912], [11.358313332108006, 44.500501040020026], [11.358302448080241, 44.500231187628366], [11.357925397516848, 44.50023897657457], [11.357892751557495, 44.49942941909145], [11.356761614577827, 44.4994527778124], [11.356772491203248, 44.499722630540276], [11.356395443502231, 44.499730414366205]]]}}, {"type": "Feature", "properties": {"threshold": "ge_9", "source": "HistorySUHI", "period": "2013-2026", "hotspot_percentile": "top_10_pct", "label": ">= 9 estati"}, "geometry": {"type": "Polygon", "coordinates": [[[11.35871215624084, 44.50103295435007], [11.35870127017165, 44.50076310206113], [11.358324216288345, 44.50077089239678], [11.35833510062126, 44.501040744758626], [11.35871215624084, 44.50103295435007]]]}}, {"type": "Feature", "properties": {"threshold": "ge_9", "source": "HistorySUHI", "period": "2013-2026", "hotspot_percentile": "top_10_pct", "label": ">= 9 estati"}, "geometry": {"type": "Polygon", "coordinates": [[[11.358345985106748, 44.50131059710556], [11.358356869744817, 44.50158044943758], [11.356848631850413, 44.501611599217945], [11.356870387693354, 44.50215130442025], [11.356116260885642, 44.50216687213954], [11.356127135563023, 44.502436724864026], [11.356504200779526, 44.50242894155341], [11.356515077345787, 44.502698794190145], [11.357269210794229, 44.50268322369199], [11.3572583307551, 44.502413371200966], [11.359143653024567, 44.50237442355434], [11.359132764455953, 44.50210457141286], [11.359509826715637, 44.50209677822525], [11.359488046563596, 44.50155707404342], [11.358733928837024, 44.501572658883234], [11.35872304246263, 44.501302806624096], [11.358345985106748, 44.50131059710556]]]}}, {"type": "Feature", "properties": {"threshold": "ge_9", "source": "HistorySUHI", "period": "2013-2026", "hotspot_percentile": "top_10_pct", "label": ">= 9 estati"}, "geometry": {"type": "Polygon", "coordinates": [[[11.333136638905795, 44.503179011964576], [11.333125870003553, 44.50290915483404], [11.331994645684478, 44.50293226968976], [11.332005409376924, 44.50320212703659], [11.333136638905795, 44.503179011964576]]]}}, {"type": "Feature", "properties": {"threshold": "ge_9", "source": "HistorySUHI", "period": "2013-2026", "hotspot_percentile": "top_10_pct", "label": ">= 9 estati"}, "geometry": {"type": "Polygon", "coordinates": [[[11.338372520115577, 44.50199156904398], [11.338383312876015, 44.50226142520832], [11.33762917465802, 44.502276870893866], [11.337650753686685, 44.50281658346698], [11.337273680877741, 44.50282430458858], [11.337306045345379, 44.50363387355346], [11.338060201231551, 44.503618429632894], [11.338070993163177, 44.503888285780256], [11.33844807261598, 44.50388056188192], [11.338458866435554, 44.504150417942135], [11.33921302836051, 44.5041349662693], [11.339223825804757, 44.50440482217004], [11.339977990597605, 44.5043893653771], [11.339923987523731, 44.50304008644787], [11.339546913886123, 44.503047815104644], [11.339525317189482, 44.502508103284164], [11.33914824687358, 44.5025158305525], [11.339137450488826, 44.50224597454763], [11.338760381758082, 44.502253700499864], [11.338749587261157, 44.50198384440781], [11.338372520115577, 44.50199156904398]]]}}, {"type": "Feature", "properties": {"threshold": "ge_9", "source": "HistorySUHI", "period": "2013-2026", "hotspot_percentile": "top_10_pct", "label": ">= 9 estati"}, "geometry": {"type": "Polygon", "coordinates": [[[11.353897334753874, 44.50329295800322], [11.353908199621927, 44.50356281110485], [11.354662345623113, 44.50354725758271], [11.354640609093263, 44.50300755165564], [11.35426353964186, 44.503015328893056], [11.354241807194342, 44.502475622760834], [11.353864741063541, 44.50248339860893], [11.353886470038125, 44.503023104886694], [11.353509400282093, 44.503030879636555], [11.353520263261334, 44.50330073282583], [11.353897334753874, 44.50329295800322]]]}}, {"type": "Feature", "properties": {"threshold": "ge_9", "source": "HistorySUHI", "period": "2013-2026", "hotspot_percentile": "top_10_pct", "label": ">= 9 estati"}, "geometry": {"type": "Polygon", "coordinates": [[[11.34227291626352, 44.50515253102171], [11.342283728207352, 44.50542238628407], [11.341906639848606, 44.5054301230553], [11.341895829641526, 44.50516026772054], [11.341141655942934, 44.505175737386494], [11.341152462676495, 44.505445592866], [11.338889927524994, 44.50549197244408], [11.33887913121204, 44.50522211653054], [11.338502043227027, 44.5052298420342], [11.338491248802177, 44.5049599860335], [11.336982902296144, 44.504990875319876], [11.336961327794198, 44.50445116269572], [11.336207160580654, 44.50446659958655], [11.336196377029902, 44.50419674310772], [11.334310965034476, 44.50423531320579], [11.33432173990171, 44.50450517004556], [11.333944655312674, 44.50451288040568], [11.333966202026804, 44.50505259418494], [11.333212025448669, 44.50506801146203], [11.333233565819725, 44.50560772547036], [11.333610657657898, 44.50560001730951], [11.333664519912302, 44.506949301709525], [11.333287419389698, 44.50695701023105], [11.333298190556684, 44.50722686713859], [11.33254398558457, 44.50724228059386], [11.33253321789151, 44.506972423542074], [11.332156116915975, 44.506980128331584], [11.332123819953251, 44.506170556870785], [11.331746724037552, 44.506178260200016], [11.331735960422026, 44.50590840294459], [11.330981771611718, 44.505923805726994], [11.330992531753491, 44.50619366312656], [11.329484145375394, 44.50622445405192], [11.329473392181155, 44.50595459636422], [11.329096296946586, 44.50596229091361], [11.329074794484058, 44.50542257534962], [11.328697702572477, 44.50543026851104], [11.32866545521945, 44.50462069483765], [11.326025844093241, 44.5046745106261], [11.326015107434241, 44.50440465220166], [11.325638021265005, 44.50441233512387], [11.32558434891113, 44.50306304241933], [11.32520727127489, 44.50307072373819], [11.325185806859917, 44.50253100640863], [11.324808732546456, 44.5025386863399], [11.324798002301218, 44.50226882758099], [11.324420929573915, 44.50227650619657], [11.324410201215654, 44.50200664735094], [11.324033130074513, 44.50201432465085], [11.32402240360318, 44.50174446571853], [11.32289119448726, 44.501767489939894], [11.322901915748972, 44.502037349087686], [11.322524844006502, 44.502045021412314], [11.32253556368194, 44.50231488061705], [11.322158490052624, 44.502322551769666], [11.322212082000767, 44.50367184792955], [11.321834999537966, 44.5036795181972], [11.32188858655884, 44.50502881434483], [11.321511495261946, 44.505036483727444], [11.321532927648324, 44.505576202226116], [11.321155832727483, 44.505583870508296], [11.321166547409124, 44.50585372980711], [11.320789450601179, 44.50586139691706], [11.320810876941229, 44.50640111561368], [11.320433776509221, 44.50640878162311], [11.320455199976065, 44.50694850040383], [11.320078095919916, 44.50695616531269], [11.320099516513373, 44.507495884177494], [11.319722408833, 44.50750354798576], [11.319754535638038, 44.508313126386774], [11.31937742259623, 44.50832078916612], [11.31938813009436, 44.50859064867514], [11.319011015165286, 44.50859831028207], [11.319021721076354, 44.50886816984796], [11.318644604260008, 44.508875830282456], [11.318655308583963, 44.509145689905175], [11.317901071026679, 44.509161007185135], [11.317911772026239, 44.50943086693637], [11.317534651285314, 44.50943852378179], [11.317545350697637, 44.50970838358984], [11.31716822806945, 44.509716039262756], [11.31717892589449, 44.50998589912759], [11.31680180137903, 44.509993553627965], [11.316823194004403, 44.51053327345641], [11.31644606586433, 44.510540926855846], [11.316456760664593, 44.51081078681943], [11.316079630637216, 44.51081843904628], [11.316090323850025, 44.51108829906664], [11.315336059870749, 44.51110359993086], [11.315346749758637, 44.51137346007956], [11.313838213052124, 44.51140404716348], [11.313848896140076, 44.511673907583585], [11.31347175985149, 44.51168155131548], [11.313482441351734, 44.511951411792275], [11.31197388775014, 44.51198197456324], [11.311963213199855, 44.51171211380045], [11.311208938976002, 44.51172738757733], [11.311198268050317, 44.51145752665676], [11.310821132451444, 44.511465161607354], [11.310831801639651, 44.51173502259938], [11.310077526518226, 44.511750288910655], [11.310088192381006, 44.51202015003071], [11.309333913186423, 44.51203541150771], [11.309344575723673, 44.51230527275577], [11.308590292456055, 44.5123205293984], [11.308611611028727, 44.51286025213557], [11.308234465695584, 44.51286787873317], [11.308255781390791, 44.51340760155378], [11.306747184663148, 44.51343809607166], [11.306736533691419, 44.51316823438341], [11.306359385873773, 44.513175854830685], [11.306348736789, 44.5129059930563], [11.30597159055968, 44.51291361218793], [11.305960943361816, 44.51264375032741], [11.305583798720829, 44.51265136814342], [11.305573153409826, 44.51238150619682], [11.304064580303978, 44.51241196473259], [11.304075218664615, 44.51268182696425], [11.302943782056259, 44.51270465801441], [11.302954415353176, 44.512974520444914], [11.302200120060233, 44.512989735065744], [11.302210750030923, 44.51325959762381], [11.30183360042323, 44.513267203138874], [11.301865486016407, 44.5140767909377], [11.301111175927735, 44.514091998661705], [11.301121801281312, 44.514361861374006], [11.300744644275742, 44.514369463440545], [11.300755268040506, 44.51463932620918], [11.306789790043405, 44.5145175426765], [11.306800441761817, 44.51478740429066], [11.307554757801618, 44.51477215880708], [11.307544102607666, 44.514502297335596], [11.307921258665726, 44.514494672798556], [11.30791060188342, 44.5142248113836], [11.308287756054323, 44.5142171856735], [11.308277097683714, 44.51394732431509], [11.310162857607663, 44.51390917745594], [11.310152190698068, 44.51363931643968], [11.310906490145582, 44.51362404912832], [11.310895819910238, 44.51335418824011], [11.311272967671957, 44.51334655278934], [11.31126229584859, 44.51307669195776], [11.316165180537565, 44.51297731879369], [11.31615448627527, 44.512707458877195], [11.317663054133977, 44.51267684049891], [11.317652353071479, 44.512406980854095], [11.318029492923609, 44.51239932322045], [11.318018790273635, 44.51212946363247], [11.318395928238214, 44.512121804826215], [11.318385224000812, 44.511851945295064], [11.318762360077839, 44.511844285316215], [11.318751654253061, 44.51157442584191], [11.320260190110192, 44.51154377377089], [11.320270902884747, 44.51181363295836], [11.32064803821105, 44.51180596675826], [11.320669467685692, 44.5123456849452], [11.32180088318801, 44.51232267844887], [11.321811603363178, 44.51259253730478], [11.322565883088284, 44.51257719327566], [11.322576606888799, 44.512847051973125], [11.32295374826336, 44.512839378020324], [11.322964473951767, 44.51310923663114], [11.323341616913497, 44.513101561362234], [11.323352344489848, 44.513371419886376], [11.32372948903874, 44.51336374330133], [11.32374021850308, 44.51363360173878], [11.324117364639129, 44.513625923837594], [11.324128095991508, 44.51389578218834], [11.324505243714711, 44.51388810297097], [11.324515976955176, 44.514157961235014], [11.326778870559156, 44.514111859368604], [11.32676812689296, 44.513842001535984], [11.327145273562282, 44.51383431360837], [11.327091548802953, 44.51248502458215], [11.327468686633935, 44.51247733576996], [11.327447194309789, 44.51193762019939], [11.328201462569949, 44.511922239130136], [11.328190713159039, 44.5116523814665], [11.328567845325663, 44.511644689137505], [11.328557094328074, 44.511374831530986], [11.32893422460659, 44.51136713802979], [11.32892347202237, 44.51109728048041], [11.329300600412779, 44.511089585807], [11.329289846241975, 44.51081972831477], [11.329666972744286, 44.51081203246918], [11.32965621698695, 44.51054217503411], [11.330410466064565, 44.51052677975447], [11.330399706983469, 44.5102569224486], [11.330776829558761, 44.51024922301459], [11.330766068891254, 44.50997936576591], [11.33114318957844, 44.509971665159796], [11.33110014146824, 44.50889223630469], [11.33147725505582, 44.50888453474274], [11.331466491668339, 44.50861467756389], [11.332597826314244, 44.50859156562975], [11.332608594913069, 44.508861422592325], [11.33336282072976, 44.5088460082716], [11.333373592953823, 44.509115865075074], [11.333750707372783, 44.50910815597645], [11.33373993341159, 44.50883829924511], [11.334494158322094, 44.508822877459885], [11.334483381037744, 44.50855302085801], [11.334860491529275, 44.50854530817145], [11.334849712658938, 44.50827545162687], [11.33673525416408, 44.50823686989413], [11.33672446675965, 44.507967013695726], [11.33785578463705, 44.50794384994424], [11.337866577252571, 44.508213705925876], [11.338243684646159, 44.50820598211503], [11.338254479150034, 44.50847583800951], [11.339762914159019, 44.508444930036475], [11.339752112706968, 44.50817507443122], [11.340129219343664, 44.508167344400164], [11.340140022532754, 44.5084371999331], [11.34277977690683, 44.50838305437606], [11.342768961558555, 44.50811319934983], [11.343523172255727, 44.50809771813917], [11.34351235358509, 44.50782786324293], [11.344266560201614, 44.507812377201084], [11.344255738208723, 44.50754252243487], [11.34614124340982, 44.50750378592258], [11.34618456703147, 44.50858320344813], [11.34769299625111, 44.508552190685585], [11.347682158169881, 44.50828233661675], [11.349567682590544, 44.50824354303585], [11.349556835976365, 44.50797368931513], [11.350311041206437, 44.50795816331994], [11.350278491854722, 44.50714860250428], [11.349901394526482, 44.507156365905935], [11.34987969919289, 44.506616658475714], [11.350256793047409, 44.50660889521936], [11.350245943871895, 44.50633904155456], [11.352508493383322, 44.506292436329815], [11.352519352979712, 44.50656228955848], [11.353273538406151, 44.506546744386696], [11.353295265003009, 44.507086450508424], [11.35367236096148, 44.507078675911124], [11.353683226225218, 44.507348528876875], [11.35406032376824, 44.50734075296286], [11.354071190921191, 44.50761060584095], [11.354825389023956, 44.50759505013546], [11.354836259803081, 44.507864902853065], [11.355213360362791, 44.50785712306156], [11.355202487846755, 44.50758727041674], [11.355579586517134, 44.507579489454066], [11.355557838468577, 44.507039784265345], [11.355180743271939, 44.5070475650824], [11.355169871213157, 44.506777712392875], [11.354415683836335, 44.50679327014955], [11.35439394712321, 44.5062535644346], [11.35477103741421, 44.50624578632381], [11.354738428276978, 44.50543622785796], [11.354361343196205, 44.50544400575042], [11.35435047552524, 44.505174152825866], [11.353973392028815, 44.50518192940166], [11.353962526246871, 44.50491207638945], [11.353585444334795, 44.504919851648616], [11.353574580441823, 44.504649998548736], [11.353197500114103, 44.50465777249127], [11.353186638110055, 44.50438791930376], [11.349415843828417, 44.504465589590374], [11.349394155009245, 44.503925881716995], [11.34788584693153, 44.50395691442303], [11.347896684318656, 44.50422676865757], [11.347519605182741, 44.50423452379707], [11.34754127693946, 44.504774232366614], [11.344901694422886, 44.50482848453062], [11.344890870625315, 44.50455862974562], [11.343759623908902, 44.50458186179745], [11.3437704424964, 44.50485171679987], [11.343393358217547, 44.504859458401846], [11.343404175219987, 44.505129313461815], [11.34227291626352, 44.50515253102171]], [[11.348650842134685, 44.50421125464703], [11.348661683147013, 44.50448110872151], [11.347907521857707, 44.50449662287723], [11.347896684318656, 44.50422676865757], [11.348650842134685, 44.50421125464703]], [[11.327318253019461, 44.50869932552796], [11.327695366377528, 44.508691636478936], [11.32770611239369, 44.50896149437797], [11.328083227338245, 44.5089538040129], [11.328072479584941, 44.50868394618584], [11.328449592641679, 44.508676254648634], [11.328503341600964, 44.510025543275546], [11.32812621985828, 44.510033235172635], [11.328136968365001, 44.51030309292542], [11.32700559702111, 44.510326161367665], [11.32699485372619, 44.510056303399004], [11.32624060888501, 44.51007167599582], [11.326229869215203, 44.50980181786844], [11.325852748306003, 44.509809502228705], [11.325831272892517, 44.509269785785584], [11.326585507611487, 44.509254416108575], [11.326574766656188, 44.508984558008564], [11.327328997298478, 44.50896918349894], [11.327318253019461, 44.50869932552796]]]}}, {"type": "Feature", "properties": {"threshold": "ge_9", "source": "HistorySUHI", "period": "2013-2026", "hotspot_percentile": "top_10_pct", "label": ">= 9 estati"}, "geometry": {"type": "Polygon", "coordinates": [[[11.357465077581878, 44.50754056598114], [11.357454194797004, 44.507270713758466], [11.35707709862596, 44.50727850086811], [11.357087979673965, 44.50754835316365], [11.357465077581878, 44.50754056598114]]]}}, {"type": "Feature", "properties": {"threshold": "ge_9", "source": "HistorySUHI", "period": "2013-2026", "hotspot_percentile": "top_10_pct", "label": ">= 9 estati"}, "geometry": {"type": "Polygon", "coordinates": [[[11.336778405294147, 44.509316294539026], [11.336789193454763, 44.50958615066304], [11.337166309987722, 44.509578430223115], [11.337177100036763, 44.50984828626005], [11.337554218155631, 44.509840564503754], [11.337543426369413, 44.50957070853909], [11.33829765867889, 44.5095552614387], [11.338286863569671, 44.50928540560372], [11.337909749227737, 44.509293129703686], [11.33789895600698, 44.509023273781544], [11.337521843250856, 44.509030996565144], [11.33753263473449, 44.509300852559555], [11.336778405294147, 44.509316294539026]]]}}, {"type": "Feature", "properties": {"threshold": "ge_9", "source": "HistorySUHI", "period": "2013-2026", "hotspot_percentile": "top_10_pct", "label": ">= 9 estati"}, "geometry": {"type": "Polygon", "coordinates": [[[11.337575802181956, 44.51038027638845], [11.337565010093144, 44.51011042045353], [11.337187890237075, 44.51011814228208], [11.337198680588664, 44.51038799828927], [11.337575802181956, 44.51038027638845]]]}}, {"type": "Feature", "properties": {"threshold": "ge_9", "source": "HistorySUHI", "period": "2013-2026", "hotspot_percentile": "top_10_pct", "label": ">= 9 estati"}, "geometry": {"type": "Polygon", "coordinates": [[[11.335722543818036, 44.511228442250165], [11.335679409300303, 44.510149017154994], [11.333793804728032, 44.51018758275308], [11.333836904500174, 44.51126700929185], [11.335722543818036, 44.511228442250165]]]}}, {"type": "Feature", "properties": {"threshold": "ge_9", "source": "HistorySUHI", "period": "2013-2026", "hotspot_percentile": "top_10_pct", "label": ">= 9 estati"}, "geometry": {"type": "Polygon", "coordinates": [[[11.335399329118726, 44.51258543954226], [11.335388546243987, 44.51231558329291], [11.335011411582032, 44.512323298234215], [11.335043755447401, 44.51313286715421], [11.335798035044887, 44.51311743559417], [11.335776465366939, 44.51257772328452], [11.335399329118726, 44.51258543954226]]]}}, {"type": "Feature", "properties": {"threshold": "ge_9", "source": "HistorySUHI", "period": "2013-2026", "hotspot_percentile": "top_10_pct", "label": ">= 9 estati"}, "geometry": {"type": "Polygon", "coordinates": [[[11.340291283083767, 44.51221517583165], [11.340280477774096, 44.51194532050704], [11.340657608580036, 44.511937588219], [11.340635994940477, 44.51139787766986], [11.340258867609215, 44.51140560981318], [11.340248062753997, 44.51113575444393], [11.339870937008556, 44.51114348527072], [11.339860134042098, 44.51087362981425], [11.338728761109, 44.510896814612664], [11.338739558863603, 44.5111666702861], [11.338362432512488, 44.51117439613622], [11.338351636495174, 44.510904540390484], [11.337597386813487, 44.51091998821365], [11.337640557892247, 44.51199941168556], [11.338017689758084, 44.51199168810697], [11.338050074868221, 44.512801255337884], [11.338427211794961, 44.51279353029821], [11.338491996526864, 44.51441266392467], [11.338869143727358, 44.51440493720693], [11.338858344156003, 44.51413508171202], [11.340744069198925, 44.514096429820405], [11.340733261091229, 44.51382657467232], [11.341110403907773, 44.5138188406335], [11.34107797528137, 44.51300927531704], [11.340700837677309, 44.51301700913876], [11.340668415627082, 44.51220744347126], [11.340291283083767, 44.51221517583165]]]}}, {"type": "Feature", "properties": {"threshold": "ge_9", "source": "HistorySUHI", "period": "2013-2026", "hotspot_percentile": "top_10_pct", "label": ">= 9 estati"}, "geometry": {"type": "Polygon", "coordinates": [[[11.35544171841319, 44.51352402515954], [11.35581885530114, 44.513516242594825], [11.355807977846265, 44.513246390335844], [11.356185112844296, 44.513238606599735], [11.356174233804529, 44.51296875439869], [11.35504283356514, 44.512992101655875], [11.355053707392727, 44.5132619540754], [11.354676571937272, 44.513269734078854], [11.354687444179886, 44.51353958655628], [11.354310306834579, 44.5135473653883], [11.35429943632939, 44.51327751283809], [11.353922300569108, 44.5132852903531], [11.353878827021807, 44.51220587971211], [11.355010212997055, 44.51218254430789], [11.355021086367307, 44.51245239677212], [11.355775346396623, 44.512436833469486], [11.355764469551728, 44.512166981150884], [11.355387341350623, 44.512174763351474], [11.355376466395512, 44.51190491094514], [11.354999339779242, 44.511912691828755], [11.35495584843234, 44.51083328176314], [11.354578728612594, 44.510841061111385], [11.354567857894121, 44.510571208484926], [11.352305146199171, 44.510617858011436], [11.352316006494513, 44.51088771107446], [11.350053278895187, 44.51093431624911], [11.350074979095757, 44.51147402320265], [11.349697853822173, 44.5114817865226], [11.349708702413343, 44.51175164004968], [11.350085829424213, 44.51174387665708], [11.350107530537485, 44.51228358352125], [11.350484660870878, 44.51227581873917], [11.350495513393055, 44.51254567207624], [11.35124977707807, 44.512530138634155], [11.351260633227154, 44.51279999181097], [11.352392032825234, 44.51277668209824], [11.352402894338702, 44.51304653504202], [11.352780028970935, 44.513038762576635], [11.352834347509798, 44.514388026708446], [11.353211490677028, 44.5143802526351], [11.353222356579268, 44.514650105344025], [11.353599501331688, 44.514642329953666], [11.353588633691919, 44.51437247731751], [11.354720061822313, 44.51434914389909], [11.354709189122405, 44.51407929146639], [11.3550863297902, 44.51407151124451], [11.355075455505254, 44.51380165886972], [11.355452594283124, 44.51379387747642], [11.35544171841319, 44.51352402515954]]]}}, {"type": "Feature", "properties": {"threshold": "ge_9", "source": "HistorySUHI", "period": "2013-2026", "hotspot_percentile": "top_10_pct", "label": ">= 9 estati"}, "geometry": {"type": "Polygon", "coordinates": [[[11.351293202587621, 44.51360955125205], [11.351304059345527, 44.51387940436926], [11.350926918891984, 44.51388717207585], [11.350937774064606, 44.51415702525087], [11.351692058294468, 44.51414148844807], [11.35167034115148, 44.51360178237392], [11.351293202587621, 44.51360955125205]]]}}, {"type": "Feature", "properties": {"threshold": "ge_9", "source": "HistorySUHI", "period": "2013-2026", "hotspot_percentile": "top_10_pct", "label": ">= 9 estati"}, "geometry": {"type": "Polygon", "coordinates": [[[11.329785296027927, 44.513780463274216], [11.329774538611721, 44.513510606002605], [11.327511673090205, 44.51355676673284], [11.327533167222372, 44.51409648212515], [11.327156018966093, 44.51410417136905], [11.327166764520554, 44.51437402911485], [11.32754391451447, 44.514366339799004], [11.32755466195725, 44.51463619745801], [11.32793181353814, 44.514628506825865], [11.327953312351138, 44.515168221955356], [11.328707622011526, 44.51515283667007], [11.328718375119543, 44.51542269406855], [11.32984984369251, 44.51539960659178], [11.329839085371336, 44.51512974940934], [11.330216239522969, 44.51512205116704], [11.33020547961494, 44.514852194041765], [11.330582631878027, 44.51484449462715], [11.33055034784615, 44.51403492337835], [11.330173200795976, 44.51404262257681], [11.330162441491355, 44.5137727653921], [11.329785296027927, 44.513780463274216]]]}}, {"type": "Feature", "properties": {"threshold": "ge_9", "source": "HistorySUHI", "period": "2013-2026", "hotspot_percentile": "top_10_pct", "label": ">= 9 estati"}, "geometry": {"type": "Polygon", "coordinates": [[[11.35884004203225, 44.522906531619256], [11.358796463101726, 44.52182712662201], [11.359173652640335, 44.52181933184268], [11.359184548882007, 44.52208918304142], [11.359938930977215, 44.52207358960311], [11.359949830848056, 44.522343440641016], [11.360704215808331, 44.522327842078404], [11.360693312461112, 44.522057991186465], [11.36107050297376, 44.522050190111266], [11.361059598041253, 44.521780339277406], [11.361436786662843, 44.52177253703065], [11.361360444249861, 44.519883581287026], [11.361737620552114, 44.51987577830683], [11.36172671336679, 44.51960592749966], [11.362103887778154, 44.51959812334802], [11.362092979007821, 44.51932827259895], [11.362470151528305, 44.51932046727587], [11.36243742092133, 44.518510915158316], [11.3620602536145, 44.51851872026229], [11.36203843745032, 44.5179790186299], [11.3616612734662, 44.51798682234339], [11.36167217973401, 44.518256673240074], [11.36091784783143, 44.51827227707987], [11.360950557125145, 44.519081830118424], [11.361704899454919, 44.51906622584058], [11.361715806334393, 44.519336076677575], [11.359829940673889, 44.51937507840375], [11.359819042484007, 44.51910522720179], [11.359064698625879, 44.51912081903509], [11.359053804064603, 44.51885096767229], [11.359808144446923, 44.518835375984914], [11.359797246562637, 44.51856552475312], [11.35942007818574, 44.51857332114607], [11.359398286351228, 44.518033618491835], [11.359021121297248, 44.51804141349447], [11.359010227346948, 44.51777156207205], [11.35863306387804, 44.51777935575734], [11.358622171818261, 44.517509504247066], [11.358245009934429, 44.51751729661504], [11.358234119765124, 44.517247445016935], [11.357856959466371, 44.51725523606761], [11.357846071187492, 44.516985384381684], [11.357468912473824, 44.51699317411509], [11.357490685708727, 44.5175328776178], [11.357113523366909, 44.51754066625259], [11.357124408475519, 44.51781051805448], [11.357501572555133, 44.5178027293468], [11.357512459554181, 44.51807258106089], [11.357889625218972, 44.51806479103591], [11.357911403150704, 44.518604494273575], [11.358665740973665, 44.518588910198694], [11.358698419443774, 44.519398464505834], [11.358321245394913, 44.519406257384254], [11.358332136785778, 44.51967610886307], [11.357200608509178, 44.519699480250175], [11.35722238132103, 44.52023918360047], [11.356090841242677, 44.520262544224366], [11.35610172266343, 44.52053239609575], [11.3557245405941, 44.5205401805542], [11.355702781381236, 44.52000047665082], [11.355325602635439, 44.52000825971908], [11.35534735837222, 44.52054796376812], [11.354970175997828, 44.5205557457375], [11.354991928868508, 44.52109544987255], [11.353860370401867, 44.52111878875028], [11.353871241851557, 44.52138864101384], [11.353494053652984, 44.52139641822341], [11.353515793533314, 44.52193612285139], [11.35313860170598, 44.52194389896192], [11.353149470136547, 44.522213751326326], [11.353526663702095, 44.522205975143024], [11.353581016832262, 44.523555236377646], [11.353958218936814, 44.52354745858585], [11.35397996473259, 44.5240871628298], [11.356243195017893, 44.524040469067195], [11.356232311613546, 44.523770617389616], [11.356609514388769, 44.523762830812316], [11.356598629398682, 44.52349297919268], [11.356975830282943, 44.523485191443605], [11.356964943707167, 44.523215339881936], [11.35847373876429, 44.52318417673069], [11.358462845388035, 44.522914325445726], [11.35884004203225, 44.522906531619256]]]}}, {"type": "Feature", "properties": {"threshold": "ge_9", "source": "HistorySUHI", "period": "2013-2026", "hotspot_percentile": "top_10_pct", "label": ">= 9 estati"}, "geometry": {"type": "Polygon", "coordinates": [[[11.349301571960549, 44.52040247275273], [11.349312422096016, 44.520672325933525], [11.348935237284607, 44.52068008799023], [11.348967783389368, 44.521489647661156], [11.349344973415212, 44.52148188538656], [11.349334122823343, 44.521212032250446], [11.35122006197919, 44.521173202571994], [11.351187485044706, 44.520363644164334], [11.350810302732278, 44.520371412371084], [11.350799445796678, 44.520101559466035], [11.350045084191294, 44.52011709200058], [11.350055937650769, 44.52038694505098], [11.349301571960549, 44.52040247275273]]]}}, {"type": "Feature", "properties": {"threshold": "ge_9", "source": "HistorySUHI", "period": "2013-2026", "hotspot_percentile": "top_10_pct", "label": ">= 9 estati"}, "geometry": {"type": "Polygon", "coordinates": [[[11.338050803914443, 44.522253922798534], [11.338061602814358, 44.52252377806406], [11.337684403020775, 44.52253150321727], [11.337695200333764, 44.52280135854022], [11.338449603246197, 44.52278590684455], [11.338428001818293, 44.52224619647298], [11.338050803914443, 44.522253922798534]]]}}, {"type": "Feature", "properties": {"threshold": "ge_9", "source": "HistorySUHI", "period": "2013-2026", "hotspot_percentile": "top_10_pct", "label": ">= 9 estati"}, "geometry": {"type": "Polygon", "coordinates": [[[11.338471205279875, 44.52332561715663], [11.338460404187312, 44.52305576200803], [11.338083201068441, 44.5230634885505], [11.338094000422613, 44.523333343771405], [11.338471205279875, 44.52332561715663]]]}}, {"type": "Feature", "properties": {"threshold": "ge_9", "source": "HistorySUHI", "period": "2013-2026", "hotspot_percentile": "top_10_pct", "label": ">= 9 estati"}, "geometry": {"type": "Polygon", "coordinates": [[[11.338503609466267, 44.52413518251317], [11.339258029157023, 44.524119725115575], [11.339225614540025, 44.52331016019298], [11.338471205279875, 44.52332561715663], [11.338482006523888, 44.52359547229035], [11.33885921296811, 44.52358774435855], [11.338870016102009, 44.52385759940509], [11.33849280791935, 44.5238653274092], [11.338503609466267, 44.52413518251317]]]}}, {"type": "Feature", "properties": {"threshold": "ge_9", "source": "HistorySUHI", "period": "2013-2026", "hotspot_percentile": "top_10_pct", "label": ">= 9 estati"}, "geometry": {"type": "Polygon", "coordinates": [[[11.346813032645757, 44.524234730796614], [11.346769673779969, 44.52315531672561], [11.344883664661783, 44.523194074267884], [11.344894495458435, 44.523463928170656], [11.345271699324261, 44.523456179079034], [11.345282532011172, 44.5237260328944], [11.345659737463498, 44.52371828248557], [11.345681406769849, 44.52425798992659], [11.346813032645757, 44.524234730796614]]]}}, {"type": "Feature", "properties": {"threshold": "ge_9", "source": "HistorySUHI", "period": "2013-2026", "hotspot_percentile": "top_10_pct", "label": ">= 9 estati"}, "geometry": {"type": "Polygon", "coordinates": [[[11.336423818886209, 44.5287690666964], [11.336413025197473, 44.52849921141161], [11.336035786397714, 44.52850693193076], [11.336014202952006, 44.52796722117207], [11.335636967478633, 44.52797494030182], [11.335626177721586, 44.52770508482793], [11.336003411456137, 44.52769736577042], [11.335992620111588, 44.527427510353895], [11.334483691220912, 44.52745837882571], [11.334472906982784, 44.52718852310545], [11.333341213943239, 44.527211661171485], [11.333330435072611, 44.526941805219856], [11.332953205495873, 44.526949515346615], [11.332931651685502, 44.526409803254445], [11.332554425435111, 44.52641751199207], [11.33254365049529, 44.526147655851545], [11.331789201018669, 44.52616306944803], [11.331843059841196, 44.52751235072322], [11.332220293348785, 44.52750464418682], [11.332241841412795, 44.5280443564486], [11.33375078784279, 44.528013517276925], [11.33377235042213, 44.52855322890206], [11.33339511056359, 44.52856094070668], [11.33340589034112, 44.52883079656912], [11.33302864859251, 44.52883850720095], [11.333060983615193, 44.52964807491551], [11.333438230580686, 44.529640364067205], [11.333459791496228, 44.53018007565825], [11.33383704178859, 44.53017236342063], [11.333869389512941, 44.53098193047917], [11.334246644871339, 44.530974216779995], [11.334257429487655, 44.53124407236427], [11.335011943228983, 44.5312286410864], [11.335022731474822, 44.53149849651139], [11.336531764098476, 44.53146761872616], [11.33652096889608, 44.531197763590114], [11.33689822493447, 44.53119004110344], [11.33686583501829, 44.53038047582285], [11.337243085688039, 44.53037275230796], [11.337210691917383, 44.52956318711032], [11.33683344646466, 44.529570910408395], [11.336801059273505, 44.52876134486008], [11.336423818886209, 44.5287690666964]]]}}, {"type": "Feature", "properties": {"threshold": "ge_9", "source": "HistorySUHI", "period": "2013-2026", "hotspot_percentile": "top_10_pct", "label": ">= 9 estati"}, "geometry": {"type": "Polygon", "coordinates": [[[11.361594119592645, 44.53500301259387], [11.36156138322776, 44.53419346219565], [11.361184114472668, 44.53420126655651], [11.361173204396334, 44.533931416320904], [11.360418669905714, 44.53394702116127], [11.36040776346084, 44.533677170764726], [11.360030497725345, 44.53368497124427], [11.360019593172627, 44.53341512075982], [11.359642329023435, 44.53342291992129], [11.359620523855096, 44.532883218761675], [11.359997784525923, 44.53287541974616], [11.35997597649085, 44.53233571867285], [11.360730490417245, 44.53232011719865], [11.360686862269448, 44.531240715457], [11.359932362255497, 44.53125631634724], [11.359921459078894, 44.53098646572854], [11.358412464172506, 44.531017652277406], [11.358401568104705, 44.53074780135197], [11.35764707321264, 44.53076338701071], [11.35763618077555, 44.53049353592451], [11.357258934839361, 44.53050132681353], [11.357237153901256, 44.52996162445061], [11.356859911290217, 44.52996941394888], [11.356838134440709, 44.529429711380544], [11.355706416124917, 44.529453071968554], [11.355695533145738, 44.52918322044342], [11.35380934159528, 44.52922212949436], [11.353798467462894, 44.52895227759022], [11.353421230434108, 44.52896005559289], [11.35341035819302, 44.52869020360106], [11.352655887155759, 44.52870575572618], [11.352666755919195, 44.52897560786354], [11.352289518433118, 44.52898338213151], [11.352300385610103, 44.52925323432672], [11.351545906703114, 44.52926877927341], [11.351578498714954, 44.530078336205996], [11.351201253816214, 44.530086107030115], [11.351244705008833, 44.53116551635584], [11.351621956863553, 44.53115774524086], [11.351632821781578, 44.53142759746232], [11.351255568187803, 44.53143536865004], [11.351277295002744, 44.5319750731937], [11.351654552074702, 44.53196730186054], [11.351687148657106, 44.53277685834613], [11.352064410794158, 44.532769085549745], [11.352086146089354, 44.53330878965348], [11.352463411552431, 44.53330101546654], [11.352452542089413, 44.53303116349486], [11.352829805660848, 44.53302338813559], [11.352840676863087, 44.5332932400345], [11.353595207027029, 44.53327768543516], [11.353606081860189, 44.53354753717362], [11.353983348452664, 44.53353975793353], [11.353994225177583, 44.53380960958428], [11.354371493356794, 44.53380182902629], [11.354382371973518, 44.53407168058934], [11.354759641739458, 44.53406389871342], [11.354781402909198, 44.534603601649145], [11.355158676001183, 44.53459581838244], [11.355180441259975, 44.535135521112885], [11.355934993943535, 44.535119950552655], [11.355945880280633, 44.53538980174981], [11.358209545102996, 44.53534305974795], [11.358187751709004, 44.53480335821351], [11.358942298470138, 44.53478776787668], [11.358953198569429, 44.53505761850548], [11.359707748197842, 44.53504202304216], [11.359696844619865, 44.53477217255932], [11.36007411746539, 44.53476437303293], [11.360085022782707, 44.535034223442786], [11.361594119592645, 44.53500301259387]], [[11.356968804699191, 44.532667925896014], [11.357346064700522, 44.53266013566879], [11.357411418511145, 44.53427924168399], [11.356656877485069, 44.53429482176811], [11.356635099227653, 44.53375511953111], [11.356257831964106, 44.53376290755972], [11.35623605779593, 44.533223205117324], [11.355858793858177, 44.533230991755126], [11.355837023779033, 44.53269128910736], [11.35621428423842, 44.5326835026153], [11.356203397688658, 44.532413651341926], [11.356957914671142, 44.532398074768395], [11.356968804699191, 44.532667925896014]]]}}, {"type": "Feature", "properties": {"threshold": "ge_9", "source": "HistorySUHI", "period": "2013-2026", "hotspot_percentile": "top_10_pct", "label": ">= 9 estati"}, "geometry": {"type": "Polygon", "coordinates": [[[11.348788425551248, 44.53580737492405], [11.348755865686654, 44.53499781718569], [11.348378588264694, 44.53500557935746], [11.348356885928037, 44.53446587397878], [11.34760233758517, 44.53448139429633], [11.347591490123788, 44.53421154143942], [11.34721421746352, 44.53421929965787], [11.347170836096272, 44.5331398877909], [11.346793570241088, 44.53314764447386], [11.346771883948392, 44.53260793830585], [11.3463946214196, 44.53261569359857], [11.346383780240517, 44.53234584041966], [11.346006519298887, 44.532353594394735], [11.345995680010992, 44.532083741128375], [11.344863901491726, 44.5321069953656], [11.344896404158662, 44.532916555772836], [11.34451913913076, 44.532924304912676], [11.344551637947259, 44.533733865403455], [11.344928908192976, 44.53372611604609], [11.344950578308874, 44.53426582282047], [11.345327851881317, 44.5342580720729], [11.34534952608375, 44.53479777864266], [11.345726802982979, 44.534790026504886], [11.345737642051567, 44.535059879694884], [11.345360363412928, 44.53506763190523], [11.345392876312317, 44.53587719160351], [11.345015592303305, 44.53588494278626], [11.345026428500885, 44.53615479606179], [11.345403714249413, 44.536147044806505], [11.345425390579562, 44.536686751167814], [11.345802679655197, 44.53667899852221], [11.345813519787841, 44.53694885160799], [11.346190810451041, 44.53694109764457], [11.346201652475312, 44.53721095064289], [11.34846540369835, 44.5371644002763], [11.348476256312392, 44.537434252824134], [11.349608135088486, 44.53741096061176], [11.349629851211029, 44.5379506652268], [11.350007147311175, 44.5379428985201], [11.350018007340529, 44.538212750732605], [11.350772602563252, 44.53819721343791], [11.35071828654317, 44.53684795295337], [11.350340997706088, 44.53685572185987], [11.350319275843491, 44.53631601741636], [11.349941990333178, 44.53632378493223], [11.349931131369845, 44.53605393261545], [11.349176563371419, 44.53606946376618], [11.349165708039331, 44.535799611289164], [11.348788425551248, 44.53580737492405]]]}}, {"type": "Feature", "properties": {"threshold": "ge_9", "source": "HistorySUHI", "period": "2013-2026", "hotspot_percentile": "top_10_pct", "label": ">= 9 estati"}, "geometry": {"type": "Polygon", "coordinates": [[[11.354103000816094, 44.536508125272086], [11.354113879218936, 44.53677797675889], [11.354491166531576, 44.536770195399974], [11.354502046826518, 44.537040046799056], [11.354879335726128, 44.53703226412208], [11.354846690080464, 44.53622271009859], [11.354092122565806, 44.53623827377038], [11.35407036652287, 44.53569857072224], [11.353315805355889, 44.53571412912201], [11.353337554440952, 44.53625383246132], [11.353714838579641, 44.53624605373845], [11.353725715090427, 44.53651590531297], [11.354103000816094, 44.536508125272086]]]}}, {"type": "Feature", "properties": {"threshold": "ge_9", "source": "HistorySUHI", "period": "2013-2026", "hotspot_percentile": "top_10_pct", "label": ">= 9 estati"}, "geometry": {"type": "Polygon", "coordinates": [[[11.360172270826858, 44.53719302618481], [11.360150457898182, 44.5366533255888], [11.359773172876768, 44.536661125626104], [11.3597949823264, 44.53720082636808], [11.360172270826858, 44.53719302618481]]]}}, {"type": "Feature", "properties": {"threshold": "ge_9", "source": "HistorySUHI", "period": "2013-2026", "hotspot_percentile": "top_10_pct", "label": ">= 9 estati"}, "geometry": {"type": "Polygon", "coordinates": [[[11.358996800495163, 44.5361370208715], [11.358619518494029, 44.53614481702724], [11.358630417618148, 44.53641466765442], [11.358253133724702, 44.53642246263791], [11.358285826795573, 44.53723201464878], [11.357908537530738, 44.53723980860585], [11.357919433787107, 44.53750965931924], [11.358296724791513, 44.53750186528924], [11.358318521241882, 44.53804156652545], [11.358695815572672, 44.5380337711043], [11.358674015643091, 44.53749407001399], [11.359051306341813, 44.53748627349347], [11.359062207969767, 44.53775612397314], [11.359439500255199, 44.537748326134405], [11.35938498494649, 44.536399073951834], [11.359007701358752, 44.53640687142572], [11.358996800495163, 44.5361370208715]]]}}, {"type": "Feature", "properties": {"threshold": "ge_9", "source": "HistorySUHI", "period": "2013-2026", "hotspot_percentile": "top_10_pct", "label": ">= 9 estati"}, "geometry": {"type": "Polygon", "coordinates": [[[11.349640709500706, 44.53822051751198], [11.349629851211029, 44.5379506652268], [11.349252554958612, 44.53795843068821], [11.349263411508609, 44.538228283046045], [11.349640709500706, 44.53822051751198]]]}}, {"type": "Feature", "properties": {"threshold": "ge_9", "source": "HistorySUHI", "period": "2013-2026", "hotspot_percentile": "top_10_pct", "label": ">= 9 estati"}, "geometry": {"type": "Polygon", "coordinates": [[[11.348940389699276, 44.53958530926385], [11.34888611336426, 44.538236047334806], [11.348508815067689, 44.53824381037825], [11.34851966829052, 44.53851366286649], [11.348142368102032, 44.53852142473726], [11.348164071524812, 44.53906112981433], [11.348541375192797, 44.539053367798296], [11.348563082703912, 44.53959307267053], [11.348940389699276, 44.53958530926385]]]}}, {"type": "Feature", "properties": {"threshold": "ge_9", "source": "HistorySUHI", "period": "2013-2026", "hotspot_percentile": "top_10_pct", "label": ">= 9 estati"}, "geometry": {"type": "Polygon", "coordinates": [[[11.339184412365803, 44.5411360240697], [11.339195223611132, 44.54140587822147], [11.338440580689966, 44.54142133989725], [11.338473004895269, 44.542230902697334], [11.338850331651864, 44.542223172265174], [11.338861141763577, 44.54249302642976], [11.339615798302157, 44.542477561684194], [11.339626612045757, 44.542747415689206], [11.340758600936553, 44.54272420901229], [11.340769420052286, 44.54299406278526], [11.342278743409587, 44.54296310282226], [11.342267917333256, 44.542693249339024], [11.343022574620733, 44.542677762029236], [11.34295760047039, 44.54105864168663], [11.342580282342912, 44.54106638552948], [11.342569455589357, 44.54079653201451], [11.340305554076604, 44.54084296848257], [11.340316370390283, 44.5411128224321], [11.339184412365803, 44.5411360240697]]]}}, {"type": "Feature", "properties": {"threshold": "ge_9", "source": "HistorySUHI", "period": "2013-2026", "hotspot_percentile": "top_10_pct", "label": ">= 9 estati"}, "geometry": {"type": "Polygon", "coordinates": [[[11.351261618173915, 44.550340541036135], [11.351272488693287, 44.55061039241781], [11.350895111106846, 44.55061816503278], [11.350916849121333, 44.55115786789692], [11.350539467900786, 44.551165639411494], [11.350572070843205, 44.5519751938141], [11.350194684247551, 44.55198296430095], [11.350203769923336, 44.552208596398934], [11.350366045329089, 44.552203032444936], [11.35062519269056, 44.55217068875596], [11.350702987417971, 44.55214883110882], [11.351516964051894, 44.55202962639874], [11.351520481148464, 44.552029112822936], [11.351639251707356, 44.55200246731962], [11.35168653929662, 44.551991833434606], [11.351799243703736, 44.551957435543095], [11.351937388343822, 44.551890446442535], [11.352398254234641, 44.551611441802656], [11.352398280118633, 44.55161145927426], [11.352607787653128, 44.55202684748442], [11.352607801320397, 44.55202687421027], [11.35269243729717, 44.5522015867749], [11.352847265613168, 44.552198395730386], [11.352803752936865, 44.551118991636095], [11.3524263724788, 44.551126769379984], [11.352393744795979, 44.550317215934435], [11.351261618173915, 44.550340541036135]]]}}, {"type": "Feature", "properties": {"threshold": "ge_9", "source": "HistorySUHI", "period": "2013-2026", "hotspot_percentile": "top_10_pct", "label": ">= 9 estati"}, "geometry": {"type": "Polygon", "coordinates": [[[11.355866359491303, 44.55213612659776], [11.355855467166034, 44.55186627617922], [11.355478082706629, 44.55187406410857], [11.355467192275013, 44.55160421360225], [11.35471242637976, 44.55161978557757], [11.354734200432143, 44.55215948686674], [11.353979426962487, 44.552175054149906], [11.354011996784244, 44.55298257442454], [11.354194764469455, 44.55288196544886], [11.354197607126377, 44.55288096155957], [11.354405027068383, 44.55280785043769], [11.35453031910089, 44.55276340449905], [11.354535855249216, 44.55276144479301], [11.354543103806042, 44.552758864602374], [11.354702912630271, 44.552702120273835], [11.354706114154524, 44.55270158610194], [11.354876909101204, 44.552670623146355], [11.355139055936295, 44.552602485376426], [11.355144773369037, 44.55260096302336], [11.355101216412693, 44.55249125688679], [11.355100349001258, 44.55248910517879], [11.355595576181273, 44.55236017070299], [11.356246437872333, 44.55219502611084], [11.356243745538842, 44.55212833734964], [11.355866359491303, 44.55213612659776]]]}}, {"type": "Feature", "properties": {"threshold": "ge_9", "source": "HistorySUHI", "period": "2013-2026", "hotspot_percentile": "top_10_pct", "label": ">= 9 estati"}, "geometry": {"type": "Polygon", "coordinates": [[[11.373392395249548, 44.46291776488558], [11.373015589040742, 44.46292559850161], [11.373004651531513, 44.46265574719396], [11.3722510421197, 44.46267141055347], [11.372261976163383, 44.462941262007696], [11.372638782678678, 44.46293343087565], [11.372649718608368, 44.46320328224168], [11.373403334644827, 44.463187616104996], [11.373392395249548, 44.46291776488558]]]}}, {"type": "Feature", "properties": {"threshold": "ge_9", "source": "HistorySUHI", "period": "2013-2026", "hotspot_percentile": "top_10_pct", "label": ">= 9 estati"}, "geometry": {"type": "Polygon", "coordinates": [[[11.374943404777726, 44.46396582161614], [11.374566592250911, 44.46397366049357], [11.374555647197191, 44.46370380953896], [11.374178836249868, 44.463711647101015], [11.374167893082342, 44.46344179605811], [11.37379108371452, 44.4634496323048], [11.373780142433143, 44.46317978117365], [11.373403334644827, 44.463187616104996], [11.373425213895239, 44.463727318499025], [11.373048402487978, 44.46373515233498], [11.373059340610249, 44.4640050035829], [11.373436153750378, 44.46399716967363], [11.373468974235545, 44.464806723107856], [11.373845792421118, 44.464798887736585], [11.373856734622397, 44.46506873877813], [11.374987193457942, 44.465045224991805], [11.374943404777726, 44.46396582161614]]]}}, {"type": "Feature", "properties": {"threshold": "ge_9", "source": "HistorySUHI", "period": "2013-2026", "hotspot_percentile": "top_10_pct", "label": ">= 9 estati"}, "geometry": {"type": "Polygon", "coordinates": [[[11.372710403896454, 44.474005158774474], [11.37272134437712, 44.47427500960154], [11.373098223690828, 44.474267175391006], [11.373109166058626, 44.47453702612981], [11.374239808281043, 44.474513515823254], [11.374228860711813, 44.47424366530445], [11.37460573941201, 44.47423582612397], [11.374583841266245, 44.47369612518825], [11.374206966033586, 44.47370396422201], [11.374185071968999, 44.47316426307984], [11.371923838157073, 44.47321127031097], [11.3719566482767, 44.47402082332152], [11.372710403896454, 44.474005158774474]]]}}, {"type": "Feature", "properties": {"threshold": "ge_9", "source": "HistorySUHI", "period": "2013-2026", "hotspot_percentile": "top_10_pct", "label": ">= 9 estati"}, "geometry": {"type": "Polygon", "coordinates": [[[11.381598185780692, 44.47922163919339], [11.381576219372015, 44.478681941470576], [11.380822408394515, 44.47869766581924], [11.380844367866453, 44.479237363836354], [11.381598185780692, 44.47922163919339]]]}}, {"type": "Feature", "properties": {"threshold": "ge_9", "source": "HistorySUHI", "period": "2013-2026", "hotspot_percentile": "top_10_pct", "label": ">= 9 estati"}, "geometry": {"type": "Polygon", "coordinates": [[[11.390743183735689, 44.481461178853074], [11.39036626294811, 44.48146907228452], [11.390355238390596, 44.48119922526081], [11.389601399820656, 44.48121500824775], [11.38961242090946, 44.48148485541915], [11.389235499658437, 44.481492745122345], [11.38925753883063, 44.4820324395679], [11.389634463550445, 44.48202454971706], [11.389623442152722, 44.481754702575586], [11.390000364983669, 44.48174681155581], [11.390011388115797, 44.48201665862343], [11.39038831252666, 44.48200876628703], [11.390377287660131, 44.48173891929326], [11.390754210182086, 44.481731025787944], [11.390743183735689, 44.481461178853074]]]}}, {"type": "Feature", "properties": {"threshold": "ge_9", "source": "HistorySUHI", "period": "2013-2026", "hotspot_percentile": "top_10_pct", "label": ">= 9 estati"}, "geometry": {"type": "Polygon", "coordinates": [[[11.397583021337242, 44.48266811244525], [11.397571963052641, 44.48239826690184], [11.398325812467261, 44.48238243097951], [11.398314750868845, 44.482112585569304], [11.398691673609235, 44.482104665818106], [11.398680610431471, 44.48183482046703], [11.399057531282448, 44.4818268995472], [11.39902433747646, 44.48101736362647], [11.398647421828437, 44.48102528432395], [11.398636359270835, 44.48075543891296], [11.397882530978249, 44.480771276431575], [11.397893590067302, 44.48104112199077], [11.397139757686217, 44.48105695468674], [11.397150813461655, 44.48132680037913], [11.396773895304383, 44.481334714937105], [11.396784949500432, 44.48160456068857], [11.3956541888962, 44.48162829712826], [11.395665238044087, 44.481898143086866], [11.395288315798583, 44.48190605282196], [11.39529936336693, 44.48217589883961], [11.395676287346827, 44.48216798903049], [11.395687336804418, 44.482437834959136], [11.396064262363872, 44.48242992383323], [11.396075313710755, 44.48269976967288], [11.39682916783386, 44.48268394354463], [11.396840222804538, 44.4829537892212], [11.397217151368158, 44.482945874218835], [11.397206094663028, 44.48267602861633], [11.397583021337242, 44.48266811244525]]]}}, {"type": "Feature", "properties": {"threshold": "ge_9", "source": "HistorySUHI", "period": "2013-2026", "hotspot_percentile": "top_10_pct", "label": ">= 9 estati"}, "geometry": {"type": "Polygon", "coordinates": [[[11.394922439232207, 44.48218380740596], [11.394933485220967, 44.48245365348263], [11.395310411090106, 44.48244574484228], [11.39529936336693, 44.48217589883961], [11.394922439232207, 44.48218380740596]]]}}, {"type": "Feature", "properties": {"threshold": "ge_9", "source": "HistorySUHI", "period": "2013-2026", "hotspot_percentile": "top_10_pct", "label": ">= 9 estati"}, "geometry": {"type": "Polygon", "coordinates": [[[11.37540982213725, 44.48475213914313], [11.375387908550099, 44.48421243951935], [11.37425707994859, 44.484235965204924], [11.374278983127448, 44.48477566526901], [11.37540982213725, 44.48475213914313]]]}}, {"type": "Feature", "properties": {"threshold": "ge_9", "source": "HistorySUHI", "period": "2013-2026", "hotspot_percentile": "top_10_pct", "label": ">= 9 estati"}, "geometry": {"type": "Polygon", "coordinates": [[[11.395431946264514, 44.48541404988331], [11.395398798449682, 44.484604512324545], [11.395021858704334, 44.484612421556974], [11.394966624116103, 44.48326319162282], [11.394589692888752, 44.48327109924237], [11.394578648170054, 44.48300125313663], [11.393824788719995, 44.48301706449935], [11.39384687137415, 44.483556756991796], [11.393469937947975, 44.48356466095687], [11.393480977772619, 44.48383450725459], [11.393104042457171, 44.48384241005079], [11.393115080701962, 44.4841122564075], [11.392361206137839, 44.48412805841922], [11.392416382335854, 44.485477290717576], [11.392793328368525, 44.485469389963484], [11.392815403399855, 44.48600908263017], [11.393192352747302, 44.48600118048528], [11.393214431866985, 44.48654087294419], [11.393591384529278, 44.48653296940844], [11.393613467737522, 44.487072661659546], [11.39399042371472, 44.4870647567329], [11.394001467285836, 44.487334602762026], [11.394755382245593, 44.48731878903182], [11.39476642944126, 44.48758863489798], [11.39627426444212, 44.48755699222558], [11.396252156326703, 44.48701730107045], [11.396629111219939, 44.48700938744296], [11.396618055659799, 44.48673954191699], [11.396241102501385, 44.48674745547042], [11.396207941954946, 44.48593791858049], [11.395830993845935, 44.48594583066885], [11.395808891058982, 44.48540613918594], [11.395431946264514, 44.48541404988331]]]}}, {"type": "Feature", "properties": {"threshold": "ge_9", "source": "HistorySUHI", "period": "2013-2026", "hotspot_percentile": "top_10_pct", "label": ">= 9 estati"}, "geometry": {"type": "Polygon", "coordinates": [[[11.387681283332354, 44.48962759646637], [11.387670268019253, 44.489357749300986], [11.387293295534574, 44.48936563368696], [11.387315322844938, 44.48990532815033], [11.38806927460036, 44.489889557840144], [11.388058257397743, 44.4896197107635], [11.387681283332354, 44.48962759646637]]]}}, {"type": "Feature", "properties": {"threshold": "ge_9", "source": "HistorySUHI", "period": "2013-2026", "hotspot_percentile": "top_10_pct", "label": ">= 9 estati"}, "geometry": {"type": "Polygon", "coordinates": [[[11.380639562746106, 44.49274552185914], [11.380661531286123, 44.49328521861585], [11.381792529485562, 44.49326162576588], [11.38174857219625, 44.49218223307576], [11.381371579892134, 44.49219009830796], [11.381360592690237, 44.49192025002445], [11.38060661109076, 44.49193597661196], [11.380628578707036, 44.492475673458365], [11.380251584205594, 44.49248353503441], [11.380262566509247, 44.49275338350875], [11.380639562746106, 44.49274552185914]]]}}, {"type": "Feature", "properties": {"threshold": "ge_9", "source": "HistorySUHI", "period": "2013-2026", "hotspot_percentile": "top_10_pct", "label": ">= 9 estati"}, "geometry": {"type": "Polygon", "coordinates": [[[11.37202333331597, 44.494275275477364], [11.371646324867017, 44.49428310889806], [11.371635381711823, 44.494013258809545], [11.370881367824982, 44.49402892177431], [11.370925127480971, 44.495108322625036], [11.37205616890884, 44.495084825433366], [11.37202333331597, 44.494275275477364]]]}}, {"type": "Feature", "properties": {"threshold": "ge_9", "source": "HistorySUHI", "period": "2013-2026", "hotspot_percentile": "top_10_pct", "label": ">= 9 estati"}, "geometry": {"type": "Polygon", "coordinates": [[[11.392414677861213, 44.49465996244619], [11.392392599868899, 44.49412027044183], [11.39201559800348, 44.49412817107553], [11.392037672524754, 44.49466786322774], [11.392414677861213, 44.49465996244619]]]}}, {"type": "Feature", "properties": {"threshold": "ge_9", "source": "HistorySUHI", "period": "2013-2026", "hotspot_percentile": "top_10_pct", "label": ">= 9 estati"}, "geometry": {"type": "Polygon", "coordinates": [[[11.398468876333318, 44.49507307042691], [11.398457809181396, 44.49480322564666], [11.398080804588036, 44.4948111463952], [11.398069739326752, 44.49454130152587], [11.397315733145795, 44.49455713914481], [11.397304671510595, 44.494287294112304], [11.396550668180453, 44.49430312660992], [11.396539610171246, 44.49403328141427], [11.395785609692082, 44.49404910879063], [11.395818773771662, 44.494858644776954], [11.395441768093127, 44.49486655682233], [11.395430714980517, 44.4945967114345], [11.394676706629758, 44.494612531647256], [11.394687756271294, 44.49488237718314], [11.393933743829946, 44.49489819257067], [11.393944790155228, 44.495168038239576], [11.393567781966723, 44.495175944142346], [11.393556737377011, 44.49490609839946], [11.392048710017452, 44.4949377092814], [11.392059747664858, 44.49520755532008], [11.393190773623411, 44.49518384880179], [11.393201816632336, 44.495453694603654], [11.392447796010176, 44.49546950034043], [11.392458835702637, 44.49573934627524], [11.392835847826726, 44.495731443954575], [11.392846889409581, 44.49600128980047], [11.393223903114551, 44.49599338616249], [11.39321285979605, 44.49572354039056], [11.393966883270298, 44.495707729532455], [11.393955836635346, 44.495437883893494], [11.39470985601901, 44.495422068209976], [11.394743006802223, 44.49623160463791], [11.395497035980151, 44.49621578353688], [11.395508090022368, 44.49648562883487], [11.39588510611461, 44.496477716345254], [11.395896162047473, 44.49674756155421], [11.396273179720449, 44.49673964774717], [11.396284237544009, 44.4970094928671], [11.39666125679771, 44.497001577742594], [11.396672316512012, 44.49727142277349], [11.397426358025811, 44.497255588646105], [11.397415294840023, 44.49698574376338], [11.397792313628587, 44.496977824908676], [11.39775911979457, 44.49616829039293], [11.398513146492276, 44.496152449398025], [11.39850207871984, 44.4958826046777], [11.398125067184179, 44.49589052572273], [11.398091870004418, 44.495080991249566], [11.398468876333318, 44.49507307042691]]]}}, {"type": "Feature", "properties": {"threshold": "ge_9", "source": "HistorySUHI", "period": "2013-2026", "hotspot_percentile": "top_10_pct", "label": ">= 9 estati"}, "geometry": {"type": "Polygon", "coordinates": [[[11.403458667789366, 44.49712873657663], [11.403447576832084, 44.49685889288092], [11.403070560372491, 44.49686683038648], [11.403081649594071, 44.497136674156444], [11.403458667789366, 44.49712873657663]]]}}, {"type": "Feature", "properties": {"threshold": "ge_9", "source": "HistorySUHI", "period": "2013-2026", "hotspot_percentile": "top_10_pct", "label": ">= 9 estati"}, "geometry": {"type": "Polygon", "coordinates": [[[11.404589721442381, 44.49710491637682], [11.404578625278019, 44.49683507290402], [11.403824593136221, 44.49685095413199], [11.403835685829197, 44.49712079775342], [11.404589721442381, 44.49710491637682]]]}}, {"type": "Feature", "properties": {"threshold": "ge_9", "source": "HistorySUHI", "period": "2013-2026", "hotspot_percentile": "top_10_pct", "label": ">= 9 estati"}, "geometry": {"type": "Polygon", "coordinates": [[[11.39326807793652, 44.4970727691005], [11.393257033998829, 44.49680292338844], [11.392880015086769, 44.4968108272483], [11.392868973039601, 44.49654098144733], [11.391737920582035, 44.49656468534466], [11.391726883896746, 44.496294839306906], [11.391349867837164, 44.4963027380453], [11.391360902786746, 44.49657258415698], [11.390229848472913, 44.49659627313353], [11.39024087836996, 44.49686611945189], [11.389863858220366, 44.496874013364476], [11.389874886536255, 44.497143859741755], [11.38949786449631, 44.49715175248477], [11.389530945164042, 44.49796129174838], [11.38990797241144, 44.497953398783785], [11.38993003043452, 44.49849309140367], [11.390307060999076, 44.49848519704785], [11.390318091978424, 44.49875504326146], [11.39107215611546, 44.49873925067163], [11.391083190721298, 44.499009096722496], [11.391837257711494, 44.49899329901086], [11.391826219633801, 44.49872345310782], [11.392580282533254, 44.498707650570054], [11.392569241138489, 44.49843780479994], [11.393323299947076, 44.49842199743613], [11.393301210678421, 44.49788230614679], [11.393678236378799, 44.497874400747634], [11.393645098429522, 44.497064863923256], [11.39326807793652, 44.4970727691005]]]}}, {"type": "Feature", "properties": {"threshold": "ge_9", "source": "HistorySUHI", "period": "2013-2026", "hotspot_percentile": "top_10_pct", "label": ">= 9 estati"}, "geometry": {"type": "Polygon", "coordinates": [[[11.411065756315223, 44.498588776801576], [11.411054629708804, 44.49831893468385], [11.41143165331289, 44.49831097062052], [11.411398269222161, 44.49750144440088], [11.411021250825296, 44.49750940824063], [11.410998999016057, 44.49696972387015], [11.408736906188983, 44.4970174799038], [11.408803601001603, 44.49863653551655], [11.408426574570498, 44.49864449095037], [11.408437689182115, 44.498914333574426], [11.40768363238088, 44.498930240860545], [11.407705855128015, 44.4994699263614], [11.407328823022013, 44.4994778782881], [11.407351042920306, 44.50001756387776], [11.407728078498158, 44.500009611802255], [11.407716966735208, 44.499739769089324], [11.408848067326325, 44.49971590562506], [11.40883695051141, 44.49944606312044], [11.409213981994256, 44.49943810621983], [11.409191745360168, 44.49889842131449], [11.40956877321544, 44.49889046331934], [11.409557653396337, 44.49862062091865], [11.411065756315223, 44.498588776801576]]]}}, {"type": "Feature", "properties": {"threshold": "ge_9", "source": "HistorySUHI", "period": "2013-2026", "hotspot_percentile": "top_10_pct", "label": ">= 9 estati"}, "geometry": {"type": "Polygon", "coordinates": [[[11.399677405244498, 44.496938211984165], [11.399699552600069, 44.497477900845055], [11.399322531115747, 44.497485826065066], [11.39933360329059, 44.49775567054719], [11.398579556384824, 44.49777151740525], [11.398601694256858, 44.49831120662115], [11.3982246670996, 44.498319128333286], [11.398235734532495, 44.498588972992884], [11.398612763425605, 44.49858105120662], [11.398634902228581, 44.49912074033262], [11.39901193443831, 44.49911281715461], [11.399023005808468, 44.499382661621006], [11.398645971862814, 44.49939058487317], [11.398668111596786, 44.49993027390928], [11.398291074024039, 44.49993819606619], [11.398313210906673, 44.500477885190634], [11.397936169706751, 44.50048580625227], [11.397947236644747, 44.500755650866154], [11.39757019355364, 44.500763570758345], [11.397592324422845, 44.50130326008938], [11.397215277704447, 44.501311178886205], [11.39722634163559, 44.50158102360335], [11.39684929302597, 44.50158894123068], [11.396871417881192, 44.50212863076821], [11.396494365644166, 44.502136547300104], [11.396516487647236, 44.50267623692587], [11.396139431782716, 44.50268415236228], [11.39615049128057, 44.502953997226776], [11.395773433524763, 44.502961911493585], [11.395784491441363, 44.50323175641715], [11.393522131234453, 44.50327921634515], [11.393533178888148, 44.503549061697846], [11.392779054107352, 44.50356487187235], [11.392790098443205, 44.503834717358025], [11.39241303408421, 44.50384262065368], [11.392424076838504, 44.50411246619834], [11.389407542504767, 44.50417564838118], [11.389418571522514, 44.5044454945021], [11.388664432919688, 44.5044612777582], [11.38868648447314, 44.50500097025054], [11.387178191521173, 44.50503252242829], [11.387156153859522, 44.504492829345445], [11.387533223856316, 44.50448494331426], [11.387522203520742, 44.5042150968242], [11.387899271626612, 44.50420720962306], [11.3878772279461, 44.50366751674566], [11.388254292424659, 44.50365962844841], [11.388232245889453, 44.50311993565879], [11.388609306740785, 44.503112046265485], [11.38858725735106, 44.50257235356364], [11.388964314575249, 44.50256446307434], [11.388931236440994, 44.50175492413086], [11.389308288301912, 44.50174703261943], [11.389297260830089, 44.50147718634885], [11.38892021070536, 44.50148507778644], [11.388909185124277, 44.501215231427054], [11.388155087883511, 44.50123101042373], [11.38816610999226, 44.50150085693077], [11.387789059403941, 44.5015087446375], [11.38781110061254, 44.50204843775432], [11.38743404639732, 44.502056324365036], [11.387445065497104, 44.50232617097479], [11.387068009391172, 44.50233405641564], [11.387079026909147, 44.50260390308423], [11.3867019689125, 44.5026117873552], [11.386712984848618, 44.50288163408261], [11.38633592496125, 44.502889517183675], [11.386346939315462, 44.50315936396989], [11.385969877537367, 44.503167245901025], [11.385980890309627, 44.50343709274603], [11.3856038266408, 44.50344497350722], [11.385614837831058, 44.50371482041103], [11.384860706557598, 44.5037305783497], [11.384871714429392, 44.504000425385996], [11.384117579065876, 44.504016178497196], [11.384128583619104, 44.50428602566594], [11.383751513969498, 44.50429390042962], [11.383784523345312, 44.5051034420672], [11.384538672909198, 44.50508769085393], [11.384549679816036, 44.50535753788915], [11.385680908214173, 44.50533390151965], [11.385691920484978, 44.50560374831875], [11.387577306743498, 44.5055643291249], [11.387566285789966, 44.50529448269469], [11.388320435738995, 44.505278706458185], [11.388353509482448, 44.50608824526107], [11.389107669232644, 44.50607246360641], [11.389118697596096, 44.506342309696436], [11.389495778975908, 44.50633441692953], [11.38950680923059, 44.506604262930715], [11.39026097499955, 44.50658847351769], [11.39024994127163, 44.50631862766424], [11.391381183555096, 44.50629493443763], [11.391359106143812, 44.50575524312925], [11.392113259946145, 44.50573944172149], [11.392102217999549, 44.5054695961927], [11.392856367709662, 44.505453789957684], [11.392867413129316, 44.50572363533855], [11.393621565693135, 44.505707823980465], [11.393632614740723, 44.50597766919841], [11.394009692526856, 44.505969761579685], [11.394020743465903, 44.50623960670866], [11.394397822833689, 44.50623169777213], [11.394408875664242, 44.50650154281212], [11.39667135903582, 44.506454062628755], [11.39666029578578, 44.50618421803305], [11.397037374068466, 44.506176300389896], [11.397026309236967, 44.505906455853314], [11.397780461863894, 44.50589061698383], [11.397769393714464, 44.50562077258046], [11.397392319215086, 44.505628692562986], [11.397381252957306, 44.505358848070536], [11.397758325720192, 44.50535092816213], [11.39774725788107, 44.5050810837288], [11.397370186854653, 44.50508900356311], [11.397336989477436, 44.50427946995093], [11.397714055294589, 44.504271550338956], [11.397725122668271, 44.504541394817224], [11.39810219006668, 44.50453347388741], [11.398124328752338, 44.50507316265075], [11.398501399468431, 44.50506524032896], [11.398512470780483, 44.50533508461402], [11.398889543077841, 44.50532716097434], [11.39890061628158, 44.505597005170266], [11.399654763883557, 44.5055811540113], [11.399676917702791, 44.50612084206158], [11.400808148360197, 44.50609705554973], [11.400819230712377, 44.5063668993298], [11.401573387180333, 44.506351035287864], [11.401584473161003, 44.506620878904506], [11.402338632480458, 44.506605009738905], [11.402349722089703, 44.506874853192066], [11.402726803252838, 44.50686691666928], [11.40273789475415, 44.507136760033205], [11.403492060087146, 44.50712088310767], [11.403503155217193, 44.507390726307996], [11.403880239387023, 44.5073827859052], [11.403869142520357, 44.50711294277916], [11.404246224798007, 44.50710500120684], [11.404257323401291, 44.507374844258564], [11.404634407259975, 44.507366901368094], [11.404645507755488, 44.50763674433051], [11.405776763607681, 44.50761290797311], [11.405787869468785, 44.50788275069748], [11.407673301458315, 44.50784299818646], [11.407662186913967, 44.50757315583407], [11.408416355146004, 44.50755724627164], [11.408405237284232, 44.507287404053116], [11.408028154982745, 44.50729535938179], [11.408005923199918, 44.50675567475089], [11.40762884421576, 44.506763628686905], [11.40760661652929, 44.506223943847125], [11.407229540862401, 44.50623189639052], [11.407196205710562, 44.50542236879512], [11.406819135097335, 44.50543031987153], [11.406808025428008, 44.505160477235336], [11.40718509430481, 44.505152526233324], [11.407162871960578, 44.50461284106475], [11.40678580655656, 44.504620791917965], [11.40677469735443, 44.50435094923678], [11.40639763353104, 44.50435889877189], [11.40638652622097, 44.50408905600132], [11.404124150429773, 44.504136726648305], [11.40409086068704, 44.50332719690841], [11.4037138027195, 44.50333513744042], [11.403702708185941, 44.5030652940895], [11.404456820492967, 44.50304941193044], [11.404445722642468, 44.50277956871315], [11.40482277682642, 44.50277162584249], [11.404778380035397, 44.50169225312069], [11.404024285401258, 44.501708137023854], [11.40403538089338, 44.50197798037542], [11.403658331606868, 44.50198592053593], [11.40364723785088, 44.50171607711005], [11.403270190144998, 44.50172401595267], [11.40328128216485, 44.501993859452824], [11.402904232567346, 44.50200179712613], [11.402915323006521, 44.50227164068557], [11.402161219872825, 44.50228751244989], [11.40217230699508, 44.502557356142866], [11.401795253458904, 44.502565290233846], [11.401784168072842, 44.50229544646662], [11.401030064006731, 44.50231131076924], [11.401018982248408, 44.50204146683859], [11.400641931718505, 44.502049397050264], [11.400630851851677, 44.50177955303041], [11.400253802902617, 44.501787481924275], [11.400231647107129, 44.501247793691235], [11.399854601475027, 44.50125572119313], [11.399821374154593, 44.50044618850863], [11.400198414578508, 44.50043826122927], [11.40018733737952, 44.50016841704532], [11.400941414289484, 44.50015255890438], [11.400930333773797, 44.49988271485382], [11.401307370259829, 44.499874783992276], [11.401296288163504, 44.49960494000095], [11.401673322758239, 44.49959700797011], [11.401662239081324, 44.49932716403802], [11.402416304332824, 44.49931129639432], [11.402427391481591, 44.499581140177916], [11.402804425610162, 44.49957320441658], [11.402793336725471, 44.49930336070723], [11.403547401044442, 44.4992874856026], [11.403525216797831, 44.49874779843606], [11.403902245252349, 44.4987398591671], [11.40389115162642, 44.49847001563563], [11.40464520459725, 44.49845413351598], [11.404656301694855, 44.49872397689883], [11.405033329682794, 44.498716033899505], [11.405022230849355, 44.49844619059098], [11.40539925694589, 44.498438246422545], [11.405388156532217, 44.498168403173366], [11.405765180737351, 44.49816045783584], [11.405776282886828, 44.498430301010664], [11.406530334301822, 44.4984144064566], [11.406541440078568, 44.498684249467686], [11.407295494342526, 44.498668349791096], [11.40727327600147, 44.49812866405145], [11.407650299428274, 44.498120712496785], [11.40762807823857, 44.49758102684596], [11.408005098038132, 44.49757307419673], [11.407993985941166, 44.49730323142324], [11.40761696787732, 44.497311183998065], [11.40759474762201, 44.49677149825725], [11.406840717969882, 44.49678739937915], [11.40682961154711, 44.496517556337444], [11.405698571108358, 44.49654139847194], [11.405687470048148, 44.49627155519215], [11.404933445782202, 44.496287443583014], [11.404966739015682, 44.497096973823446], [11.404589721442381, 44.49710491637682], [11.404600817762276, 44.49737475983464], [11.40497783707129, 44.497366817206945], [11.40500003364919, 44.49790650392895], [11.404623010868677, 44.497914446705295], [11.404634107655193, 44.49818429011813], [11.403880058155986, 44.49820017208917], [11.403857871681609, 44.497660484951275], [11.403480850170315, 44.497668423923066], [11.403469758902107, 44.49739858025734], [11.403092738971091, 44.497406517911436], [11.403081649594071, 44.497136674156444], [11.402704631243342, 44.497144610492875], [11.402715718884636, 44.49741445432214], [11.4019616782455, 44.497430323413326], [11.401939510061197, 44.496890635442824], [11.401562492980009, 44.49689856797485], [11.401529247075741, 44.496089035684044], [11.400775222861366, 44.49610489657267], [11.40084169523953, 44.497723961909955], [11.400464672485178, 44.497731890934396], [11.400398210521244, 44.49611282515195], [11.399267172569438, 44.49613660342966], [11.399300387231651, 44.49694613705585], [11.399677405244498, 44.496938211984165]], [[11.401573575258771, 44.49716841204182], [11.401196556286534, 44.49717634340467], [11.401185475743485, 44.49690649926349], [11.401562492980009, 44.49689856797485], [11.401573575258771, 44.49716841204182]], [[11.403769277720185, 44.50468435397014], [11.403758182408987, 44.50441451069418], [11.404135247321786, 44.50440656986494], [11.404146344369359, 44.504676413066605], [11.403769277720185, 44.50468435397014]]]}}, {"type": "Feature", "properties": {"threshold": "ge_9", "source": "HistorySUHI", "period": "2013-2026", "hotspot_percentile": "top_10_pct", "label": ">= 9 estati"}, "geometry": {"type": "Polygon", "coordinates": [[[11.36861393651498, 44.50325862003335], [11.36862486925889, 44.50352847027352], [11.3682478002514, 44.50353629374938], [11.368291525813598, 44.504615694853584], [11.36866860176714, 44.50460787108489], [11.368679535277368, 44.504877721250416], [11.36943369019776, 44.50486206983514], [11.369444627334445, 44.50513191983928], [11.370575863774834, 44.50510843316797], [11.370586806274677, 44.50537828293739], [11.370963886517988, 44.50537045148603], [11.37097483090786, 44.505640301167226], [11.371728994407443, 44.505624634386386], [11.371707098834662, 44.50508493530226], [11.370952942281537, 44.50510060178989], [11.370898223400527, 44.50375135308521], [11.37052115357649, 44.50375918409689], [11.37051021199698, 44.50348933423788], [11.370133143756023, 44.50349716393252], [11.370122204066332, 44.503227313985306], [11.36861393651498, 44.50325862003335]]]}}, {"type": "Feature", "properties": {"threshold": "ge_9", "source": "HistorySUHI", "period": "2013-2026", "hotspot_percentile": "top_10_pct", "label": ">= 9 estati"}, "geometry": {"type": "Polygon", "coordinates": [[[11.364919667780425, 44.505225754579634], [11.36490875148302, 44.50495590369742], [11.364154592887031, 44.504971525260885], [11.364165505711187, 44.50524137628927], [11.364919667780425, 44.505225754579634]]]}}, {"type": "Feature", "properties": {"threshold": "ge_9", "source": "HistorySUHI", "period": "2013-2026", "hotspot_percentile": "top_10_pct", "label": ">= 9 estati"}, "geometry": {"type": "Polygon", "coordinates": [[[11.372494108783025, 44.50587881200319], [11.372483157293134, 44.50560896263018], [11.372106075927038, 44.5056167991302], [11.372117025680286, 44.50588664857654], [11.372494108783025, 44.50587881200319]]]}}, {"type": "Feature", "properties": {"threshold": "ge_9", "source": "HistorySUHI", "period": "2013-2026", "hotspot_percentile": "top_10_pct", "label": ">= 9 estati"}, "geometry": {"type": "Polygon", "coordinates": [[[11.365728430387012, 44.50655938135065], [11.365706589467964, 44.506019680013004], [11.366460760732735, 44.506004047913784], [11.366438913479337, 44.50546434680901], [11.364553501536099, 44.50550341699676], [11.364575331422706, 44.50604311883275], [11.364952417590837, 44.50603530713673], [11.364974251562971, 44.50657500876683], [11.365728430387012, 44.50655938135065]]]}}, {"type": "Feature", "properties": {"threshold": "ge_9", "source": "HistorySUHI", "period": "2013-2026", "hotspot_percentile": "top_10_pct", "label": ">= 9 estati"}, "geometry": {"type": "Polygon", "coordinates": [[[11.372882145112325, 44.50614082347071], [11.372871191732242, 44.505870974185974], [11.372494108783025, 44.50587881200319], [11.372505060426441, 44.50614866136125], [11.37212797558703, 44.506156498007954], [11.372138925647283, 44.50642634742444], [11.372516012223386, 44.50641851070441], [11.372526964173858, 44.50668836003262], [11.372149875861037, 44.50669619682597], [11.372171776749077, 44.50723589558425], [11.371794684809236, 44.50724373128037], [11.3718275320822, 44.50805327952573], [11.372958823072489, 44.508029768045624], [11.37294786861749, 44.50775991886546], [11.373324963570314, 44.50775207929089], [11.373303051647422, 44.507212381032446], [11.373680142973065, 44.50720454036069], [11.373647271030416, 44.50639499308109], [11.373270184914976, 44.50640283353274], [11.373259229644653, 44.50613298433629], [11.372882145112325, 44.50614082347071]]]}}, {"type": "Feature", "properties": {"threshold": "ge_9", "source": "HistorySUHI", "period": "2013-2026", "hotspot_percentile": "top_10_pct", "label": ">= 9 estati"}, "geometry": {"type": "Polygon", "coordinates": [[[11.406597591739983, 44.50921606607774], [11.406608702008851, 44.50948590856336], [11.408494184542501, 44.50944614138127], [11.408483065589687, 44.50917629926775], [11.40772887651725, 44.50919220972343], [11.407695531014442, 44.50838268284624], [11.40807262041837, 44.50837472846365], [11.408061503825712, 44.50810488621568], [11.405798975485576, 44.50815259340685], [11.40584340110968, 44.50923196409441], [11.406597591739983, 44.50921606607774]]]}}, {"type": "Feature", "properties": {"threshold": "ge_9", "source": "HistorySUHI", "period": "2013-2026", "hotspot_percentile": "top_10_pct", "label": ">= 9 estati"}, "geometry": {"type": "Polygon", "coordinates": [[[11.39000525430435, 44.50956467305891], [11.389994220611728, 44.50929482729623], [11.38961712028237, 44.50930272211955], [11.389628152238105, 44.50957256795613], [11.39000525430435, 44.50956467305891]]]}}, {"type": "Feature", "properties": {"threshold": "ge_9", "source": "HistorySUHI", "period": "2013-2026", "hotspot_percentile": "top_10_pct", "label": ">= 9 estati"}, "geometry": {"type": "Polygon", "coordinates": [[[11.36573359547964, 44.51601196198584], [11.365722671321375, 44.51574211177368], [11.366476967966392, 44.515726476896084], [11.366466040486154, 44.5154566268153], [11.366843186841308, 44.51544880758324], [11.366821328865386, 44.51490910752326], [11.367198471592268, 44.51490128719327], [11.367187541096655, 44.51463143721406], [11.36756468193281, 44.51462361571301], [11.36754281792642, 44.51408391585619], [11.369051365838594, 44.51405261799532], [11.369062304714868, 44.514322467638316], [11.369439443046993, 44.514314639989315], [11.369450383814074, 44.51458448954412], [11.369827523730258, 44.51457666057764], [11.369860352164318, 44.51538620893271], [11.370237497139556, 44.51537837850218], [11.370248441995287, 44.515648227850726], [11.37062558855461, 44.51564039610264], [11.370636535301347, 44.51591024536297], [11.371013683444756, 44.51590241229729], [11.371035580873848, 44.516442110626556], [11.372544185812936, 44.51641076533436], [11.37255514170823, 44.51668061418329], [11.372932294296673, 44.51667277467612], [11.372943252083212, 44.516942623436734], [11.373320406255665, 44.51693478261188], [11.373309446731488, 44.516664933924616], [11.37368659901265, 44.51665709192881], [11.37371948325913, 44.517466637725605], [11.374473797786333, 44.51745094956064], [11.374408009825038, 44.515831858713405], [11.374030863064, 44.51583970297763], [11.374008938448384, 44.51530000576223], [11.373631795008698, 44.51530784863539], [11.373609874482787, 44.51476815121346], [11.373232734364395, 44.514775992695604], [11.373199859940216, 44.51396644623053], [11.373576994846358, 44.5139586049685], [11.373555075856999, 44.51341890739719], [11.373932207134786, 44.513411065037744], [11.373910285285403, 44.51287136755345], [11.373533157482226, 44.51287920976613], [11.373478364233964, 44.51152996542704], [11.37310124496326, 44.511537806028706], [11.373090288511653, 44.51126795704271], [11.37195893498948, 44.51129147116311], [11.371947983902864, 44.511021621942135], [11.371570867492187, 44.511029457420776], [11.371581816841665, 44.51129930671507], [11.370827580085551, 44.511314974086716], [11.370783797505451, 44.510235576233505], [11.370406685845628, 44.51024340776006], [11.370351969757982, 44.50889415974114], [11.36997486662974, 44.50890198965728], [11.36996392560937, 44.508632139935436], [11.369586824064672, 44.50863996853434], [11.36956494595786, 44.50810026889933], [11.36994204402877, 44.50809244044694], [11.369898282708059, 44.50701304129079], [11.36952119158443, 44.507020869450166], [11.36951025337443, 44.50675101955055], [11.368756074140709, 44.506766671991066], [11.368767008877178, 44.50703652203716], [11.368389917293602, 44.507044346464795], [11.368400850446575, 44.50731419656918], [11.368023756972937, 44.50732201982611], [11.368056552140954, 44.508131570269285], [11.367679453303532, 44.50813939250188], [11.367690383595816, 44.50840924269296], [11.365427776932888, 44.508456150404214], [11.365438696956838, 44.50872600101932], [11.364684490037035, 44.50874162711745], [11.364695406740147, 44.50901147786385], [11.363941195734245, 44.50902709913216], [11.363952109116418, 44.50929695000982], [11.363575001646968, 44.50930475885105], [11.363607737500343, 44.51011431161372], [11.36285351168026, 44.51012992600242], [11.362842603050304, 44.50986007495033], [11.361334156523466, 44.50989128850691], [11.361345058205101, 44.51016113985107], [11.360967944454163, 44.51016894020307], [11.361000645204683, 44.510978494365084], [11.36062352608952, 44.510986293691964], [11.360645323879556, 44.51152599653802], [11.361022446469116, 44.511518197065165], [11.361033347330567, 44.51178804839284], [11.361410471504538, 44.51178024760288], [11.361421374256071, 44.512050098842636], [11.361798500014443, 44.51204229673551], [11.361809404656109, 44.51231214788734], [11.36218653199888, 44.51230434446306], [11.362197438530727, 44.512574195526945], [11.362574567457889, 44.51256639078548], [11.3626182020638, 44.51364579459971], [11.361863930157684, 44.51366140342274], [11.361874835716666, 44.51393125448507], [11.361120559724128, 44.513946858477254], [11.361109657639995, 44.513677007268896], [11.358846836419447, 44.51372378894608], [11.358857728078961, 44.513993640592204], [11.358480588936839, 44.51400143325654], [11.358556822666417, 44.51589039487227], [11.358933973971336, 44.51588260169748], [11.35894486685253, 44.516152453224294], [11.359699172479461, 44.51613686299585], [11.359731862465493, 44.51694641704917], [11.360109020262858, 44.51693861984956], [11.360141716837154, 44.51774817354976], [11.362404691691031, 44.517701362906486], [11.362382872968949, 44.51716166133067], [11.362760031433895, 44.51715385534751], [11.362738209848219, 44.516614153858114], [11.363115364684798, 44.5166063467767], [11.363104452383757, 44.51633649608269], [11.363858758122598, 44.51632087833299], [11.363847842499284, 44.51605102777018], [11.36573359547964, 44.51601196198584]], [[11.362683658560961, 44.51526489987353], [11.362694568512488, 44.51553475070029], [11.361940272281462, 44.51555036054578], [11.36191845948158, 44.51501065858522], [11.362295604198449, 44.515002854430676], [11.362306512259481, 44.515272705345396], [11.362683658560961, 44.51526489987353]], [[11.361541314611804, 44.51501846149547], [11.361508601771263, 44.5142089082237], [11.361885741428546, 44.51420110553248], [11.36191845948158, 44.51501065858522], [11.361541314611804, 44.51501846149547]], [[11.367045458597905, 44.51112338612608], [11.366668340193607, 44.5111312054316], [11.366657413580311, 44.51086135517026], [11.36590317978648, 44.51087698990274], [11.365892256800619, 44.510607139480165], [11.36551514141112, 44.510614954907155], [11.365482378583549, 44.509805403330475], [11.36585948876181, 44.50979758812289], [11.365848566388458, 44.50952773764062], [11.366602782811526, 44.50951210363964], [11.366591857117289, 44.50924225328875], [11.367346069453683, 44.50922661445801], [11.367335140438666, 44.508956764238526], [11.367712244640082, 44.50894894303033], [11.367723175392069, 44.509218793176636], [11.368100281177213, 44.509210970651246], [11.368122146614919, 44.509750670752645], [11.368499255720803, 44.50974284683682], [11.368532060238076, 44.510552396657324], [11.368154945921006, 44.51056022079278], [11.368165879329586, 44.510830070776315], [11.368542995383766, 44.510822246567635], [11.368553930682761, 44.51109209646302], [11.368931048320768, 44.511084270937026], [11.368941985510228, 44.51135412074424], [11.369319104732055, 44.51134629390093], [11.369330043812027, 44.51161614361998], [11.369707164617674, 44.51160831545932], [11.369718105588206, 44.51187816509018], [11.369340983045358, 44.51188599332411], [11.36936286197211, 44.51242569268755], [11.368985735801422, 44.51243351982384], [11.368996673757577, 44.512703369556405], [11.368242417481632, 44.512719020243], [11.368253352116525, 44.512988870107094], [11.367499091752771, 44.51300451596345], [11.367510023066298, 44.513274365959035], [11.366001493550597, 44.513305643034336], [11.365990569186433, 44.51303579274608], [11.365613438161898, 44.513043608831296], [11.365580671200224, 44.51223405765756], [11.36595779701286, 44.51222624179176], [11.3659468732613, 44.51195639144381], [11.366323997183542, 44.511948574407015], [11.366313071847904, 44.51167872411729], [11.367067315758419, 44.511663086457645], [11.367045458597905, 44.51112338612608]]]}}, {"type": "Feature", "properties": {"threshold": "ge_9", "source": "HistorySUHI", "period": "2013-2026", "hotspot_percentile": "top_10_pct", "label": ">= 9 estati"}, "geometry": {"type": "Polygon", "coordinates": [[[11.390137670681714, 44.512802821043785], [11.390126635132741, 44.5125329754607], [11.390503756151656, 44.51252507850672], [11.390492719020243, 44.512255232982554], [11.39011559973848, 44.51226312986264], [11.390104564498927, 44.51199328424963], [11.389350328945572, 44.51200907412981], [11.389383424705414, 44.51281861136722], [11.390137670681714, 44.512802821043785]]]}}, {"type": "Feature", "properties": {"threshold": "ge_9", "source": "HistorySUHI", "period": "2013-2026", "hotspot_percentile": "top_10_pct", "label": ">= 9 estati"}, "geometry": {"type": "Polygon", "coordinates": [[[11.401218298878991, 44.516081265431325], [11.401207210932306, 44.515811422190794], [11.401584350038267, 44.51580348819368], [11.401573260509636, 44.51553364501239], [11.401950397722738, 44.51552570984534], [11.401939306612212, 44.51525586672331], [11.402693577097175, 44.51523999280517], [11.402682482667469, 44.5149701498167], [11.403059615939316, 44.51496221106566], [11.403048519927836, 44.51469236813646], [11.403802782530212, 44.5146764870505], [11.403791683199731, 44.51440664425495], [11.40454594170512, 44.51439075834104], [11.40453483905574, 44.51412091567913], [11.404911966337718, 44.51411297093033], [11.404878654111888, 44.51330344307766], [11.404501532041506, 44.513311387603444], [11.404468226428069, 44.51250185939282], [11.40409110941343, 44.51250980245153], [11.40408000959064, 44.51223995961033], [11.403702894157474, 44.512247901350676], [11.403713992243182, 44.51251774426619], [11.402205522006552, 44.51254949908429], [11.402216613299391, 44.51281934228193], [11.401839493614327, 44.51282727795057], [11.401861673192176, 44.51336696444943], [11.401107426407021, 44.51338283235145], [11.401129599657928, 44.51392251908734], [11.400752472557775, 44.51393045132064], [11.400763557679124, 44.51420029474033], [11.39963217023456, 44.51422408419813], [11.399643250299478, 44.51449392782544], [11.398888987751807, 44.51450978139163], [11.398855758446626, 44.51370025001973], [11.39772437909592, 44.51372402037058], [11.397746521387221, 44.5142637084117], [11.398123651467214, 44.51425578605727], [11.39813472458298, 44.51452562998122], [11.397380460793183, 44.514541473594186], [11.397391530589548, 44.51481131765142], [11.397014396724526, 44.51481923766577], [11.397025464938736, 44.51508908178212], [11.396648329181192, 44.51509700062642], [11.3966593958132, 44.51536684480189], [11.395905120357924, 44.51538267890607], [11.395916183670277, 44.51565252321474], [11.395539043972562, 44.5156604384746], [11.39555010570259, 44.51593028284235], [11.395172964112358, 44.51593819693205], [11.395184024260011, 44.516208041358894], [11.394806880777258, 44.516215954278415], [11.394817939342488, 44.516485798764315], [11.395572229627902, 44.516469971532935], [11.395583291823192, 44.51673981585575], [11.396714731300586, 44.51671606545458], [11.396703663892788, 44.51644622135401], [11.397835096761211, 44.51642245997691], [11.397824024296165, 44.516152616083694], [11.4004640167259, 44.516097129841384], [11.400475101353148, 44.516366973215405], [11.400852244244854, 44.51635904155826], [11.40084115788016, 44.51608919825847], [11.401218298878991, 44.516081265431325]]]}}, {"type": "Feature", "properties": {"threshold": "ge_9", "source": "HistorySUHI", "period": "2013-2026", "hotspot_percentile": "top_10_pct", "label": ">= 9 estati"}, "geometry": {"type": "Polygon", "coordinates": [[[11.41569455722072, 44.51928682002923], [11.415627623568188, 44.51766777850801], [11.415250476331689, 44.517675759137035], [11.41522816984031, 44.51713607836051], [11.414851025922403, 44.517144057595964], [11.414839874648704, 44.5168742171105], [11.414462732311902, 44.51688219502708], [11.414440433708336, 44.51634251386184], [11.414063294690045, 44.516350490384916], [11.414041000186435, 44.51581080901036], [11.413663864486594, 44.51581878413999], [11.413652719206537, 44.51554894335557], [11.413275585087776, 44.51555691716643], [11.413253298471004, 44.51501723540333], [11.412876167670612, 44.51502520782082], [11.412831603260607, 44.513945843816096], [11.413208727112096, 44.513937871697], [11.413164158252558, 44.51285850775053], [11.412787041349585, 44.51286647957125], [11.412775901262277, 44.512596638472516], [11.410890323090642, 44.51263647854261], [11.410879191844764, 44.51236663705608], [11.409747848280153, 44.51239052594615], [11.409758974314844, 44.51266036765621], [11.409381857744254, 44.512668328206], [11.409392982197835, 44.51293816997557], [11.408638745114626, 44.512954087491956], [11.40864986624992, 44.51322392939545], [11.408272745737317, 44.513231886362014], [11.408283865291375, 44.51350172832498], [11.407906742885734, 44.513509684121914], [11.407917860858507, 44.51377952614432], [11.407540736559824, 44.5137874807716], [11.407574086201683, 44.51459700697214], [11.407196956535467, 44.51460496057859], [11.407219186934713, 44.51514464478613], [11.406842053638083, 44.515152597297295], [11.406853167334127, 44.51542243945298], [11.406476032144358, 44.51543039079438], [11.406487144258856, 44.51570023300947], [11.406110007175942, 44.51570818318109], [11.406121117708846, 44.51597802545558], [11.405743978732781, 44.515985974457394], [11.40576619679105, 44.51652565911015], [11.405389054184395, 44.51653360701651], [11.405444593368165, 44.51788281875784], [11.405067441918222, 44.51789076579179], [11.405078548484594, 44.518160608169424], [11.403947087987813, 44.51818444202857], [11.404024801821159, 44.52007333981343], [11.405156298809379, 44.520049504393064], [11.405167406621551, 44.52031934665075], [11.405544573710635, 44.52031139894751], [11.405555683416347, 44.520581241115835], [11.40593285208747, 44.520573292093836], [11.405955075441863, 44.52111297623671], [11.407086590947404, 44.52108912125791], [11.407053240509113, 44.52027959569073], [11.407430406819145, 44.520271641765575], [11.407419288580337, 44.520001799954294], [11.407796452996722, 44.5199938448592], [11.407785333176054, 44.51972400310734], [11.408162495698798, 44.51971604684234], [11.40815137429632, 44.51944620514993], [11.409660015876975, 44.519414367944336], [11.409671144230277, 44.51968420933883], [11.41004830597315, 44.51967624685207], [11.4100594362202, 44.51994608815706], [11.410436599544745, 44.519938124351455], [11.41044773168559, 44.52020796556691], [11.410824896591803, 44.52020000044241], [11.410836030626493, 44.520469841568335], [11.41121319711437, 44.52046187512492], [11.411224333042952, 44.5207317161613], [11.412733004384053, 44.52069983764563], [11.412721861504345, 44.520429996907545], [11.413853358156537, 44.5204060751786], [11.413864506249567, 44.52067591569285], [11.41461884004511, 44.52065996150244], [11.414641143651282, 44.5211996421873], [11.415018313790139, 44.52119166307621], [11.41502946756559, 44.52146150332145], [11.4154066392859, 44.52145352289129], [11.415395483772615, 44.52118368272072], [11.415772653598685, 44.521175701120846], [11.41572802615848, 44.52009634058715], [11.414973700252094, 44.52011230194508], [11.414951394421296, 44.519572621289456], [11.41532855397729, 44.519564641382], [11.415317399558775, 44.519294801106334], [11.41569455722072, 44.51928682002923]]]}}, {"type": "Feature", "properties": {"threshold": "ge_9", "source": "HistorySUHI", "period": "2013-2026", "hotspot_percentile": "top_10_pct", "label": ">= 9 estati"}, "geometry": {"type": "Polygon", "coordinates": [[[11.39604895551756, 44.51889065375041], [11.39603789034376, 44.51862080962148], [11.395283572567033, 44.51863664052641], [11.395305696118921, 44.51917632906556], [11.396437182977591, 44.519152580397204], [11.396426115910929, 44.518882736357355], [11.39604895551756, 44.51889065375041]]]}}, {"type": "Feature", "properties": {"threshold": "ge_9", "source": "HistorySUHI", "period": "2013-2026", "hotspot_percentile": "top_10_pct", "label": ">= 9 estati"}, "geometry": {"type": "Polygon", "coordinates": [[[11.393453042010577, 44.52002541909901], [11.393464095795292, 44.52029526367134], [11.394218435975816, 44.520279444321694], [11.39422949339123, 44.52054928873102], [11.394606664986817, 44.52054137711554], [11.394595605833546, 44.52027153278025], [11.394972775536225, 44.520263619994395], [11.39496171480018, 44.51999377571817], [11.394584546835329, 44.52000168842998], [11.394573487992165, 44.51973184406474], [11.393819155072958, 44.51974766560711], [11.393830210440505, 44.52001751012041], [11.393453042010577, 44.52002541909901]]]}}, {"type": "Feature", "properties": {"threshold": "ge_9", "source": "HistorySUHI", "period": "2013-2026", "hotspot_percentile": "top_10_pct", "label": ">= 9 estati"}, "geometry": {"type": "Polygon", "coordinates": [[[11.381815745028804, 44.52161921435836], [11.38178274390935, 44.520809673910506], [11.38140556705631, 44.52081754321473], [11.381438562961785, 44.521627083883494], [11.381815745028804, 44.52161921435836]]]}}, {"type": "Feature", "properties": {"threshold": "ge_9", "source": "HistorySUHI", "period": "2013-2026", "hotspot_percentile": "top_10_pct", "label": ">= 9 estati"}, "geometry": {"type": "Polygon", "coordinates": [[[11.369800569364408, 44.523219667414494], [11.370177764891597, 44.523211836103336], [11.37015587021499, 44.52267213808096], [11.37053306211227, 44.52266430567177], [11.370489267648404, 44.521584909740966], [11.370112082703658, 44.52159274185698], [11.370101136209536, 44.52132289276367], [11.36972395284938, 44.52133072356187], [11.369713008246787, 44.52106087438033], [11.368958644542248, 44.52107653209666], [11.368969585668733, 44.521346381424706], [11.368215217874464, 44.521362034309426], [11.368226155678189, 44.521631883769025], [11.367471783794311, 44.521647531822055], [11.367493652909337, 44.5221872309893], [11.36711646326116, 44.5221950532954], [11.367138329513095, 44.52273475254934], [11.366761136235263, 44.52274257375723], [11.366815795856514, 44.524091821996805], [11.367192997825674, 44.52408400042297], [11.36720393194811, 44.5243538499529], [11.36833554215063, 44.52433037754385], [11.368324602813194, 44.524060528233555], [11.368701804168968, 44.52405270168112], [11.368690863246607, 44.52378285242912], [11.36906806271067, 44.52377502470529], [11.36905712020344, 44.523505175511616], [11.36981151519471, 44.523489516476566], [11.369800569364408, 44.523219667414494]]]}}, {"type": "Feature", "properties": {"threshold": "ge_9", "source": "HistorySUHI", "period": "2013-2026", "hotspot_percentile": "top_10_pct", "label": ">= 9 estati"}, "geometry": {"type": "Polygon", "coordinates": [[[11.363087428658751, 44.525249370527085], [11.363065597892383, 44.52470966993287], [11.362688390761658, 44.524717477961566], [11.36267747734644, 44.52444762756902], [11.362300271801084, 44.52445543427997], [11.362311183477908, 44.52472528474557], [11.36193397604116, 44.524733090284904], [11.361944886132562, 44.525002940808626], [11.361567676804414, 44.52501074517627], [11.361589493969234, 44.52555044632503], [11.362343919426388, 44.52553483605289], [11.362354831715225, 44.5258046864588], [11.362732045952795, 44.525796879382575], [11.362764788952996, 44.526606430291686], [11.362010349893595, 44.526622043637694], [11.362021261055895, 44.52689189405699], [11.362398482400696, 44.526884087933325], [11.362409395454607, 44.527153938264654], [11.363163841162347, 44.52713832213684], [11.363152924631212, 44.52686847195165], [11.36353014551688, 44.526860662093625], [11.363519227400229, 44.526590811966585], [11.363142008253146, 44.52659862175152], [11.363098344271515, 44.52551922080182], [11.363475556464506, 44.525511411309196], [11.363464639113282, 44.52524156110754], [11.363087428658751, 44.525249370527085]]]}}, {"type": "Feature", "properties": {"threshold": "ge_9", "source": "HistorySUHI", "period": "2013-2026", "hotspot_percentile": "top_10_pct", "label": ">= 9 estati"}, "geometry": {"type": "Polygon", "coordinates": [[[11.389390525066997, 44.53145372619179], [11.389368446672053, 44.53091403648508], [11.38899120669549, 44.53092193224111], [11.388980169469027, 44.5306520872914], [11.388602931076516, 44.53065998172867], [11.388591895743616, 44.53039013669014], [11.387837421972009, 44.53040592168232], [11.387826390271398, 44.53013607648113], [11.38669468367023, 44.53015974441142], [11.386683657340587, 44.52988989897378], [11.387060891290194, 44.529882010982355], [11.387027808012776, 44.529072474801104], [11.386650579279314, 44.52908036257109], [11.386639553568097, 44.52881051707361], [11.38588509911472, 44.52882628873156], [11.385929188977569, 44.529905671222075], [11.38630642323637, 44.52989778572035], [11.386328472572716, 44.53043747672827], [11.386705710154486, 44.53042958983409], [11.386716736793359, 44.53069943524181], [11.386339497472774, 44.53070732220978], [11.386372573100525, 44.53151685856456], [11.386749817637698, 44.53150897137517], [11.386771872307051, 44.53204866205592], [11.387149120167438, 44.53204077347399], [11.387160149473019, 44.5323106187181], [11.387914648207705, 44.53229483767174], [11.3879256811459, 44.53256468275323], [11.388302932020167, 44.532556790288766], [11.388313966852069, 44.53282663528144], [11.389445723763348, 44.53280295019666], [11.389434683714468, 44.53253310542562], [11.389811933969652, 44.532525207981315], [11.389800892336618, 44.532255363269215], [11.39017814069801, 44.53224746465388], [11.390156054418577, 44.53170777533257], [11.389778809535033, 44.5317156738001], [11.389767768366477, 44.531445829043086], [11.389390525066997, 44.53145372619179]]]}}, {"type": "Feature", "properties": {"threshold": "ge_9", "source": "HistorySUHI", "period": "2013-2026", "hotspot_percentile": "top_10_pct", "label": ">= 9 estati"}, "geometry": {"type": "Polygon", "coordinates": [[[11.36864190588301, 44.53188615217067], [11.368630962249787, 44.53161630327841], [11.368253712058166, 44.53162413063678], [11.368242770317387, 44.53135428165636], [11.36748827295186, 44.53136993249173], [11.367499211214655, 44.53163978161861], [11.367121960562812, 44.53164760524204], [11.367132897239973, 44.531917454427216], [11.366755644695749, 44.53192527687888], [11.366788450430189, 44.5327348245644], [11.367165708191624, 44.53272700189314], [11.367176645482246, 44.53299685101859], [11.367553904829432, 44.532989027029096], [11.367542965799693, 44.532719177976844], [11.36792022325437, 44.53271135281553], [11.367931164023222, 44.532981201794556], [11.368685681950515, 44.532965547590386], [11.368652849669692, 44.53215600104799], [11.369030103185898, 44.53214817229813], [11.369019157660183, 44.53187832349406], [11.36864190588301, 44.53188615217067]]]}}, {"type": "Feature", "properties": {"threshold": "ge_9", "source": "HistorySUHI", "period": "2013-2026", "hotspot_percentile": "top_10_pct", "label": ">= 9 estati"}, "geometry": {"type": "Polygon", "coordinates": [[[11.368784187080596, 44.53539418641126], [11.368795132862479, 44.535664035094484], [11.36917240898834, 44.535656205392215], [11.369183356663092, 44.53592605398725], [11.369560634374807, 44.53591822296655], [11.369571583942477, 44.53618807147337], [11.369948863240039, 44.536180239134225], [11.369959814700676, 44.536450087552815], [11.370337095584079, 44.53644225389521], [11.370348048937732, 44.536712102225565], [11.371479895884551, 44.53668859356169], [11.371468937312594, 44.53641874545133], [11.37184621758145, 44.53641090681301], [11.371802377872859, 44.535331514515555], [11.371425104561474, 44.535339352860476], [11.37141414675786, 44.53506950467542], [11.37028233111977, 44.53509301201944], [11.37027137868768, 44.53482316359949], [11.369516837639567, 44.53483882878998], [11.369494940193174, 44.5342991316121], [11.369117672917325, 44.534306962193135], [11.369095779563482, 44.53376726480897], [11.368718515612558, 44.53377509399838], [11.368729460473526, 44.534044942771196], [11.368352194629919, 44.5340527707888], [11.368374081333805, 44.534592468436124], [11.367996811858253, 44.53460029535513], [11.368007753701102, 44.534870144229636], [11.367253210811139, 44.53488579447877], [11.367264149328808, 44.53515564348479], [11.366132328625548, 44.53517910973968], [11.366143262078582, 44.535448958950354], [11.365765986464812, 44.535456778618226], [11.365809714852569, 44.53653617560439], [11.36656427984204, 44.536520534438075], [11.366575215801177, 44.53679038350093], [11.367329783656142, 44.53677473720744], [11.367318844218081, 44.536504888290985], [11.367696126176007, 44.53649706334966], [11.367674244281256, 44.535957365618394], [11.368051522606914, 44.535949539578354], [11.36801869569739, 44.5351399930892], [11.36839596865153, 44.53513216602372], [11.368406912540593, 44.535402014795125], [11.368784187080596, 44.53539418641126]]]}}, {"type": "Feature", "properties": {"threshold": "ge_9", "source": "HistorySUHI", "period": "2013-2026", "hotspot_percentile": "top_10_pct", "label": ">= 9 estati"}, "geometry": {"type": "Polygon", "coordinates": [[[11.393216972183005, 44.5419065183921], [11.393218363798175, 44.54194046777294], [11.393326139425794, 44.54190422906742], [11.393216972183005, 44.5419065183921]]]}}, {"type": "Feature", "properties": {"threshold": "ge_9", "source": "HistorySUHI", "period": "2013-2026", "hotspot_percentile": "top_10_pct", "label": ">= 9 estati"}, "geometry": {"type": "Polygon", "coordinates": [[[11.422373423010376, 44.48916674863926], [11.42236224792247, 44.48889690832633], [11.421985288008148, 44.48890490714638], [11.421996461361168, 44.48917474753416], [11.420488613198579, 44.48920673068377], [11.420499779768539, 44.489476571355794], [11.419368886798452, 44.48950054589084], [11.419380048320072, 44.489770386772186], [11.419003081948857, 44.48977837587258], [11.419014241891935, 44.49004821681368], [11.418637273629328, 44.49005620474581], [11.41864221893651, 44.490175793819546], [11.420018140887594, 44.48972742337985], [11.423040201943929, 44.48915259559039], [11.422373423010376, 44.48916674863926]]]}}, {"type": "Feature", "properties": {"threshold": "ge_9", "source": "HistorySUHI", "period": "2013-2026", "hotspot_percentile": "top_10_pct", "label": ">= 9 estati"}, "geometry": {"type": "Polygon", "coordinates": [[[11.416687662563728, 44.49765966113324], [11.416698814894055, 44.49792950216193], [11.415944775373017, 44.497945463711304], [11.415989372371447, 44.49902482827331], [11.416366399153182, 44.499016847821636], [11.416388702061765, 44.499556529863206], [11.416765732158863, 44.49954854801871], [11.416776885583497, 44.499818388942295], [11.418285011351738, 44.49978644883084], [11.418296171876277, 44.50005628944052], [11.418673204663188, 44.50004830122925], [11.418695529653425, 44.500587982254075], [11.419072565755709, 44.50057999264981], [11.419061401446426, 44.50031015221966], [11.41943843565629, 44.50030216144667], [11.419427269767596, 44.50003232107628], [11.419050237293636, 44.5000403117745], [11.418960929704673, 44.49788158767256], [11.418583910960594, 44.49788957652924], [11.41857274995179, 44.49761973587417], [11.416687662563728, 44.49765966113324]]]}}, {"type": "Feature", "properties": {"threshold": "ge_9", "source": "HistorySUHI", "period": "2013-2026", "hotspot_percentile": "top_10_pct", "label": ">= 9 estati"}, "geometry": {"type": "Polygon", "coordinates": [[[11.413572959978756, 44.50447748627491], [11.41356181952265, 44.50420764493469], [11.413938880383078, 44.50419967176966], [11.413883171763775, 44.50285046521646], [11.414260223786856, 44.50284249118084], [11.414215652758093, 44.501763125966576], [11.414592697680497, 44.501755150985865], [11.414581553577724, 44.501485309719406], [11.414204510391379, 44.50149328462548], [11.41418222612651, 44.500953601898274], [11.413805186256027, 44.50096157541158], [11.413794046093853, 44.50069173395084], [11.413417007803208, 44.50069970614602], [11.413405869533152, 44.50042986459568], [11.412274758932451, 44.50045377349641], [11.412285891994587, 44.50072361527047], [11.411908853079566, 44.500731582491575], [11.411931116199982, 44.50127126614382], [11.411554073656898, 44.50127923227049], [11.411587464299581, 44.5020887578599], [11.411210416392242, 44.50209672296662], [11.411221545182379, 44.50236656487429], [11.410844495382912, 44.50237452881195], [11.410877877480795, 44.503184054668495], [11.408992600101497, 44.503223856820135], [11.409037077023665, 44.50430322590861], [11.409414139756459, 44.50429526766768], [11.409436382625469, 44.50483495197296], [11.410190514568729, 44.50481903146211], [11.41021276500693, 44.505358715409436], [11.41058983421743, 44.50535075313944], [11.410612088752334, 44.50589043687775], [11.410989161279728, 44.505882473214996], [11.410978032197836, 44.505612631427866], [11.411355102832772, 44.505604666595886], [11.411366233651112, 44.50587450830849], [11.411743305866462, 44.50586654215825], [11.411754438577306, 44.506136383781296], [11.412131512373064, 44.506128416312755], [11.412153781735942, 44.50666809936473], [11.413285012605586, 44.5066441890491], [11.413273872636575, 44.506374347754345], [11.413650947544324, 44.50636637523619], [11.413639805994995, 44.50609653400104], [11.412885659496297, 44.5061124776444], [11.41284110875214, 44.505033111956934], [11.412464042214273, 44.50504108161468], [11.412441771251649, 44.50450139853176], [11.413572959978756, 44.50447748627491]]]}}, {"type": "Feature", "properties": {"threshold": "ge_9", "source": "HistorySUHI", "period": "2013-2026", "hotspot_percentile": "top_10_pct", "label": ">= 9 estati"}, "geometry": {"type": "Polygon", "coordinates": [[[11.420471788508895, 44.50703217680856], [11.420848865654408, 44.50702418043472], [11.42086004082295, 44.50729402019015], [11.421991276529024, 44.50727002338147], [11.42200245706386, 44.50753986289733], [11.42275661689071, 44.50752385865625], [11.422767801055404, 44.50779369800732], [11.423521963728245, 44.50777768864129], [11.423533151522888, 44.508047527827536], [11.42466439956557, 44.50802350422524], [11.424653206561203, 44.507753665263785], [11.425030287191744, 44.5077456549837], [11.425019092607736, 44.50747581608217], [11.425396171344804, 44.50746780463327], [11.425384975181204, 44.507197965791676], [11.426139128711434, 44.5071819393125], [11.42610553074352, 44.50637242314743], [11.425728459266285, 44.50638043678394], [11.425739656695491, 44.50665027559566], [11.42536258332485, 44.506658288063406], [11.425351387632087, 44.506388449176725], [11.424974315840949, 44.50639646032577], [11.424963122041548, 44.5061266213491], [11.423831910936013, 44.506150647109045], [11.423787158143922, 44.505071290152785], [11.424541285146887, 44.50505527482266], [11.424496520973916, 44.5039759182254], [11.424119464495936, 44.50398392621255], [11.424108275581078, 44.50371408695073], [11.422222999520095, 44.50375410785758], [11.42223417975387, 44.50402394749389], [11.421480064759816, 44.50403994730099], [11.421468887998492, 44.50377010751496], [11.420714775850204, 44.503786102197836], [11.420703602717966, 44.50351626224711], [11.420326548145086, 44.503524257648294], [11.420315376905652, 44.503254417607735], [11.419938323912366, 44.50326241169049], [11.419927154565693, 44.502992571560114], [11.419550103152005, 44.503000564324466], [11.41953893569804, 44.502730724104275], [11.419161885863957, 44.50273871555026], [11.419139554897857, 44.50219903491525], [11.418008414873304, 44.50222300134311], [11.417997254833255, 44.50195316077882], [11.417620209581582, 44.501961147026236], [11.417631367885548, 44.50223098766526], [11.417254320741378, 44.502238972743825], [11.417287791383353, 44.50304849479496], [11.416910738874384, 44.50305647885409], [11.41693304994528, 44.50359616029584], [11.417310105926648, 44.5035881760873], [11.417332421095548, 44.50412785731957], [11.417709480393, 44.50411987171793], [11.41772063994834, 44.50438971223683], [11.418097700825639, 44.504381725316804], [11.418120023878249, 44.504921406160065], [11.418497088071716, 44.50491341784689], [11.418530579033229, 44.50572293877488], [11.418907648279315, 44.505714948993734], [11.41891881398256, 44.505984789198266], [11.419295884808543, 44.50597679809862], [11.419307052404749, 44.50624663821337], [11.421192412868132, 44.506206663685205], [11.421203589303168, 44.50647650341086], [11.420826515787285, 44.50648450087879], [11.42083769064252, 44.506754340664266], [11.42046061523351, 44.50676233696329], [11.420471788508895, 44.50703217680856]], [[11.418896482732592, 44.50544510877418], [11.419273550085768, 44.50543711782409], [11.419284717368884, 44.50570695796886], [11.418907648279315, 44.505714948993734], [11.418896482732592, 44.50544510877418]]]}}, {"type": "Feature", "properties": {"threshold": "ge_9", "source": "HistorySUHI", "period": "2013-2026", "hotspot_percentile": "top_10_pct", "label": ">= 9 estati"}, "geometry": {"type": "Polygon", "coordinates": [[[11.415514019432736, 44.50578681225007], [11.415525169508122, 44.50605665312706], [11.415148097118006, 44.50606463178934], [11.415159245613227, 44.50633447272597], [11.414782171330366, 44.506342450219165], [11.414815612544182, 44.50715197316293], [11.415569771372724, 44.507136016484864], [11.415580922229653, 44.507405857286784], [11.418220485360237, 44.50734996921133], [11.418209322347437, 44.507080128932365], [11.418586400432364, 44.507072140021165], [11.418530579033229, 44.50572293877488], [11.418153509630647, 44.505730927312314], [11.418142347556714, 44.50546108694324], [11.41663407532753, 44.50549302835687], [11.416645230455847, 44.505762869024814], [11.415514019432736, 44.50578681225007]]]}}, {"type": "Feature", "properties": {"threshold": "ge_9", "source": "HistorySUHI", "period": "2013-2026", "hotspot_percentile": "top_10_pct", "label": ">= 9 estati"}, "geometry": {"type": "Polygon", "coordinates": [[[11.421348897216903, 44.50998441847733], [11.42132654042961, 44.50944473940159], [11.420949447811163, 44.509452737692754], [11.42093827138929, 44.5091828980575], [11.41980699780415, 44.509206885243294], [11.41979582674905, 44.508937045368576], [11.41941873697747, 44.50894503853464], [11.419429906295864, 44.50921487848416], [11.418298630831634, 44.509238850743536], [11.418332124095482, 44.51004837117493], [11.417955026750738, 44.510056359664574], [11.417966189748231, 44.51032619985308], [11.418720387754828, 44.51031022148039], [11.41875388810743, 44.51111974150727], [11.419130992086496, 44.511111750230725], [11.419119823408872, 44.51084191031156], [11.419496925494487, 44.510833917865845], [11.419485755236577, 44.510564078006446], [11.420617055343218, 44.51054009343013], [11.420605880031433, 44.510270253780135], [11.420982978016866, 44.510262256508355], [11.42097180112495, 44.50999241691818], [11.421348897216903, 44.50998441847733]]]}}, {"type": "Feature", "properties": {"threshold": "ge_9", "source": "HistorySUHI", "period": "2013-2026", "hotspot_percentile": "top_10_pct", "label": ">= 9 estati"}, "geometry": {"type": "Polygon", "coordinates": [[[11.423667417292487, 44.511285596890325], [11.423678607126194, 44.5115554358812], [11.42405571254168, 44.511547428283556], [11.424066904269173, 44.511817267184476], [11.424821118103267, 44.511801248107425], [11.424798727857565, 44.51126157059033], [11.425552934116292, 44.51124554683729], [11.425541735755132, 44.510975708206125], [11.42516463444111, 44.51098372062964], [11.425153437973771, 44.51071388190849], [11.423267937733934, 44.51075392499241], [11.423290313457027, 44.5112936031691], [11.423667417292487, 44.511285596890325]]]}}, {"type": "Feature", "properties": {"threshold": "ge_9", "source": "HistorySUHI", "period": "2013-2026", "hotspot_percentile": "top_10_pct", "label": ">= 9 estati"}, "geometry": {"type": "Polygon", "coordinates": [[[11.415083192890904, 44.51362815184924], [11.415060891089931, 44.513088470622314], [11.414306655216015, 44.5131044256094], [11.414340097729195, 44.51391394787517], [11.414717220955692, 44.513905970779724], [11.414706071557864, 44.513636130114115], [11.415083192890904, 44.51362815184924]]]}}, {"type": "Feature", "properties": {"threshold": "ge_9", "source": "HistorySUHI", "period": "2013-2026", "hotspot_percentile": "top_10_pct", "label": ">= 9 estati"}, "geometry": {"type": "Polygon", "coordinates": [[[11.427651410732183, 44.51633238969516], [11.427759447443686, 44.51633009183331], [11.427645352128623, 44.51618655233802], [11.427651410732183, 44.51633238969516]]]}}, {"type": "Feature", "properties": {"threshold": "ge_9", "source": "HistorySUHI", "period": "2013-2026", "hotspot_percentile": "top_10_pct", "label": ">= 9 estati"}, "geometry": {"type": "Polygon", "coordinates": [[[11.429317004477385, 44.520078022480845], [11.429294566270649, 44.51953834754662], [11.42891741077961, 44.5195463735683], [11.428939845511099, 44.52008604865274], [11.429317004477385, 44.520078022480845]]]}}, {"type": "Feature", "properties": {"threshold": "ge_9", "source": "HistorySUHI", "period": "2013-2026", "hotspot_percentile": "top_10_pct", "label": ">= 9 estati"}, "geometry": {"type": "Polygon", "coordinates": [[[11.43006009928077, 44.519792129094796], [11.429682942366728, 44.51980015768018], [11.429689236330065, 44.51995151306439], [11.429970128201761, 44.51984199304034], [11.43000993407153, 44.5198254902277], [11.43006059285573, 44.51980399643258], [11.43006009928077, 44.519792129094796]]]}}, {"type": "Feature", "properties": {"threshold": "ge_9", "source": "HistorySUHI", "period": "2013-2026", "hotspot_percentile": "top_10_pct", "label": ">= 9 estati"}, "geometry": {"type": "Polygon", "coordinates": [[[11.429317004477385, 44.520078022480845], [11.429317766482132, 44.52009634953272], [11.429367528879656, 44.52007694712374], [11.429317004477385, 44.520078022480845]]]}}, {"type": "Feature", "properties": {"threshold": "ge_9", "source": "HistorySUHI", "period": "2013-2026", "hotspot_percentile": "top_10_pct", "label": ">= 9 estati"}, "geometry": {"type": "Polygon", "coordinates": [[[11.42490995322862, 44.52303826108011], [11.424988015916334, 44.5230162788555], [11.425003606899551, 44.52301172544452], [11.425217838120965, 44.522947604226715], [11.425262464823588, 44.522924986956234], [11.425334858597038, 44.522888302895865], [11.425336543703885, 44.52288736683803], [11.425381123541761, 44.522767838198625], [11.425380514210579, 44.52276710393491], [11.425334852670428, 44.52272902112239], [11.424873640066737, 44.522163322018386], [11.42490995322862, 44.52303826108011]]]}}, {"type": "Feature", "properties": {"threshold": "ge_9", "source": "HistorySUHI", "period": "2013-2026", "hotspot_percentile": "top_10_pct", "label": ">= 9 estati"}, "geometry": {"type": "Polygon", "coordinates": [[[11.415951188389721, 44.52549314085324], [11.414819595017615, 44.525517085504326], [11.414834977938728, 44.525889206733595], [11.415052282927654, 44.5259878037281], [11.415737659423467, 44.52636318277994], [11.415993190714387, 44.526508717164674], [11.415951188389721, 44.52549314085324]]]}}, {"type": "Feature", "properties": {"threshold": "ge_9", "source": "HistorySUHI", "period": "2013-2026", "hotspot_percentile": "top_10_pct", "label": ">= 9 estati"}, "geometry": {"type": "Polygon", "coordinates": [[[11.412589836850882, 44.52637446274018], [11.412593974896021, 44.52647465603533], [11.41284648373645, 44.52636903707851], [11.412589836850882, 44.52637446274018]]]}}, {"type": "Feature", "properties": {"threshold": "ge_9", "source": "HistorySUHI", "period": "2013-2026", "hotspot_percentile": "top_10_pct", "label": ">= 9 estati"}, "geometry": {"type": "Polygon", "coordinates": [[[11.411469362977664, 44.52666821516483], [11.411480356055057, 44.5269345084638], [11.412161355822663, 44.52665359283973], [11.411469362977664, 44.52666821516483]]]}}, {"type": "Feature", "properties": {"threshold": "ge_9", "source": "HistorySUHI", "period": "2013-2026", "hotspot_percentile": "top_10_pct", "label": ">= 9 estati"}, "geometry": {"type": "Polygon", "coordinates": [[[11.411103294296424, 44.52694602408873], [11.41110908659506, 44.52708635214554], [11.411429808824394, 44.52695535943545], [11.411471284356912, 44.52693825058218], [11.411103294296424, 44.52694602408873]]]}}, {"type": "Feature", "properties": {"threshold": "ge_9", "source": "HistorySUHI", "period": "2013-2026", "hotspot_percentile": "top_10_pct", "label": ">= 9 estati"}, "geometry": {"type": "Polygon", "coordinates": [[[11.410649562687613, 44.534247655849356], [11.411305103322725, 44.53423380736758], [11.411295081679627, 44.53421780004645], [11.411264358025461, 44.534183942382526], [11.410602069451592, 44.533097025503345], [11.410649562687613, 44.534247655849356]]]}}]}