{"type": "FeatureCollection", "features": [{"type": "Feature", "properties": {"threshold": "ge_7", "source": "HistorySUHI", "period": "2013-2026", "hotspot_percentile": "top_10_pct", "label": ">= 7 estati"}, "geometry": {"type": "Polygon", "coordinates": [[[11.266612473484942, 44.490745303111396], [11.266602016004915, 44.49047543278546], [11.266979027967905, 44.49046794661003], [11.266972081523317, 44.49028871088247], [11.266771194119787, 44.490329932676644], [11.266567716933062, 44.49037281003732], [11.26592972457093, 44.49050752359798], [11.265870909157133, 44.490520016282325], [11.264759510290515, 44.490756377371106], [11.264071832933858, 44.49090575916801], [11.26402761636276, 44.490906501057246], [11.264027317187702, 44.49090657000878], [11.263959783252089, 44.49092161130197], [11.263710083219534, 44.49097751773258], [11.263603981618202, 44.491001155850256], [11.263011787659206, 44.49113312642855], [11.262969254214168, 44.491142594070325], [11.26275959947422, 44.49118945821045], [11.261882949016837, 44.491395894723205], [11.261831446964605, 44.49140078626849], [11.26178185670769, 44.491391694888236], [11.26177407614351, 44.49139441478231], [11.261705736836836, 44.491418581326215], [11.26140592016032, 44.49150914532834], [11.261360284612392, 44.491522967845725], [11.261365566734689, 44.49165959381059], [11.261742587691117, 44.49165212476423], [11.26176345883645, 44.49219186710287], [11.262140483118477, 44.49218439667315], [11.262150920646544, 44.492454267750446], [11.262527946518238, 44.49244679600725], [11.26253838592861, 44.49271666699989], [11.262915413389967, 44.4927091939432], [11.262904972243598, 44.492439323020506], [11.264036048541435, 44.49241689659887], [11.264025602333529, 44.49214702587132], [11.26440262573735, 44.4921395479803], [11.264360835426382, 44.49106006520253], [11.265868899802593, 44.49103014232321], [11.26585844564763, 44.490760271871935], [11.266612473484942, 44.490745303111396]]]}}, {"type": "Feature", "properties": {"threshold": "ge_7", "source": "HistorySUHI", "period": "2013-2026", "hotspot_percentile": "top_10_pct", "label": ">= 7 estati"}, "geometry": {"type": "Polygon", "coordinates": [[[11.248309995493118, 44.496508788653244], [11.248085752084423, 44.496471830087984], [11.247625484259013, 44.49639263162503], [11.247620620462834, 44.496448696507294], [11.247626428498739, 44.49647643617802], [11.247636645766702, 44.496522047997246], [11.248309995493118, 44.496508788653244]]]}}, {"type": "Feature", "properties": {"threshold": "ge_7", "source": "HistorySUHI", "period": "2013-2026", "hotspot_percentile": "top_10_pct", "label": ">= 7 estati"}, "geometry": {"type": "Polygon", "coordinates": [[[11.24835647762345, 44.49677795109041], [11.248733534936312, 44.496770524317476], [11.24872589789287, 44.49657191274541], [11.248605101912649, 44.496555651624206], [11.24854651484998, 44.49654783902747], [11.24842363849646, 44.49652751866801], [11.24834635990139, 44.49651478203501], [11.24835647762345, 44.49677795109041]]]}}, {"type": "Feature", "properties": {"threshold": "ge_7", "source": "HistorySUHI", "period": "2013-2026", "hotspot_percentile": "top_10_pct", "label": ">= 7 estati"}, "geometry": {"type": "Polygon", "coordinates": [[[11.249110592103703, 44.49676309630074], [11.249487649125596, 44.496755667040226], [11.249498029957133, 44.497025540252466], [11.250252147037221, 44.497010677861006], [11.250262531487218, 44.497280550919434], [11.251393711224893, 44.49725824779508], [11.251404101029927, 44.49752812063007], [11.252912345586896, 44.49749836543929], [11.252901948835948, 44.49722849288276], [11.253126301354925, 44.49722406494222], [11.253050209858175, 44.49721580913725], [11.252011004100543, 44.497110746205614], [11.251600376953368, 44.49707284269105], [11.251243109876064, 44.49703305719311], [11.251108944809754, 44.49701818384988], [11.251046337037486, 44.497005275333166], [11.250952415456858, 44.496985980208606], [11.250850644759513, 44.49696602053116], [11.250584411354504, 44.496921125077186], [11.250443904354585, 44.496888523839054], [11.249959398463917, 44.49679347291092], [11.249216923949527, 44.496656068195776], [11.249140828010551, 44.49664269517222], [11.249105725251596, 44.49663654848294], [11.249110592103703, 44.49676309630074]]]}}, {"type": "Feature", "properties": {"threshold": "ge_7", "source": "HistorySUHI", "period": "2013-2026", "hotspot_percentile": "top_10_pct", "label": ">= 7 estati"}, "geometry": {"type": "Polygon", "coordinates": [[[11.26142817151016, 44.493278821069005], [11.26143860615133, 44.493548692227144], [11.261061572896613, 44.49355616051921], [11.261072005947952, 44.493826031732496], [11.261826075783317, 44.493811093764975], [11.26180520288253, 44.493271351603234], [11.26142817151016, 44.493278821069005]]]}}, {"type": "Feature", "properties": {"threshold": "ge_7", "source": "HistorySUHI", "period": "2013-2026", "hotspot_percentile": "top_10_pct", "label": ">= 7 estati"}, "geometry": {"type": "Polygon", "coordinates": [[[11.25581431866041, 44.4944702025554], [11.25580390962294, 44.49420033039429], [11.25563036104714, 44.49420375833099], [11.255675051116029, 44.49427366508168], [11.2557054087825, 44.49432083300437], [11.255734278336403, 44.49437637572871], [11.255742424925355, 44.49439193328499], [11.255778872516101, 44.494470902926416], [11.25581431866041, 44.4944702025554]]]}}, {"type": "Feature", "properties": {"threshold": "ge_7", "source": "HistorySUHI", "period": "2013-2026", "hotspot_percentile": "top_10_pct", "label": ">= 7 estati"}, "geometry": {"type": "Polygon", "coordinates": [[[11.264150966493407, 44.49538547362876], [11.26414051867462, 44.49511560306341], [11.263763476027439, 44.495123080480596], [11.263773922109992, 44.49539295111591], [11.264150966493407, 44.49538547362876]]]}}, {"type": "Feature", "properties": {"threshold": "ge_7", "source": "HistorySUHI", "period": "2013-2026", "hotspot_percentile": "top_10_pct", "label": ">= 7 estati"}, "geometry": {"type": "Polygon", "coordinates": [[[11.240645051155523, 44.5023311207654], [11.240624367479755, 44.50179137155416], [11.241001459102735, 44.50178396965421], [11.24099466081471, 44.50160659031493], [11.240970808414188, 44.50161276704851], [11.240926804139564, 44.50162419089146], [11.240910911430724, 44.50162897714853], [11.240741351398327, 44.50168036125605], [11.240577631523362, 44.50175055392481], [11.240478232679756, 44.50180181193525], [11.24020315747229, 44.50198386798052], [11.240005677588039, 44.502103093209435], [11.240005592011894, 44.50210315790671], [11.239978243276118, 44.502117567521424], [11.239744431457234, 44.50224100718721], [11.239578373013215, 44.502318527391324], [11.23950027415318, 44.50235358035521], [11.240645051155523, 44.5023311207654]]]}}, {"type": "Feature", "properties": {"threshold": "ge_7", "source": "HistorySUHI", "period": "2013-2026", "hotspot_percentile": "top_10_pct", "label": ">= 7 estati"}, "geometry": {"type": "Polygon", "coordinates": [[[11.235773760567762, 44.50323686046219], [11.235773172628216, 44.5032214850662], [11.235719585056652, 44.50323532979143], [11.235721296768974, 44.50323788751854], [11.235773760567762, 44.50323686046219]]]}}, {"type": "Feature", "properties": {"threshold": "ge_7", "source": "HistorySUHI", "period": "2013-2026", "hotspot_percentile": "top_10_pct", "label": ">= 7 estati"}, "geometry": {"type": "Polygon", "coordinates": [[[11.269691501548047, 44.51175017414781], [11.269681022200716, 44.511480305393334], [11.2693038755068, 44.511487803257175], [11.269314353116451, 44.51175767208182], [11.269691501548047, 44.51175017414781]]]}}, {"type": "Feature", "properties": {"threshold": "ge_7", "source": "HistorySUHI", "period": "2013-2026", "hotspot_percentile": "top_10_pct", "label": ">= 7 estati"}, "geometry": {"type": "Polygon", "coordinates": [[[11.266254871139797, 44.52046091228223], [11.266244404474294, 44.52019104329863], [11.26699881159489, 44.520176064240225], [11.266977871750392, 44.51963632650916], [11.267732271329999, 44.5196213427522], [11.267721798151152, 44.519351474004765], [11.26885339120392, 44.519328989244336], [11.26884291295681, 44.51905912069255], [11.26997449947218, 44.51903662494029], [11.269890637066117, 44.51687767767891], [11.26951345561397, 44.51688517694623], [11.269502975212761, 44.51661530840197], [11.26912579535181, 44.51662280635452], [11.269104838466447, 44.51608306908139], [11.268727661934797, 44.51609056564904], [11.268706709113227, 44.51555082817658], [11.268329535910812, 44.51555832335937], [11.268277165117283, 44.514208979069295], [11.269031493995437, 44.51419398816061], [11.269000062854266, 44.51338438183036], [11.269377221859374, 44.513376884719776], [11.26938770049739, 44.51364675344114], [11.270142021542528, 44.51363175534626], [11.270152503803208, 44.513901623912496], [11.27052966584321, 44.513894122928185], [11.270519181844657, 44.51362425443214], [11.270896341999796, 44.51361675227356], [11.270864885672628, 44.51280714690753], [11.2712420404673, 44.51279964371515], [11.271231553581163, 44.5125297753005], [11.271608706491039, 44.51252227093392], [11.271587729684398, 44.51198253420081], [11.271210580249983, 44.51199003842693], [11.27120009380493, 44.51172016996799], [11.269691501548047, 44.51175017414781], [11.269701981042305, 44.51202004288752], [11.269324830873003, 44.51202754089171], [11.269356265024093, 44.51283714723282], [11.26897910949462, 44.512844644203085], [11.268989586100997, 44.5131145130241], [11.268235271125796, 44.51312950337163], [11.2682457444034, 44.51339937231818], [11.267868584957688, 44.5134068656954], [11.267879056644276, 44.51367673469732], [11.266747572212726, 44.5136992075726], [11.266758038832464, 44.51396907677007], [11.266380875323856, 44.51397656530963], [11.266391340352426, 44.51424643456243], [11.26601417495917, 44.514253921927576], [11.266024638396523, 44.514523791235696], [11.265647471118612, 44.514531277426414], [11.265689319383092, 44.51561075479161], [11.265312145006451, 44.51561824001801], [11.265333066542674, 44.5161579787522], [11.264955888543188, 44.51616546287412], [11.264976807189832, 44.5167052016894], [11.26459962556742, 44.51671268470678], [11.264620541324312, 44.517252423603125], [11.26424335607889, 44.51725990551595], [11.26425381243906, 44.517529775012], [11.263499438031948, 44.51754473524375], [11.263530797562483, 44.51835434406347], [11.26315360492422, 44.51836182252234], [11.263184960558842, 44.51917143141928], [11.262807762558959, 44.51917890884339], [11.262839114297286, 44.519988517817545], [11.262461910935572, 44.51999599420683], [11.26248280935016, 44.52053573358915], [11.26210560236494, 44.5205432088736], [11.262116050053478, 44.52081307861258], [11.261361632166503, 44.52082802558703], [11.26138252102878, 44.521367765300525], [11.261759733522654, 44.521360292295846], [11.261770179912084, 44.52163016206054], [11.263279035376971, 44.52160025731379], [11.263268582033122, 44.52133038782895], [11.264777428198386, 44.52130046344513], [11.264766968046832, 44.52103059422557], [11.265521386772397, 44.52101562470492], [11.265510923290435, 44.52074575561071], [11.265888130694616, 44.52073826905327], [11.265877665620861, 44.520468400014366], [11.266254871139797, 44.52046091228223]]]}}, {"type": "Feature", "properties": {"threshold": "ge_7", "source": "HistorySUHI", "period": "2013-2026", "hotspot_percentile": "top_10_pct", "label": ">= 7 estati"}, "geometry": {"type": "Polygon", "coordinates": [[[11.27010031072088, 44.52227504406138], [11.270110795947197, 44.522544912225534], [11.269733577988438, 44.522552412966775], [11.269744061623104, 44.52282228118638], [11.269366841778663, 44.52282978075296], [11.269377323821626, 44.52309964902798], [11.270886209272069, 44.52306964301173], [11.270896698416916, 44.52333951099118], [11.271651143737193, 44.5233245003734], [11.271640651114911, 44.52305463253441], [11.272017871815653, 44.52304712542846], [11.27200737760181, 44.52277725764496], [11.272384596416712, 44.52276974936442], [11.272353109442154, 44.52196014613615], [11.270844254163451, 44.52199017094628], [11.270854742719996, 44.52226003898479], [11.27010031072088, 44.52227504406138]]]}}, {"type": "Feature", "properties": {"threshold": "ge_7", "source": "HistorySUHI", "period": "2013-2026", "hotspot_percentile": "top_10_pct", "label": ">= 7 estati"}, "geometry": {"type": "Polygon", "coordinates": [[[11.264473429874228, 44.5231970310224], [11.264462970434648, 44.522927161836066], [11.264085748534708, 44.52293464397453], [11.264096206235548, 44.52320451323089], [11.264473429874228, 44.5231970310224]]]}}, {"type": "Feature", "properties": {"threshold": "ge_7", "source": "HistorySUHI", "period": "2013-2026", "hotspot_percentile": "top_10_pct", "label": ">= 7 estati"}, "geometry": {"type": "Polygon", "coordinates": [[[11.243746640668949, 44.5241464497944], [11.243767369296718, 44.52468619573175], [11.244144607774954, 44.52467878047143], [11.24415497404584, 44.52494865334863], [11.24453221411771, 44.524941236773905], [11.244542582272974, 44.52521110956698], [11.245674306833187, 44.52518885216445], [11.245684680350951, 44.52545872473452], [11.246061923319159, 44.525451303040846], [11.246020423164898, 44.52437181295005], [11.24564318715267, 44.52437923436592], [11.245632814216746, 44.524109361736976], [11.244878345233822, 44.52412420069487], [11.244867975921178, 44.52385432791234], [11.244113509834467, 44.52386916175152], [11.24412387566927, 44.52413903467287], [11.243746640668949, 44.5241464497944]]]}}, {"type": "Feature", "properties": {"threshold": "ge_7", "source": "HistorySUHI", "period": "2013-2026", "hotspot_percentile": "top_10_pct", "label": ">= 7 estati"}, "geometry": {"type": "Polygon", "coordinates": [[[11.248661836766194, 44.55375810527078], [11.248651439253035, 44.55348823459395], [11.248274015875761, 44.55349566849933], [11.248284411647344, 44.55376553924573], [11.248661836766194, 44.55375810527078]]]}}, {"type": "Feature", "properties": {"threshold": "ge_7", "source": "HistorySUHI", "period": "2013-2026", "hotspot_percentile": "top_10_pct", "label": ">= 7 estati"}, "geometry": {"type": "Polygon", "coordinates": [[[11.252446495003952, 44.553953566943726], [11.252452953358663, 44.554120910091754], [11.252577281059203, 44.55395098591889], [11.252446495003952, 44.553953566943726]]]}}, {"type": "Feature", "properties": {"threshold": "ge_7", "source": "HistorySUHI", "period": "2013-2026", "hotspot_percentile": "top_10_pct", "label": ">= 7 estati"}, "geometry": {"type": "Polygon", "coordinates": [[[11.252079483082495, 44.554230883471504], [11.252093756309266, 44.55460077277519], [11.252105620087045, 44.55458650839544], [11.25216113674027, 44.55451974878414], [11.252376781293504, 44.55422501782569], [11.252079483082495, 44.554230883471504]]]}}, {"type": "Feature", "properties": {"threshold": "ge_7", "source": "HistorySUHI", "period": "2013-2026", "hotspot_percentile": "top_10_pct", "label": ">= 7 estati"}, "geometry": {"type": "Polygon", "coordinates": [[[11.251722879707694, 44.55477806893859], [11.251732783779822, 44.555034764173115], [11.251876572115883, 44.5548619035775], [11.251950024663167, 44.55477358811446], [11.251722879707694, 44.55477806893859]]]}}, {"type": "Feature", "properties": {"threshold": "ge_7", "source": "HistorySUHI", "period": "2013-2026", "hotspot_percentile": "top_10_pct", "label": ">= 7 estati"}, "geometry": {"type": "Polygon", "coordinates": [[[11.28696045160837, 44.49006939994495], [11.286907697779027, 44.48872006709267], [11.28615370666846, 44.48873516929725], [11.286206443141864, 44.49008450285619], [11.28696045160837, 44.49006939994495]]]}}, {"type": "Feature", "properties": {"threshold": "ge_7", "source": "HistorySUHI", "period": "2013-2026", "hotspot_percentile": "top_10_pct", "label": ">= 7 estati"}, "geometry": {"type": "Polygon", "coordinates": [[[11.30890100526425, 44.49151828858904], [11.308911658183273, 44.49178815089233], [11.308534648757139, 44.49179577565531], [11.30856660320295, 44.49260536269033], [11.308189588420293, 44.492612986423914], [11.308210888659092, 44.49315271118249], [11.308587906913347, 44.4931450873062], [11.308598558992513, 44.49341494959192], [11.308975578833294, 44.49340732440081], [11.308986232797633, 44.49367718660035], [11.309363254224932, 44.49366956009438], [11.309352598524736, 44.49339969796622], [11.309729618066816, 44.49339207028814], [11.309718960780154, 44.493122208216526], [11.310095978437019, 44.49311457936637], [11.310053343841119, 44.49203513121728], [11.30967633312732, 44.49204275978187], [11.309655020197155, 44.49150303547559], [11.30890100526425, 44.49151828858904]]]}}, {"type": "Feature", "properties": {"threshold": "ge_7", "source": "HistorySUHI", "period": "2013-2026", "hotspot_percentile": "top_10_pct", "label": ">= 7 estati"}, "geometry": {"type": "Polygon", "coordinates": [[[11.280688154448153, 44.493705895442055], [11.280709201836434, 44.49424563049516], [11.280332169128451, 44.49425316249176], [11.280342691307794, 44.494523030066645], [11.281473794197371, 44.49450043013452], [11.281442212477408, 44.49369082800008], [11.280688154448153, 44.493705895442055]]]}}, {"type": "Feature", "properties": {"threshold": "ge_7", "source": "HistorySUHI", "period": "2013-2026", "hotspot_percentile": "top_10_pct", "label": ">= 7 estati"}, "geometry": {"type": "Polygon", "coordinates": [[[11.28223839305991, 44.49475522450265], [11.282217331192927, 44.494215490072776], [11.281840299075167, 44.494223027043766], [11.281861357470001, 44.494762761614695], [11.28223839305991, 44.49475522450265]]]}}, {"type": "Feature", "properties": {"threshold": "ge_7", "source": "HistorySUHI", "period": "2013-2026", "hotspot_percentile": "top_10_pct", "label": ">= 7 estati"}, "geometry": {"type": "Polygon", "coordinates": [[[11.284155188744197, 44.49552712076366], [11.28377814868427, 44.49553466430554], [11.283799225917022, 44.49607439802309], [11.284930356070609, 44.49605176324291], [11.284919812171788, 44.49578189660334], [11.284165729022877, 44.49579698755923], [11.284155188744197, 44.49552712076366]]]}}, {"type": "Feature", "properties": {"threshold": "ge_7", "source": "HistorySUHI", "period": "2013-2026", "hotspot_percentile": "top_10_pct", "label": ">= 7 estati"}, "geometry": {"type": "Polygon", "coordinates": [[[11.284940900117231, 44.496321629867694], [11.28569498961973, 44.49630653365466], [11.285684442100685, 44.496036667171154], [11.284930356070609, 44.49605176324291], [11.284940900117231, 44.496321629867694]]]}}, {"type": "Feature", "properties": {"threshold": "ge_7", "source": "HistorySUHI", "period": "2013-2026", "hotspot_percentile": "top_10_pct", "label": ">= 7 estati"}, "geometry": {"type": "Polygon", "coordinates": [[[11.285768826393133, 44.49819559862529], [11.285747729432835, 44.497655865850454], [11.285370676074086, 44.49766341493203], [11.285328490873061, 44.49658394892238], [11.284951444311663, 44.4965914964777], [11.285004167500999, 44.49794082930597], [11.284627112110227, 44.497948375970715], [11.284637655455166, 44.498218242562636], [11.285768826393133, 44.49819559862529]]]}}, {"type": "Feature", "properties": {"threshold": "ge_7", "source": "HistorySUHI", "period": "2013-2026", "hotspot_percentile": "top_10_pct", "label": ">= 7 estati"}, "geometry": {"type": "Polygon", "coordinates": [[[11.294441092655177, 44.498021623226755], [11.294451681293735, 44.49829148796388], [11.29482873630591, 44.498283908820426], [11.294839326829269, 44.49855377347183], [11.29521638342935, 44.49854619301371], [11.295195199058385, 44.49800646383798], [11.294441092655177, 44.498021623226755]]]}}, {"type": "Feature", "properties": {"threshold": "ge_7", "source": "HistorySUHI", "period": "2013-2026", "hotspot_percentile": "top_10_pct", "label": ">= 7 estati"}, "geometry": {"type": "Polygon", "coordinates": [[[11.308434577223146, 44.498819817568105], [11.308445230702086, 44.4990896796139], [11.3076911173575, 44.4991049267748], [11.307701767513032, 44.49937478894846], [11.30694765009851, 44.499390031277066], [11.306958296930528, 44.49965989357853], [11.306581236262973, 44.49966751294852], [11.306623818137702, 44.500746962291444], [11.307000885751131, 44.50073934263624], [11.307011533329428, 44.501009204863614], [11.308896877839803, 44.50097108757383], [11.308886221578893, 44.50070122570317], [11.309263288296396, 44.50069359858515], [11.309241972749765, 44.50015387494209], [11.30961903584491, 44.50014624672306], [11.309587058436222, 44.49933666136144], [11.309210000550323, 44.499344289366334], [11.309188686497668, 44.49880456557503], [11.308434577223146, 44.498819817568105]]]}}, {"type": "Feature", "properties": {"threshold": "ge_7", "source": "HistorySUHI", "period": "2013-2026", "hotspot_percentile": "top_10_pct", "label": ">= 7 estati"}, "geometry": {"type": "Polygon", "coordinates": [[[11.289310245309464, 44.50190571850938], [11.28968732497264, 44.5018981558583], [11.289697893112383, 44.50216802130935], [11.290074974364126, 44.502160457343585], [11.290085544388763, 44.50243032270906], [11.290462627229065, 44.502422757428604], [11.290452055467691, 44.50215289213392], [11.290829136423055, 44.50214532568033], [11.29078684391285, 44.50106586463691], [11.290032695747332, 44.50108099573375], [11.290022126463558, 44.50081113029432], [11.289645053895155, 44.50081869390616], [11.289655621442309, 44.50108855941638], [11.289278546989143, 44.50109612185514], [11.289310245309464, 44.50190571850938]]]}}, {"type": "Feature", "properties": {"threshold": "ge_7", "source": "HistorySUHI", "period": "2013-2026", "hotspot_percentile": "top_10_pct", "label": ">= 7 estati"}, "geometry": {"type": "Polygon", "coordinates": [[[11.297271299478421, 44.502826097663196], [11.297648382972138, 44.502818508606424], [11.297616568249365, 44.502008916808855], [11.29648533295275, 44.50203167960837], [11.296474733552497, 44.50176181543323], [11.29609765655975, 44.5017694004743], [11.296087059044735, 44.50149953621337], [11.295709983640077, 44.5015071199396], [11.295699388010249, 44.501237255592905], [11.29494524022861, 44.50125241917186], [11.294934648220531, 44.500982554668454], [11.294180503318175, 44.500997713130126], [11.29420168053632, 44.501537442405855], [11.293824604389222, 44.50154501991273], [11.293888129185948, 44.50316420781023], [11.293511042470067, 44.50317178449866], [11.293553388355733, 44.50425124308466], [11.293176294544036, 44.504258818812716], [11.293208050305843, 44.50506841280954], [11.29547064221403, 44.50502293850472], [11.29546004638997, 44.50475307427946], [11.29583714278462, 44.504745490945545], [11.295826545372183, 44.504475626776454], [11.296580734241921, 44.50446045651857], [11.296548932474769, 44.50365086434841], [11.296926021476136, 44.50364327756648], [11.296915419447481, 44.50337341355114], [11.297292506563403, 44.50336582559625], [11.297271299478421, 44.502826097663196]]]}}, {"type": "Feature", "properties": {"threshold": "ge_7", "source": "HistorySUHI", "period": "2013-2026", "hotspot_percentile": "top_10_pct", "label": ">= 7 estati"}, "geometry": {"type": "Polygon", "coordinates": [[[11.303347143442323, 44.50378397474113], [11.30332588018497, 44.50324424914277], [11.302948795450392, 44.50325185700059], [11.302970055234175, 44.50379158274134], [11.303347143442323, 44.50378397474113]]]}}, {"type": "Feature", "properties": {"threshold": "ge_7", "source": "HistorySUHI", "period": "2013-2026", "hotspot_percentile": "top_10_pct", "label": ">= 7 estati"}, "geometry": {"type": "Polygon", "coordinates": [[[11.313635262835476, 44.50627669636327], [11.313624582742547, 44.50600683564652], [11.314001682399875, 44.505999192172595], [11.313991000719726, 44.50572933151255], [11.314745196111224, 44.50571404097576], [11.314755881265258, 44.50598390149272], [11.316264277198263, 44.505953305204855], [11.316200126835959, 44.504334143598406], [11.315823038498708, 44.50434179410681], [11.31573752696905, 44.50218291056131], [11.315360452375566, 44.50219055925314], [11.315371139055708, 44.502460419819826], [11.31461698594609, 44.50247571361507], [11.314627669302753, 44.50274557431004], [11.315004747669104, 44.5027379279628], [11.3150261183051, 44.503277649165135], [11.314649036465383, 44.5032852956555], [11.314638352809185, 44.50301543499018], [11.314261272556394, 44.50302308016511], [11.31421854637581, 44.50194363706936], [11.313464399314148, 44.50195892311534], [11.313453721616508, 44.50168906216128], [11.31269957742927, 44.501704343088896], [11.312742275224986, 44.502783787388175], [11.313119354339927, 44.5027761472603], [11.313130030899647, 44.503046008226555], [11.3135071116016, 44.503038366783294], [11.313485755158492, 44.502498644978985], [11.313862832237414, 44.502491002434866], [11.313905552669183, 44.50357044569809], [11.314282636545144, 44.503562801623985], [11.314325366319668, 44.50464224436373], [11.313948275496566, 44.50464988872397], [11.313969637808665, 44.50518961014793], [11.313592543362102, 44.50519725340726], [11.313613902799345, 44.505736974914925], [11.312105509620844, 44.505767536084456], [11.312116182616236, 44.506037397102034], [11.311739082210531, 44.506045034355864], [11.311749753618567, 44.506314895430094], [11.311372651326272, 44.506322531511366], [11.311393991117123, 44.50686225375825], [11.31063977913571, 44.50687752247445], [11.310661112576607, 44.50741724494779], [11.311038222116247, 44.50740961106884], [11.31102755358394, 44.507139749911026], [11.31215887609411, 44.50711684102408], [11.312148202500191, 44.5068469800658], [11.312902413284718, 44.50683170139716], [11.312891736366382, 44.506561840567045], [11.313268839797107, 44.50655419943814], [11.313258161291449, 44.5062843386647], [11.313635262835476, 44.50627669636327]]]}}, {"type": "Feature", "properties": {"threshold": "ge_7", "source": "HistorySUHI", "period": "2013-2026", "hotspot_percentile": "top_10_pct", "label": ">= 7 estati"}, "geometry": {"type": "Polygon", "coordinates": [[[11.299650559170122, 44.50574904287333], [11.299629328565393, 44.50520931605941], [11.298120934145738, 44.50523969225965], [11.298099718031764, 44.50469996481797], [11.297722622528882, 44.5047075556159], [11.297754441712053, 44.50551714696933], [11.29850864299083, 44.5055019637032], [11.298519253156613, 44.505771827315975], [11.299650559170122, 44.50574904287333]]]}}, {"type": "Feature", "properties": {"threshold": "ge_7", "source": "HistorySUHI", "period": "2013-2026", "hotspot_percentile": "top_10_pct", "label": ">= 7 estati"}, "geometry": {"type": "Polygon", "coordinates": [[[11.309896229727691, 44.507162647601334], [11.309885566556147, 44.50689278621441], [11.30950846004212, 44.50690041621829], [11.309497798757112, 44.50663055474514], [11.308743588754789, 44.506645810877956], [11.308754246565695, 44.506915672493875], [11.308000032491606, 44.50693092379319], [11.307989378154808, 44.50666106203455], [11.307612272630761, 44.50666868574677], [11.307601620180366, 44.50639882390196], [11.30684741215835, 44.50641406745155], [11.306826114653582, 44.50587434343217], [11.307203215265238, 44.505866722422034], [11.307192564999816, 44.50559686046143], [11.307946762301254, 44.50558161485176], [11.307957416040605, 44.5058514766697], [11.30871161621854, 44.50583622594126], [11.308722273581212, 44.506106087601644], [11.309099375183063, 44.50609846030002], [11.30908871608341, 44.50582859871101], [11.309465815798852, 44.50582097023674], [11.30943383418568, 44.50501138559491], [11.309810928540893, 44.50500375609082], [11.30977894306219, 44.50419417152977], [11.310156032057378, 44.50418654099592], [11.310124042713518, 44.50337695651565], [11.30974695892866, 44.503384586835274], [11.309704315509661, 44.5023051403684], [11.308950161385171, 44.50232039670483], [11.308960818542426, 44.502590258486556], [11.308583739519408, 44.50259788486033], [11.308605050808724, 44.50313760852206], [11.307096719329492, 44.503168102149075], [11.307054125135274, 44.50208865362491], [11.306299972393374, 44.50210389240453], [11.306289327691267, 44.50183403009383], [11.3059122528331, 44.50184164754655], [11.305922895798576, 44.50211150992854], [11.305168742161399, 44.50212674124497], [11.30520066153293, 44.50293632872962], [11.305577743636164, 44.50292871347954], [11.305588385461725, 44.50319857587355], [11.305965469152508, 44.50319095930829], [11.305976112864009, 44.50346082161618], [11.307107368251248, 44.50343796424307], [11.307118017322292, 44.50370782632223], [11.307495103889602, 44.50370020463869], [11.307516405953171, 44.504239928609906], [11.307893495844777, 44.504232305539766], [11.30793610871126, 44.505311753019015], [11.3071819148837, 44.505326998486], [11.307171264916889, 44.50505713649576], [11.306794169516058, 44.50506475729195], [11.306783521435442, 44.50479489521556], [11.306406427622234, 44.50480251469645], [11.306417073965953, 44.50507237684413], [11.305662882418007, 44.50508761221653], [11.30567352543713, 44.50535747449198], [11.30529642770241, 44.50536509038344], [11.305317710714347, 44.50590481503242], [11.305694811922997, 44.505897198998404], [11.30571609900571, 44.50643692344555], [11.306093203539174, 44.50642930602494], [11.306103849041401, 44.506699168155], [11.305349636351163, 44.50671440189475], [11.305392205955657, 44.507793850837054], [11.30576931932383, 44.507786234304106], [11.305801253305436, 44.50859582064143], [11.309949547827836, 44.50851195431357], [11.309938883908808, 44.508242093000774], [11.310315998958933, 44.50823446139574], [11.310294668095073, 44.507694738868516], [11.310671779521371, 44.507687106162216], [11.310661112576607, 44.50741724494779], [11.310284002887427, 44.50742487758265], [11.3102733378293, 44.50715501628197], [11.309896229727691, 44.507162647601334]]]}}, {"type": "Feature", "properties": {"threshold": "ge_7", "source": "HistorySUHI", "period": "2013-2026", "hotspot_percentile": "top_10_pct", "label": ">= 7 estati"}, "geometry": {"type": "Polygon", "coordinates": [[[11.299055551705667, 44.509812185094745], [11.299066165989101, 44.510082048399546], [11.298689036040534, 44.5100896431068], [11.298678423494488, 44.50981977973092], [11.298301295134523, 44.509827373122874], [11.298290684474628, 44.50955750966113], [11.297913557703271, 44.50956510173781], [11.297892340304417, 44.50902537462782], [11.297515216858994, 44.509032965318234], [11.297504610119958, 44.50876310166999], [11.296750366257628, 44.50877827917621], [11.296760969522058, 44.509048142966485], [11.296006721590498, 44.509063315637974], [11.296017321528923, 44.50933317955544], [11.295640195602884, 44.50934076409587], [11.295650793952559, 44.509610628069495], [11.296405049130744, 44.50959545760247], [11.296415651103771, 44.50986532141933], [11.297169909162161, 44.509850145833425], [11.297180514758631, 44.51012000949347], [11.297557645302204, 44.51011241976315], [11.297568252784787, 44.51038228333737], [11.297945384917064, 44.51037469229177], [11.29795599428581, 44.510644555780154], [11.299841661402763, 44.5106065815332], [11.299852279607556, 44.510876444651394], [11.300229414321898, 44.51086884599815], [11.3002081745863, 44.51032911988915], [11.300585305676874, 44.51032152013387], [11.300564063062046, 44.50978179410788], [11.300186935446252, 44.50978939372092], [11.300176316099552, 44.50951953061458], [11.29979919007223, 44.50952712891231], [11.299809807681573, 44.50979699208974], [11.299055551705667, 44.509812185094745]]]}}, {"type": "Feature", "properties": {"threshold": "ge_7", "source": "HistorySUHI", "period": "2013-2026", "hotspot_percentile": "top_10_pct", "label": ">= 7 estati"}, "geometry": {"type": "Polygon", "coordinates": [[[11.288947012574226, 44.511905859773954], [11.28892587619828, 44.511366129497304], [11.288171594235395, 44.51138125104421], [11.288161029744781, 44.5111113857422], [11.287783890278707, 44.511118944578435], [11.287773327673742, 44.51084907919089], [11.287396189797112, 44.510856636712106], [11.287385629077749, 44.510586771239055], [11.287008492790571, 44.51059432744527], [11.286987375270975, 44.51005459631337], [11.286233109202463, 44.51006970471016], [11.28625421977213, 44.510609436124824], [11.285877083040916, 44.51061698859819], [11.285972072291564, 44.51304577986846], [11.28634922466135, 44.513038226758965], [11.286338667970538, 44.51276836119211], [11.287092968790628, 44.512753251381376], [11.287082408772449, 44.51248338594111], [11.287836705524944, 44.512468271294324], [11.287826142179501, 44.512198405980726], [11.288580434864278, 44.51218328649799], [11.288569868191676, 44.51191342131108], [11.288947012574226, 44.511905859773954]]]}}, {"type": "Feature", "properties": {"threshold": "ge_7", "source": "HistorySUHI", "period": "2013-2026", "hotspot_percentile": "top_10_pct", "label": ">= 7 estati"}, "geometry": {"type": "Polygon", "coordinates": [[[11.285312737064459, 44.51548967369896], [11.285281079080772, 44.51468007671713], [11.285658242173346, 44.514672525672445], [11.285626580307705, 44.51386292876953], [11.28487226440167, 44.51387802919046], [11.28488281473327, 44.514147894980866], [11.283751334551395, 44.51417053649092], [11.283688066060332, 44.512551340255484], [11.283310916130594, 44.512558884512984], [11.283279289093862, 44.511749285983925], [11.282902144229302, 44.511756828785295], [11.282881063752374, 44.511217096217514], [11.281749638697766, 44.51123971673219], [11.281760173649555, 44.51150958323515], [11.28138302993165, 44.5115171209886], [11.281372496717463, 44.511247254415096], [11.28099535458948, 44.51125479085368], [11.280984823260548, 44.51098492419486], [11.280607682722493, 44.51099245931861], [11.280586623982666, 44.51045272581561], [11.279832349413901, 44.51046779204816], [11.279821823740445, 44.510197925133504], [11.279067552056421, 44.51021298624792], [11.279078074254844, 44.510482853303515], [11.278700936454019, 44.51049038206475], [11.278721977818321, 44.511030116272536], [11.278344836394878, 44.51103764393036], [11.27837639433476, 44.511847245342594], [11.278753540971069, 44.51183971747343], [11.278764062317004, 44.51210958451084], [11.28027265433752, 44.51207946030871], [11.28028318278172, 44.51234932704945], [11.281037481381764, 44.51233425734117], [11.281048013448986, 44.512604123926096], [11.281425164265226, 44.512596587134865], [11.281467300961834, 44.51367605304471], [11.281090143194552, 44.51368359011808], [11.281100676000127, 44.51395345662912], [11.280723516347342, 44.513960992528574], [11.280734047562744, 44.51423085909537], [11.279979724338535, 44.51424592730194], [11.279990252225838, 44.51451579399497], [11.27961308865443, 44.514523326302054], [11.279623614951442, 44.51479319305081], [11.27924644949454, 44.514800724183914], [11.279299074503566, 44.51615005805841], [11.281562117169889, 44.516104850477355], [11.281551581444806, 44.515834984155056], [11.281928752967625, 44.51582744527289], [11.281939290430724, 44.51609731152463], [11.282693636509126, 44.5160822298856], [11.28268309557001, 44.515812363774984], [11.284568949489172, 44.51577463825115], [11.284558400007962, 44.5155047724788], [11.285312737064459, 44.51548967369896]]]}}, {"type": "Feature", "properties": {"threshold": "ge_7", "source": "HistorySUHI", "period": "2013-2026", "hotspot_percentile": "top_10_pct", "label": ">= 7 estati"}, "geometry": {"type": "Polygon", "coordinates": [[[11.297674335790497, 44.513080918265295], [11.297695554176467, 44.51362064507322], [11.298449859994111, 44.51360546003265], [11.298460472885687, 44.5138753232723], [11.2992147815836, 44.51386013311206], [11.299172317008525, 44.512780680633206], [11.298795169684745, 44.512788276051204], [11.298784555650707, 44.5125184128234], [11.297653117999493, 44.51254119139816], [11.297663726820625, 44.512811054839126], [11.297286578901739, 44.51281864527973], [11.297297186133946, 44.51308850877693], [11.297674335790497, 44.513080918265295]]]}}, {"type": "Feature", "properties": {"threshold": "ge_7", "source": "HistorySUHI", "period": "2013-2026", "hotspot_percentile": "top_10_pct", "label": ">= 7 estati"}, "geometry": {"type": "Polygon", "coordinates": [[[11.303836362948806, 44.5161976471479], [11.303825724386892, 44.51592778503761], [11.303448557997664, 44.515935396242334], [11.303459194821661, 44.516205258423845], [11.303836362948806, 44.5161976471479]]]}}, {"type": "Feature", "properties": {"threshold": "ge_7", "source": "HistorySUHI", "period": "2013-2026", "hotspot_percentile": "top_10_pct", "label": ">= 7 estati"}, "geometry": {"type": "Polygon", "coordinates": [[[11.292595363477844, 44.5183144933512], [11.292616538848007, 44.51885422158368], [11.293370914870057, 44.51883906869211], [11.293360323634337, 44.51856920472508], [11.293737509684414, 44.518561626483276], [11.293726916859015, 44.51829176257235], [11.293349732547115, 44.51829934074323], [11.293339141608394, 44.5180294767466], [11.292961958886151, 44.51803705360197], [11.292972548086716, 44.51830691766952], [11.292595363477844, 44.5183144933512]]]}}, {"type": "Feature", "properties": {"threshold": "ge_7", "source": "HistorySUHI", "period": "2013-2026", "hotspot_percentile": "top_10_pct", "label": ">= 7 estati"}, "geometry": {"type": "Polygon", "coordinates": [[[11.277068978443035, 44.52672755438663], [11.277058459561665, 44.526457687724246], [11.276681218171047, 44.52646521192859], [11.276670701176153, 44.526195345181044], [11.275161741095076, 44.526225429266866], [11.275172251134054, 44.52649529629594], [11.274795009006294, 44.5265028142753], [11.274805517453641, 44.526772681359965], [11.274051029278054, 44.526787713724325], [11.274061534394683, 44.52705758093489], [11.273307042151773, 44.52707260845981], [11.273349050178592, 44.528152077716996], [11.2729717968798, 44.52815958989311], [11.272982297515512, 44.5284294572408], [11.276000333694128, 44.528369324407095], [11.275989819145135, 44.528099457622154], [11.276744323237523, 44.528084412103695], [11.276733805357729, 44.52781454544479], [11.277111055443578, 44.527807020888375], [11.277100535972178, 44.52753715428509], [11.27747778417142, 44.52752962855407], [11.277446221425146, 44.52672002886687], [11.277068978443035, 44.52672755438663]]]}}, {"type": "Feature", "properties": {"threshold": "ge_7", "source": "HistorySUHI", "period": "2013-2026", "hotspot_percentile": "top_10_pct", "label": ">= 7 estati"}, "geometry": {"type": "Polygon", "coordinates": [[[11.280569513416507, 44.52935843935738], [11.280558977406931, 44.52908857347702], [11.280936234712263, 44.529081036117496], [11.280904622352491, 44.52827143859935], [11.280150118029095, 44.528286511650144], [11.2801606518563, 44.52855637764536], [11.279406143463751, 44.528571445856905], [11.279437735396478, 44.529381044176915], [11.280569513416507, 44.52935843935738]]]}}, {"type": "Feature", "properties": {"threshold": "ge_7", "source": "HistorySUHI", "period": "2013-2026", "hotspot_percentile": "top_10_pct", "label": ">= 7 estati"}, "geometry": {"type": "Polygon", "coordinates": [[[11.313034620244903, 44.52924538913275], [11.313013248649499, 44.528705669633716], [11.31263600225247, 44.528713312893316], [11.312625318418533, 44.52844345305003], [11.312248073610691, 44.52845109499313], [11.312216028224615, 44.527641515159736], [11.311838788483858, 44.527649155643346], [11.311828108726974, 44.52737929559772], [11.31145087057537, 44.527386934764884], [11.31144019270713, 44.52711707463295], [11.311062956144685, 44.5271247124837], [11.311052280165038, 44.526854852265444], [11.309920574796191, 44.52687775813375], [11.309952587534191, 44.52768733938708], [11.309575346895254, 44.52769497240095], [11.30958601636824, 44.5279648328605], [11.309963258746128, 44.5279571997752], [11.3099739301077, 44.52822706014849], [11.30959668599084, 44.52823469330522], [11.309660706868485, 44.52985385566218], [11.310037961419692, 44.52984622207686], [11.31005930638758, 44.53038594260104], [11.310436564267436, 44.530378307627764], [11.310425889969498, 44.53010844744454], [11.310803145960508, 44.53010081129766], [11.310813821997609, 44.53037067140942], [11.311191079578071, 44.53036303394599], [11.311201757504065, 44.530632893971465], [11.311579016673974, 44.53062525519148], [11.31158969648891, 44.530895115130626], [11.311966957248263, 44.53088747503407], [11.311988320805913, 44.5314271947249], [11.312365584893952, 44.53141955324023], [11.312386952529344, 44.5319592727287], [11.312009684962733, 44.53196691435639], [11.312020367265841, 44.532236774149894], [11.312397636571776, 44.5322291324507], [11.31240832076403, 44.53249899215786], [11.312031049718748, 44.53250663392856], [11.31204173232146, 44.5327764936924], [11.312419005106111, 44.532768851850186], [11.312429689598023, 44.53303871152769], [11.312806963972239, 44.53303106836878], [11.312796277740933, 44.5327612087628], [11.313173550225901, 44.53275356443024], [11.313162862405084, 44.532483704880974], [11.313917403446634, 44.532468412623444], [11.313799809046158, 44.52949995817653], [11.313422557731702, 44.52950760414079], [11.31341186997016, 44.529237744485066], [11.313034620244903, 44.52924538913275]]]}}, {"type": "Feature", "properties": {"threshold": "ge_7", "source": "HistorySUHI", "period": "2013-2026", "hotspot_percentile": "top_10_pct", "label": ">= 7 estati"}, "geometry": {"type": "Polygon", "coordinates": [[[11.276872019485406, 44.541045521123614], [11.276861496263463, 44.54077565510327], [11.277616163593146, 44.54076060047466], [11.277626690295667, 44.54103046635414], [11.278381360515382, 44.541015406602156], [11.278370830332292, 44.540745540863625], [11.279125496480708, 44.540730476270156], [11.279136030144358, 44.54100034186771], [11.279890699182394, 44.54098527215079], [11.279880162038198, 44.54071540669426], [11.280257494595283, 44.540707870037906], [11.280215340535435, 44.53962840834611], [11.280592665983889, 44.53962087072631], [11.280582126098272, 44.53935100533694], [11.280959449658765, 44.53934346654214], [11.280948908180847, 44.53907360120856], [11.281326229853379, 44.53906606123877], [11.281315686783207, 44.53879619596096], [11.282070326204487, 44.53878111242597], [11.282059779802045, 44.538511247274535], [11.283191732604411, 44.53848861284251], [11.283181181129777, 44.538218747888116], [11.283935812111444, 44.538203652180535], [11.283925257304778, 44.537933787352614], [11.285057197447038, 44.53791113466211], [11.28504663756848, 44.537641270031386], [11.285801260109613, 44.53762616215176], [11.285790696899264, 44.53735629764765], [11.287299933243895, 44.53732606722586], [11.287289363222046, 44.53705620298984], [11.288421283704412, 44.53703351730869], [11.288400133666228, 44.53649378921689], [11.288777436717382, 44.5364862249739], [11.288766860180921, 44.5362163609766], [11.289144161343929, 44.53620879555901], [11.289133583215996, 44.5359389316177], [11.28951088249086, 44.53593136502555], [11.289500302771506, 44.53566150114027], [11.290632194486484, 44.53563879410405], [11.290621609696277, 44.53536893041648], [11.291376199951298, 44.53535378630729], [11.291365611830111, 44.535083922746615], [11.29098831851654, 44.535091495353015], [11.290977732283523, 44.5348216317067], [11.292109606559713, 44.53479891036413], [11.292099015256182, 44.53452904691564], [11.292853593885063, 44.53451389326916], [11.292842999250809, 44.534244029947665], [11.294729434524394, 44.53420612439345], [11.294718831340749, 44.53393626141189], [11.29509611620989, 44.53392867663617], [11.295085511435378, 44.53365881371078], [11.296217359931726, 44.53363605212501], [11.296206750087336, 44.53336618939783], [11.296961311528614, 44.5333510089231], [11.296950698354008, 44.53308114632317], [11.297705255720954, 44.53306596100959], [11.297694639216237, 44.532796098536956], [11.298449192508729, 44.53278090838463], [11.298427952988206, 44.53224118367922], [11.299559771373387, 44.53221838953828], [11.29954914661835, 44.53194852737667], [11.300303687984774, 44.53193332519905], [11.300293059900016, 44.53166346316488], [11.301802133886778, 44.53163304415226], [11.30179149899376, 44.531363182387956], [11.302168765378353, 44.531355574593114], [11.302158128895174, 44.53108571288518], [11.30479897723456, 44.53103242395609], [11.30478832872572, 44.53076256273202], [11.305165590437847, 44.530754945118666], [11.305154940339106, 44.530485083951056], [11.305532200162663, 44.5304774651639], [11.305478943213338, 44.52912815946006], [11.305101692085527, 44.52913577789076], [11.30509104288282, 44.528865916634224], [11.304713793344755, 44.52887353374861], [11.304703146030432, 44.52860367240599], [11.304325898082121, 44.52861128820407], [11.304336543657389, 44.52888114961796], [11.303959293820737, 44.52888876424228], [11.303969937806203, 44.52915862571261], [11.303592686081211, 44.52916623916315], [11.303582043834833, 44.52889637762157], [11.303204793699694, 44.52890398975583], [11.303194153341614, 44.528634128128225], [11.302439656101875, 44.528649348519224], [11.302418382789453, 44.528109624934665], [11.302041137423908, 44.528117233120234], [11.302030502730428, 44.52784737123454], [11.301653258954756, 44.52785497810393], [11.301642626149377, 44.52758511613222], [11.30088814162872, 44.5276003259937], [11.300898770956135, 44.527870188107734], [11.300521526733238, 44.52787779124215], [11.300532154470696, 44.52814765341252], [11.300154908359756, 44.528155255373086], [11.300144282361309, 44.52788539313158], [11.299767037840379, 44.527892993776], [11.299756413729925, 44.52762313144855], [11.299379170799009, 44.52763073077686], [11.299389793170468, 44.527900593175424], [11.297880813001528, 44.52793097832315], [11.297859582319454, 44.527391252942536], [11.297482340382999, 44.52739884597485], [11.297471727004199, 44.52712898319128], [11.297094486657878, 44.52713657490757], [11.297052041586493, 44.52605712334107], [11.297429274977222, 44.52604953190895], [11.297397437519557, 44.525239943291744], [11.29702020934527, 44.52524753451076], [11.297009598895764, 44.5249776715377], [11.296255145578398, 44.52499285009899], [11.296244538755163, 44.524722986969095], [11.295867313612117, 44.524730574311405], [11.295835499250874, 44.52392098461989], [11.296212719177822, 44.523913397490574], [11.296202112949489, 44.523643534301456], [11.295824894761193, 44.523651121359784], [11.295803686227911, 44.523111394795144], [11.295426471368152, 44.52311898046667], [11.295415869063126, 44.522849117091155], [11.294661442374801, 44.52286428455785], [11.29467204120266, 44.52313414807529], [11.294294825896973, 44.5231417300124], [11.294337215740004, 44.52422118421799], [11.292073879058528, 44.524266651401604], [11.292084466458476, 44.52453651534148], [11.291330016232614, 44.52455166125222], [11.291340600303519, 44.52482152531905], [11.291717827229421, 44.524813952915245], [11.291738999294054, 44.52535368086279], [11.290607307638371, 44.52537639476462], [11.290617888676863, 44.52564625892877], [11.289863423353516, 44.525661395447074], [11.28987400106266, 44.52593125973805], [11.28911953166829, 44.52594639141828], [11.289108957436873, 44.5256765269857], [11.28797725744991, 44.525699214956646], [11.28798782646471, 44.525969079601545], [11.286856119927293, 44.52599175658032], [11.28686668387359, 44.52626162142266], [11.286112208630128, 44.526276733325176], [11.286165013193841, 44.52762605802215], [11.286542259584545, 44.52761850233984], [11.286584512857633, 44.52869796154842], [11.286961766056578, 44.528690404338214], [11.28698289706023, 44.52923013371233], [11.287360153589342, 44.5292225751156], [11.287381288664061, 44.52976230428911], [11.2877585485234, 44.52975474430579], [11.287800827408276, 44.530834202192345], [11.287423560591815, 44.53084176245865], [11.287455266093733, 44.53165135593053], [11.28707799391097, 44.5316589151639], [11.287088560968606, 44.53192877969568], [11.286711286898237, 44.53193633775458], [11.28670072158002, 44.53166647315207], [11.286323449100912, 44.53167402989506], [11.286344576406643, 44.532213759226735], [11.285590024046291, 44.5322288692599], [11.285600584442419, 44.53249873404497], [11.284846028010744, 44.53251383923862], [11.284856585075957, 44.53278370415025], [11.283724744099631, 44.53280635281339], [11.28371419225295, 44.5325364876898], [11.28333691337104, 44.53254403468307], [11.283315813600543, 44.532004304250314], [11.282938538049649, 44.532011849857106], [11.282927990125762, 44.53174198454795], [11.281796167804004, 44.53176461368525], [11.281806710509542, 44.53203447920617], [11.281429434367116, 44.53204201983208], [11.281439975481023, 44.53231188540879], [11.281062697451294, 44.532319424860034], [11.28107323697352, 44.53258929049252], [11.280695957056482, 44.53259682876906], [11.280706494986978, 44.532866694457326], [11.27995193123052, 44.532881767415724], [11.279962465829675, 44.53315163323026], [11.279585181990273, 44.53315916791207], [11.279595714997575, 44.53342903378234], [11.279218429270871, 44.53343656728937], [11.279228960686266, 44.53370643321536], [11.278851673072259, 44.533713965547605], [11.27884114339648, 44.53344409955112], [11.278463857374424, 44.533451630567576], [11.278474385310583, 44.53372149663453], [11.278097097401266, 44.53372902647615], [11.278107623745418, 44.533998892598795], [11.277353044004652, 44.534013948687026], [11.277342521139804, 44.533744082423496], [11.276965232787706, 44.5337516085292], [11.276944190979945, 44.53321187581694], [11.276566905959546, 44.5332194005365], [11.27655638701656, 44.53294953408779], [11.276179103588232, 44.53295705749167], [11.27618962079163, 44.53322692401077], [11.275812335476225, 44.53323444623977], [11.2758228510875, 44.53350431281449], [11.275445563885013, 44.53351183386858], [11.275466592070668, 44.534051567114496], [11.274712010264755, 44.53406660576822], [11.274743543210814, 44.53487620594854], [11.27549813545503, 44.534861166872616], [11.275508650211394, 44.535131033429124], [11.275885947852093, 44.53512351195273], [11.275896464495704, 44.53539337842408], [11.27551916511522, 44.53540089997086], [11.275529680166507, 44.53567076649783], [11.275152378898747, 44.53567828686959], [11.275162892357663, 44.53594815345216], [11.274408285900163, 44.535963190600214], [11.27441879602679, 44.53623305730875], [11.273664185499973, 44.53624808961583], [11.273685199235786, 44.53678782326993], [11.274062508052697, 44.536780307598434], [11.274083525857836, 44.537320041052794], [11.27446083800728, 44.53731252399517], [11.274481859881956, 44.53785225724978], [11.274859175363995, 44.537844738805966], [11.274869688262488, 44.538114605340766], [11.274492371040411, 44.53812212385495], [11.274502882346278, 44.53839199044534], [11.274125563236723, 44.538399507784355], [11.274136072949918, 44.53866937443032], [11.273004109516712, 44.53869191918525], [11.273012968505412, 44.538919508826716], [11.273054520884884, 44.5389797087525], [11.273128293388218, 44.539086711294765], [11.273145014071769, 44.53916055921369], [11.27316880797296, 44.53917683011997], [11.27321714001744, 44.53920973520348], [11.273529333416953, 44.539089914975], [11.273571036772026, 44.53915041865501], [11.273677259531231, 44.539117100238556], [11.274464661773957, 44.540256124275814], [11.274737360193086, 44.54065073608598], [11.275617892877522, 44.54032828880277], [11.27561897547651, 44.54032990568241], [11.275722737527191, 44.5402847780849], [11.276232359484215, 44.54105827627518], [11.276872019485406, 44.541045521123614]], [[11.278925384937509, 44.53560302710927], [11.279679984373832, 44.535587960212546], [11.279690518710634, 44.535857825949826], [11.278935915794687, 44.53587289298755], [11.278925384937509, 44.53560302710927]], [[11.288051243665894, 44.527588267160425], [11.288805734817347, 44.52757314210062], [11.288826882026356, 44.52811287088553], [11.289958628075759, 44.528090173533435], [11.290000945142538, 44.529169630076105], [11.289246434011611, 44.52918476345564], [11.289257010170829, 44.52945462769596], [11.288879752643707, 44.529462192588895], [11.288858603951928, 44.52892246395192], [11.288481349754871, 44.528930027458216], [11.288470777370543, 44.52866016304676], [11.288093524764372, 44.52866772523721], [11.288082954267413, 44.528397860740206], [11.28846020513447, 44.528390298620515], [11.288449633046646, 44.52812043417947], [11.288072383918683, 44.528127996228406], [11.288051243665894, 44.527588267160425]], [[11.292849507116408, 44.52479122823456], [11.293981185666796, 44.524768492349935], [11.293991782057509, 44.525038355905686], [11.294746237159076, 44.525023192282994], [11.294756837175942, 44.525293055682035], [11.295134066242564, 44.525285471932385], [11.295176474751782, 44.52636492509666], [11.294799238729798, 44.526372509130184], [11.2948204403986, 44.526912235765444], [11.294443200750134, 44.526919818695944], [11.294453800068561, 44.52718968206234], [11.292944833032829, 44.527220001618396], [11.292934240670236, 44.52695013796828], [11.292557000278874, 44.52695771467393], [11.292546409803757, 44.526687850938096], [11.29216917100283, 44.52669542632788], [11.292116229549094, 44.52534610707236], [11.292493459655669, 44.52533853203702], [11.292482870071536, 44.52506866821242], [11.292860098290822, 44.52506109200308], [11.292849507116408, 44.52479122823456]]]}}, {"type": "Feature", "properties": {"threshold": "ge_7", "source": "HistorySUHI", "period": "2013-2026", "hotspot_percentile": "top_10_pct", "label": ">= 7 estati"}, "geometry": {"type": "Polygon", "coordinates": [[[11.271002055227692, 44.53576092876253], [11.27099156105433, 44.5354910613918], [11.271368862202754, 44.535483554789735], [11.271379358115956, 44.5357534220902], [11.272133963450868, 44.53573840500931], [11.272123464057993, 44.53546853784938], [11.271746163203982, 44.53547604694226], [11.271725168339556, 44.534936312437566], [11.272479762941138, 44.534921293287525], [11.272469262250226, 44.53465142615358], [11.272846557590377, 44.5346439147808], [11.272783546099223, 44.53302471208888], [11.27316083085407, 44.53301719989254], [11.27315032771475, 44.53274733279585], [11.272773044699488, 44.53275484492188], [11.272720539909761, 44.53140550886546], [11.272343265444807, 44.53141301939478], [11.272322268038572, 44.530873284728294], [11.27194499690525, 44.53088079387185], [11.271903010816894, 44.52980132408064], [11.27228027499278, 44.52979381521817], [11.272238284302428, 44.52871434547184], [11.270729254544076, 44.52874437232682], [11.270708273995677, 44.528204636803096], [11.269199255797217, 44.528234643174706], [11.269209739041106, 44.52850451122477], [11.267323454289592, 44.528541991525486], [11.26733392898436, 44.52881185991153], [11.266956669854068, 44.52881935230648], [11.266967142956467, 44.52908922074786], [11.266589881940051, 44.529096711967796], [11.266621296910532, 44.5299063174138], [11.266244030529343, 44.52991380759886], [11.266254500740507, 44.53018367612145], [11.266631768861055, 44.53017618586629], [11.26666318559375, 44.53098579113526], [11.267040458785665, 44.53097829942459], [11.267050933063066, 44.53124816774797], [11.26742820784755, 44.53124067472198], [11.267449160321993, 44.531780411184215], [11.267826438438536, 44.53177291677271], [11.267836916635654, 44.53204278491157], [11.268214196344779, 44.532035289184684], [11.268235156658957, 44.532575025277836], [11.268612439700222, 44.53256752816537], [11.268622921817357, 44.53283739611965], [11.268245637036502, 44.532844893302276], [11.268256117561023, 44.53311476131196], [11.267501544079174, 44.53312975208161], [11.267552687989403, 44.53444706332107], [11.267569992251286, 44.53442465138625], [11.268387857603637, 44.53336534113326], [11.26841183518148, 44.533334265033936], [11.268497694456679, 44.53322306096136], [11.269056507779228, 44.532499250630394], [11.269086739650078, 44.53254559796996], [11.2690918219086, 44.532553311155866], [11.26917758980799, 44.53244856319944], [11.269466804753472, 44.532872397144835], [11.269847871927547, 44.53346743283226], [11.270117709504085, 44.53388174755583], [11.270493759363658, 44.53447039893323], [11.270501413019453, 44.534482733228096], [11.270501440270737, 44.534482786701325], [11.270714396801615, 44.534826192951215], [11.270707129049052, 44.53487558140581], [11.27066155466095, 44.53492383228625], [11.270562689930985, 44.53495493097451], [11.270562392988918, 44.53495506291627], [11.270231529621624, 44.535105125805515], [11.270225502922964, 44.53514209305072], [11.27025830729711, 44.535205988863275], [11.27033493632111, 44.535308705277394], [11.27059323061047, 44.535655648270115], [11.270673913497065, 44.535767455172106], [11.271002055227692, 44.53576092876253]], [[11.270970573149118, 44.53495132660612], [11.271347870817932, 44.53494382014452], [11.271358366436747, 44.53521368747452], [11.27098106702814, 44.53522119400635], [11.270970573149118, 44.53495132660612]], [[11.269670880708494, 44.53065595473696], [11.270048150985245, 44.5306484531348], [11.270058639031113, 44.530918320911645], [11.269681367014954, 44.53092582258399], [11.269670880708494, 44.53065595473696]]]}}, {"type": "Feature", "properties": {"threshold": "ge_7", "source": "HistorySUHI", "period": "2013-2026", "hotspot_percentile": "top_10_pct", "label": ">= 7 estati"}, "geometry": {"type": "Polygon", "coordinates": [[[11.266820289084631, 44.53503381548839], [11.266833668866647, 44.535378521005676], [11.267104099287037, 44.53502817791126], [11.266820289084631, 44.53503381548839]]]}}, {"type": "Feature", "properties": {"threshold": "ge_7", "source": "HistorySUHI", "period": "2013-2026", "hotspot_percentile": "top_10_pct", "label": ">= 7 estati"}, "geometry": {"type": "Polygon", "coordinates": [[[11.2628791271677, 44.54051352973074], [11.262881668364015, 44.54057910193018], [11.262890370136622, 44.540565558634505], [11.2629243721916, 44.5405126327742], [11.2628791271677, 44.54051352973074]]]}}, {"type": "Feature", "properties": {"threshold": "ge_7", "source": "HistorySUHI", "period": "2013-2026", "hotspot_percentile": "top_10_pct", "label": ">= 7 estati"}, "geometry": {"type": "Polygon", "coordinates": [[[11.262512248114366, 44.5407908776658], [11.262521360605461, 44.5410260492926], [11.262707140316547, 44.54080578617531], [11.2627232414464, 44.54078669552283], [11.262512248114366, 44.5407908776658]]]}}, {"type": "Feature", "properties": {"threshold": "ge_7", "source": "HistorySUHI", "period": "2013-2026", "hotspot_percentile": "top_10_pct", "label": ">= 7 estati"}, "geometry": {"type": "Polygon", "coordinates": [[[11.26214536558033, 44.54106822448043], [11.262160316069803, 44.541454108925365], [11.262491575200636, 44.54106136330013], [11.26214536558033, 44.54106822448043]]]}}, {"type": "Feature", "properties": {"threshold": "ge_7", "source": "HistorySUHI", "period": "2013-2026", "hotspot_percentile": "top_10_pct", "label": ">= 7 estati"}, "geometry": {"type": "Polygon", "coordinates": [[[11.259283281251799, 44.54517604274679], [11.259284296490238, 44.54520227689638], [11.259306748377739, 44.54517557822473], [11.259283281251799, 44.54517604274679]]]}}, {"type": "Feature", "properties": {"threshold": "ge_7", "source": "HistorySUHI", "period": "2013-2026", "hotspot_percentile": "top_10_pct", "label": ">= 7 estati"}, "geometry": {"type": "Polygon", "coordinates": [[[11.290822746096072, 44.540496337950735], [11.290812158633539, 44.540226474529454], [11.289680178180653, 44.540249185178304], [11.289690760422651, 44.5405190488121], [11.290822746096072, 44.540496337950735]]]}}, {"type": "Feature", "properties": {"threshold": "ge_7", "source": "HistorySUHI", "period": "2013-2026", "hotspot_percentile": "top_10_pct", "label": ">= 7 estati"}, "geometry": {"type": "Polygon", "coordinates": [[[11.280415593383179, 44.544755849276406], [11.280426134485014, 44.545025714440754], [11.280803494741505, 44.54501817541008], [11.280814037731846, 44.5452880404891], [11.281568761282504, 44.545272958549255], [11.28155821481086, 44.54500309361137], [11.281935574623668, 44.54499555084334], [11.281925026559314, 44.54472568596128], [11.281547668487129, 44.544733228658714], [11.281516030403424, 44.54392363371205], [11.280006617522771, 44.54395379119744], [11.280038234719477, 44.54476338699075], [11.280415593383179, 44.544755849276406]]]}}, {"type": "Feature", "properties": {"threshold": "ge_7", "source": "HistorySUHI", "period": "2013-2026", "hotspot_percentile": "top_10_pct", "label": ">= 7 estati"}, "geometry": {"type": "Polygon", "coordinates": [[[11.28497557222115, 44.545474892440666], [11.284985056139734, 44.54571720125555], [11.285249855347375, 44.545571446575245], [11.28528610505997, 44.545534323685274], [11.285351481261676, 44.54546736740419], [11.28497557222115, 44.545474892440666]]]}}, {"type": "Feature", "properties": {"threshold": "ge_7", "source": "HistorySUHI", "period": "2013-2026", "hotspot_percentile": "top_10_pct", "label": ">= 7 estati"}, "geometry": {"type": "Polygon", "coordinates": [[[11.284608770804285, 44.545752309659576], [11.28461536036409, 44.54592069464991], [11.284933065152366, 44.54574581890063], [11.284608770804285, 44.545752309659576]]]}}, {"type": "Feature", "properties": {"threshold": "ge_7", "source": "HistorySUHI", "period": "2013-2026", "hotspot_percentile": "top_10_pct", "label": ">= 7 estati"}, "geometry": {"type": "Polygon", "coordinates": [[[11.284241965906034, 44.54602972575925], [11.284245662104063, 44.54612418941176], [11.284423892750684, 44.546026085073954], [11.284241965906034, 44.54602972575925]]]}}, {"type": "Feature", "properties": {"threshold": "ge_7", "source": "HistorySUHI", "period": "2013-2026", "hotspot_percentile": "top_10_pct", "label": ">= 7 estati"}, "geometry": {"type": "Polygon", "coordinates": [[[11.336756034453325, 44.489871182946366], [11.336745253855907, 44.489601325881125], [11.337122241602836, 44.48959360829917], [11.337100677390628, 44.48905389426852], [11.33596972410861, 44.4890770428514], [11.33598050093316, 44.48934690009078], [11.336357487246914, 44.48933918506751], [11.33637904481991, 44.489878899357294], [11.336756034453325, 44.489871182946366]]]}}, {"type": "Feature", "properties": {"threshold": "ge_7", "source": "HistorySUHI", "period": "2013-2026", "hotspot_percentile": "top_10_pct", "label": ">= 7 estati"}, "geometry": {"type": "Polygon", "coordinates": [[[11.332275189485252, 44.49104312939742], [11.33226442910928, 44.49077327152588], [11.331887432458107, 44.490780973233825], [11.331898191098572, 44.49105083117745], [11.332275189485252, 44.49104312939742]]]}}, {"type": "Feature", "properties": {"threshold": "ge_7", "source": "HistorySUHI", "period": "2013-2026", "hotspot_percentile": "top_10_pct", "label": ">= 7 estati"}, "geometry": {"type": "Polygon", "coordinates": [[[11.336066720967661, 44.49150575747057], [11.336077499151777, 44.49177561457614], [11.336454501084624, 44.49176789890306], [11.336432941396387, 44.49122818482147], [11.336809939707061, 44.491220468049505], [11.336777596101483, 44.49041089703224], [11.336023609741906, 44.49042632889964], [11.336034387321742, 44.490696186064675], [11.335657392179892, 44.49070390020564], [11.33568972061929, 44.491513471828114], [11.336066720967661, 44.49150575747057]]]}}, {"type": "Feature", "properties": {"threshold": "ge_7", "source": "HistorySUHI", "period": "2013-2026", "hotspot_percentile": "top_10_pct", "label": ">= 7 estati"}, "geometry": {"type": "Polygon", "coordinates": [[[11.340967711739967, 44.491405357680094], [11.340978512486055, 44.49167521384612], [11.342109511931747, 44.49165201460701], [11.34209870597911, 44.49138215865809], [11.342475703755934, 44.491374423164146], [11.342443281600394, 44.49056485544526], [11.341689296308067, 44.49058032475558], [11.341678492696676, 44.49031046867477], [11.341301501558775, 44.49031820139266], [11.341344709971102, 44.49139762591608], [11.340967711739967, 44.491405357680094]]]}}, {"type": "Feature", "properties": {"threshold": "ge_7", "source": "HistorySUHI", "period": "2013-2026", "hotspot_percentile": "top_10_pct", "label": ">= 7 estati"}, "geometry": {"type": "Polygon", "coordinates": [[[11.334968038854774, 44.492338468734886], [11.334957265575321, 44.49206861144253], [11.33458026130273, 44.49207632221437], [11.334591032846571, 44.492346179578895], [11.334968038854774, 44.492338468734886]]]}}, {"type": "Feature", "properties": {"threshold": "ge_7", "source": "HistorySUHI", "period": "2013-2026", "hotspot_percentile": "top_10_pct", "label": ">= 7 estati"}, "geometry": {"type": "Polygon", "coordinates": [[[11.336120613399022, 44.492855042849655], [11.336109834610587, 44.49258518580358], [11.335732827319854, 44.49259290044989], [11.335743604372636, 44.492862757568155], [11.336120613399022, 44.492855042849655]]]}}, {"type": "Feature", "properties": {"threshold": "ge_7", "source": "HistorySUHI", "period": "2013-2026", "hotspot_percentile": "top_10_pct", "label": ">= 7 estati"}, "geometry": {"type": "Polygon", "coordinates": [[[11.33947051110577, 44.49170612875838], [11.339093510382401, 44.49171385437814], [11.339082718313943, 44.491443997850524], [11.338705719174838, 44.49145172215466], [11.338694928993158, 44.4911818655399], [11.33794093373227, 44.49119731027368], [11.337908574507448, 44.49038773990653], [11.337531581856613, 44.490395460191706], [11.337553151051058, 44.490935173929174], [11.337176154778142, 44.490942893115545], [11.337186937866617, 44.49121275003421], [11.337563935875028, 44.4912050307756], [11.337585505976472, 44.49174474442382], [11.337208504496997, 44.491752463826906], [11.337230071731973, 44.49229217756012], [11.33685306663018, 44.49229989586432], [11.336917761548797, 44.493919037140394], [11.33729477706467, 44.493911318402816], [11.337305561815862, 44.49418117515788], [11.337682578916327, 44.494173455104615], [11.337693365554479, 44.494443311772564], [11.338070384239531, 44.49443559040362], [11.338081172764692, 44.494705446984426], [11.338835213152715, 44.49469000037163], [11.338846005300757, 44.49495985679302], [11.339600048555335, 44.494944405061794], [11.33961084432635, 44.49521426132371], [11.339987867462506, 44.495206533520566], [11.340009462930285, 44.49574624585514], [11.338878382652554, 44.49576942596796], [11.338889175405717, 44.49603928232983], [11.338135117658918, 44.4960547296654], [11.338156696675258, 44.49659444263367], [11.338533729096218, 44.4965867194431], [11.338555312189555, 44.497126432207324], [11.338932347931266, 44.49711870762865], [11.338953935101813, 44.497658420188806], [11.339330974164339, 44.49765069422196], [11.339384953419241, 44.498999975000494], [11.339762001011131, 44.498992247428504], [11.33979439558883, 44.49980181550018], [11.340548500735888, 44.49978635619127], [11.340559302703753, 44.50005621204074], [11.34093635678644, 44.50004848044843], [11.340947160642028, 44.500318336210654], [11.341324216309568, 44.500310603302296], [11.341335022052927, 44.500580458977296], [11.341712079305312, 44.50057272475286], [11.341722886936493, 44.500842580340596], [11.342099945773718, 44.50083484480006], [11.342110755292767, 44.50110470030053], [11.34248781571483, 44.501096963443885], [11.342498627121794, 44.50136681885707], [11.342121564963344, 44.501374555786114], [11.342132374785455, 44.50164441125681], [11.341755310739062, 44.50165214701452], [11.341766118976269, 44.50192200254273], [11.34138905304192, 44.50192973712905], [11.341399859694176, 44.50219959271475], [11.341776927364988, 44.50219185805606], [11.341798544596982, 44.50273156903808], [11.342175615589277, 44.50272383299082], [11.34216480516101, 44.50245397757964], [11.34329601201901, 44.50243076219231], [11.343274381198283, 44.50189105175981], [11.343651446374823, 44.501883310954675], [11.343640629455448, 44.50161345578854], [11.344017692743925, 44.5016057138121], [11.343996055887292, 44.501066003580064], [11.344750175063714, 44.50105051618582], [11.344739353390176, 44.500780661192415], [11.345493468487112, 44.500765168968265], [11.345471818649894, 44.500225459226705], [11.344717710498191, 44.500240951160905], [11.344706889279736, 44.49997109612283], [11.3454609939589, 44.49995560433361], [11.345450169419642, 44.49968574942561], [11.345827219795385, 44.499678001738], [11.345816393671647, 44.499408146887625], [11.346193442159413, 44.49940039802887], [11.346171786894844, 44.49886068842848], [11.347679965438468, 44.498829681137366], [11.347690799939508, 44.49909953565485], [11.348444891772484, 44.49908402440246], [11.348455729897756, 44.499353878759905], [11.348078682321042, 44.499361635080476], [11.34808951886204, 44.4996314894956], [11.348466568174953, 44.49962373310242], [11.348499083918137, 44.5004332960407], [11.350384354246899, 44.50039449433086], [11.350351812460094, 44.49958493248189], [11.350728860861064, 44.49957716862685], [11.350718012166718, 44.499307314720056], [11.35034096550193, 44.499315078502434], [11.35031927204175, 44.49877537049884], [11.35069631523424, 44.498767606861755], [11.350685466996103, 44.498497752910275], [11.350308425539726, 44.4985055164747], [11.350286732991798, 44.497965808381736], [11.349909694855537, 44.4979735705573], [11.34989885054567, 44.49770371641583], [11.349521813993443, 44.49771147727519], [11.349489287183872, 44.49690191454356], [11.350620380760562, 44.496878628888524], [11.350631228086346, 44.49714848292939], [11.351008260710476, 44.49714071848467], [11.351029959290203, 44.49768042637639], [11.35140699523425, 44.4976726605428], [11.35141784648827, 44.49794251439365], [11.353680069373622, 44.49789589284123], [11.353658346185533, 44.49735618599719], [11.354035379328337, 44.49734841153151], [11.354013653277331, 44.49680870477336], [11.354390682795955, 44.49680092920966], [11.35437981826294, 44.496531075881], [11.354002790480232, 44.49653885137193], [11.35397020300252, 44.49572929107825], [11.353593180275158, 44.49573706510745], [11.35357145952293, 44.495197358024974], [11.353948478778673, 44.495189584141286], [11.353937616895129, 44.494919730650444], [11.354314634262847, 44.494911955596066], [11.354292907481039, 44.4943722487152], [11.355423948256073, 44.4943489165282], [11.355369607931557, 44.492999650156925], [11.354992603170396, 44.49300742843203], [11.355003469195038, 44.4932772818089], [11.354626462545978, 44.49328505891345], [11.354637326987305, 44.49355491234817], [11.35388330976111, 44.493570462972734], [11.35387244879103, 44.493300609392485], [11.352741427016909, 44.493323925785845], [11.352763138695456, 44.49386363336783], [11.352009116475932, 44.49387917170406], [11.352019969072082, 44.494149025618114], [11.35164295599844, 44.49415679299384], [11.351610403873334, 44.493347230988945], [11.350479379360957, 44.49337052500173], [11.350468534163634, 44.49310067075232], [11.350091527424405, 44.49310843286387], [11.350080684114698, 44.49283857852693], [11.349703678959083, 44.4928463393225], [11.349692837536944, 44.49257648489803], [11.34931583396495, 44.49258424437764], [11.349304994430328, 44.49231438986566], [11.348550990301685, 44.492329904949656], [11.348540154390076, 44.492060050277615], [11.348163153833458, 44.49206780588204], [11.34814148593689, 44.49152809634811], [11.347764488699433, 44.491535850564084], [11.347753656714403, 44.49126599570223], [11.34888464276479, 44.491242729542144], [11.348895479956228, 44.491512584186275], [11.350026469845915, 44.4914893066188], [11.350037312395713, 44.49175916103022], [11.350414310457175, 44.49175139928185], [11.350457689118326, 44.492830816488016], [11.350834693969942, 44.49282305320575], [11.35082384734107, 44.492553198999204], [11.35308586284378, 44.492506593631525], [11.353075005953686, 44.49223673984619], [11.353452006269455, 44.49222896800599], [11.353441147796028, 44.49195911427851], [11.353818146224091, 44.491951341267736], [11.35380728616738, 44.49168148759808], [11.353430289474797, 44.491689260536106], [11.353419431305763, 44.491419406778824], [11.353042436196448, 44.49142717840084], [11.35303157991504, 44.49115732455592], [11.352277592710811, 44.49117286392471], [11.352266740052402, 44.49090300991947], [11.351889747957518, 44.490910777666265], [11.35187889718662, 44.490640923573444], [11.351501906675043, 44.49064869000429], [11.351491057791604, 44.49037883582389], [11.350737079783043, 44.49039436481053], [11.35071538941371, 44.489854656114396], [11.349584431672923, 44.48987793983426], [11.349573591922203, 44.48960808524597], [11.349196607440021, 44.48961584392688], [11.349185769576524, 44.48934598925108], [11.348808786677731, 44.489353746616175], [11.348797950701409, 44.489083891852886], [11.347667006299673, 44.48910715627126], [11.347710330292514, 44.49018657610586], [11.347333341580358, 44.49019432871579], [11.347387491310144, 44.49154360353676], [11.347010493769053, 44.49155135526613], [11.34697800868215, 44.4907417902006], [11.346224023557395, 44.49075728949431], [11.346256498231556, 44.49156685499498], [11.346633496076183, 44.4915591057522], [11.34666597732252, 44.49236867090131], [11.3462889742713, 44.49237642036162], [11.346299799921352, 44.492646275454085], [11.345545789892554, 44.4926617707897], [11.345534967713666, 44.492391915552254], [11.344403956739601, 44.49241514901312], [11.344393139919102, 44.49214529354338], [11.343639135316074, 44.49216077615567], [11.343628322118283, 44.49189092052614], [11.34249731928372, 44.49191413490231], [11.342518935417468, 44.49245384658095], [11.342895939984983, 44.49244610955408], [11.342928370528725, 44.49325567674324], [11.343305380151602, 44.49324793825577], [11.343316192371578, 44.493517793883306], [11.343693203578574, 44.49351005408003], [11.34371483194461, 44.49404976514559], [11.342583787454704, 44.494072981259734], [11.342572978403068, 44.49380312551714], [11.342195965005773, 44.49381086166262], [11.342185157841351, 44.49354100583275], [11.339169059097314, 44.49360284965488], [11.33913668016896, 44.49279328033981], [11.339890695349128, 44.49277782727855], [11.33986910321084, 44.49223811461669], [11.339492099167634, 44.49224584162438], [11.33947051110577, 44.49170612875838]], [[11.345976916830988, 44.49400329934504], [11.345987741655803, 44.494273154420654], [11.346364757008347, 44.49426540569611], [11.346353930447803, 44.49399555069299], [11.346730943912865, 44.49398780079755], [11.346741772209134, 44.49425765572814], [11.34711878725814, 44.49424990451675], [11.347151278264953, 44.49505946900159], [11.346397237600526, 44.49507497061612], [11.346386410584705, 44.49480511565768], [11.344124295364688, 44.49485159022342], [11.344135111965667, 44.49512144561678], [11.343758090495717, 44.495129187098094], [11.34371483194461, 44.49404976514559], [11.345976916830988, 44.49400329934504]], [[11.344297379176057, 44.49916927473099], [11.344308198203246, 44.49943912988619], [11.34355409955899, 44.49945461392358], [11.34354328400421, 44.49918475862347], [11.344297379176057, 44.49916927473099]], [[11.342691886304632, 44.49677153786716], [11.342681075737763, 44.496501682273376], [11.342304044982084, 44.49650941914283], [11.342282427774823, 44.495969707765845], [11.34265945505863, 44.49596197104119], [11.342648644946358, 44.495692115402775], [11.34340269558757, 44.49567663836778], [11.343435136794495, 44.496486204803894], [11.343058106341909, 44.496493944160406], [11.343068918644748, 44.49676379968176], [11.342691886304632, 44.49677153786716]]]}}, {"type": "Feature", "properties": {"threshold": "ge_7", "source": "HistorySUHI", "period": "2013-2026", "hotspot_percentile": "top_10_pct", "label": ">= 7 estati"}, "geometry": {"type": "Polygon", "coordinates": [[[11.315555846806769, 44.497595279874574], [11.313670619935827, 44.49763350481367], [11.313681297124695, 44.497903365918695], [11.313304249565181, 44.49791100724706], [11.31331492516748, 44.498180868408774], [11.312937875722076, 44.49818850856498], [11.312969898218006, 44.49899809217558], [11.313724007376914, 44.498982810190476], [11.31373468531417, 44.49925267122135], [11.314865853138853, 44.49922973870125], [11.314855169992596, 44.498959877884985], [11.315232223898345, 44.49895223129573], [11.31522153916554, 44.498682370536194], [11.315598591185207, 44.498674722774815], [11.315577218696395, 44.49813500135437], [11.315954267093735, 44.49812735249245], [11.3159435793378, 44.49785749183155], [11.315566532676685, 44.49786514062189], [11.315555846806769, 44.497595279874574]]]}}, {"type": "Feature", "properties": {"threshold": "ge_7", "source": "HistorySUHI", "period": "2013-2026", "hotspot_percentile": "top_10_pct", "label": ">= 7 estati"}, "geometry": {"type": "Polygon", "coordinates": [[[11.333729221393758, 44.499115739342336], [11.333739991655273, 44.49938559653675], [11.334117043250952, 44.49937788754742], [11.334127815399718, 44.49964774465481], [11.334504868580666, 44.49964003434965], [11.334494094695632, 44.499370177314404], [11.334871145989284, 44.49936246583773], [11.334849595199822, 44.49882275186697], [11.334472547378635, 44.49883046319932], [11.33446177394667, 44.49856060611947], [11.333707681323656, 44.498576024908935], [11.333696911515062, 44.49830616766994], [11.333319866713268, 44.49831387512709], [11.333276795933006, 44.4972344457339], [11.332522719765592, 44.49724985634044], [11.332511955919989, 44.49697999881077], [11.331380845745501, 44.49700310517746], [11.331391604382901, 44.49727296292335], [11.331014565620347, 44.49728066263048], [11.33102532267246, 44.49755052043358], [11.33064828202302, 44.49755821896915], [11.33068054887566, 44.49836779250538], [11.331057594733547, 44.498360093753675], [11.331068352388833, 44.49862995149732], [11.331822447124573, 44.498614550118866], [11.331843969832468, 44.49915426527331], [11.332221020446532, 44.49914656257445], [11.33223178376302, 44.49941642005731], [11.331477678911515, 44.4994318243555], [11.3315099593484, 44.50024139714733], [11.33113290148744, 44.500249097647085], [11.331154419060136, 44.500788812911445], [11.333039724220022, 44.50075029725465], [11.333028956676344, 44.50048043999032], [11.333783074211125, 44.50046502516569], [11.333772303345688, 44.50019516803075], [11.333395246390127, 44.5002028759928], [11.333384477412, 44.499933018770875], [11.333007422041806, 44.499940725417076], [11.332975121221999, 44.49913115344573], [11.333729221393758, 44.499115739342336]]]}}, {"type": "Feature", "properties": {"threshold": "ge_7", "source": "HistorySUHI", "period": "2013-2026", "hotspot_percentile": "top_10_pct", "label": ">= 7 estati"}, "geometry": {"type": "Polygon", "coordinates": [[[11.325423354419693, 44.49901516207784], [11.32539115958351, 44.49820558560852], [11.325014113202792, 44.498213265633616], [11.324981924928972, 44.49740368881504], [11.32385080050998, 44.49742672078183], [11.323861524575756, 44.49769657995175], [11.323484481065927, 44.49770425485861], [11.323495203545855, 44.49797411408549], [11.323118158149546, 44.49798178782052], [11.323139600087902, 44.49852150637337], [11.323516648956636, 44.49851383249472], [11.323527371887492, 44.49878369167706], [11.32315032128251, 44.498791365627525], [11.323182485768083, 44.499600943300905], [11.322805429803916, 44.49960861622309], [11.32281614986335, 44.499878475489666], [11.323193207563866, 44.49987080249567], [11.323225373853026, 44.50068037999086], [11.323602436612425, 44.50067270553768], [11.323613160745868, 44.50094256460124], [11.324367289286522, 44.50092721181993], [11.324356561680203, 44.50065735290005], [11.325110686146457, 44.500641995287396], [11.325099955217702, 44.500372136496395], [11.325477015488792, 44.50036445589631], [11.325434086332626, 44.49928502087123], [11.325057033006916, 44.49929270118382], [11.325046302830266, 44.499022842318546], [11.325423354419693, 44.49901516207784]]]}}, {"type": "Feature", "properties": {"threshold": "ge_7", "source": "HistorySUHI", "period": "2013-2026", "hotspot_percentile": "top_10_pct", "label": ">= 7 estati"}, "geometry": {"type": "Polygon", "coordinates": [[[11.333761532631234, 44.499925310880954], [11.333750762067764, 44.49965545371629], [11.33337370858483, 44.49966316153408], [11.333384477412, 44.499933018770875], [11.333761532631234, 44.499925310880954]]]}}, {"type": "Feature", "properties": {"threshold": "ge_7", "source": "HistorySUHI", "period": "2013-2026", "hotspot_percentile": "top_10_pct", "label": ">= 7 estati"}, "geometry": {"type": "Polygon", "coordinates": [[[11.347012528951403, 44.50100402415391], [11.347001696859834, 44.50073416959556], [11.346624639994356, 44.50074192130429], [11.346635470349593, 44.501011775935176], [11.347012528951403, 44.50100402415391]]]}}, {"type": "Feature", "properties": {"threshold": "ge_7", "source": "HistorySUHI", "period": "2013-2026", "hotspot_percentile": "top_10_pct", "label": ">= 7 estati"}, "geometry": {"type": "Polygon", "coordinates": [[[11.347400421381137, 44.50126612559985], [11.347389587401366, 44.50099627112892], [11.347012528951403, 44.50100402415391], [11.347023361194818, 44.501273878697376], [11.347400421381137, 44.50126612559985]]]}}, {"type": "Feature", "properties": {"threshold": "ge_7", "source": "HistorySUHI", "period": "2013-2026", "hotspot_percentile": "top_10_pct", "label": ">= 7 estati"}, "geometry": {"type": "Polygon", "coordinates": [[[11.351979408125548, 44.5025222591931], [11.351946841852083, 44.50171269857375], [11.351569780017119, 44.50172046674121], [11.351591487241105, 44.50226017398107], [11.351214421781174, 44.50226794105018], [11.351203569829531, 44.50199808736502], [11.350826505953899, 44.50200585311769], [11.350848206536437, 44.50254556061847], [11.351979408125548, 44.5025222591931]]]}}, {"type": "Feature", "properties": {"threshold": "ge_7", "source": "HistorySUHI", "period": "2013-2026", "hotspot_percentile": "top_10_pct", "label": ">= 7 estati"}, "geometry": {"type": "Polygon", "coordinates": [[[11.352733541757445, 44.50250671869071], [11.352722682707903, 44.502236865311254], [11.352345617704493, 44.502244636111605], [11.352356475017597, 44.50251448956379], [11.352733541757445, 44.50250671869071]]]}}, {"type": "Feature", "properties": {"threshold": "ge_7", "source": "HistorySUHI", "period": "2013-2026", "hotspot_percentile": "top_10_pct", "label": ">= 7 estati"}, "geometry": {"type": "Polygon", "coordinates": [[[11.331983882142922, 44.50266241232805], [11.332005409376924, 44.50320212703659], [11.332382486037472, 44.50319442325643], [11.332393251617436, 44.50346428051631], [11.332770329863692, 44.503456575420195], [11.332759562547103, 44.50318671823241], [11.333136638905795, 44.503179011964576], [11.33311510125227, 44.50263929768865], [11.332738028366748, 44.50264700381228], [11.332727261502974, 44.502377146579896], [11.332350190203067, 44.50238485138759], [11.33236095533029, 44.50265470869206], [11.331983882142922, 44.50266241232805]]]}}, {"type": "Feature", "properties": {"threshold": "ge_7", "source": "HistorySUHI", "period": "2013-2026", "hotspot_percentile": "top_10_pct", "label": ">= 7 estati"}, "geometry": {"type": "Polygon", "coordinates": [[[11.331251255603174, 44.50321753086537], [11.33126201597325, 44.50348738834149], [11.330884937123463, 44.50349508846217], [11.330906454842813, 44.50403480351393], [11.331660619338217, 44.50401940174047], [11.331628332565483, 44.503209829572896], [11.331251255603174, 44.50321753086537]]]}}, {"type": "Feature", "properties": {"threshold": "ge_7", "source": "HistorySUHI", "period": "2013-2026", "hotspot_percentile": "top_10_pct", "label": ">= 7 estati"}, "geometry": {"type": "Polygon", "coordinates": [[[11.32070161302433, 44.513155262114275], [11.320712328437667, 44.51342512114093], [11.320335182686229, 44.513432787771485], [11.320324469010474, 44.51316292867307], [11.319947324846412, 44.51317059398756], [11.31995803678458, 44.513440453157706], [11.31958089073275, 44.5134481172996], [11.319570180532168, 44.51317825805774], [11.318815891453232, 44.513193582465185], [11.318805184877947, 44.51292372306508], [11.31805089867372, 44.51293904235192], [11.318029492923609, 44.51239932322045], [11.318406632625688, 44.51239166434253], [11.318385224000812, 44.511851945295064], [11.319139496004773, 44.51183662409313], [11.319128788442546, 44.51156676469051], [11.319505922481913, 44.511559102294875], [11.319516631781584, 44.51182896162579], [11.320270902884747, 44.51181363295836], [11.320281615809495, 44.51208349213099], [11.32065875287326, 44.512075825859164], [11.320680182648342, 44.512615544016406], [11.322188743300892, 44.51258486591236], [11.322199465363886, 44.51285472468163], [11.322576606888799, 44.512847051973125], [11.32258733083966, 44.51311691065574], [11.322964473951767, 44.51310923663114], [11.322975199790552, 44.5133790952271], [11.323352344489848, 44.513371419886376], [11.3233630722166, 44.51364127839565], [11.324117364639129, 44.513625923837594], [11.324128095991508, 44.51389578218834], [11.324505243714711, 44.51388810297097], [11.324515976955176, 44.514157961235014], [11.326024573293424, 44.514127231634745], [11.326035313634968, 44.51439708959634], [11.326412464080779, 44.51438940401353], [11.326401722001593, 44.51411954612384], [11.327156018966093, 44.51410417136905], [11.327166764520554, 44.51437402911485], [11.32754391451447, 44.514366339799004], [11.327565409550713, 44.514906055102166], [11.327942562869284, 44.514898364398036], [11.327953312351138, 44.515168221955356], [11.328707622011526, 44.51515283667007], [11.328718375119543, 44.51542269406855], [11.32984984369251, 44.51539960659178], [11.329839085371336, 44.51512974940934], [11.330216239522969, 44.51512205116704], [11.33020547961494, 44.514852194041765], [11.330582631878027, 44.51484449462715], [11.33055034784615, 44.51403492337835], [11.330173200795976, 44.51404262257681], [11.330151682337581, 44.51350290819252], [11.327511673090205, 44.51355676673284], [11.327500926250135, 44.51328690901441], [11.327123783206613, 44.51329459804244], [11.32710229345353, 44.512754882417106], [11.327479433022003, 44.512747193532974], [11.327457940396533, 44.512207477992106], [11.32783507633939, 44.512199788007635], [11.32782432851521, 44.51192993028688], [11.328201462569949, 44.511922239130136], [11.328190713159039, 44.5116523814665], [11.328944977341559, 44.5116369955643], [11.32893422460659, 44.51136713802979], [11.329311354734353, 44.51135944328437], [11.329300600412779, 44.511089585807], [11.329677728652415, 44.5110818898894], [11.329666972744286, 44.51081203246918], [11.330044099095803, 44.51080433537942], [11.330033341601165, 44.51053447801638], [11.330410466064565, 44.51052677975447], [11.330399706983469, 44.5102569224486], [11.330776829558761, 44.51024922301459], [11.330766068891254, 44.50997936576591], [11.33114318957844, 44.509971665159796], [11.331110903269474, 44.509162093540766], [11.331488018594198, 44.50915439190674], [11.33147725505582, 44.50888453474274], [11.331854368492499, 44.50887683193669], [11.331843603367899, 44.50860697482992], [11.332597826314244, 44.50859156562975], [11.332608594913069, 44.508861422592325], [11.332985707896912, 44.508853716054006], [11.332996478383842, 44.5091235729296], [11.333750707372783, 44.50910815597645], [11.33373993341159, 44.50883829924511], [11.334494158322094, 44.508822877459885], [11.334483381037744, 44.50855302085801], [11.335237601869691, 44.508537594240835], [11.335226821262285, 44.50826773776844], [11.33673525416408, 44.50823686989413], [11.336746041719742, 44.508506726077655], [11.33636893198402, 44.50851444498455], [11.336379717953834, 44.508784301225425], [11.336756829426639, 44.508776582246306], [11.336789193454763, 44.50958615066304], [11.337166309987722, 44.509578430223115], [11.337187890237075, 44.51011814228208], [11.336433650071141, 44.51013358220681], [11.336444436948272, 44.510403438358466], [11.33606731490122, 44.51041115652686], [11.336099671228142, 44.511220725109276], [11.336853925594697, 44.51120528709497], [11.336864714814084, 44.51147514311489], [11.337618972050244, 44.51145969997936], [11.337640557892247, 44.51199941168556], [11.338017689758084, 44.51199168810697], [11.338060870207627, 44.51307111105178], [11.338438008871831, 44.51306338593982], [11.338448806100077, 44.51333324156654], [11.338071665698385, 44.51334096675079], [11.338093257133966, 44.5138806781042], [11.338470401010705, 44.51387295277536], [11.33848119869309, 44.51414280835744], [11.337726907313133, 44.514158257915405], [11.337737701671735, 44.5144281136272], [11.338869143727358, 44.51440493720693], [11.338858344156003, 44.51413508171202], [11.340744069198925, 44.514096429820405], [11.340733261091229, 44.51382657467232], [11.341110403907773, 44.5138188406335], [11.34107797528137, 44.51300927531704], [11.340700837677309, 44.51301700913876], [11.340625188347959, 44.511128022372965], [11.340248062753997, 44.51113575444393], [11.340237258050259, 44.5108658990598], [11.338728761109, 44.510896814612664], [11.338717963505776, 44.51062695892436], [11.338340840629218, 44.510634684629885], [11.338330044914613, 44.5103648288544], [11.337952923623948, 44.51037255324349], [11.337931336123201, 44.50983284150333], [11.338308453939451, 44.509825117258806], [11.338254479150034, 44.50847583800951], [11.343156884068257, 44.50837531432032], [11.343146066982964, 44.508105459366504], [11.343900277376822, 44.5080899756678], [11.3438894569692, 44.50782012084401], [11.344643663282314, 44.50780463231414], [11.344632839552466, 44.50753477762041], [11.345764142673172, 44.50751153571302], [11.34577497161388, 44.50778139018926], [11.346152074087474, 44.5077736403263], [11.346162904916966, 44.50804349471514], [11.3457858007064, 44.50805124465062], [11.345796629950735, 44.50832109909708], [11.346173735898297, 44.508313349089086], [11.346195398316487, 44.508853057792294], [11.346949616704178, 44.50883755375401], [11.346938781945077, 44.50856769955494], [11.348447209949375, 44.50853667684011], [11.348436368394136, 44.508266822916454], [11.350321891294554, 44.508228016895366], [11.350245943871895, 44.50633904155456], [11.352131402178536, 44.50630020697708], [11.352142260038118, 44.506570060278484], [11.352896445769066, 44.50655451759456], [11.352907307254522, 44.50682437073561], [11.353284401628436, 44.50681659745501], [11.353295265003009, 44.507086450508424], [11.35367236096148, 44.507078675911124], [11.353694091641279, 44.507618381827726], [11.35444829004876, 44.50760282861019], [11.354459159090974, 44.50787268140059], [11.357475960519318, 44.507810418188896], [11.357465077581878, 44.50754056598114], [11.358219272939985, 44.50752498788421], [11.358208386681381, 44.50725513580731], [11.357831290815486, 44.50726292540486], [11.357820406446333, 44.50699307324016], [11.358197500575386, 44.5069852837155], [11.358186614622001, 44.50671543160878], [11.357055336987566, 44.5067387962323], [11.357066217730496, 44.50700864855767], [11.356312028404513, 44.50702421889939], [11.356322905826278, 44.50729407135555], [11.35594580919769, 44.507301854733335], [11.355934933512776, 44.50703200220435], [11.355557838468577, 44.507039784265345], [11.35554696467296, 44.50676993164863], [11.355169871213157, 44.506777712392875], [11.355158999306786, 44.50650785968843], [11.35478190743138, 44.506515639115946], [11.354738428276978, 44.50543622785796], [11.355115513205373, 44.50542844872165], [11.355104642061027, 44.50515859594269], [11.35435047552524, 44.505174152825866], [11.354339608006628, 44.504904299886434], [11.353585444334795, 44.504919851648616], [11.353563716701146, 44.504380145433956], [11.353186638110055, 44.50438791930376], [11.353175776258276, 44.504118066101334], [11.352044544781315, 44.50414138002952], [11.352055401423268, 44.50441123345012], [11.350170003901718, 44.50445006548384], [11.350159155942865, 44.50418021169986], [11.349782077718865, 44.50418797430242], [11.349749539964455, 44.503378412643194], [11.349372466798151, 44.50338617378403], [11.349361622920629, 44.503116319795204], [11.35011576562813, 44.503100796415005], [11.350104918429604, 44.502830942556564], [11.350481987818775, 44.50282317907341], [11.350471139035827, 44.50255332527273], [11.349717003578391, 44.50256885084993], [11.349706158420435, 44.502298996889046], [11.34932909220012, 44.50230675773938], [11.349339935621614, 44.50257661177289], [11.348962867512832, 44.502584371452066], [11.348995393479836, 44.50339393368105], [11.34861832000953, 44.50340169233427], [11.348629160565945, 44.50367154645342], [11.347875009696326, 44.50368706017359], [11.34788584693153, 44.50395691442303], [11.347508769532233, 44.50396466948995], [11.347530440985148, 44.50450437808929], [11.34715335996069, 44.5045121320575], [11.34716419417833, 44.50478198640738], [11.34527877809494, 44.5048207379531], [11.345267952560686, 44.50455088324059], [11.343759623908902, 44.50458186179745], [11.3437704424964, 44.50485171679987], [11.343016273787056, 44.50486719875994], [11.343027089052773, 44.50513705389235], [11.340764568866382, 44.5051834703536], [11.340775373863185, 44.50545332590547], [11.339267017095434, 44.5054842456242], [11.339256219045705, 44.50521438978298], [11.33887913121204, 44.50522211653054], [11.338868335050437, 44.504952260602124], [11.337359989149553, 44.504983154864135], [11.337349200086228, 44.504713298631756], [11.33697211496956, 44.50472101901524], [11.336961327794198, 44.50445116269572], [11.336584244263024, 44.50445888176308], [11.336551888854258, 44.503649312498624], [11.337683123364096, 44.503626152215105], [11.337693913559086, 44.50389600843473], [11.338070993163177, 44.503888285780256], [11.338081785246093, 44.50415814191273], [11.338458866435554, 44.504150417942135], [11.33848045452865, 44.50469013001791], [11.338857539040182, 44.50468240465886], [11.338846743181271, 44.50441254870069], [11.34035507276692, 44.504381635114825], [11.34031186305847, 44.50330221229054], [11.339934787835691, 44.50330994226347], [11.339902387354014, 44.50250037477203], [11.339525317189482, 44.502508103284164], [11.339514519068222, 44.5022382473516], [11.339137450488826, 44.50224597454763], [11.339126654255416, 44.50197611852788], [11.33761838537056, 44.50200701458499], [11.33762917465802, 44.502276870893866], [11.337252105322134, 44.50228459187095], [11.337284468882388, 44.50309416092507], [11.336530319337694, 44.503109599581286], [11.336541104020384, 44.5033794560474], [11.336164027284651, 44.50338717358198], [11.33615324433856, 44.50311731704365], [11.335776169188266, 44.5031250332622], [11.335797731758381, 44.503664746468374], [11.335043574057947, 44.50368017546272], [11.335054352096405, 44.503950032187895], [11.33430019031829, 44.50396545635114], [11.334310965034476, 44.50423531320579], [11.33393388218215, 44.50424302349376], [11.333955428594225, 44.50478273730273], [11.333578342117423, 44.504790446491114], [11.33358911381324, 44.50506030344544], [11.333212025448669, 44.50506801146203], [11.333255106794732, 44.506147439419244], [11.333632202106607, 44.506139731114125], [11.333653747159381, 44.506679444859266], [11.333276648373712, 44.50668715330864], [11.333287419389698, 44.50695701023105], [11.33253321789151, 44.506972423542074], [11.332522450349401, 44.50670256647545], [11.33214535111081, 44.50671027119285], [11.332123819953251, 44.506170556870785], [11.331746724037552, 44.506178260200016], [11.331735960422026, 44.50590840294459], [11.329473392181155, 44.50595459636422], [11.329462639137665, 44.50568473866166], [11.32908554563996, 44.505692433139046], [11.329064043478871, 44.50515271754533], [11.32868695330411, 44.50516041063477], [11.32866545521945, 44.50462069483765], [11.326402931848728, 44.50466682638809], [11.326392193452962, 44.50439696803556], [11.326015107434241, 44.50440465220166], [11.326004370925755, 44.50413479376236], [11.325627286493262, 44.50414247661266], [11.32558434891113, 44.50306304241933], [11.32520727127489, 44.50307072373819], [11.325185806859917, 44.50253100640863], [11.324808732546456, 44.5025386863399], [11.324787272206402, 44.50199896880723], [11.324410201215654, 44.50200664735094], [11.324399473007789, 44.50173678849046], [11.323645334048209, 44.50175214170279], [11.323634609463756, 44.50148228268378], [11.323257541494955, 44.50148995735242], [11.323268264342893, 44.50175981644325], [11.32289119448726, 44.501767489939894], [11.322901915748972, 44.502037349087686], [11.322524844006502, 44.502045021412314], [11.32253556368194, 44.50231488061705], [11.322158490052624, 44.502322551769666], [11.322201363310624, 44.50340198872727], [11.321824282584519, 44.503409658923154], [11.32188858655884, 44.50502881434483], [11.321511495261946, 44.505036483727444], [11.321532927648324, 44.505576202226116], [11.321155832727483, 44.505583870508296], [11.321166547409124, 44.50585372980711], [11.320789450601179, 44.50586139691706], [11.320800163696108, 44.50613125627279], [11.320423065001052, 44.50613892221048], [11.320444488167558, 44.50667864102089], [11.32006738584841, 44.50668630585803], [11.32008880614157, 44.50722602475252], [11.319711700198246, 44.50723368848905], [11.319743826552891, 44.508043266934614], [11.31936671524821, 44.50805092964224], [11.31938813009436, 44.50859064867514], [11.319011015165286, 44.50859831028207], [11.319021721076354, 44.50886816984796], [11.318644604260008, 44.508875830282456], [11.318655308583963, 44.509145689905175], [11.317901071026679, 44.509161007185135], [11.317911772026239, 44.50943086693637], [11.317534651285314, 44.50943852378179], [11.317545350697637, 44.50970838358984], [11.31716822806945, 44.509716039262756], [11.31717892589449, 44.50998589912759], [11.31680180137903, 44.509993553627965], [11.316823194004403, 44.51053327345641], [11.31644606586433, 44.510540926855846], [11.316456760664593, 44.51081078681943], [11.315702500459919, 44.5108260900289], [11.315713191935334, 44.51109595012087], [11.314958927656292, 44.51111124849663], [11.314969615806756, 44.51138110871691], [11.313838213052124, 44.51140404716348], [11.313848896140076, 44.511673907583585], [11.31271748682508, 44.511696835046486], [11.312728164850352, 44.51196669566632], [11.31197388775014, 44.51198197456324], [11.311963213199855, 44.51171211380045], [11.311208938976002, 44.51172738757733], [11.311198268050317, 44.51145752665676], [11.310821132451444, 44.511465161607354], [11.310831801639651, 44.51173502259938], [11.310077526518226, 44.511750288910655], [11.310088192381006, 44.51202015003071], [11.309333913186423, 44.51203541150771], [11.309344575723673, 44.51230527275577], [11.308590292456055, 44.5123205293984], [11.30860095166767, 44.51259039077439], [11.308223808072116, 44.51259801730063], [11.308245123468474, 44.51313774015089], [11.30786797624829, 44.513145365575525], [11.307878632432963, 44.51341522704977], [11.306747184663148, 44.51343809607166], [11.306736533691419, 44.51316823438341], [11.306359385873773, 44.513175854830685], [11.306348736789, 44.5129059930563], [11.30597159055968, 44.51291361218793], [11.305950296313227, 44.51237388845208], [11.304064580303978, 44.51241196473259], [11.304075218664615, 44.51268182696425], [11.302943782056259, 44.51270465801441], [11.302954415353176, 44.512974520444914], [11.302200120060233, 44.512989735065744], [11.302210750030923, 44.51325959762381], [11.30183360042323, 44.513267203138874], [11.301865486016407, 44.5140767909377], [11.299225398099482, 44.51412999619475], [11.299246631577796, 44.51466972231571], [11.300378109148195, 44.51464692710245], [11.300388731324096, 44.51491678992739], [11.30152021276758, 44.5148939833009], [11.301530840305919, 44.51516384589761], [11.301908002226938, 44.51515624112875], [11.301918631652141, 44.51542610363949], [11.30305012173447, 44.51540328165271], [11.303039487095715, 44.51513341935554], [11.303416648420466, 44.51512580960893], [11.30340601219299, 44.514855947368154], [11.304537490058934, 44.514833110875436], [11.304526848767209, 44.51456324883356], [11.306412633537251, 44.51452516348036], [11.306423283517887, 44.51479502516582], [11.307554757801618, 44.51477215880708], [11.307544102607666, 44.514502297335596], [11.308298414574368, 44.51448704701711], [11.308287756054323, 44.5142171856735], [11.30866491007579, 44.51420955871906], [11.308654249967468, 44.513939697432], [11.310540009143883, 44.51390154435101], [11.310529340496613, 44.51363168340618], [11.310906490145582, 44.51362404912832], [11.310895819910238, 44.51335418824011], [11.312027262746506, 44.51333127815484], [11.3120165874479, 44.5130614174662], [11.312393733023065, 44.513053778353914], [11.312404410059285, 44.51332363897109], [11.315044437055894, 44.5132701298435], [11.31503374785644, 44.51300026972706], [11.316165180537565, 44.51297731879369], [11.31615448627527, 44.512707458877195], [11.317285912394285, 44.51268449695992], [11.317307311494245, 44.51322421634832], [11.31768445670907, 44.51321655974401], [11.317716561696988, 44.514026138500356], [11.318470862102252, 44.514010821128785], [11.31848156754032, 44.514280680541205], [11.318858719255495, 44.51427301991721], [11.318869426581351, 44.5145428792431], [11.319246579884096, 44.51453521730304], [11.319257289097791, 44.5148050765424], [11.319634443988102, 44.51479741328627], [11.319645155089681, 44.51506727243907], [11.320399467895227, 44.51505194205019], [11.3204101826225, 44.5153218010447], [11.3207873405377, 44.515314133911936], [11.320798057152976, 44.51558399281984], [11.321175216655702, 44.51557632437091], [11.321164498302652, 44.51530646553476], [11.321541655917327, 44.5152987959132], [11.321520216186581, 44.51475907833992], [11.320765907757902, 44.51477441605159], [11.320744475579088, 44.514234698131865], [11.321875927570549, 44.514211690128434], [11.321833044164414, 44.51313225497205], [11.32070161302433, 44.513155262114275]], [[11.327727604877978, 44.50950121013149], [11.328481841565129, 44.50948582786935], [11.328503341600964, 44.510025543275546], [11.32624060888501, 44.51007167599582], [11.326208390327281, 44.50926210156914], [11.327716858560505, 44.50923135226216], [11.327727604877978, 44.50950121013149]]]}}, {"type": "Feature", "properties": {"threshold": "ge_7", "source": "HistorySUHI", "period": "2013-2026", "hotspot_percentile": "top_10_pct", "label": ">= 7 estati"}, "geometry": {"type": "Polygon", "coordinates": [[[11.335722543818036, 44.511228442250165], [11.335679409300303, 44.510149017154994], [11.333793804728032, 44.51018758275308], [11.333836904500174, 44.51126700929185], [11.335722543818036, 44.511228442250165]]]}}, {"type": "Feature", "properties": {"threshold": "ge_7", "source": "HistorySUHI", "period": "2013-2026", "hotspot_percentile": "top_10_pct", "label": ">= 7 estati"}, "geometry": {"type": "Polygon", "coordinates": [[[11.335798035044887, 44.51311743559417], [11.335765680754768, 44.51230786710739], [11.335011411582032, 44.512323298234215], [11.335043755447401, 44.51313286715421], [11.335798035044887, 44.51311743559417]]]}}, {"type": "Feature", "properties": {"threshold": "ge_7", "source": "HistorySUHI", "period": "2013-2026", "hotspot_percentile": "top_10_pct", "label": ">= 7 estati"}, "geometry": {"type": "Polygon", "coordinates": [[[11.337360554017149, 44.51443583661201], [11.337349761396137, 44.51416598082793], [11.336972615327827, 44.51417370249616], [11.336983406211248, 44.51444355835248], [11.337360554017149, 44.51443583661201]]]}}, {"type": "Feature", "properties": {"threshold": "ge_7", "source": "HistorySUHI", "period": "2013-2026", "hotspot_percentile": "top_10_pct", "label": ">= 7 estati"}, "geometry": {"type": "Polygon", "coordinates": [[[11.32578703802974, 44.51764306917854], [11.325776297618958, 44.51737321132326], [11.325399127756278, 44.5173808952083], [11.32540986642912, 44.5176507531355], [11.32578703802974, 44.51764306917854]]]}}, {"type": "Feature", "properties": {"threshold": "ge_7", "source": "HistorySUHI", "period": "2013-2026", "hotspot_percentile": "top_10_pct", "label": ">= 7 estati"}, "geometry": {"type": "Polygon", "coordinates": [[[11.325399127756278, 44.5173808952083], [11.325388389233998, 44.517111037266275], [11.325011220958672, 44.51711871983495], [11.325000484324846, 44.516848861806174], [11.324623317636878, 44.51685654305851], [11.324612582891458, 44.51658668494299], [11.321972424027956, 44.516640418361725], [11.321983146608206, 44.51691027698007], [11.321605978716844, 44.51691794827674], [11.321659585183413, 44.51826724150473], [11.322036761764597, 44.518259569849114], [11.322047485246923, 44.51852942837838], [11.32242466341579, 44.51852175540645], [11.322435388786529, 44.51879161384906], [11.323566927604924, 44.51876858725058], [11.323556197020023, 44.51849872902345], [11.323933374587229, 44.518491051073404], [11.323911910392757, 44.517951334718276], [11.324289084333467, 44.5179436556674], [11.324278350723965, 44.51767379753943], [11.325032694677935, 44.517658435847956], [11.325021957743033, 44.51738857784888], [11.325399127756278, 44.5173808952083]]]}}, {"type": "Feature", "properties": {"threshold": "ge_7", "source": "HistorySUHI", "period": "2013-2026", "hotspot_percentile": "top_10_pct", "label": ">= 7 estati"}, "geometry": {"type": "Polygon", "coordinates": [[[11.332694599660547, 44.520472966315474], [11.332317411655843, 44.52048067346627], [11.332306640039308, 44.520210816998684], [11.331929453621735, 44.52021852283276], [11.331950993529482, 44.5207582358973], [11.331573803484545, 44.520765940631], [11.33158457192672, 44.52103579721306], [11.332716146823106, 44.52101267906181], [11.332694599660547, 44.520472966315474]]]}}, {"type": "Feature", "properties": {"threshold": "ge_7", "source": "HistorySUHI", "period": "2013-2026", "hotspot_percentile": "top_10_pct", "label": ">= 7 estati"}, "geometry": {"type": "Polygon", "coordinates": [[[11.34895693453567, 44.52121979445241], [11.348579746095883, 44.5212275554098], [11.34859059321141, 44.52149740869116], [11.350099353010458, 44.52146635710359], [11.350088498942263, 44.52119650411279], [11.351974436575894, 44.52115766198861], [11.351941849212789, 44.520348104017216], [11.351187485044706, 44.520363644164334], [11.35116576784964, 44.51982393848473], [11.34965705159107, 44.519855003263125], [11.349667903160327, 44.52012485640106], [11.348913540641968, 44.52014038146845], [11.34895693453567, 44.52121979445241]]]}}, {"type": "Feature", "properties": {"threshold": "ge_7", "source": "HistorySUHI", "period": "2013-2026", "hotspot_percentile": "top_10_pct", "label": ">= 7 estati"}, "geometry": {"type": "Polygon", "coordinates": [[[11.345950257708543, 44.52155170105266], [11.345939422760289, 44.52128184726323], [11.346693801616125, 44.521266341528026], [11.346672125222758, 44.520726634194695], [11.34591775331953, 44.5207421396397], [11.34592858796395, 44.5210119934589], [11.345551400046313, 44.5210197443871], [11.345573066314545, 44.5215594521259], [11.345950257708543, 44.52155170105266]]]}}, {"type": "Feature", "properties": {"threshold": "ge_7", "source": "HistorySUHI", "period": "2013-2026", "hotspot_percentile": "top_10_pct", "label": ">= 7 estati"}, "geometry": {"type": "Polygon", "coordinates": [[[11.33807240186569, 44.52279363331473], [11.338094000422613, 44.523333343771405], [11.338471205279875, 44.52332561715663], [11.338503609466267, 44.52413518251317], [11.339635238775157, 44.524111994549706], [11.339624432012869, 44.52384213966272], [11.339247224133189, 44.523849870156255], [11.339214809970693, 44.523040305189014], [11.338460404187312, 44.52305576200803], [11.338428001818293, 44.52224619647298], [11.33767360585918, 44.52226164787945], [11.337695200333764, 44.52280135854022], [11.33807240186569, 44.52279363331473]]]}}, {"type": "Feature", "properties": {"threshold": "ge_7", "source": "HistorySUHI", "period": "2013-2026", "hotspot_percentile": "top_10_pct", "label": ">= 7 estati"}, "geometry": {"type": "Polygon", "coordinates": [[[11.328674585885732, 44.523795961620394], [11.328663829841314, 44.52352610461055], [11.328286621054918, 44.52353379886275], [11.328297375360854, 44.52380365594459], [11.328674585885732, 44.523795961620394]]]}}, {"type": "Feature", "properties": {"threshold": "ge_7", "source": "HistorySUHI", "period": "2013-2026", "hotspot_percentile": "top_10_pct", "label": ">= 7 estati"}, "geometry": {"type": "Polygon", "coordinates": [[[11.327920164685182, 44.52381134902405], [11.327930917403405, 44.52408120616303], [11.328308129817586, 44.524073513011594], [11.328297375360854, 44.52380365594459], [11.327920164685182, 44.52381134902405]]]}}, {"type": "Feature", "properties": {"threshold": "ge_7", "source": "HistorySUHI", "period": "2013-2026", "hotspot_percentile": "top_10_pct", "label": ">= 7 estati"}, "geometry": {"type": "Polygon", "coordinates": [[[11.344883664661783, 44.523194074267884], [11.344894495458435, 44.523463928170656], [11.345271699324261, 44.523456179079034], [11.345304197840669, 44.52426574048048], [11.346813032645757, 44.524234730796614], [11.346769673779969, 44.52315531672561], [11.344883664661783, 44.523194074267884]]]}}, {"type": "Feature", "properties": {"threshold": "ge_7", "source": "HistorySUHI", "period": "2013-2026", "hotspot_percentile": "top_10_pct", "label": ">= 7 estati"}, "geometry": {"type": "Polygon", "coordinates": [[[11.329073312278114, 44.52432797988257], [11.329062554193529, 44.52405812297444], [11.328685342080966, 44.524065818615405], [11.328696098427027, 44.52433567559553], [11.329073312278114, 44.52432797988257]]]}}, {"type": "Feature", "properties": {"threshold": "ge_7", "source": "HistorySUHI", "period": "2013-2026", "hotspot_percentile": "top_10_pct", "label": ">= 7 estati"}, "geometry": {"type": "Polygon", "coordinates": [[[11.349594579023679, 44.527688503405884], [11.349583724931968, 44.527418650612375], [11.349960953051484, 44.527410885494746], [11.349917531251906, 44.526331474462424], [11.349540310087049, 44.5263392392894], [11.349551163569995, 44.526609092142486], [11.349173940514321, 44.526616855797315], [11.349217349013239, 44.52769626735131], [11.349594579023679, 44.527688503405884]]]}}, {"type": "Feature", "properties": {"threshold": "ge_7", "source": "HistorySUHI", "period": "2013-2026", "hotspot_percentile": "top_10_pct", "label": ">= 7 estati"}, "geometry": {"type": "Polygon", "coordinates": [[[11.335636967478633, 44.52797494030182], [11.335626177721586, 44.52770508482793], [11.336003411456137, 44.52769736577042], [11.335992620111588, 44.527427510353895], [11.335238155968787, 44.52744294707958], [11.335227368253102, 44.52717309150372], [11.333718445107596, 44.52720394972769], [11.333707664498206, 44.52693409384821], [11.333330435072611, 44.526941805219856], [11.333319656353126, 44.52667194925335], [11.33294242851513, 44.52667965930797], [11.332931651685502, 44.526409803254445], [11.332554425435111, 44.52641751199207], [11.33254365049529, 44.526147655851545], [11.331789201018669, 44.52616306944803], [11.331843059841196, 44.52751235072322], [11.332220293348785, 44.52750464418682], [11.332231067305251, 44.527774500325144], [11.33185383205884, 44.52778220693366], [11.331864604427539, 44.52805206312923], [11.33375078784279, 44.528013517276925], [11.33376156905687, 44.528283373096926], [11.333384330937214, 44.528291084829384], [11.33340589034112, 44.52883079656912], [11.33302864859251, 44.52883850720095], [11.333071762258369, 44.529917930790624], [11.333449010962871, 44.529910219870175], [11.333470572180756, 44.53044993143147], [11.333847824212173, 44.530442219121674], [11.333869389512941, 44.53098193047917], [11.334246644871339, 44.530974216779995], [11.334257429487655, 44.53124407236427], [11.334634686433947, 44.531236357347865], [11.334645472940641, 44.53150621284505], [11.336909021875996, 44.53145989616722], [11.336887428144346, 44.53092018602478], [11.337264682292231, 44.53091246236534], [11.337199894296655, 44.529293332014696], [11.33682265058289, 44.52930105524051], [11.336790263845879, 44.52849148964755], [11.336413025197473, 44.52849921141161], [11.336391438274056, 44.52795950079742], [11.335636967478633, 44.52797494030182]]]}}, {"type": "Feature", "properties": {"threshold": "ge_7", "source": "HistorySUHI", "period": "2013-2026", "hotspot_percentile": "top_10_pct", "label": ">= 7 estati"}, "geometry": {"type": "Polygon", "coordinates": [[[11.348766718822654, 44.53526766978003], [11.348745012702848, 44.53472796457642], [11.348367737020283, 44.53473572667557], [11.348356885928037, 44.53446587397878], [11.347979611832676, 44.534473634760126], [11.347968762631943, 44.53420378197583], [11.347591490123788, 44.53421154143942], [11.347569795657364, 44.53367183568093], [11.347192526475725, 44.53367959375417], [11.347170836096272, 44.5331398877909], [11.346793570241088, 44.53314764447386], [11.34676104103012, 44.53233808519952], [11.346383780240517, 44.53234584041966], [11.346372939213454, 44.53207598722585], [11.345618420656534, 44.532091493785835], [11.345607583259776, 44.53182164043205], [11.345230325492492, 44.53182939177192], [11.345241161150103, 44.53209924519825], [11.344863901491726, 44.5321069953656], [11.34487473556211, 44.53237684884958], [11.344497474012634, 44.53238459784439], [11.344562471189915, 44.53400371887059], [11.344939743174955, 44.53399596944071], [11.34496141359474, 44.53453567618532], [11.345338688906548, 44.534527925365225], [11.345382038527207, 44.535607338385645], [11.345004756257683, 44.53561508949585], [11.345037264850427, 44.53642464932242], [11.345414552338491, 44.536416897994606], [11.345436228972623, 44.53695660432614], [11.345813519787841, 44.53694885160799], [11.345824360072504, 44.537218704678864], [11.348088112208181, 44.537172161783914], [11.348098963082608, 44.53744201440438], [11.349230842315357, 44.53741872592783], [11.349263411508609, 44.538228283046045], [11.350018007340529, 44.538212750732605], [11.350028867522182, 44.538482602930195], [11.350406166949405, 44.53847483483282], [11.350417029023085, 44.53874468694283], [11.350794330037703, 44.53873691752744], [11.350707423796166, 44.53657810081176], [11.350330136698634, 44.53658586964556], [11.350319275843491, 44.53631601741636], [11.349941990333178, 44.53632378493223], [11.349931131369845, 44.53605393261545], [11.349176563371419, 44.53606946376618], [11.349143997831833, 44.535259906290435], [11.348766718822654, 44.53526766978003]]]}}, {"type": "Feature", "properties": {"threshold": "ge_7", "source": "HistorySUHI", "period": "2013-2026", "hotspot_percentile": "top_10_pct", "label": ">= 7 estati"}, "geometry": {"type": "Polygon", "coordinates": [[[11.348497961997058, 44.53797395787511], [11.348508815067689, 44.53824381037825], [11.348131516618912, 44.538251572176385], [11.348142368102032, 44.53852142473726], [11.347765067761365, 44.538529185362705], [11.347786767704644, 44.539068890585014], [11.348164071524812, 44.53906112981433], [11.348185775556335, 44.53960083483182], [11.35007230977184, 44.53956201157162], [11.350050588342398, 44.5390223072807], [11.349673285283396, 44.53903007427812], [11.349662426536886, 44.53876022203764], [11.349285125065357, 44.53876798771704], [11.349274268210857, 44.53849813538899], [11.348896968326802, 44.53850589975041], [11.348875258553948, 44.537966194904314], [11.348497961997058, 44.53797395787511]]]}}, {"type": "Feature", "properties": {"threshold": "ge_7", "source": "HistorySUHI", "period": "2013-2026", "hotspot_percentile": "top_10_pct", "label": ">= 7 estati"}, "geometry": {"type": "Polygon", "coordinates": [[[11.340305554076604, 44.54084296848257], [11.340316370390283, 44.5411128224321], [11.338807092721037, 44.54114375545797], [11.338817902226348, 44.541413609682095], [11.338440580689966, 44.54142133989725], [11.338451388606824, 44.541691194178824], [11.338074065178821, 44.54169892322081], [11.338095677987095, 44.54223863188397], [11.338473004895269, 44.542230902697334], [11.338483813266862, 44.54250075693425], [11.33923847010868, 44.54248529467974], [11.339249282112142, 44.54275514875711], [11.340758600936553, 44.54272420901229], [11.340769420052286, 44.54299406278526], [11.343033404177346, 44.54294761536757], [11.343022574620733, 44.542677762029236], [11.343399903036666, 44.54267001650606], [11.343378240898867, 44.542130309929696], [11.343000915963135, 44.542138055307916], [11.34295760047039, 44.54105864168663], [11.342580282342912, 44.54106638552948], [11.342569455589357, 44.54079653201451], [11.340305554076604, 44.54084296848257]]]}}, {"type": "Feature", "properties": {"threshold": "ge_7", "source": "HistorySUHI", "period": "2013-2026", "hotspot_percentile": "top_10_pct", "label": ">= 7 estati"}, "geometry": {"type": "Polygon", "coordinates": [[[11.34493089184769, 44.54317872789492], [11.344920053438411, 44.542908874933985], [11.344542723890106, 44.542916625511765], [11.344553560559232, 44.543186478545216], [11.34493089184769, 44.54317872789492]]]}}, {"type": "Feature", "properties": {"threshold": "ge_7", "source": "HistorySUHI", "period": "2013-2026", "hotspot_percentile": "top_10_pct", "label": ">= 7 estati"}, "geometry": {"type": "Polygon", "coordinates": [[[11.34606288480094, 44.543155468470815], [11.346052041171221, 44.54288561572753], [11.345674712078994, 44.54289337004188], [11.345685553968568, 44.543163222857714], [11.34606288480094, 44.543155468470815]]]}}, {"type": "Feature", "properties": {"threshold": "ge_7", "source": "HistorySUHI", "period": "2013-2026", "hotspot_percentile": "top_10_pct", "label": ">= 7 estati"}, "geometry": {"type": "Polygon", "coordinates": [[[11.34493089184769, 44.54317872789492], [11.344941730408971, 44.543448580840966], [11.345696396010196, 44.54343307565866], [11.345685553968568, 44.543163222857714], [11.34493089184769, 44.54317872789492]]]}}, {"type": "Feature", "properties": {"threshold": "ge_7", "source": "HistorySUHI", "period": "2013-2026", "hotspot_percentile": "top_10_pct", "label": ">= 7 estati"}, "geometry": {"type": "Polygon", "coordinates": [[[11.352825508969868, 44.551658693713044], [11.35278199751414, 44.550579289499524], [11.352404620537712, 44.55058706709786], [11.352393744795979, 44.550317215934435], [11.352016369407796, 44.55032499221416], [11.352005495559359, 44.550055140963075], [11.351250747807008, 44.55007068963955], [11.351261618173915, 44.550340541036135], [11.350884242328267, 44.55034831357837], [11.350916849121333, 44.55115786789692], [11.350539467900786, 44.551165639411494], [11.350572070843205, 44.5519751938141], [11.350194684247551, 44.55198296430095], [11.350203769987218, 44.55220859639674], [11.350366045329089, 44.552203032444936], [11.35062519269056, 44.55217068875596], [11.350702987417971, 44.55214883110882], [11.351516964051894, 44.55202962639874], [11.351520481148464, 44.552029112822936], [11.351639251707356, 44.55200246731962], [11.35168653929662, 44.551991833434606], [11.351799243703736, 44.551957435543095], [11.351937388343822, 44.551890446442535], [11.352398254234641, 44.551611441802656], [11.352398280118633, 44.55161145927426], [11.352607787653128, 44.55202684748442], [11.352607801320397, 44.55202687421027], [11.352821976433221, 44.552468992144846], [11.352858144163685, 44.55246824671669], [11.352847265613168, 44.552198395730386], [11.353224652882218, 44.55219061644947], [11.353202892757093, 44.55165091457771], [11.352825508969868, 44.551658693713044]]]}}, {"type": "Feature", "properties": {"threshold": "ge_7", "source": "HistorySUHI", "period": "2013-2026", "hotspot_percentile": "top_10_pct", "label": ">= 7 estati"}, "geometry": {"type": "Polygon", "coordinates": [[[11.37262784690222, 44.46266357949471], [11.372605975808995, 44.46212387668802], [11.372229174491949, 44.462131707600214], [11.372218240907877, 44.46186185610118], [11.371841441170337, 44.46186968569815], [11.37188516949488, 44.462949091897734], [11.372261976163383, 44.462941262007696], [11.372272910360273, 44.463211113447], [11.373026526703226, 44.463195449794334], [11.373059340610249, 44.4640050035829], [11.373436153750378, 44.46399716967363], [11.373468974235545, 44.464806723107856], [11.373845792421118, 44.464798887736585], [11.373856734622397, 44.46506873877813], [11.374233554387603, 44.465060902091444], [11.374244498475191, 44.46533075304471], [11.374998141011485, 44.46531507579838], [11.37493245799115, 44.46369597073488], [11.374555647197191, 44.46370380953896], [11.37454470229683, 44.4634339585694], [11.37379108371452, 44.4634496323048], [11.373769201305073, 44.46290993002755], [11.373392395249548, 44.46291776488558], [11.37338145600755, 44.462647913651246], [11.37262784690222, 44.46266357949471]]]}}, {"type": "Feature", "properties": {"threshold": "ge_7", "source": "HistorySUHI", "period": "2013-2026", "hotspot_percentile": "top_10_pct", "label": ">= 7 estati"}, "geometry": {"type": "Polygon", "coordinates": [[[11.37266664350692, 44.4729257553169], [11.37267758337434, 44.47319560620369], [11.371546965318538, 44.473219100500934], [11.371557900138093, 44.47348895159267], [11.371181025412593, 44.47349678061346], [11.37119195865163, 44.47376663176351], [11.371568835110883, 44.47375880266946], [11.371579770236911, 44.47402865373132], [11.372710403896454, 44.474005158774474], [11.37272134437712, 44.47427500960154], [11.373098223690828, 44.474267175391006], [11.373109166058626, 44.47453702612981], [11.37348604695281, 44.47452919060345], [11.373496991207789, 44.474799041254016], [11.37387387368244, 44.47479120441184], [11.373862927693622, 44.474521353834604], [11.374616688715049, 44.47450567656942], [11.374572892423515, 44.47342627469799], [11.37419601892459, 44.47343411365839], [11.374185071968999, 44.47316426307984], [11.37380820005038, 44.473172100724454], [11.37379725498188, 44.47290225005762], [11.37266664350692, 44.4729257553169]]]}}, {"type": "Feature", "properties": {"threshold": "ge_7", "source": "HistorySUHI", "period": "2013-2026", "hotspot_percentile": "top_10_pct", "label": ">= 7 estati"}, "geometry": {"type": "Polygon", "coordinates": [[[11.37745217963832, 44.47930806321691], [11.377441215433317, 44.47903821355425], [11.377064306595804, 44.47904606275408], [11.377086231690994, 44.47958576221137], [11.37821696814795, 44.47956221044305], [11.378206000320798, 44.47929236094226], [11.37745217963832, 44.47930806321691]]]}}, {"type": "Feature", "properties": {"threshold": "ge_7", "source": "HistorySUHI", "period": "2013-2026", "hotspot_percentile": "top_10_pct", "label": ">= 7 estati"}, "geometry": {"type": "Polygon", "coordinates": [[[11.380090549336712, 44.4792530835086], [11.380112502487197, 44.4797927817601], [11.380866327953894, 44.47977706179365], [11.380855347833235, 44.47950721282246], [11.381232258601528, 44.47949935104876], [11.381221276900522, 44.479229502136214], [11.381598185780692, 44.47922163919339], [11.381576219372015, 44.478681941470576], [11.380445502674947, 44.478705526129595], [11.38046745867851, 44.47924522429381], [11.380090549336712, 44.4792530835086]]]}}, {"type": "Feature", "properties": {"threshold": "ge_7", "source": "HistorySUHI", "period": "2013-2026", "hotspot_percentile": "top_10_pct", "label": ">= 7 estati"}, "geometry": {"type": "Polygon", "coordinates": [[[11.389246519167315, 44.48176259235261], [11.38925753883063, 44.4820324395679], [11.390765236783016, 44.48200087270786], [11.390732157443821, 44.48119133190324], [11.390355238390596, 44.48119922526081], [11.390344213987582, 44.480929378222136], [11.389590378886304, 44.48094516106139], [11.389601399820656, 44.48121500824775], [11.388847560632897, 44.48123078626373], [11.388869596027474, 44.48177048088686], [11.389246519167315, 44.48176259235261]]]}}, {"type": "Feature", "properties": {"threshold": "ge_7", "source": "HistorySUHI", "period": "2013-2026", "hotspot_percentile": "top_10_pct", "label": ">= 7 estati"}, "geometry": {"type": "Polygon", "coordinates": [[[11.374590211514798, 44.48314872453869], [11.374601164148162, 44.48341857456459], [11.374224226331444, 44.48342641499675], [11.374235177383678, 44.48369626508107], [11.373858237678846, 44.48370410434372], [11.373880136774414, 44.48424380461429], [11.373503193446778, 44.484251642780734], [11.373525089686746, 44.484791343138255], [11.37390203648383, 44.48478350482511], [11.373923936807113, 44.485323204976176], [11.374677836879927, 44.485307524327595], [11.374666883171992, 44.485037674406264], [11.375043831243353, 44.48502983229093], [11.375032875954181, 44.48475998242803], [11.37540982213725, 44.48475213914313], [11.375387908550099, 44.48421243951935], [11.375764851110183, 44.48420459513833], [11.37572101884002, 44.483125196005105], [11.374590211514798, 44.48314872453869]]]}}, {"type": "Feature", "properties": {"threshold": "ge_7", "source": "HistorySUHI", "period": "2013-2026", "hotspot_percentile": "top_10_pct", "label": ">= 7 estati"}, "geometry": {"type": "Polygon", "coordinates": [[[11.386905311206979, 44.48910366950195], [11.386938346735661, 44.48991321144073], [11.387315322844938, 44.48990532815033], [11.387337350772773, 44.490445022553835], [11.387714330198008, 44.490437137872746], [11.387703314421728, 44.490167290752254], [11.388080291957392, 44.4901594049018], [11.38806927460036, 44.489889557840144], [11.388446250246457, 44.48988167082036], [11.388424212525422, 44.48934197679976], [11.388047240349543, 44.489349863671926], [11.388036223455755, 44.48908001656537], [11.386905311206979, 44.48910366950195]]]}}, {"type": "Feature", "properties": {"threshold": "ge_7", "source": "HistorySUHI", "period": "2013-2026", "hotspot_percentile": "top_10_pct", "label": ">= 7 estati"}, "geometry": {"type": "Polygon", "coordinates": [[[11.352730571405882, 44.49305407197251], [11.352719715947014, 44.492784218144266], [11.351965707612484, 44.49279975589889], [11.351976559600178, 44.49306960987253], [11.352730571405882, 44.49305407197251]]]}}, {"type": "Feature", "properties": {"threshold": "ge_7", "source": "HistorySUHI", "period": "2013-2026", "hotspot_percentile": "top_10_pct", "label": ">= 7 estati"}, "geometry": {"type": "Polygon", "coordinates": [[[11.380240602055874, 44.492213686545114], [11.380251584205594, 44.49248353503441], [11.379874589550221, 44.4924913953672], [11.379885570118452, 44.492761243915105], [11.380262566509247, 44.49275338350875], [11.38028453157835, 44.49329308041259], [11.380661531286123, 44.49328521861585], [11.380672515787074, 44.49355506697178], [11.381426518211681, 44.49353933950125], [11.381415530239753, 44.49326949129248], [11.382169528577336, 44.493253758996005], [11.382136555173007, 44.49244421472167], [11.381759561287533, 44.49245208127071], [11.38173758325899, 44.49191238486585], [11.38060661109076, 44.49193597661196], [11.380617594821922, 44.49220582504264], [11.380240602055874, 44.492213686545114]]]}}, {"type": "Feature", "properties": {"threshold": "ge_7", "source": "HistorySUHI", "period": "2013-2026", "hotspot_percentile": "top_10_pct", "label": ">= 7 estati"}, "geometry": {"type": "Polygon", "coordinates": [[[11.37130214144364, 44.4951004914712], [11.371313083476704, 44.49537034157326], [11.371690099021702, 44.495362509102755], [11.371679155252938, 44.495092659073975], [11.37205616890884, 44.495084825433366], [11.3720452235578, 44.49481497546296], [11.372422235324608, 44.49480714065227], [11.37238939498512, 44.4939975908714], [11.370881367824982, 44.49402892177431], [11.370925127480971, 44.495108322625036], [11.37130214144364, 44.4951004914712]]]}}, {"type": "Feature", "properties": {"threshold": "ge_7", "source": "HistorySUHI", "period": "2013-2026", "hotspot_percentile": "top_10_pct", "label": ">= 7 estati"}, "geometry": {"type": "Polygon", "coordinates": [[[11.371143962567702, 44.50050532329492], [11.371133019356241, 44.50023547340328], [11.37037892500573, 44.50025113476507], [11.37040080463733, 44.500790834826525], [11.370777855361636, 44.50078300462089], [11.370766913732966, 44.500513154670905], [11.371143962567702, 44.50050532329492]]]}}, {"type": "Feature", "properties": {"threshold": "ge_7", "source": "HistorySUHI", "period": "2013-2026", "hotspot_percentile": "top_10_pct", "label": ">= 7 estati"}, "geometry": {"type": "Polygon", "coordinates": [[[11.361395135723669, 44.502057793631366], [11.361406034710603, 44.5023276453351], [11.36178309779034, 44.502319844612174], [11.361750396078822, 44.5015102896752], [11.361373338208145, 44.50151809017915], [11.361362439679546, 44.501248238430655], [11.360231270359881, 44.50127163226139], [11.360242163679551, 44.50154148422881], [11.359488046563596, 44.50155707404342], [11.35947715671656, 44.50128722193013], [11.35872304246263, 44.501302806624096], [11.35870127017165, 44.50076310206113], [11.358324216288345, 44.50077089239678], [11.358313332108006, 44.500501040020026], [11.35869038425506, 44.500493249757284], [11.358657727420852, 44.499683692756236], [11.357903633391404, 44.49969927160073], [11.357892751557495, 44.49942941909145], [11.356384568612977, 44.49946056156549], [11.356428069084657, 44.50053997267888], [11.357182174751518, 44.50052440334633], [11.357193053723083, 44.50079425594171], [11.357947162252467, 44.500778681488754], [11.357968927598288, 44.501318386343314], [11.357214812123724, 44.50133396108777], [11.3572256915528, 44.50160381363842], [11.35647157199554, 44.50161938355377], [11.356482448104403, 44.50188923623522], [11.355728324464566, 44.50190480132138], [11.355760943287459, 44.502714359713266], [11.357269210794229, 44.50268322369199], [11.3572583307551, 44.502413371200966], [11.359520717020644, 44.5023666302938], [11.359509826715637, 44.50209677822525], [11.360263950777, 44.50208118811886], [11.36025305715192, 44.501811336181284], [11.360630117217191, 44.50180353933546], [11.36064101257863, 44.50207339120007], [11.361395135723669, 44.502057793631366]]]}}, {"type": "Feature", "properties": {"threshold": "ge_7", "source": "HistorySUHI", "period": "2013-2026", "hotspot_percentile": "top_10_pct", "label": ">= 7 estati"}, "geometry": {"type": "Polygon", "coordinates": [[[11.353110608345068, 44.50249894657388], [11.353154053011506, 44.50357835965179], [11.353908199621927, 44.50356281110485], [11.35391906464229, 44.503832664191584], [11.354296139455599, 44.50382488797964], [11.354285272698686, 44.503555034965686], [11.354662345623113, 44.50354725758271], [11.354640609093263, 44.50300755165564], [11.355017678392315, 44.50299977317446], [11.355006808619446, 44.50272992026135], [11.355383876029652, 44.5027221406092], [11.355373004672712, 44.502452287754], [11.353110608345068, 44.50249894657388]]]}}, {"type": "Feature", "properties": {"threshold": "ge_7", "source": "HistorySUHI", "period": "2013-2026", "hotspot_percentile": "top_10_pct", "label": ">= 7 estati"}, "geometry": {"type": "Polygon", "coordinates": [[[11.364919667780425, 44.505225754579634], [11.364876003508963, 44.50414635096128], [11.363744781014697, 44.50416978078296], [11.363788424447081, 44.505249185278316], [11.364165505711187, 44.50524137628927], [11.364187331818448, 44.50578107830128], [11.364564416402896, 44.505773267922216], [11.364575331422706, 44.50604311883275], [11.364952417590837, 44.50603530713673], [11.364974251562971, 44.50657500876683], [11.365351341051525, 44.50656719568069], [11.365362260003923, 44.50683704640026], [11.365739351076172, 44.50682923199708], [11.365728430387012, 44.50655938135065], [11.366105519569405, 44.50655156577671], [11.366094597296598, 44.50628171518848], [11.366848771728543, 44.50626608045521], [11.36681599540869, 44.50545652903992], [11.366061831396854, 44.50547216333426], [11.366050909736488, 44.505202312686336], [11.364919667780425, 44.505225754579634]]]}}, {"type": "Feature", "properties": {"threshold": "ge_7", "source": "HistorySUHI", "period": "2013-2026", "hotspot_percentile": "top_10_pct", "label": ">= 7 estati"}, "geometry": {"type": "Polygon", "coordinates": [[[11.372958823072489, 44.508029768045624], [11.37294786861749, 44.50775991886546], [11.373324963570314, 44.50775207929089], [11.373314007532073, 44.507482230169124], [11.373691100594499, 44.507474389424], [11.37363631402341, 44.50612514395801], [11.372882145112325, 44.50614082347071], [11.372871191732242, 44.505870974185974], [11.372494108783025, 44.50587881200319], [11.372472205956763, 44.50533911324223], [11.37209512632729, 44.505346949668926], [11.372084176881035, 44.50507710019271], [11.372461254773915, 44.505069263839346], [11.372450303744582, 44.50479941442152], [11.371696151278474, 44.50481508573778], [11.371707098834662, 44.50508493530226], [11.370952942281537, 44.50510060178989], [11.370898223400527, 44.50375135308521], [11.37052115357649, 44.50375918409689], [11.37051021199698, 44.50348933423788], [11.370133143756023, 44.50349716393252], [11.370122204066332, 44.503227313985306], [11.36861393651498, 44.50325862003335], [11.36862486925889, 44.50352847027352], [11.367870731090674, 44.503544115981455], [11.367903519822955, 44.50435366705161], [11.368280594193187, 44.504345844599925], [11.368291525813598, 44.504615694853584], [11.36866860176714, 44.50460787108489], [11.368679535277368, 44.504877721250416], [11.36943369019776, 44.50486206983514], [11.369444627334445, 44.50513191983928], [11.370198785114733, 44.505116263302234], [11.370231607864563, 44.50592581278551], [11.372117025680286, 44.50588664857654], [11.372149875861037, 44.50669619682597], [11.37177278739471, 44.506704032375445], [11.371805633746732, 44.507513580710416], [11.371428539916606, 44.507521415235935], [11.37146138243952, 44.508330963656434], [11.37259267910097, 44.50830745568819], [11.372581726229264, 44.508037606449605], [11.372958823072489, 44.508029768045624]]]}}, {"type": "Feature", "properties": {"threshold": "ge_7", "source": "HistorySUHI", "period": "2013-2026", "hotspot_percentile": "top_10_pct", "label": ">= 7 estati"}, "geometry": {"type": "Polygon", "coordinates": [[[11.369854523841184, 44.50593364189574], [11.369887342761299, 44.50674319146442], [11.370264431994803, 44.506735362134414], [11.370231607864563, 44.50592581278551], [11.369854523841184, 44.50593364189574]]]}}, {"type": "Feature", "properties": {"threshold": "ge_7", "source": "HistorySUHI", "period": "2013-2026", "hotspot_percentile": "top_10_pct", "label": ">= 7 estati"}, "geometry": {"type": "Polygon", "coordinates": [[[11.35972766182463, 44.50749381676282], [11.359716768618592, 44.50722396497762], [11.358962577955307, 44.50723955288035], [11.358984357572623, 44.507779256727595], [11.359361456454346, 44.507771463252325], [11.359350564832475, 44.507501611409104], [11.35972766182463, 44.50749381676282]]]}}, {"type": "Feature", "properties": {"threshold": "ge_7", "source": "HistorySUHI", "period": "2013-2026", "hotspot_percentile": "top_10_pct", "label": ">= 7 estati"}, "geometry": {"type": "Polygon", "coordinates": [[[11.358607258538235, 44.50778704895887], [11.35859637039013, 44.50751719696979], [11.358219272939985, 44.50752498788421], [11.358230159351205, 44.507794839946186], [11.358607258538235, 44.50778704895887]]]}}, {"type": "Feature", "properties": {"threshold": "ge_7", "source": "HistorySUHI", "period": "2013-2026", "hotspot_percentile": "top_10_pct", "label": ">= 7 estati"}, "geometry": {"type": "Polygon", "coordinates": [[[11.390404427539051, 44.51009646825045], [11.390393391800128, 44.50982662259158], [11.390770495293896, 44.509818725132554], [11.390759457972774, 44.50954887953262], [11.390382356215914, 44.50955677691775], [11.390371320786407, 44.50928693122894], [11.38961712028237, 44.50930272211955], [11.389650216613546, 44.51011225958436], [11.390404427539051, 44.51009646825045]]]}}, {"type": "Feature", "properties": {"threshold": "ge_7", "source": "HistorySUHI", "period": "2013-2026", "hotspot_percentile": "top_10_pct", "label": ">= 7 estati"}, "geometry": {"type": "Polygon", "coordinates": [[[11.354730934674656, 44.51461899631689], [11.354720061822313, 44.51434914389909], [11.355474346480435, 44.51433358206548], [11.355452594283124, 44.51379387747642], [11.355829732908512, 44.51378609483887], [11.35581885530114, 44.513516242594825], [11.356195992036586, 44.51350845878588], [11.356185112844296, 44.513238606599735], [11.356562247689805, 44.513230821619416], [11.35654048628804, 44.512691117348126], [11.356163354917284, 44.51269890218275], [11.356141597600342, 44.51215919770613], [11.355764469551728, 44.512166981150884], [11.35575359285932, 44.511897128817374], [11.355376466395512, 44.51190491094514], [11.355354716942673, 44.51136520608777], [11.354977593800928, 44.511372986825755], [11.35495584843234, 44.51083328176314], [11.35533296809966, 44.51082550117077], [11.35532209390683, 44.510555648689916], [11.355699211684525, 44.51054786692626], [11.35571008761453, 44.5108177193343], [11.35608720697692, 44.51080993625371], [11.356108962768772, 44.511349640879395], [11.356486085453076, 44.51134185640902], [11.356464326186813, 44.51080215192902], [11.356841445244182, 44.510794366360216], [11.35683056410267, 44.5105245141707], [11.356076329309746, 44.51054008391851], [11.356065451795066, 44.51027023156839], [11.353048520422671, 44.51033246021327], [11.353059384040098, 44.51060231314571], [11.350419548932834, 44.51065669840386], [11.35043040054216, 44.510926551830316], [11.350053278895187, 44.51093431624911], [11.350064128919415, 44.51120416973333], [11.349687005383092, 44.51121193298063], [11.349730400051973, 44.51229134705915], [11.350107530537485, 44.51228358352125], [11.350118381322307, 44.512553436930986], [11.350872645311652, 44.51253790597728], [11.350883499723357, 44.5128077592268], [11.351637766578747, 44.512792223150925], [11.351648624617429, 44.51306207624015], [11.352025759554193, 44.5130543062632], [11.352058339795947, 44.51386386522335], [11.351681199646855, 44.51387163541843], [11.35167034115148, 44.51360178237392], [11.350916063871553, 44.51361731888595], [11.350905209003304, 44.51334746568112], [11.350528071872503, 44.5133552319981], [11.350549778286256, 44.51389493853816], [11.350172637528363, 44.51390270375624], [11.350183489225982, 44.5141725570766], [11.351692058294468, 44.51414148844807], [11.351713776046411, 44.51468119446262], [11.352090921408053, 44.5146734240494], [11.352069200181052, 44.51413371818026], [11.352446341915373, 44.5141259466682], [11.352468066617424, 44.51466565239189], [11.352845211674504, 44.514657879490095], [11.352834347509798, 44.514388026708446], [11.353211490677028, 44.5143802526351], [11.353222356579268, 44.514650105344025], [11.354730934674656, 44.51461899631689]], [[11.354643956123972, 44.51246017655717], [11.355021086367307, 44.51245239677212], [11.35504283356514, 44.512992101655875], [11.354288565976603, 44.51300766027297], [11.354277695776213, 44.51273780769296], [11.354654827909318, 44.51273002907931], [11.354643956123972, 44.51246017655717]]]}}, {"type": "Feature", "properties": {"threshold": "ge_7", "source": "HistorySUHI", "period": "2013-2026", "hotspot_percentile": "top_10_pct", "label": ">= 7 estati"}, "geometry": {"type": "Polygon", "coordinates": [[[11.388973210936898, 44.51201696720378], [11.389006301485257, 44.51282650466278], [11.389383424705414, 44.51281861136722], [11.389394456934687, 44.51308845708308], [11.390148706385398, 44.51307266661188], [11.390137670681714, 44.512802821043785], [11.390514793437806, 44.5127949240159], [11.39048168204356, 44.51198538744343], [11.389727446799588, 44.51200117981174], [11.389716413451847, 44.51173133410987], [11.38933929733494, 44.51173922835405], [11.389350328945572, 44.51200907412981], [11.388973210936898, 44.51201696720378]]]}}, {"type": "Feature", "properties": {"threshold": "ge_7", "source": "HistorySUHI", "period": "2013-2026", "hotspot_percentile": "top_10_pct", "label": ">= 7 estati"}, "geometry": {"type": "Polygon", "coordinates": [[[11.359960730871725, 44.522613291664015], [11.359971631048227, 44.522883142672086], [11.360726022961412, 44.52286754381754], [11.360693312461112, 44.522057991186465], [11.36107050297376, 44.522050190111266], [11.361059598041253, 44.521780339277406], [11.361436786662843, 44.52177253703065], [11.361371349850126, 44.52015343215229], [11.361748527890363, 44.520145629099076], [11.361737620552114, 44.51987577830683], [11.362114796701436, 44.519867974082146], [11.362103887778154, 44.51959812334802], [11.362481062036569, 44.51959031795188], [11.362470151528305, 44.51932046727587], [11.362847323895815, 44.519312660708316], [11.36282549986241, 44.51877295945764], [11.362448330970688, 44.518780765879086], [11.362404691691031, 44.517701362906486], [11.362781853631473, 44.51769355677723], [11.362760031433895, 44.51715385534751], [11.363137189745867, 44.51714604811999], [11.363126277138834, 44.51687619745581], [11.363503433560101, 44.516868389056974], [11.363492519368384, 44.51659853845094], [11.363869673898952, 44.51659072888085], [11.363847842499284, 44.51605102777018], [11.36611074561633, 44.51600414509605], [11.366099819720475, 44.51573429495704], [11.366476967966392, 44.515726476896084], [11.366466040486154, 44.5154566268153], [11.366843186841308, 44.51544880758324], [11.366821328865386, 44.51490910752326], [11.367198471592268, 44.51490128719327], [11.367187541096655, 44.51463143721406], [11.36756468193281, 44.51462361571301], [11.367553749852982, 44.51435376579206], [11.369062304714868, 44.514322467638316], [11.369073243744502, 44.51459231726638], [11.369450383814074, 44.51458448954412], [11.369461324734544, 44.51485433908401], [11.369838466388194, 44.514846510044265], [11.369860352164318, 44.51538620893271], [11.370237497139556, 44.51537837850218], [11.370248441995287, 44.515648227850726], [11.37062558855461, 44.51564039610264], [11.370647482201562, 44.51618009460836], [11.371024632082554, 44.51617226146939], [11.371035580873848, 44.516442110626556], [11.371412732338937, 44.516434276169974], [11.371423683021368, 44.5167041252389], [11.372932294296673, 44.51667277467612], [11.372943252083212, 44.516942623436734], [11.373320406255665, 44.51693478261188], [11.373342325764991, 44.51747447994156], [11.37371948325913, 44.517466637725605], [11.37374140685854, 44.51800633484877], [11.374118567674433, 44.51799849124166], [11.374107604060153, 44.51772864276094], [11.374484762984604, 44.517720797982896], [11.374473797786333, 44.51745094956064], [11.374850954819347, 44.51744310361165], [11.374839988037134, 44.51717325524787], [11.374462832741798, 44.51718110112345], [11.374451867850995, 44.516911252671335], [11.37482902140868, 44.51690340686917], [11.374796122445817, 44.51609386164339], [11.374418974100942, 44.516101707225296], [11.37439704570285, 44.51556201018658], [11.374019900679345, 44.515569854377404], [11.373987014447522, 44.51476030848708], [11.373609874482787, 44.51476815121346], [11.373598914450323, 44.51449830248007], [11.37322177606937, 44.51450614388885], [11.373199859940216, 44.51396644623053], [11.373576994846358, 44.5139586049685], [11.373566035274854, 44.51368875619033], [11.373943168289982, 44.5136809137575], [11.37387740366381, 44.512061821214964], [11.373500281072369, 44.512069663207484], [11.373478364233964, 44.51152996542704], [11.37310124496326, 44.511537806028706], [11.373090288511653, 44.51126795704271], [11.372713170824497, 44.51127579632692], [11.372702216263619, 44.51100594725263], [11.370816634210351, 44.51104512464582], [11.370761907136082, 44.50969587721731], [11.370384798950326, 44.50970370859729], [11.370330084396793, 44.50835446042905], [11.36995298474238, 44.508362290198654], [11.369887342761299, 44.50674319146442], [11.3683789842939, 44.506774496345486], [11.368389917293602, 44.507044346464795], [11.368012825556757, 44.50705216964851], [11.368056552140954, 44.508131570269285], [11.367679453303532, 44.50813939250188], [11.367690383595816, 44.50840924269296], [11.365050675286456, 44.50846396400216], [11.365061593573468, 44.50873381469039], [11.36430738634756, 44.50874943830052], [11.364318301313705, 44.509019289120005], [11.363941195734245, 44.50902709913216], [11.363952109116418, 44.50929695000982], [11.363197894024546, 44.50931256644824], [11.363208804085673, 44.50958241745712], [11.363585913445117, 44.50957460978686], [11.363596825396241, 44.50984446070775], [11.360957044509616, 44.5098990887859], [11.360967944454163, 44.51016894020307], [11.360590830550416, 44.51017673931101], [11.360656223003772, 44.51179584793868], [11.361410471504538, 44.51178024760288], [11.361421374256071, 44.512050098842636], [11.361798500014443, 44.51204229673551], [11.361820309450653, 44.51258199902426], [11.362197438530727, 44.512574195526945], [11.3622410661872, 44.51365359963334], [11.361863930157684, 44.51366140342274], [11.361874835716666, 44.51393125448507], [11.361120559724128, 44.513946858477254], [11.361109657639995, 44.513677007268896], [11.36035538451093, 44.51369260613818], [11.360344486054458, 44.51342275476897], [11.359213080427192, 44.51344614352235], [11.359223973671426, 44.513715995110445], [11.35846969901477, 44.51373158153749], [11.358567713809972, 44.51616024647201], [11.359322019742368, 44.51614465873224], [11.359332914513947, 44.51641451017121], [11.359710068988699, 44.51640671436187], [11.359753656553401, 44.5174861196768], [11.360130817826247, 44.51747832233127], [11.360141716837154, 44.51774817354976], [11.360518879694967, 44.51774037488686], [11.360529780596483, 44.51801022601745], [11.360906945039257, 44.51800242603717], [11.360896042399945, 44.51773257497957], [11.361650367351304, 44.51771697143182], [11.3616612734662, 44.51798682234339], [11.361284109329173, 44.51799462481249], [11.361295013859165, 44.518264475782175], [11.36091784783143, 44.51827227707987], [11.360939653874373, 44.51881197912049], [11.36056248421806, 44.51881977931974], [11.36057338573094, 44.51908963039067], [11.360950557125145, 44.519081830118424], [11.36096146052879, 44.51935168110144], [11.36020711411169, 44.51936728054744], [11.360196214183885, 44.51909742941846], [11.359819042484007, 44.51910522720179], [11.359775451252442, 44.51802582224479], [11.359021121297248, 44.51804141349447], [11.358999333549384, 44.517501710634704], [11.358622171818261, 44.517509504247066], [11.358611279911194, 44.517239652721884], [11.358234119765124, 44.517247445016935], [11.358223229748502, 44.51697759340392], [11.357091753607525, 44.51700096260411], [11.357102638410911, 44.51727081443581], [11.356725477654253, 44.51727860175333], [11.356736360872477, 44.51754845364299], [11.357113523366909, 44.51754066625259], [11.357124408475519, 44.51781051805448], [11.356747244243289, 44.51781830551775], [11.35676901144269, 44.518358009222524], [11.357146179150591, 44.51835022161352], [11.357135293736745, 44.51808036984144], [11.357512459554181, 44.51807258106089], [11.35752334670587, 44.51834243276007], [11.357900514108502, 44.51833464266219], [11.357911403150704, 44.518604494273575], [11.358288572138532, 44.51859670285835], [11.358299463071292, 44.518866554381894], [11.358676633644311, 44.51885876164932], [11.35868752646768, 44.51912861308504], [11.358310354156751, 44.519136405890535], [11.358321245394913, 44.519406257384254], [11.357189722332203, 44.51942962855266], [11.357200608509178, 44.519699480250175], [11.356823432111677, 44.51970726822356], [11.35684520144752, 44.52024697171962], [11.356468021421396, 44.520254758594255], [11.356457138415186, 44.5199849067808], [11.355702781381236, 44.52000047665082], [11.355691902003615, 44.51973062467678], [11.355314724995822, 44.5197384076722], [11.35534735837222, 44.52054796376812], [11.354970175997828, 44.5205557457375], [11.354991928868508, 44.52109544987255], [11.353860370401867, 44.52111878875028], [11.353871241851557, 44.52138864101384], [11.353494053652984, 44.52139641822341], [11.353504923516946, 44.521666270544856], [11.353127733427801, 44.52167404658262], [11.353182076342598, 44.52302330833011], [11.353559275122931, 44.523015531928515], [11.353581016832262, 44.523555236377646], [11.353958218936814, 44.52354745858585], [11.35399083785916, 44.524357014929436], [11.354368045026396, 44.52434923567457], [11.354357170161423, 44.52407938364775], [11.356243195017893, 44.524040469067195], [11.356232311613546, 44.523770617389616], [11.356986717011365, 44.52375504299036], [11.356964943707167, 44.523215339881936], [11.358850937146782, 44.52317638283128], [11.358829147070484, 44.52263668039231], [11.359960730871725, 44.522613291664015]], [[11.362683658560961, 44.51526489987353], [11.362694568512488, 44.51553475070029], [11.361940272281462, 44.51555036054578], [11.36191845948158, 44.51501065858522], [11.362295604198449, 44.515002854430676], [11.362306512259481, 44.515272705345396], [11.362683658560961, 44.51526489987353]], [[11.361541314611804, 44.51501846149547], [11.361519505898565, 44.514478759329215], [11.361896647293323, 44.51447095656498], [11.36191845948158, 44.51501065858522], [11.361541314611804, 44.51501846149547]], [[11.367422576848995, 44.51111556557644], [11.36779969494685, 44.51110774378272], [11.367788763122128, 44.51083789374091], [11.368165879329586, 44.510830070776315], [11.368176812891447, 44.51109992074491], [11.368553930682761, 44.51109209646302], [11.368564866135063, 44.511361946343456], [11.368941985510228, 44.51135412074424], [11.368952922853019, 44.51162397053654], [11.369330043812027, 44.51161614361998], [11.36936286197211, 44.51242569268755], [11.36860860947739, 44.51244134571598], [11.368619545696264, 44.51271119552178], [11.367488160592496, 44.51273466595294], [11.367499091752771, 44.51300451596345], [11.365990569186433, 44.51303579274608], [11.36595779701286, 44.51222624179176], [11.36633492267235, 44.512218424681826], [11.366323997183542, 44.511948574407015], [11.366701120952616, 44.5119407561261], [11.366690193879757, 44.511670905909526], [11.367067315758419, 44.511663086457645], [11.367056387101556, 44.51139323629932], [11.36743350708981, 44.51138541567651], [11.367422576848995, 44.51111556557644]]]}}, {"type": "Feature", "properties": {"threshold": "ge_7", "source": "HistorySUHI", "period": "2013-2026", "hotspot_percentile": "top_10_pct", "label": ">= 7 estati"}, "geometry": {"type": "Polygon", "coordinates": [[[11.386143556534797, 44.51666745420092], [11.386132537932475, 44.51639760801518], [11.385755390735506, 44.516405491072625], [11.385766407600277, 44.51667533733213], [11.386143556534797, 44.51666745420092]]]}}, {"type": "Feature", "properties": {"threshold": "ge_7", "source": "HistorySUHI", "period": "2013-2026", "hotspot_percentile": "top_10_pct", "label": ">= 7 estati"}, "geometry": {"type": "Polygon", "coordinates": [[[11.38690887617231, 44.516921530228835], [11.386897853940367, 44.51665168420565], [11.386520705314835, 44.516659569825414], [11.386531725809208, 44.5169294159224], [11.38690887617231, 44.516921530228835]]]}}, {"type": "Feature", "properties": {"threshold": "ge_7", "source": "HistorySUHI", "period": "2013-2026", "hotspot_percentile": "top_10_pct", "label": ">= 7 estati"}, "geometry": {"type": "Polygon", "coordinates": [[[11.387297050504943, 44.517183489225424], [11.387286026380876, 44.516913643290984], [11.38690887617231, 44.516921530228835], [11.386919898558785, 44.51719137623708], [11.387297050504943, 44.517183489225424]]]}}, {"type": "Feature", "properties": {"threshold": "ge_7", "source": "HistorySUHI", "period": "2013-2026", "hotspot_percentile": "top_10_pct", "label": ">= 7 estati"}, "geometry": {"type": "Polygon", "coordinates": [[[11.356014675569124, 44.51837358070725], [11.356003795368828, 44.518103728716596], [11.355626628941067, 44.518111512519475], [11.355637507403506, 44.51838136458296], [11.356014675569124, 44.51837358070725]]]}}, {"type": "Feature", "properties": {"threshold": "ge_7", "source": "HistorySUHI", "period": "2013-2026", "hotspot_percentile": "top_10_pct", "label": ">= 7 estati"}, "geometry": {"type": "Polygon", "coordinates": [[[11.383192392186425, 44.51834956474977], [11.383203397968346, 44.5186194114206], [11.383580560147218, 44.51861153648358], [11.383591567821206, 44.51888138306577], [11.383968731583504, 44.51887350681068], [11.383935703811318, 44.51806396724034], [11.383558545262225, 44.51807184327432], [11.383525524092168, 44.51726230334826], [11.383148370601745, 44.51727017791685], [11.383181386558807, 44.51807971806398], [11.382804227701087, 44.51808759160926], [11.38281523159099, 44.518357438368746], [11.383192392186425, 44.51834956474977]]]}}, {"type": "Feature", "properties": {"threshold": "ge_7", "source": "HistorySUHI", "period": "2013-2026", "hotspot_percentile": "top_10_pct", "label": ">= 7 estati"}, "geometry": {"type": "Polygon", "coordinates": [[[11.38477812539745, 44.520206982148245], [11.384767111738133, 44.51993713586198], [11.385898622025996, 44.51991349127915], [11.385876584743606, 44.51937379910424], [11.38549941827777, 44.519381681728746], [11.385488401606098, 44.519111835545104], [11.384356906495334, 44.51913547573103], [11.384400953254756, 44.52021486126074], [11.38477812539745, 44.520206982148245]]]}}, {"type": "Feature", "properties": {"threshold": "ge_7", "source": "HistorySUHI", "period": "2013-2026", "hotspot_percentile": "top_10_pct", "label": ">= 7 estati"}, "geometry": {"type": "Polygon", "coordinates": [[[11.38140556705631, 44.52081754321473], [11.38141656553726, 44.52108739011928], [11.381039386792043, 44.52109525825264], [11.381083375305815, 44.52217464601579], [11.38221493193518, 44.52215103699855], [11.38219292694159, 44.521611343588724], [11.381815745028804, 44.52161921435836], [11.38180474450142, 44.52134936755737], [11.382181924676186, 44.521341496861375], [11.382170922565045, 44.52107165011908], [11.3829252789758, 44.52105590514095], [11.382914273542989, 44.52078605853102], [11.38140556705631, 44.52081754321473]]]}}, {"type": "Feature", "properties": {"threshold": "ge_7", "source": "HistorySUHI", "period": "2013-2026", "hotspot_percentile": "top_10_pct", "label": ">= 7 estati"}, "geometry": {"type": "Polygon", "coordinates": [[[11.369800569364408, 44.523219667414494], [11.370177764891597, 44.523211836103336], [11.370166817476546, 44.5229419870996], [11.37054401111202, 44.52293415461712], [11.370522113266036, 44.52239445671146], [11.370899303271631, 44.52238662313099], [11.370866452439646, 44.521577076380396], [11.370489267648404, 44.521584909740966], [11.37047831941621, 44.52131506072092], [11.370101136209536, 44.52132289276367], [11.37009018986889, 44.521053043655414], [11.368958644542248, 44.52107653209666], [11.368969585668733, 44.521346381424706], [11.368215217874464, 44.521362034309426], [11.368226155678189, 44.521631883769025], [11.367471783794311, 44.521647531822055], [11.367482718275166, 44.52191738141314], [11.367105530365132, 44.52192520364603], [11.36712739631048, 44.522464902929826], [11.366373013077936, 44.522480543954636], [11.36643859373407, 44.52409964232599], [11.366815795856514, 44.524091821996805], [11.366848593468674, 44.52490137076141], [11.367980214561443, 44.52487790164713], [11.367958338903144, 44.52433820292485], [11.36833554215063, 44.52433037754385], [11.368324602813194, 44.524060528233555], [11.368701804168968, 44.52405270168112], [11.368690863246607, 44.52378285242912], [11.369445262021307, 44.523767195736816], [11.369434317775802, 44.52349734661641], [11.36981151519471, 44.523489516476566], [11.369800569364408, 44.523219667414494]]]}}, {"type": "Feature", "properties": {"threshold": "ge_7", "source": "HistorySUHI", "period": "2013-2026", "hotspot_percentile": "top_10_pct", "label": ">= 7 estati"}, "geometry": {"type": "Polygon", "coordinates": [[[11.363464639113282, 44.52524156110754], [11.363087428658751, 44.525249370527085], [11.363065597892383, 44.52470966993287], [11.362688390761658, 44.524717477961566], [11.36267747734644, 44.52444762756902], [11.361545860251407, 44.52447104396784], [11.361567676804414, 44.52501074517627], [11.361190467323313, 44.52501854829921], [11.361201374090795, 44.52528839895406], [11.361578585310346, 44.525280595758105], [11.361589493969234, 44.52555044632503], [11.361966706774302, 44.52554264181132], [11.361977617324646, 44.52581249229029], [11.362354831715225, 44.5258046864588], [11.362387569499804, 44.52661423758706], [11.361633130134393, 44.526629848443534], [11.361654949134776, 44.52716954941328], [11.363163841162347, 44.52713832213684], [11.363174757846554, 44.527408172307126], [11.363551982209461, 44.527400362302956], [11.363541063786622, 44.527130512205744], [11.363918286257801, 44.527122701029846], [11.363907366249455, 44.52685285099083], [11.36353014551688, 44.526860662093625], [11.363519227400229, 44.526590811966585], [11.363142008253146, 44.52659862175152], [11.363109260037332, 44.52578907106162], [11.363486473968809, 44.52578126149592], [11.363464639113282, 44.52524156110754]]]}}, {"type": "Feature", "properties": {"threshold": "ge_7", "source": "HistorySUHI", "period": "2013-2026", "hotspot_percentile": "top_10_pct", "label": ">= 7 estati"}, "geometry": {"type": "Polygon", "coordinates": [[[11.388980169469027, 44.5306520872914], [11.388969132397326, 44.530382242326745], [11.387837421972009, 44.53040592168232], [11.387826390271398, 44.53013607648113], [11.387449154892328, 44.53014396703608], [11.387438125085163, 44.529874121746076], [11.387060891290194, 44.529882010982355], [11.387016780562897, 44.52880262937742], [11.386639553568097, 44.52881051707361], [11.386628528011482, 44.528540671561146], [11.386251302600725, 44.52854855793873], [11.386262326418697, 44.528818403524994], [11.38588509911472, 44.52882628873156], [11.3858961213486, 44.52909613437664], [11.3855188921514, 44.52910401841218], [11.3855409336054, 44.52964370980499], [11.38591816628002, 44.52963582562189], [11.385940211829677, 44.530175516807304], [11.386317447827249, 44.5301676312318], [11.386372573100525, 44.53151685856456], [11.386749817637698, 44.53150897137517], [11.386771872307051, 44.53204866205592], [11.387149120167438, 44.53204077347399], [11.387160149473019, 44.5323106187181], [11.387537398917704, 44.5323027288174], [11.38754843011692, 44.53257257397273], [11.3879256811459, 44.53256468275323], [11.387936714238803, 44.53283452781975], [11.389068471614364, 44.5328108464699], [11.38907951007904, 44.53308069129984], [11.389834017700219, 44.53306489736063], [11.389822975757518, 44.53279505267846], [11.390200227596857, 44.5327871539153], [11.390145011511136, 44.531437930649474], [11.389767768366477, 44.531445829043086], [11.389756727352742, 44.53117598427111], [11.389379485792128, 44.53118388134592], [11.38935740770677, 44.53064419160926], [11.388980169469027, 44.5306520872914]]]}}, {"type": "Feature", "properties": {"threshold": "ge_7", "source": "HistorySUHI", "period": "2013-2026", "hotspot_percentile": "top_10_pct", "label": ">= 7 estati"}, "geometry": {"type": "Polygon", "coordinates": [[[11.359707748197842, 44.53504202304216], [11.359696844619865, 44.53477217255932], [11.36007411746539, 44.53476437303293], [11.360085022782707, 44.535034223442786], [11.36083957149363, 44.535018620508616], [11.360850480442595, 44.535288470757564], [11.36160503202032, 44.53527286269676], [11.361615944601024, 44.53554271278474], [11.361993221899732, 44.535534906813574], [11.361971393412627, 44.534995206768784], [11.361594119592645, 44.53500301259387], [11.361550471412171, 44.533923612033085], [11.361173204396334, 44.533931416320904], [11.361162294472988, 44.533661566070386], [11.36040776346084, 44.533677170764726], [11.360396857168906, 44.53340732035328], [11.360019593172627, 44.53341512075982], [11.35997597649085, 44.53233571867285], [11.360730490417245, 44.53232011719865], [11.360686862269448, 44.531240715457], [11.36030961233893, 44.5312485165246], [11.36029870742333, 44.530978665978914], [11.358412464172506, 44.531017652277406], [11.358401568104705, 44.53074780135197], [11.35764707321264, 44.53076338701071], [11.35763618077555, 44.53049353592451], [11.357258934839361, 44.53050132681353], [11.357204483639398, 44.5291520707944], [11.354563818673078, 44.5292065696087], [11.354552941063009, 44.52893671785017], [11.354175704339202, 44.52894449834264], [11.354153953054253, 44.528404794635236], [11.35302225240077, 44.52842812820657], [11.353033122750604, 44.52869798028606], [11.352278651408513, 44.52871352992141], [11.352289518433118, 44.52898338213151], [11.351912280794659, 44.52899115515459], [11.351923146232789, 44.52926100742253], [11.351545906703114, 44.52926877927341], [11.351556770554723, 44.52953863159917], [11.351179529133828, 44.529546402277866], [11.351212116385884, 44.530355959383904], [11.350834869595865, 44.53036372903576], [11.350867453001783, 44.53117328622583], [11.351244705008833, 44.53116551635584], [11.351255568187803, 44.53143536865004], [11.350878314441696, 44.53144313859273], [11.350889176033915, 44.53171299094472], [11.351266431519106, 44.53170522092931], [11.351288158638715, 44.53224492544318], [11.351665417449805, 44.532237154037304], [11.351687148657106, 44.53277685834613], [11.352064410794158, 44.532769085549745], [11.352086146089354, 44.53330878965348], [11.352463411552431, 44.53330101546654], [11.352474281167872, 44.53357086742332], [11.353228815115216, 44.53355531516861], [11.353239688361613, 44.53382516696495], [11.35361695684585, 44.53381738889718], [11.35362783198401, 44.53408724060583], [11.354382371973518, 44.53407168058934], [11.35440412966463, 44.53461138367071], [11.354781402909198, 44.534603601649145], [11.354803164689265, 44.535143304525256], [11.355934993943535, 44.535119950552655], [11.355945880280633, 44.53538980174981], [11.356323158132824, 44.535382014529084], [11.356334046361999, 44.53565186563846], [11.357843163201288, 44.535620704012295], [11.35783226801448, 44.535350853194515], [11.358209545102996, 44.53534305974795], [11.358198648329596, 44.5350732089882], [11.358575923525928, 44.535065414369406], [11.358565025165984, 44.534795563667664], [11.358942298470138, 44.53478776787668], [11.358953198569429, 44.53505761850548], [11.359707748197842, 44.53504202304216]], [[11.356645988280011, 44.53402497065706], [11.35662421032799, 44.53348526839024], [11.357001475699603, 44.53347747918941], [11.356990585213417, 44.533207628106524], [11.3573678486931, 44.533199837733505], [11.357400525827517, 44.534009390718744], [11.356645988280011, 44.53402497065706]], [[11.35623605779593, 44.533223205117324], [11.356225170940844, 44.53295335387377], [11.356979694879948, 44.532937777008726], [11.356990585213417, 44.533207628106524], [11.35623605779593, 44.533223205117324]]]}}, {"type": "Feature", "properties": {"threshold": "ge_7", "source": "HistorySUHI", "period": "2013-2026", "hotspot_percentile": "top_10_pct", "label": ">= 7 estati"}, "geometry": {"type": "Polygon", "coordinates": [[[11.366744709757612, 44.531655427620514], [11.366788450430189, 44.5327348245644], [11.367165708191624, 44.53272700189314], [11.367176645482246, 44.53299685101859], [11.367553904829432, 44.532989027029096], [11.367564844012566, 44.533258876066405], [11.368696626351058, 44.533235396407974], [11.368663793609834, 44.53242584991038], [11.3690410488651, 44.53241802108726], [11.369019157660183, 44.53187832349406], [11.36864190588301, 44.53188615217067], [11.36862001877002, 44.531346454371224], [11.367111024039012, 44.53137775604196], [11.367121960562812, 44.53164760524204], [11.366744709757612, 44.531655427620514]]]}}, {"type": "Feature", "properties": {"threshold": "ge_7", "source": "HistorySUHI", "period": "2013-2026", "hotspot_percentile": "top_10_pct", "label": ">= 7 estati"}, "geometry": {"type": "Polygon", "coordinates": [[[11.36077412101225, 44.53339951870164], [11.360763213134064, 44.53312966834827], [11.36038595102991, 44.533137469926885], [11.360396857168906, 44.53340732035328], [11.36077412101225, 44.53339951870164]]]}}, {"type": "Feature", "properties": {"threshold": "ge_7", "source": "HistorySUHI", "period": "2013-2026", "hotspot_percentile": "top_10_pct", "label": ">= 7 estati"}, "geometry": {"type": "Polygon", "coordinates": [[[11.369183356663092, 44.53592605398725], [11.369194304491366, 44.536195902567336], [11.369571583942477, 44.53618807147337], [11.369582533663696, 44.53645791996524], [11.369959814700676, 44.536450087552815], [11.369970766314887, 44.53671993595646], [11.370725331406975, 44.53670426724946], [11.370736286653692, 44.536974115491546], [11.371113570708763, 44.53696627919694], [11.371102613722588, 44.53669643102817], [11.371857177892835, 44.53668075485003], [11.37184621758145, 44.53641090681301], [11.37222349769661, 44.53640306692952], [11.372201574056149, 44.535863370957394], [11.371824297419769, 44.535871210694154], [11.371802377872859, 44.535331514515555], [11.371425104561474, 44.535339352860476], [11.37141414675786, 44.53506950467542], [11.371036875032125, 44.535077341701886], [11.371025919121456, 44.53480749342856], [11.369894108240404, 44.5348309968173], [11.369883157701167, 44.53456114830911], [11.369505888839603, 44.534568980208505], [11.369494940193174, 44.5342991316121], [11.369117672917325, 44.534306962193135], [11.369095779563482, 44.53376726480897], [11.368718515612558, 44.53377509399838], [11.368729460473526, 44.534044942771196], [11.368352194629919, 44.5340527707888], [11.368363137905133, 44.534322619619935], [11.367985870168837, 44.53433044646569], [11.367996811858253, 44.53460029535513], [11.367242272446862, 44.53461594545781], [11.367253210811139, 44.53488579447877], [11.366875939136063, 44.53489361773565], [11.366886875914414, 44.535163466814886], [11.365755054751125, 44.53518692933438], [11.365809714852569, 44.53653617560439], [11.366186997423972, 44.53652835564383], [11.366197931643644, 44.53679820477987], [11.366952499805352, 44.53678256097678], [11.366963437657338, 44.53705240995152], [11.367718008684479, 44.53703676102119], [11.367707067353527, 44.53676691219288], [11.368084350897478, 44.536759085933134], [11.368029637847119, 44.53540984193385], [11.368406912540593, 44.535402014795125], [11.368417856583122, 44.535671863551606], [11.368795132862479, 44.535664035094484], [11.368806078797855, 44.53593388376277], [11.369183356663092, 44.53592605398725]]]}}, {"type": "Feature", "properties": {"threshold": "ge_7", "source": "HistorySUHI", "period": "2013-2026", "hotspot_percentile": "top_10_pct", "label": ">= 7 estati"}, "geometry": {"type": "Polygon", "coordinates": [[[11.35407036652287, 44.53569857072224], [11.35405948873022, 44.53542871917583], [11.35368220996242, 44.53543649892551], [11.35369308601564, 44.53570635054473], [11.353315805355889, 44.53571412912201], [11.353337554440952, 44.53625383246132], [11.353714838579641, 44.53624605373845], [11.35373659175374, 44.536785756872575], [11.354113879218936, 44.53677797675889], [11.354124757774327, 44.53704782823078], [11.354879335726128, 44.53703226412208], [11.354911982745234, 44.5378418180114], [11.355289276711016, 44.53783403387066], [11.355311045632785, 44.53837373624333], [11.35568834292523, 44.538365950711594], [11.355623027553932, 44.53674684385181], [11.355245740699097, 44.53675462894643], [11.355234857077692, 44.53648477767811], [11.354857571809752, 44.53649256145466], [11.354846690080464, 44.53622271009859], [11.354469406399422, 44.53623049255708], [11.35444764687756, 44.53569078965459], [11.35407036652287, 44.53569857072224]]]}}, {"type": "Feature", "properties": {"threshold": "ge_7", "source": "HistorySUHI", "period": "2013-2026", "hotspot_percentile": "top_10_pct", "label": ">= 7 estati"}, "geometry": {"type": "Polygon", "coordinates": [[[11.359007701358752, 44.53640687142572], [11.358996800495163, 44.5361370208715], [11.358619518494029, 44.53614481702724], [11.358630417618148, 44.53641466765442], [11.358253133724702, 44.53642246263791], [11.35826403126217, 44.536692313323115], [11.357886745476407, 44.536700107134315], [11.357930330196279, 44.53777951001774], [11.358307622940282, 44.53777171591481], [11.358318521241882, 44.53804156652545], [11.358695815572672, 44.5380337711043], [11.358717616113688, 44.53857347213495], [11.359094913770921, 44.53856567532261], [11.359062207969767, 44.53775612397314], [11.359439500255199, 44.537748326134405], [11.359428596887657, 44.53747847572772], [11.360183177520618, 44.53746287646043], [11.360150457898182, 44.5366533255888], [11.359395887702437, 44.53666892441817], [11.35938498494649, 44.536399073951834], [11.359007701358752, 44.53640687142572]]]}}, {"type": "Feature", "properties": {"threshold": "ge_7", "source": "HistorySUHI", "period": "2013-2026", "hotspot_percentile": "top_10_pct", "label": ">= 7 estati"}, "geometry": {"type": "Polygon", "coordinates": [[[11.377593298691023, 44.5384519528829], [11.37758231121, 44.53818210605216], [11.377205021072921, 44.538189963882594], [11.377216006814386, 44.53845981078686], [11.377593298691023, 44.5384519528829]]]}}, {"type": "Feature", "properties": {"threshold": "ge_7", "source": "HistorySUHI", "period": "2013-2026", "hotspot_percentile": "top_10_pct", "label": ">= 7 estati"}, "geometry": {"type": "Polygon", "coordinates": [[[11.355866359491303, 44.55213612659776], [11.355855467166034, 44.55186627617922], [11.355478082706629, 44.55187406410857], [11.355467192275013, 44.55160421360225], [11.35471242637976, 44.55161978557757], [11.354723313329602, 44.55188963622961], [11.353968543341779, 44.5519052033671], [11.354011997084104, 44.552982574259474], [11.354194764469455, 44.55288196544886], [11.354197607126377, 44.55288096155957], [11.354405027068383, 44.55280785043769], [11.35453031910089, 44.55276340449905], [11.354535855249216, 44.55276144479301], [11.354543103806042, 44.552758864602374], [11.354702912630271, 44.552702120273835], [11.354706114154524, 44.55270158610194], [11.354876909101204, 44.552670623146355], [11.355139055936295, 44.552602485376426], [11.355144773369037, 44.55260096302336], [11.355101216412693, 44.55249125688679], [11.355100349001258, 44.55248910517879], [11.355595576181273, 44.55236017070299], [11.356246437853569, 44.5521950261156], [11.356243745538842, 44.55212833734964], [11.355866359491303, 44.55213612659776]]]}}, {"type": "Feature", "properties": {"threshold": "ge_7", "source": "HistorySUHI", "period": "2013-2026", "hotspot_percentile": "top_10_pct", "label": ">= 7 estati"}, "geometry": {"type": "Polygon", "coordinates": [[[11.394324662356237, 44.47679478857187], [11.39431362135173, 44.47652494210677], [11.393936733324683, 44.4765328466341], [11.393947772595276, 44.47680269317316], [11.394324662356237, 44.47679478857187]]]}}, {"type": "Feature", "properties": {"threshold": "ge_7", "source": "HistorySUHI", "period": "2013-2026", "hotspot_percentile": "top_10_pct", "label": ">= 7 estati"}, "geometry": {"type": "Polygon", "coordinates": [[[11.395420896838047, 44.48514420404536], [11.395365652028522, 44.483794974631], [11.394988717486934, 44.483802883641395], [11.39497767072411, 44.483533037639596], [11.39535460353116, 44.48352512870321], [11.39534355518864, 44.48325528276044], [11.394966624116103, 44.48326319162282], [11.394955577662914, 44.48299334559106], [11.39608636521252, 44.482969615497545], [11.396075313710755, 44.48269976967288], [11.39645224084976, 44.482691857230144], [11.396463294085985, 44.482961702980774], [11.397217151368158, 44.482945874218835], [11.397206094663028, 44.48267602861633], [11.397959947856476, 44.482660195031386], [11.397948887837451, 44.48239034956205], [11.398702736942047, 44.4823745111542], [11.398680610431471, 44.48183482046703], [11.399057531282448, 44.4818268995472], [11.39902433747646, 44.48101736362647], [11.398647421828437, 44.48102528432395], [11.398636359270835, 44.48075543891296], [11.398259445202045, 44.48076335829362], [11.398248384533726, 44.48049351279354], [11.397494559399647, 44.480509347678584], [11.397505616599465, 44.480779193326846], [11.39712870206572, 44.4807871089794], [11.397139757686217, 44.48105695468674], [11.396385924685372, 44.48107278241187], [11.396396976992195, 44.481342628252364], [11.395643139903159, 44.48135845115469], [11.3956541888962, 44.48162829712826], [11.395277268385058, 44.48163620678934], [11.395288315798583, 44.48190605282196], [11.394911393398251, 44.48191396131431], [11.394933485220967, 44.48245365348263], [11.39455655919702, 44.48246156088021], [11.394567603606143, 44.48273140701591], [11.394190675692968, 44.48273931324469], [11.394201718522407, 44.48300915943938], [11.393824788719995, 44.48301706449935], [11.393835829969701, 44.48328691075306], [11.393458898278052, 44.48329481464417], [11.393469937947975, 44.48356466095687], [11.393093004367078, 44.48357256367911], [11.393104042457171, 44.48384241005079], [11.392727106987024, 44.483850311604144], [11.392738143497239, 44.48412015803479], [11.392361206137839, 44.48412805841922], [11.392427418039446, 44.485747137132336], [11.392804365806843, 44.485739236304326], [11.392815403399855, 44.48600908263017], [11.393192352747302, 44.48600118048528], [11.393214431866985, 44.48654087294419], [11.393591384529278, 44.48653296940844], [11.393613467737522, 44.487072661659546], [11.39399042371472, 44.4870647567329], [11.394001467285836, 44.487334602762026], [11.394378424843117, 44.48732669651842], [11.394389470303901, 44.48759654245859], [11.395897305924239, 44.48756490475817], [11.395908358479446, 44.48783475038732], [11.396285318732222, 44.48782683778068], [11.396252156326703, 44.48701730107045], [11.396629111219939, 44.48700938744296], [11.396607000254603, 44.486469696376034], [11.396230048830986, 44.48647760985541], [11.396196888749298, 44.485668072920554], [11.395819942375015, 44.48567598493488], [11.395797839897833, 44.48513629342201], [11.395420896838047, 44.48514420404536]]]}}, {"type": "Feature", "properties": {"threshold": "ge_7", "source": "HistorySUHI", "period": "2013-2026", "hotspot_percentile": "top_10_pct", "label": ">= 7 estati"}, "geometry": {"type": "Polygon", "coordinates": [[[11.412715601600548, 44.48369965916444], [11.412726730195738, 44.48396950164523], [11.412349799333196, 44.48397746797377], [11.412360926349864, 44.484247310514114], [11.413491723673031, 44.48422340757641], [11.41346945938879, 44.483683722928085], [11.412715601600548, 44.48369965916444]]]}}, {"type": "Feature", "properties": {"threshold": "ge_7", "source": "HistorySUHI", "period": "2013-2026", "hotspot_percentile": "top_10_pct", "label": ">= 7 estati"}, "geometry": {"type": "Polygon", "coordinates": [[[11.401873224368343, 44.486088932637685], [11.401851065760592, 44.48554924355674], [11.401474121712528, 44.485557174214634], [11.401496276850878, 44.486096863444004], [11.401873224368343, 44.486088932637685]]]}}, {"type": "Feature", "properties": {"threshold": "ge_7", "source": "HistorySUHI", "period": "2013-2026", "hotspot_percentile": "top_10_pct", "label": ">= 7 estati"}, "geometry": {"type": "Polygon", "coordinates": [[[11.405044120869515, 44.489803255011964], [11.405055216461022, 44.49007309872594], [11.405809160590076, 44.490057211268095], [11.405775863871925, 44.48924768052719], [11.405398897090244, 44.489255624654646], [11.405387800230283, 44.488985780970026], [11.40501083502805, 44.4889937237801], [11.404988645244595, 44.48845403621722], [11.404611683356748, 44.48846197763563], [11.404667150306759, 44.48981119680196], [11.405044120869515, 44.489803255011964]]]}}, {"type": "Feature", "properties": {"threshold": "ge_7", "source": "HistorySUHI", "period": "2013-2026", "hotspot_percentile": "top_10_pct", "label": ">= 7 estati"}, "geometry": {"type": "Polygon", "coordinates": [[[11.424269412825584, 44.48939657544339], [11.424249590008127, 44.48939699640111], [11.424249807290472, 44.48939751504036], [11.424271608498517, 44.48944955078037], [11.424269412825584, 44.48939657544339]]]}}, {"type": "Feature", "properties": {"threshold": "ge_7", "source": "HistorySUHI", "period": "2013-2026", "hotspot_percentile": "top_10_pct", "label": ">= 7 estati"}, "geometry": {"type": "Polygon", "coordinates": [[[11.42348194658976, 44.48860306430498], [11.421974114811725, 44.48863506674358], [11.421985288008148, 44.48890490714638], [11.421608327937228, 44.48891290472344], [11.421619499555362, 44.489182745186056], [11.420111650766612, 44.48921472336366], [11.420122815601651, 44.4894845641105], [11.419368886798452, 44.48950054589084], [11.419380048320072, 44.489770386772186], [11.419003081948857, 44.48977837587258], [11.419014241891935, 44.49004821681368], [11.418637273629328, 44.49005620474581], [11.418642219005173, 44.49017579379717], [11.420018140887594, 44.48972742337985], [11.423501082998818, 44.489064931167654], [11.42348194658976, 44.48860306430498]]]}}, {"type": "Feature", "properties": {"threshold": "ge_7", "source": "HistorySUHI", "period": "2013-2026", "hotspot_percentile": "top_10_pct", "label": ">= 7 estati"}, "geometry": {"type": "Polygon", "coordinates": [[[11.393611961873695, 44.49625532696413], [11.393600916664727, 44.49598548128114], [11.394731956386263, 44.4959617591769], [11.394743006802223, 44.49623160463791], [11.395120021468644, 44.49622369470908], [11.39513107377518, 44.4964935400811], [11.395508090022368, 44.49648562883487], [11.395519144219527, 44.49675547411787], [11.395896162047473, 44.49674756155421], [11.39590721813531, 44.49701740674821], [11.39666125679771, 44.497001577742594], [11.396672316512012, 44.49727142277349], [11.397049337346436, 44.4972635063315], [11.397060398951531, 44.49753335127334], [11.397437421366671, 44.49752543351384], [11.397426358025811, 44.497255588646105], [11.397803378550112, 44.49724766971729], [11.397792313628587, 44.496977824908676], [11.398169332262055, 44.496969904810555], [11.398158265759916, 44.496700060061066], [11.398535282502555, 44.49669213879368], [11.398513146492276, 44.496152449398025], [11.398890159608436, 44.49614452703552], [11.398868020747456, 44.49560483772819], [11.398491011102537, 44.495612759942425], [11.398479943640362, 44.495342915192154], [11.398102935575901, 44.495350836088924], [11.398091870004418, 44.495080991249566], [11.398468876333318, 44.49507307042691], [11.398457809181396, 44.49480322564666], [11.398080804588036, 44.4948111463952], [11.398069739326752, 44.49454130152587], [11.397315733145795, 44.49455713914481], [11.397304671510595, 44.494287294112304], [11.396550668180453, 44.49430312660992], [11.396528552317033, 44.49376343620365], [11.39577455530878, 44.493779263431904], [11.39580771892352, 44.49458879946316], [11.395430714980517, 44.4945967114345], [11.395419662022833, 44.49432686603168], [11.394665657143099, 44.4943426860964], [11.394676706629758, 44.494612531647256], [11.393168688069913, 44.49464415715311], [11.393146603135532, 44.494104465444565], [11.392769601579591, 44.49411236856484], [11.39278064223389, 44.49438221450056], [11.392403638787691, 44.4943901164515], [11.392392599868899, 44.49412027044183], [11.39201559800348, 44.49412817107553], [11.392004560974897, 44.49385832497698], [11.391627560690264, 44.49386622429347], [11.39163859598336, 44.49413607046594], [11.39088459147911, 44.49415186551689], [11.390917687873246, 44.49496140438794], [11.391671702790726, 44.494945608893566], [11.391693774769061, 44.49548530110381], [11.392447796010176, 44.49546950034043], [11.392458835702637, 44.49573934627524], [11.392081823423808, 44.49574724735253], [11.392103899801631, 44.49628693932511], [11.390972851622907, 44.49631063554032], [11.39098388483678, 44.49658048172589], [11.389852830059063, 44.49660416697224], [11.389863858220366, 44.496874013364476], [11.389486837916191, 44.496881906033636], [11.389552999715368, 44.49850098451598], [11.38993003043452, 44.49849309140367], [11.389941059677955, 44.49876293769113], [11.390695124124267, 44.49874714758829], [11.390706156994174, 44.499016993713056], [11.392214290974517, 44.49898539828979], [11.392203251160902, 44.49871555246069], [11.393334344813626, 44.49869184305834], [11.393323299947076, 44.49842199743613], [11.393700329119156, 44.49841409188902], [11.393645098429522, 44.497064863923256], [11.39326807793652, 44.4970727691005], [11.393234946587848, 44.49626323191945], [11.393611961873695, 44.49625532696413]]]}}, {"type": "Feature", "properties": {"threshold": "ge_7", "source": "HistorySUHI", "period": "2013-2026", "hotspot_percentile": "top_10_pct", "label": ">= 7 estati"}, "geometry": {"type": "Polygon", "coordinates": [[[11.418960929704673, 44.49788158767256], [11.418583910960594, 44.49788957652924], [11.41857274995179, 44.49761973587417], [11.416687662563728, 44.49765966113324], [11.416698814894055, 44.49792950216193], [11.415944775373017, 44.497945463711304], [11.415955924388209, 44.49821530487432], [11.415578902657536, 44.498223283858586], [11.41560119768521, 44.49876296628892], [11.415978222887421, 44.49875498715532], [11.416000522011757, 44.4992946693763], [11.416377550529317, 44.49928668884993], [11.41645561453912, 44.501175575627634], [11.417209695408166, 44.5011596097988], [11.417220851506896, 44.50142945055757], [11.418729018312305, 44.501397503678675], [11.418717855269538, 44.501127663218824], [11.419471934261473, 44.50111168246772], [11.419460767903226, 44.500841842142385], [11.419837805428447, 44.50083384997634], [11.419815469709636, 44.5002941694302], [11.41943843565629, 44.50030216144667], [11.41939377304058, 44.49922279987501], [11.419016745774185, 44.49923079034891], [11.418960929704673, 44.49788158767256]]]}}, {"type": "Feature", "properties": {"threshold": "ge_7", "source": "HistorySUHI", "period": "2013-2026", "hotspot_percentile": "top_10_pct", "label": ">= 7 estati"}, "geometry": {"type": "Polygon", "coordinates": [[[11.408815678692653, 44.508088973867814], [11.408061503825712, 44.50810488621568], [11.408050387388888, 44.507835043952724], [11.408427473163627, 44.50782708847515], [11.408416355146004, 44.50755724627164], [11.408793439028248, 44.507549289624684], [11.408782319429868, 44.50727944748061], [11.408405237284232, 44.507287404053116], [11.408394119578317, 44.5070175618196], [11.408017039013417, 44.50702551707385], [11.40799480754224, 44.506485832412935], [11.407617730294627, 44.50649378627451], [11.407595502919746, 44.50595410140474], [11.407218428989355, 44.50596205387372], [11.407151761022094, 44.504342998457965], [11.40677469735443, 44.50435094923678], [11.406763588308028, 44.504081106540596], [11.40638652622097, 44.50408905600132], [11.406375419066602, 44.50381921321575], [11.405244237080266, 44.503843053912746], [11.405255339025691, 44.50411289692139], [11.404501213450665, 44.50412878464968], [11.404490114977879, 44.50385894149237], [11.40411305369331, 44.503866883416656], [11.40409086068704, 44.50332719690841], [11.4037138027195, 44.50333513744042], [11.403702708185941, 44.5030652940895], [11.404456820492967, 44.50304941193044], [11.404445722642468, 44.50277956871315], [11.40482277682642, 44.50277162584249], [11.404767281226595, 44.50142240990275], [11.404390235723408, 44.50143035240182], [11.404401332796104, 44.50170019569406], [11.403270190144998, 44.50172401595267], [11.40328128216485, 44.501993859452824], [11.402527182814381, 44.50200973355582], [11.402538271517393, 44.50227957718953], [11.401030064006731, 44.50231131076924], [11.401018982248408, 44.50204146683859], [11.400641931718505, 44.502049397050264], [11.400608692583948, 44.50123986494575], [11.400231647107129, 44.501247793691235], [11.40022056944231, 44.50097794955222], [11.399843525546293, 44.500985876979954], [11.399832449772816, 44.50071603275178], [11.40020949193277, 44.50070810539825], [11.40018733737952, 44.50016841704532], [11.400941414289484, 44.50015255890438], [11.400930333773797, 44.49988271485382], [11.401307370259829, 44.499874783992276], [11.401296288163504, 44.49960494000095], [11.403181459583296, 44.49956526741173], [11.403170368962686, 44.499295423776665], [11.403547401044442, 44.4992874856026], [11.403536308843396, 44.49901764202682], [11.40391333903378, 44.49900970268358], [11.403902245252349, 44.4987398591671], [11.404279273551365, 44.498731918654705], [11.404268178189595, 44.49846207519753], [11.40464520459725, 44.49845413351598], [11.404656301694855, 44.49872397689883], [11.406541440078568, 44.498684249467686], [11.406552546010989, 44.498954092463805], [11.40692957495666, 44.498946143172844], [11.406918467288396, 44.49867630025113], [11.407295494342526, 44.498668349791096], [11.40730660374663, 44.49893819263842], [11.40768363238088, 44.498930240860545], [11.407694743676572, 44.49920008361847], [11.407317713306458, 44.49920803547075], [11.407328823022013, 44.4994778782881], [11.406951790760283, 44.49948582897131], [11.406974007186724, 44.500025514709776], [11.408859184297068, 44.49998574811468], [11.408848067326325, 44.49971590562506], [11.409225100545074, 44.49970794864999], [11.409202863599289, 44.499168263774656], [11.409579893190411, 44.49916030570505], [11.40956877321544, 44.49889046331934], [11.410322828458355, 44.4988745435987], [11.410311705167608, 44.49860470134698], [11.411442781655099, 44.49858081266372], [11.41143165331289, 44.49831097062052], [11.412939746169151, 44.49827910193303], [11.412928611039895, 44.49800926017304], [11.413682653060135, 44.497993318517985], [11.413671514615507, 44.49772347689215], [11.413294495419164, 44.497731448266784], [11.41328335886636, 44.497461606551354], [11.412906341249618, 44.49746957660801], [11.412895206588592, 44.497199734803], [11.41251819055146, 44.49720770354171], [11.412529323476802, 44.49747754542129], [11.412152305547941, 44.497485512991204], [11.412163436893627, 44.49775535493035], [11.411409397096424, 44.4977712864891], [11.411387141503875, 44.49723160229765], [11.4110101248427, 44.4972395660629], [11.410998999016057, 44.49696972387015], [11.410621983934602, 44.496977686317514], [11.410610859999549, 44.49670784403525], [11.409479819026703, 44.49673172369368], [11.409490937754803, 44.497001566199394], [11.408736906188983, 44.4970174799038], [11.40877025289415, 44.49782700777769], [11.408393231670395, 44.49783496298815], [11.40840434581464, 44.49810480565723], [11.408781368774155, 44.49809685037231], [11.408803601001603, 44.49863653551655], [11.4080495479836, 44.49865244514072], [11.40802732269934, 44.49811275969872], [11.407650299428274, 44.498120712496785], [11.407639188755555, 44.49785086967888], [11.408016210290855, 44.49784291695522], [11.408005098038132, 44.49757307419673], [11.408382117681935, 44.49756512030409], [11.408371003849256, 44.497295277605026], [11.407993985941166, 44.49730323142324], [11.407971762214498, 44.49676354583125], [11.406840717969882, 44.49678739937915], [11.40682961154711, 44.496517556337444], [11.406075584743576, 44.49653345233715], [11.406064481947734, 44.4962636091317], [11.403802408216714, 44.496311266844195], [11.403813500598728, 44.49658111049558], [11.402305441392231, 44.49661285773394], [11.4023276127372, 44.49715254558592], [11.401950594075668, 44.497160479435564], [11.401906258949944, 44.4960811033747], [11.399267172569438, 44.49613660342966], [11.399311459096102, 44.49721598156795], [11.399688478844674, 44.497208056422096], [11.399699552600069, 44.497477900845055], [11.39894550947623, 44.497493750041656], [11.398956579915295, 44.49776359459794], [11.398202532699205, 44.49777943896913], [11.398235734532495, 44.498588972992884], [11.398612763425605, 44.49858105120662], [11.398645971862814, 44.49939058487317], [11.398268937761996, 44.49939850688181], [11.39830214238778, 44.5002080406359], [11.397925102923885, 44.50021596162342], [11.397947236644747, 44.500755650866154], [11.39757019355364, 44.500763570758345], [11.397592324422845, 44.50130326008938], [11.397215277704447, 44.501311178886205], [11.39722634163559, 44.50158102360335], [11.39684929302597, 44.50158894123068], [11.396871417881192, 44.50212863076821], [11.396494365644166, 44.502136547300104], [11.396505426568176, 44.50240639212047], [11.39612837243989, 44.50241430748281], [11.396139431782716, 44.50268415236228], [11.39576237576317, 44.502692066555035], [11.395773433524763, 44.502961911493585], [11.394265200951704, 44.50299355612418], [11.394276251923136, 44.50326340134386], [11.393145070657802, 44.50328712198026], [11.39315611657517, 44.503556967406944], [11.39240199148471, 44.50357277509405], [11.39241303408421, 44.50384262065368], [11.391658904901854, 44.50385842351387], [11.391669944183377, 44.504128269206404], [11.389407542504767, 44.50417564838118], [11.389418571522514, 44.5044454945021], [11.388664432919688, 44.5044612777582], [11.38868648447314, 44.50500097025054], [11.387932338306188, 44.50501674882696], [11.38792131592515, 44.504746902440615], [11.387544244346378, 44.50475478978937], [11.387522203520742, 44.5042150968242], [11.387899271626612, 44.50420720962306], [11.3878772279461, 44.50366751674566], [11.388254292424659, 44.50365962844841], [11.388243269079794, 44.50338978206108], [11.388620331667463, 44.50338189259396], [11.388598281968653, 44.50284219992205], [11.388975340929127, 44.5028343093589], [11.388953288375937, 44.50229461677482], [11.389330343709302, 44.502286725115674], [11.389286233512845, 44.501207340063296], [11.387778039031362, 44.50123889805665], [11.387800079930999, 44.5017785912034], [11.387423027452, 44.5017864777403], [11.387445065497104, 44.50232617097479], [11.387068009391172, 44.50233405641564], [11.387079026909147, 44.50260390308423], [11.3867019689125, 44.5026117873552], [11.386712984848618, 44.50288163408261], [11.385958864919484, 44.50289739904106], [11.385980890309627, 44.50343709274603], [11.3856038266408, 44.50344497350722], [11.385614837831058, 44.50371482041103], [11.384860706557598, 44.5037305783497], [11.384871714429392, 44.504000425385996], [11.38374051115271, 44.50402405318718], [11.383751513969498, 44.50429390042962], [11.383374444165652, 44.50430177394955], [11.383396446788987, 44.50484146853691], [11.383773520065796, 44.50483359486963], [11.383795526779076, 44.5053732892498], [11.38492675610308, 44.505349660343114], [11.384937764900778, 44.50561950728966], [11.385314842770054, 44.50561162842611], [11.385325853458658, 44.505881475283964], [11.38570293291016, 44.50587359510286], [11.385691920484978, 44.50560374831875], [11.386823152703409, 44.505580100533834], [11.386845188127655, 44.50611979364456], [11.387222268698093, 44.50611190841442], [11.387200229800689, 44.50557221545128], [11.38795438353181, 44.50555644155474], [11.387976429375515, 44.50609613422267], [11.388730589434832, 44.506080355055644], [11.388741616061685, 44.50635020121952], [11.389118697596096, 44.506342309696436], [11.389129726114152, 44.506612155771485], [11.38950680923059, 44.506604262930715], [11.389517839639897, 44.50687410891695], [11.390649093271266, 44.50685042271], [11.390627022187491, 44.50631073116587], [11.391381183555096, 44.50629493443763], [11.39137014477208, 44.50602508879093], [11.39174722348719, 44.50601718863502], [11.391736183122362, 44.50574734304727], [11.392490336615138, 44.50573153915191], [11.392479292932011, 44.50546169369709], [11.392856367709662, 44.505453789957684], [11.392867413129316, 44.50572363533855], [11.393621565693135, 44.505707823980465], [11.393643663943202, 44.50624751440139], [11.394397822833689, 44.50623169777213], [11.394408875664242, 44.50650154281212], [11.394785956613674, 44.50649363255776], [11.394797011335783, 44.50676347750876], [11.395928258463988, 44.50673973906068], [11.395917198532059, 44.50646989433181], [11.397048439055075, 44.50644614491151], [11.397037374068466, 44.506176300389896], [11.39816860798576, 44.506152539997665], [11.398146468058691, 44.50561285135416], [11.399277690160194, 44.505589080212665], [11.399288765255667, 44.50585892431946], [11.399665840715533, 44.50585099804393], [11.399676917702791, 44.50612084206158], [11.400808148360197, 44.50609705554973], [11.400830313219915, 44.50663674309489], [11.401584473161003, 44.506620878904506], [11.401595559297078, 44.506890722506164], [11.402349722089703, 44.506874853192066], [11.402360811854408, 44.507144696630235], [11.40273789475415, 44.507136760033205], [11.402748986410945, 44.5074066033821], [11.403503155217193, 44.507390726307996], [11.403514250502777, 44.50766056949335], [11.403891336409252, 44.507652629016256], [11.403880239387023, 44.5073827859052], [11.404257323401291, 44.507374844258564], [11.404268422160165, 44.50764468729529], [11.405022593195199, 44.507628800121886], [11.405033695582985, 44.50789864299496], [11.405410782603717, 44.50789069746814], [11.405432991319605, 44.508430383020624], [11.40581008165806, 44.508422436101235], [11.405854507904953, 44.5095018067288], [11.406985798827185, 44.50947795761476], [11.406996910988626, 44.509747800011006], [11.408128205719306, 44.50972393947848], [11.408117088347423, 44.5094540973055], [11.408494184542501, 44.50944614138127], [11.408483065589687, 44.50917629926775], [11.408105971131391, 44.509184255117546], [11.408094854071207, 44.50891441291458], [11.408471946792742, 44.50890645713923], [11.408460828151666, 44.50863661499571], [11.408837918980598, 44.50862865805094], [11.408815678692653, 44.508088973867814]], [[11.400808458351648, 44.49691442930874], [11.400819537158982, 44.497184273524134], [11.40044251787614, 44.497192202400186], [11.400431440804521, 44.49692235811061], [11.400808458351648, 44.49691442930874]], [[11.403824593136221, 44.49685095413199], [11.403835685829197, 44.49712079775342], [11.403458667789366, 44.49712873657663], [11.403447576832084, 44.49685889288092], [11.403824593136221, 44.49685095413199]]]}}, {"type": "Feature", "properties": {"threshold": "ge_7", "source": "HistorySUHI", "period": "2013-2026", "hotspot_percentile": "top_10_pct", "label": ">= 7 estati"}, "geometry": {"type": "Polygon", "coordinates": [[[11.413572959978756, 44.50447748627491], [11.41356181952265, 44.50420764493469], [11.413938880383078, 44.50419967176966], [11.413894313175275, 44.50312030655712], [11.414271366934539, 44.503112332446904], [11.414237937960086, 44.50230280860373], [11.414614986354682, 44.502294833473776], [11.414570409631164, 44.50121546843791], [11.414193368180852, 44.50122344326938], [11.41418222612651, 44.500953601898274], [11.413805186256027, 44.50096157541158], [11.413782906087832, 44.500421892475096], [11.411897721753409, 44.50046174064297], [11.41191998456176, 44.50100142432519], [11.411542943754702, 44.501009390377334], [11.411576333929336, 44.50181891601177], [11.4111992877581, 44.50182688104396], [11.411210416392242, 44.50209672296662], [11.410833368328905, 44.50210468682977], [11.410877877480795, 44.503184054668495], [11.410500822316806, 44.50319201758609], [11.410489696531071, 44.50292217557439], [11.410112642947333, 44.50293013717386], [11.41010151905374, 44.50266029507267], [11.409347414890865, 44.50267621439177], [11.409369655889178, 44.50321589887708], [11.408992600101497, 44.503223856820135], [11.409037077023665, 44.50430322590861], [11.409414139756459, 44.50429526766768], [11.409436382625469, 44.50483495197296], [11.409813448675061, 44.504826992339396], [11.409824572079804, 44.505096834395054], [11.410201639709852, 44.505088873443285], [11.410223890459964, 44.50562855736061], [11.41060096140689, 44.5056205950161], [11.410612088752334, 44.50589043687775], [11.411366233651112, 44.50587450830849], [11.411377364625487, 44.50614435000609], [11.411000290517633, 44.50615231498712], [11.41101141991155, 44.50642215674424], [11.41176557144421, 44.50640622538935], [11.411776704467178, 44.506676066982386], [11.413285012605586, 44.5066441890491], [11.41329615273076, 44.506914030328836], [11.413673231111542, 44.506906057661475], [11.413639805994995, 44.50609653400104], [11.413262732823725, 44.50610450644458], [11.413240453666496, 44.50556482378005], [11.412863383811962, 44.505572794830684], [11.412829971456414, 44.50476327049755], [11.413207036101795, 44.50475529967068], [11.413195897225856, 44.50448545827088], [11.413572959978756, 44.50447748627491]]]}}, {"type": "Feature", "properties": {"threshold": "ge_7", "source": "HistorySUHI", "period": "2013-2026", "hotspot_percentile": "top_10_pct", "label": ">= 7 estati"}, "geometry": {"type": "Polygon", "coordinates": [[[11.42610553074352, 44.50637242314743], [11.426094331734864, 44.50610258439569], [11.425717261994047, 44.50611059795722], [11.425728459266285, 44.50638043678394], [11.425351387632087, 44.506388449176725], [11.425328996717385, 44.505848771358266], [11.424951928399064, 44.50585678235739], [11.424963122041548, 44.5061266213491], [11.423831910936013, 44.506150647109045], [11.423798346106691, 44.50534112941439], [11.424175411422937, 44.50533312229624], [11.424164221723832, 44.50506328310956], [11.424541285146887, 44.50505527482266], [11.424518902746655, 44.50451559655408], [11.424895962540248, 44.50450758717341], [11.42488476983919, 44.50423774809152], [11.42450771178185, 44.504245757397264], [11.424485330322849, 44.5037060790385], [11.424108275581078, 44.50371408695073], [11.424097086823062, 44.50344424767389], [11.423342980341397, 44.50346025961766], [11.423354165627037, 44.503730099044326], [11.421091832002672, 44.503778105478204], [11.421080657134224, 44.50350826560232], [11.420326548145086, 44.503524257648294], [11.420315376905652, 44.503254417607735], [11.419938323912366, 44.50326241169049], [11.419927154565693, 44.502992571560114], [11.419550103152005, 44.503000564324466], [11.419527768400611, 44.50246088386906], [11.41915072030265, 44.50246887524027], [11.419139554897857, 44.50219903491525], [11.418385461704625, 44.50221501377739], [11.418363138308823, 44.50167533278327], [11.417609051434027, 44.501691306372194], [11.417620209581582, 44.501961147026236], [11.417243164173499, 44.50196913203009], [11.417254320741378, 44.502238972743825], [11.41687727344082, 44.502246956578844], [11.416899583573494, 44.50278663811069], [11.416522532644317, 44.50279462085151], [11.416533686209041, 44.50306446166962], [11.416910738874384, 44.50305647885409], [11.416955361641687, 44.504135841677545], [11.417709480393, 44.50411987171793], [11.41772063994834, 44.50438971223683], [11.418097700825639, 44.504381725316804], [11.418120023878249, 44.504921406160065], [11.418497088071716, 44.50491341784689], [11.418508251569062, 44.50518325817122], [11.417377053310249, 44.505207219603925], [11.417388211754961, 44.50547706013747], [11.41663407532753, 44.50549302835687], [11.416645230455847, 44.505762869024814], [11.415136948779065, 44.5057947908377], [11.415148097118006, 44.50606463178934], [11.414771024571612, 44.506072609207884], [11.414815612544182, 44.50715197316293], [11.415192692036596, 44.50714399544579], [11.415203841156965, 44.50741383632237], [11.416335083906057, 44.5073898954842], [11.416346238392471, 44.50765973612175], [11.417854566814999, 44.50762779729218], [11.417843405382278, 44.507357956953484], [11.418220485360237, 44.50734996921133], [11.418209322347437, 44.507080128932365], [11.418963478360787, 44.507064149866196], [11.418929979842327, 44.50625462938778], [11.419684124810622, 44.5062386457952], [11.419695294299839, 44.50650848582013], [11.420072368285597, 44.50650049208344], [11.42006119705992, 44.506230652133304], [11.420438269152621, 44.506222657227674], [11.420449442114753, 44.506492497103], [11.420826515787285, 44.50648450087879], [11.42083769064252, 44.506754340664266], [11.419706463945632, 44.506778325830034], [11.419717633748006, 44.50704816582492], [11.420094711206753, 44.50704017193861], [11.420117054754334, 44.50757985173373], [11.42162537691532, 44.50754786315219], [11.421636555870323, 44.5078177027279], [11.422767801055404, 44.50779369800732], [11.422778985376882, 44.50806353734337], [11.42466439956557, 44.50802350422524], [11.424653206561203, 44.507753665263785], [11.425407367665354, 44.507737643459826], [11.425396171344804, 44.50746780463327], [11.426150328348061, 44.507451778004125], [11.426139128711434, 44.5071819393125], [11.426516205241064, 44.50717392420727], [11.426482602063762, 44.50636440826721], [11.42610553074352, 44.50637242314743]]]}}, {"type": "Feature", "properties": {"threshold": "ge_7", "source": "HistorySUHI", "period": "2013-2026", "hotspot_percentile": "top_10_pct", "label": ">= 7 estati"}, "geometry": {"type": "Polygon", "coordinates": [[[11.421348897216903, 44.50998441847733], [11.42132654042961, 44.50944473940159], [11.420949447811163, 44.509452737692754], [11.420927095124092, 44.508913058407245], [11.418664556964604, 44.508961021135214], [11.418675722809583, 44.50923086123428], [11.418298630831634, 44.509238850743536], [11.418309795096409, 44.509508690902365], [11.417932701225215, 44.5095166792425], [11.417977352902218, 44.51059604002658], [11.41835445372061, 44.510588051387444], [11.418365618767952, 44.51085789147117], [11.417988516212699, 44.51086588018506], [11.417999679679678, 44.51113572032852], [11.41950809590899, 44.511103757710224], [11.419496925494487, 44.510833917865845], [11.419874027423507, 44.510825924176196], [11.41986285542875, 44.510556084391595], [11.420617055343218, 44.51054009343013], [11.420605880031433, 44.510270253780135], [11.420982978016866, 44.510262256508355], [11.42097180112495, 44.50999241691818], [11.421348897216903, 44.50998441847733]]]}}, {"type": "Feature", "properties": {"threshold": "ge_7", "source": "HistorySUHI", "period": "2013-2026", "hotspot_percentile": "top_10_pct", "label": ">= 7 estati"}, "geometry": {"type": "Polygon", "coordinates": [[[11.400863330764977, 44.51662888484305], [11.40084115788016, 44.51608919825847], [11.40159543972237, 44.51607333135999], [11.401573260509636, 44.51553364501239], [11.401950397722738, 44.51552570984534], [11.401939306612212, 44.51525586672331], [11.402693577097175, 44.51523999280517], [11.402682482667469, 44.5149701498167], [11.403059615939316, 44.51496221106566], [11.403048519927836, 44.51469236813646], [11.404179913597998, 44.5146685446413], [11.40416881253024, 44.514398701920065], [11.404923070724344, 44.5143828135179], [11.40486755034795, 44.51303360043011], [11.40449043001472, 44.51304154488156], [11.404468226428069, 44.51250185939282], [11.40409110941343, 44.51250980245153], [11.40408000959064, 44.51223995961033], [11.403325778568723, 44.51225584184698], [11.403336874917345, 44.5125256848368], [11.401828404058607, 44.51255743467867], [11.401839493614327, 44.51282727795057], [11.401462373773795, 44.51283521237514], [11.401484549877324, 44.51337489902248], [11.401107426407021, 44.51338283235145], [11.401118512954762, 44.51365267572689], [11.400741387591834, 44.513660607885974], [11.400763557679124, 44.51420029474033], [11.398877911161462, 44.514239937615976], [11.398855758446626, 44.51370025001973], [11.39772437909592, 44.51372402037058], [11.397735450163964, 44.51399386439862], [11.39735832166603, 44.51400178543479], [11.39736939115201, 44.51427162952198], [11.398123651467214, 44.51425578605727], [11.39813472458298, 44.51452562998122], [11.397380460793183, 44.514541473594186], [11.397391530589548, 44.51481131765142], [11.397014396724526, 44.51481923766577], [11.397025464938736, 44.51508908178212], [11.396271193268493, 44.51510491822651], [11.396282258163126, 44.51537476247608], [11.395905120357924, 44.51538267890607], [11.395916183670277, 44.51565252321474], [11.395539043972562, 44.5156604384746], [11.39555010570259, 44.51593028284235], [11.395172964112358, 44.51593819693205], [11.395184024260011, 44.516208041358894], [11.394806880777258, 44.516215954278415], [11.394817939342488, 44.516485798764315], [11.39519508456273, 44.516477885770755], [11.39520614502051, 44.51674773016763], [11.39746902350973, 44.51670022563254], [11.39745795262694, 44.51643038168018], [11.397835096761211, 44.51642245997691], [11.397824024296165, 44.516152616083694], [11.399332592330804, 44.516120917124844], [11.399343671745696, 44.51639076072145], [11.400097958306036, 44.51637490362831], [11.400109041351215, 44.516644747061534], [11.400863330764977, 44.51662888484305]]]}}, {"type": "Feature", "properties": {"threshold": "ge_7", "source": "HistorySUHI", "period": "2013-2026", "hotspot_percentile": "top_10_pct", "label": ">= 7 estati"}, "geometry": {"type": "Polygon", "coordinates": [[[11.415739182783899, 44.52036618074309], [11.41572802615848, 44.52009634058715], [11.416105188877058, 44.520088358041654], [11.416071714726254, 44.51927883770782], [11.41569455722072, 44.51928682002923], [11.415683401220955, 44.51901697981323], [11.416060556988858, 44.5190089975665], [11.416049399407893, 44.518739157410195], [11.415672245377598, 44.51874713958221], [11.415627623568188, 44.51766777850801], [11.415250476331689, 44.517675759137035], [11.41522816984031, 44.51713607836051], [11.414851025922403, 44.517144057595964], [11.414839874648704, 44.5168742171105], [11.414462732311902, 44.51688219502708], [11.414429284641013, 44.5160726732567], [11.4140521473601, 44.516080649705145], [11.414029853169048, 44.51554096830055], [11.413652719206537, 44.51554894335557], [11.413641574082732, 44.515279102556136], [11.413264441701278, 44.51528707629238], [11.413208727112096, 44.513937871697], [11.41547146693974, 44.513890012856585], [11.415438008792414, 44.51308049126271], [11.413552418716998, 44.51312037562028], [11.41354127499933, 44.512850534685775], [11.413164158252558, 44.51285850775053], [11.413153016428181, 44.51258866672638], [11.411267439037168, 44.51262851301666], [11.411256306054234, 44.51235867160467], [11.409747848280153, 44.51239052594615], [11.409758974314844, 44.51266036765621], [11.40900474101771, 44.51267628751174], [11.409015863734195, 44.51294612935578], [11.408638745114626, 44.512954087491956], [11.40864986624992, 44.51322392939545], [11.407895625068827, 44.513239842084495], [11.407906742885734, 44.513509684121914], [11.407529620324228, 44.51351763867476], [11.407551852951263, 44.514057322853446], [11.40717472675953, 44.51406527631105], [11.407208071657175, 44.51487480268987], [11.40683094009785, 44.514882755126614], [11.406853167334127, 44.51542243945298], [11.406098896798802, 44.515438340891606], [11.406121117708846, 44.51597802545558], [11.405366839600974, 44.51599392221501], [11.405377946814825, 44.516263764623254], [11.405755087684042, 44.51625581679127], [11.40576619679105, 44.51652565911015], [11.405389054184395, 44.51653360701651], [11.405433485219946, 44.51761297643958], [11.405056335507565, 44.51762092339914], [11.405078548484594, 44.518160608169424], [11.403947087987813, 44.51818444202857], [11.404002597090509, 44.519533654807006], [11.40362543459192, 44.519541597309725], [11.403636535141676, 44.519811439894745], [11.404013699378003, 44.51980349731771], [11.404024801821159, 44.52007333981343], [11.404779133302341, 44.52005745077756], [11.40479023937673, 44.5203272931096], [11.405544573710635, 44.52031139894751], [11.405555683416347, 44.520581241115835], [11.40593285208747, 44.520573292093836], [11.405955075441863, 44.52111297623671], [11.40633224743287, 44.521105025821534], [11.406343361081628, 44.521374867796084], [11.406720534654685, 44.521366916062064], [11.406709419268058, 44.52109707416193], [11.407086590947404, 44.52108912125791], [11.407075473978775, 44.52081927941718], [11.407452643764417, 44.52081132534318], [11.407419288580337, 44.520001799954294], [11.407796452996722, 44.5199938448592], [11.407785333176054, 44.51972400310734], [11.408162495698798, 44.51971604684234], [11.40815137429632, 44.51944620514993], [11.409282855715782, 44.51942232911224], [11.409293982331382, 44.51969217058123], [11.41004830597315, 44.51967624685207], [11.4100594362202, 44.51994608815706], [11.410436599544745, 44.519938124351455], [11.41044773168559, 44.52020796556691], [11.410824896591803, 44.52020000044241], [11.410836030626493, 44.520469841568335], [11.41121319711437, 44.52046187512492], [11.411224333042952, 44.5207317161613], [11.413864506249567, 44.52067591569285], [11.41388680290453, 44.52121559667628], [11.414263973356073, 44.521207620053985], [11.414275123655852, 44.52147746044854], [11.4146522956889, 44.52146948250721], [11.414663447882877, 44.5217393228121], [11.415040621497425, 44.521731343551686], [11.415051775585646, 44.522001183766896], [11.414674600233214, 44.522009163101984], [11.414685752739915, 44.52227900337686], [11.415440106764207, 44.522263043312925], [11.415417794955593, 44.52172336304685], [11.415794968257346, 44.5217153812976], [11.4157838108498, 44.52144554121673], [11.41616098225727, 44.52143755829775], [11.416138664435838, 44.52089787824035], [11.41651583221123, 44.52088989422641], [11.41649351154007, 44.520350214258364], [11.415739182783899, 44.52036618074309]]]}}, {"type": "Feature", "properties": {"threshold": "ge_7", "source": "HistorySUHI", "period": "2013-2026", "hotspot_percentile": "top_10_pct", "label": ">= 7 estati"}, "geometry": {"type": "Polygon", "coordinates": [[[11.39603789034376, 44.51862080962148], [11.396026825325091, 44.51835096547759], [11.394895353640397, 44.51837470974628], [11.394884293989824, 44.51810486536522], [11.394507138189098, 44.518112777558756], [11.394529254169962, 44.51865246645398], [11.394906413446028, 44.51864455411237], [11.394917473406725, 44.51891439846347], [11.395294634265433, 44.51890648480347], [11.395305696118921, 44.51917632906556], [11.394551370770976, 44.5191921552893], [11.394562429304049, 44.51946199968451], [11.393808099860411, 44.51947782107884], [11.393819155072958, 44.51974766560711], [11.393441988380843, 44.51975557451171], [11.393475149734984, 44.5205651082287], [11.393852321640612, 44.52055719910207], [11.393863377473174, 44.52082704357044], [11.394617724295145, 44.520811221435864], [11.394606664986817, 44.52054137711554], [11.394983836427349, 44.520533464255635], [11.394950654219208, 44.51972393142695], [11.396082151969804, 44.51970018604731], [11.3960600208465, 44.519160497864355], [11.396437182977591, 44.519152580397204], [11.396415048999431, 44.51861289230251], [11.39603789034376, 44.51862080962148]]]}}, {"type": "Feature", "properties": {"threshold": "ge_7", "source": "HistorySUHI", "period": "2013-2026", "hotspot_percentile": "top_10_pct", "label": ">= 7 estati"}, "geometry": {"type": "Polygon", "coordinates": [[[11.415096393502433, 44.523080544477665], [11.415085238788643, 44.52281070432248], [11.414708058222416, 44.52281868388157], [11.414719211198221, 44.52308852411141], [11.415096393502433, 44.523080544477665]]]}}, {"type": "Feature", "properties": {"threshold": "ge_7", "source": "HistorySUHI", "period": "2013-2026", "hotspot_percentile": "top_10_pct", "label": ">= 7 estati"}, "geometry": {"type": "Polygon", "coordinates": [[[11.418513368380333, 44.52354835069282], [11.41849102719949, 44.523008671772594], [11.416982302677024, 44.523040627641784], [11.417004629953889, 44.523580307160046], [11.418513368380333, 44.52354835069282]]]}}, {"type": "Feature", "properties": {"threshold": "ge_7", "source": "HistorySUHI", "period": "2013-2026", "hotspot_percentile": "top_10_pct", "label": ">= 7 estati"}, "geometry": {"type": "Polygon", "coordinates": [[[11.413210480417883, 44.52312043020157], [11.412456114089958, 44.52313637577976], [11.41246725679405, 44.523406216442325], [11.413221626598016, 44.52339027071494], [11.413232772934427, 44.52366011121331], [11.413987145589354, 44.52364416035868], [11.414009445683327, 44.52418384101186], [11.414386635252448, 44.5241758635685], [11.414353180131808, 44.52336634279013], [11.414730364330401, 44.523358364326214], [11.414719211198221, 44.52308852411141], [11.414342028737638, 44.52309650250067], [11.41431972641834, 44.522556821876684], [11.413565367980047, 44.522572774623214], [11.413576515585596, 44.522842615091996], [11.413199334394028, 44.522850589673176], [11.413210480417883, 44.52312043020157]], [[11.413587663347444, 44.52311245554575], [11.413964846120702, 44.523104479645454], [11.413975995776864, 44.523374320009566], [11.413598811265592, 44.5233822959845], [11.413587663347444, 44.52311245554575]]]}}, {"type": "Feature", "properties": {"threshold": "ge_7", "source": "HistorySUHI", "period": "2013-2026", "hotspot_percentile": "top_10_pct", "label": ">= 7 estati"}, "geometry": {"type": "Polygon", "coordinates": [[[11.414397787272044, 44.52444570379794], [11.41477497842291, 44.52443772503538], [11.414763824665208, 44.524167884880605], [11.414386635252448, 44.5241758635685], [11.414397787272044, 44.52444570379794]]]}}, {"type": "Feature", "properties": {"threshold": "ge_7", "source": "HistorySUHI", "period": "2013-2026", "hotspot_percentile": "top_10_pct", "label": ">= 7 estati"}, "geometry": {"type": "Polygon", "coordinates": [[[11.40689840203741, 44.52568438442462], [11.406887284156948, 44.52541454276445], [11.40651008451294, 44.525422495614634], [11.406521200655144, 44.525692337349234], [11.40689840203741, 44.52568438442462]]]}}, {"type": "Feature", "properties": {"threshold": "ge_7", "source": "HistorySUHI", "period": "2013-2026", "hotspot_percentile": "top_10_pct", "label": ">= 7 estati"}, "geometry": {"type": "Polygon", "coordinates": [[[11.416761400907845, 44.52682636991055], [11.416716746419569, 44.52574701123583], [11.416339547360057, 44.52575499659467], [11.416328385867514, 44.525485156813716], [11.415573990755458, 44.52550112364818], [11.415562832895795, 44.52523128370282], [11.41480844063435, 44.5252472454096], [11.414834977767729, 44.52588920665601], [11.415052282927654, 44.5259878037281], [11.415737659423467, 44.52636318277994], [11.416146468250053, 44.52659601430847], [11.416427322485443, 44.526755571755], [11.416473785502165, 44.526784494573874], [11.416480143580706, 44.526788519145704], [11.416513684839126, 44.52680928912623], [11.416548595821968, 44.52683087511067], [11.416761400907845, 44.52682636991055]]]}}, {"type": "Feature", "properties": {"threshold": "ge_7", "source": "HistorySUHI", "period": "2013-2026", "hotspot_percentile": "top_10_pct", "label": ">= 7 estati"}, "geometry": {"type": "Polygon", "coordinates": [[[11.41333309699514, 44.526088675023146], [11.411824287236044, 44.52612056448376], [11.411835428182235, 44.526390405130435], [11.411081018888742, 44.52640634254216], [11.411092156514501, 44.52667618332294], [11.410714949895173, 44.526684150236406], [11.410737222138463, 44.52722383190207], [11.410765092478895, 44.52722324325201], [11.410809476126166, 44.52720872217076], [11.411429808824394, 44.52695535943545], [11.412510942247541, 44.526509386786536], [11.413052149350943, 44.526283011624436], [11.413336187503338, 44.52616348228346], [11.41333309699514, 44.526088675023146]]]}}, {"type": "Feature", "properties": {"threshold": "ge_7", "source": "HistorySUHI", "period": "2013-2026", "hotspot_percentile": "top_10_pct", "label": ">= 7 estati"}, "geometry": {"type": "Polygon", "coordinates": [[[11.410216624722702, 44.53290641928917], [11.410482506732897, 44.532900804788994], [11.41019706061677, 44.53243234403947], [11.410216624722702, 44.53290641928917]]]}}, {"type": "Feature", "properties": {"threshold": "ge_7", "source": "HistorySUHI", "period": "2013-2026", "hotspot_percentile": "top_10_pct", "label": ">= 7 estati"}, "geometry": {"type": "Polygon", "coordinates": [[[11.410649562687613, 44.534247655849356], [11.411305103992852, 44.53423380843795], [11.411295081679627, 44.53421780004645], [11.411264358025461, 44.534183942382526], [11.410602068017218, 44.53309702314932], [11.410649562687613, 44.534247655849356]]]}}, {"type": "Feature", "properties": {"threshold": "ge_7", "source": "HistorySUHI", "period": "2013-2026", "hotspot_percentile": "top_10_pct", "label": ">= 7 estati"}, "geometry": {"type": "Polygon", "coordinates": [[[11.396679926948321, 44.534271744338], [11.396668852927462, 44.53400190106294], [11.396291595028961, 44.53400982136089], [11.396302667310737, 44.53427966471007], [11.396679926948321, 44.534271744338]]]}}, {"type": "Feature", "properties": {"threshold": "ge_7", "source": "HistorySUHI", "period": "2013-2026", "hotspot_percentile": "top_10_pct", "label": ">= 7 estati"}, "geometry": {"type": "Polygon", "coordinates": [[[11.409906186501454, 44.53453342827045], [11.40989505130197, 44.53426358762667], [11.409517795374922, 44.53427155164787], [11.409528928835366, 44.53454139236616], [11.409906186501454, 44.53453342827045]]]}}, {"type": "Feature", "properties": {"threshold": "ge_7", "source": "HistorySUHI", "period": "2013-2026", "hotspot_percentile": "top_10_pct", "label": ">= 7 estati"}, "geometry": {"type": "Polygon", "coordinates": [[[11.41262502177656, 44.53636652517325], [11.412640126023314, 44.536366205904706], [11.412623940492427, 44.536340353159005], [11.41262502177656, 44.53636652517325]]]}}, {"type": "Feature", "properties": {"threshold": "ge_7", "source": "HistorySUHI", "period": "2013-2026", "hotspot_percentile": "top_10_pct", "label": ">= 7 estati"}, "geometry": {"type": "Polygon", "coordinates": [[[11.399054334614428, 44.53692262343772], [11.39904324860465, 44.53665278075742], [11.398665974246434, 44.53666070926722], [11.398677058516899, 44.536930552021694], [11.399054334614428, 44.53692262343772]]]}}, {"type": "Feature", "properties": {"threshold": "ge_7", "source": "HistorySUHI", "period": "2013-2026", "hotspot_percentile": "top_10_pct", "label": ">= 7 estati"}, "geometry": {"type": "Polygon", "coordinates": [[[11.395514043453655, 44.54266856164175], [11.395502971577017, 44.54239871853464], [11.395125659134317, 44.542406636148954], [11.395128744726897, 44.54248184986435], [11.395202466095787, 44.542603206962845], [11.395248354100818, 44.54267413695697], [11.395514043453655, 44.54266856164175]]]}}, {"type": "Feature", "properties": {"threshold": "ge_7", "source": "HistorySUHI", "period": "2013-2026", "hotspot_percentile": "top_10_pct", "label": ">= 7 estati"}, "geometry": {"type": "Polygon", "coordinates": [[[11.395525115485562, 44.542938404733874], [11.39552857739646, 44.54302277584088], [11.39579300774777, 44.542932781835574], [11.395525115485562, 44.542938404733874]]]}}, {"type": "Feature", "properties": {"threshold": "ge_7", "source": "HistorySUHI", "period": "2013-2026", "hotspot_percentile": "top_10_pct", "label": ">= 7 estati"}, "geometry": {"type": "Polygon", "coordinates": [[[11.395125659134317, 44.542406636148954], [11.395114589152776, 44.542136792952775], [11.39492159119905, 44.542140842209974], [11.395083590477714, 44.542407518788465], [11.395125659134317, 44.542406636148954]]]}}, {"type": "Feature", "properties": {"threshold": "ge_7", "source": "HistorySUHI", "period": "2013-2026", "hotspot_percentile": "top_10_pct", "label": ">= 7 estati"}, "geometry": {"type": "Polygon", "coordinates": [[[11.392839662288857, 44.54191442838615], [11.392845869496242, 44.54206587908438], [11.392878717431232, 44.54205467118741], [11.393326147346615, 44.54190422640411], [11.392839662288857, 44.54191442838615]]]}}, {"type": "Feature", "properties": {"threshold": "ge_7", "source": "HistorySUHI", "period": "2013-2026", "hotspot_percentile": "top_10_pct", "label": ">= 7 estati"}, "geometry": {"type": "Polygon", "coordinates": [[[11.425515737931697, 44.501253496505576], [11.425513411752284, 44.501197423007554], [11.425416812760174, 44.50103144468274], [11.425416786131851, 44.501031409238266], [11.425416759130401, 44.50103136479916], [11.425126524602907, 44.5006092251973], [11.42511328561009, 44.50061362963852], [11.424739613166654, 44.50073789254236], [11.424761660482027, 44.50126951719885], [11.425515737931697, 44.501253496505576]]]}}, {"type": "Feature", "properties": {"threshold": "ge_7", "source": "HistorySUHI", "period": "2013-2026", "hotspot_percentile": "top_10_pct", "label": ">= 7 estati"}, "geometry": {"type": "Polygon", "coordinates": [[[11.425552934116292, 44.51124554683729], [11.425541735755132, 44.510975708206125], [11.42516463444111, 44.51098372062964], [11.425153437973771, 44.51071388190849], [11.424399238348542, 44.51072990287382], [11.424388045511792, 44.510460063987715], [11.42363384873256, 44.51047607982749], [11.423645038095673, 44.51074591886347], [11.423267937733934, 44.51075392499241], [11.423301501553837, 44.5115634422349], [11.423678607126194, 44.5115554358812], [11.423700987264219, 44.51209511381789], [11.424078096153565, 44.51208710607039], [11.424066904269173, 44.511817267184476], [11.42444401126468, 44.51180925826794], [11.424455204886012, 44.512079097078896], [11.424832313461534, 44.51207108684343], [11.424821118103267, 44.511801248107425], [11.425198224784907, 44.51179323670294], [11.42517583106541, 44.51125355933577], [11.425552934116292, 44.51124554683729]]]}}, {"type": "Feature", "properties": {"threshold": "ge_7", "source": "HistorySUHI", "period": "2013-2026", "hotspot_percentile": "top_10_pct", "label": ">= 7 estati"}, "geometry": {"type": "Polygon", "coordinates": [[[11.432807718783693, 44.51325177011313], [11.432796486163047, 44.51298193302906], [11.43204226156104, 44.512998005103995], [11.43205349070768, 44.51326784233846], [11.432807718783693, 44.51325177011313]]]}}, {"type": "Feature", "properties": {"threshold": "ge_7", "source": "HistorySUHI", "period": "2013-2026", "hotspot_percentile": "top_10_pct", "label": ">= 7 estati"}, "geometry": {"type": "Polygon", "coordinates": [[[11.427263067168155, 44.5160705717936], [11.427274275461809, 44.51634040983908], [11.4277594470958, 44.516330091395645], [11.427548340464286, 44.51606450521165], [11.427263067168155, 44.5160705717936]]]}}, {"type": "Feature", "properties": {"threshold": "ge_7", "source": "HistorySUHI", "period": "2013-2026", "hotspot_percentile": "top_10_pct", "label": ">= 7 estati"}, "geometry": {"type": "Polygon", "coordinates": [[[11.428050969853485, 44.51686404405274], [11.42818166046741, 44.51686126390024], [11.428043639454998, 44.51668762428629], [11.428050969853485, 44.51686404405274]]]}}, {"type": "Feature", "properties": {"threshold": "ge_7", "source": "HistorySUHI", "period": "2013-2026", "hotspot_percentile": "top_10_pct", "label": ">= 7 estati"}, "geometry": {"type": "Polygon", "coordinates": [[[11.42695317517275, 44.517697619115914], [11.426964382671805, 44.51796745714623], [11.428095819755962, 44.51794339536359], [11.428084607044548, 44.51767355755844], [11.428461750687449, 44.51766553455085], [11.42845053639581, 44.517395696805735], [11.428073394490331, 44.51740371973824], [11.428062182093312, 44.517133881903014], [11.427307901285598, 44.51714992388533], [11.427330319287174, 44.51768959984096], [11.42695317517275, 44.517697619115914]]]}}, {"type": "Feature", "properties": {"threshold": "ge_7", "source": "HistorySUHI", "period": "2013-2026", "hotspot_percentile": "top_10_pct", "label": ">= 7 estati"}, "geometry": {"type": "Polygon", "coordinates": [[[11.428894976677185, 44.519006698423716], [11.4288725432038, 44.51846702321897], [11.428495394505713, 44.518475047696], [11.428517824504038, 44.51901472305093], [11.428894976677185, 44.519006698423716]]]}}, {"type": "Feature", "properties": {"threshold": "ge_7", "source": "HistorySUHI", "period": "2013-2026", "hotspot_percentile": "top_10_pct", "label": ">= 7 estati"}, "geometry": {"type": "Polygon", "coordinates": [[[11.429682942366728, 44.51980015768018], [11.429671721604397, 44.51953032028065], [11.429294566270649, 44.51953834754662], [11.429272128693071, 44.518998672552236], [11.428894976677185, 44.519006698423716], [11.428906193649766, 44.51927653600353], [11.428529039739054, 44.519284560705835], [11.428551470680802, 44.51982423597052], [11.428928628066721, 44.519816211118034], [11.428946559644066, 44.52024754915724], [11.429194029456426, 44.52014459472383], [11.429970128201761, 44.51984199304034], [11.43000993407153, 44.5198254902277], [11.430090068194165, 44.51979149046948], [11.429682942366728, 44.51980015768018]]]}}, {"type": "Feature", "properties": {"threshold": "ge_7", "source": "HistorySUHI", "period": "2013-2026", "hotspot_percentile": "top_10_pct", "label": ">= 7 estati"}, "geometry": {"type": "Polygon", "coordinates": [[[11.42781958005736, 44.520379957447425], [11.427311151083416, 44.520390769607594], [11.427328893339505, 44.520419778237006], [11.427566198156807, 44.52080771063292], [11.42783301927662, 44.520703377072174], [11.42781958005736, 44.520379957447425]]]}}, {"type": "Feature", "properties": {"threshold": "ge_7", "source": "HistorySUHI", "period": "2013-2026", "hotspot_percentile": "top_10_pct", "label": ">= 7 estati"}, "geometry": {"type": "Polygon", "coordinates": [[[11.424909954055574, 44.52303826084724], [11.424988015916334, 44.5230162788555], [11.425003606899551, 44.52301172544452], [11.425217838120965, 44.522947604226715], [11.425262464823588, 44.522924986956234], [11.425334858597038, 44.522888302895865], [11.425336543703885, 44.52288736683803], [11.425381123541761, 44.522767838198625], [11.425380514210579, 44.52276710393491], [11.425334852670428, 44.52272902112239], [11.424873640678939, 44.52216332276928], [11.424909954055574, 44.52303826084724]]]}}]}