{"type": "FeatureCollection", "features": [{"type": "Feature", "properties": {"threshold": "ge_3", "source": "HistorySUHI", "period": "2013-2025", "hotspot_percentile": "top_10_pct", "label": ">= 3 estati"}, "geometry": {"type": "Polygon", "coordinates": [[[11.236150862758732, 44.50322947438903], [11.23614686476071, 44.50312493908092], [11.235719585056652, 44.50323532979143], [11.23572129476704, 44.503237884527145], [11.236150862758732, 44.50322947438903]]]}}, {"type": "Feature", "properties": {"threshold": "ge_3", "source": "HistorySUHI", "period": "2013-2025", "hotspot_percentile": "top_10_pct", "label": ">= 3 estati"}, "geometry": {"type": "Polygon", "coordinates": [[[11.238769906867123, 44.5026379872269], [11.238780240382361, 44.50290786214194], [11.24066573541124, 44.502870869917814], [11.240624367479755, 44.50179137155416], [11.241001459102735, 44.50178396965421], [11.24099466081471, 44.50160659031493], [11.240970808414188, 44.50161276704851], [11.240926804139564, 44.50162419089146], [11.240910911430724, 44.50162897714853], [11.240741351398327, 44.50168036125605], [11.240577631523362, 44.50175055392481], [11.240478232679756, 44.50180181193525], [11.24020315747229, 44.50198386798052], [11.240005677588039, 44.502103093209435], [11.240005592011894, 44.50210315790671], [11.239978243276118, 44.502117567521424], [11.239744431457234, 44.50224100718721], [11.239578373013215, 44.502318527391324], [11.239359333866958, 44.502416838317764], [11.239110716476759, 44.502526883177886], [11.23911036865371, 44.50252699803112], [11.239046606118258, 44.502547748252205], [11.23897637005717, 44.502570596968155], [11.238838238532535, 44.502596937820904], [11.238702729260261, 44.50261029036713], [11.238440870084066, 44.50264443725059], [11.238769906867123, 44.5026379872269]]]}}, {"type": "Feature", "properties": {"threshold": "ge_3", "source": "HistorySUHI", "period": "2013-2025", "hotspot_percentile": "top_10_pct", "label": ">= 3 estati"}, "geometry": {"type": "Polygon", "coordinates": [[[11.248795801270303, 44.49838976420442], [11.24847194923117, 44.49839614319263], [11.24851843755839, 44.4985040249987], [11.248610446065605, 44.49868844029771], [11.248758945352034, 44.498931402904994], [11.248820581332364, 44.49903413045094], [11.248795801270303, 44.49838976420442]]]}}, {"type": "Feature", "properties": {"threshold": "ge_3", "source": "HistorySUHI", "period": "2013-2025", "hotspot_percentile": "top_10_pct", "label": ">= 3 estati"}, "geometry": {"type": "Polygon", "coordinates": [[[11.240826540611822, 44.51691173176603], [11.240847237056942, 44.517451479468534], [11.241224429607902, 44.5174440747945], [11.241245130110158, 44.51798382229958], [11.241622325992722, 44.51797641624222], [11.241632678199945, 44.51824628990339], [11.242009875675754, 44.518238882532], [11.241999521730131, 44.51796900894015], [11.242376717322362, 44.517961600393356], [11.242345651141514, 44.51715197973755], [11.241968460764326, 44.517159388076344], [11.24193740110506, 44.516349767080165], [11.241560215797533, 44.51635717396632], [11.241549864606338, 44.51608730020219], [11.2411726808919, 44.516094705774385], [11.241203729686143, 44.516904327230584], [11.240826540611822, 44.51691173176603]]]}}, {"type": "Feature", "properties": {"threshold": "ge_3", "source": "HistorySUHI", "period": "2013-2025", "hotspot_percentile": "top_10_pct", "label": ">= 3 estati"}, "geometry": {"type": "Polygon", "coordinates": [[[11.242030584002544, 44.51877862967155], [11.241653383049865, 44.518786037181584], [11.241663735692564, 44.51905591079862], [11.242040938383717, 44.51904850321927], [11.242030584002544, 44.51877862967155]]]}}, {"type": "Feature", "properties": {"threshold": "ge_3", "source": "HistorySUHI", "period": "2013-2025", "hotspot_percentile": "top_10_pct", "label": ">= 3 estati"}, "geometry": {"type": "Polygon", "coordinates": [[[11.24241814092968, 44.51904109439514], [11.24279534333043, 44.51903368432624], [11.24283677621526, 44.52011317781526], [11.243213985424875, 44.52010576622418], [11.243193265214877, 44.51956601964781], [11.243570470802126, 44.51955860695066], [11.243529025171409, 44.51847911389887], [11.242774627759447, 44.518493937493474], [11.242764270191804, 44.518224064055026], [11.242009875675754, 44.518238882532], [11.242030584002544, 44.51877862967155], [11.242407784810037, 44.51877122091676], [11.24241814092968, 44.51904109439514]]]}}, {"type": "Feature", "properties": {"threshold": "ge_3", "source": "HistorySUHI", "period": "2013-2025", "hotspot_percentile": "top_10_pct", "label": ">= 3 estati"}, "geometry": {"type": "Polygon", "coordinates": [[[11.248629911070637, 44.52351021191636], [11.248252681293964, 44.52351764183848], [11.248263066111125, 44.52378751401046], [11.248640297626668, 44.5237800840188], [11.248629911070637, 44.52351021191636]]]}}, {"type": "Feature", "properties": {"threshold": "ge_3", "source": "HistorySUHI", "period": "2013-2025", "hotspot_percentile": "top_10_pct", "label": ">= 3 estati"}, "geometry": {"type": "Polygon", "coordinates": [[[11.2475086026432, 44.52380237025892], [11.246376906349573, 44.52382464529443], [11.246387282617858, 44.52409451779917], [11.247518984128194, 44.524072242555214], [11.2475086026432, 44.52380237025892]]]}}, {"type": "Feature", "properties": {"threshold": "ge_3", "source": "HistorySUHI", "period": "2013-2025", "hotspot_percentile": "top_10_pct", "label": ">= 3 estati"}, "geometry": {"type": "Polygon", "coordinates": [[[11.243369405523294, 44.52415386367095], [11.243746640668949, 44.5241464497944], [11.243777733828605, 44.52495606867835], [11.24415497404584, 44.52494865334863], [11.244165340462088, 44.52521852621113], [11.244919823938469, 44.52520369167784], [11.244930193978163, 44.52547356438677], [11.246816408819077, 44.52543645591839], [11.246795651494914, 44.52489671118032], [11.246418412295741, 44.52490413522511], [11.246397659031645, 44.5243643902892], [11.24564318715267, 44.52437923436592], [11.245632814216746, 44.524109361736976], [11.245255579798, 44.52411678183841], [11.245245208746443, 44.523846909125304], [11.243359043166336, 44.52388399061082], [11.243369405523294, 44.52415386367095]]]}}, {"type": "Feature", "properties": {"threshold": "ge_3", "source": "HistorySUHI", "period": "2013-2025", "hotspot_percentile": "top_10_pct", "label": ">= 3 estati"}, "geometry": {"type": "Polygon", "coordinates": [[[11.240119151803349, 44.52799876256778], [11.239741890857864, 44.52800616496423], [11.239772932724605, 44.52881578551819], [11.240527464906469, 44.52880097906442], [11.240486062126418, 44.52772148551732], [11.240108803065347, 44.52772888908965], [11.240119151803349, 44.52799876256778]]]}}, {"type": "Feature", "properties": {"threshold": "ge_3", "source": "HistorySUHI", "period": "2013-2025", "hotspot_percentile": "top_10_pct", "label": ">= 3 estati"}, "geometry": {"type": "Polygon", "coordinates": [[[11.247190140222205, 44.53515185113542], [11.246812834923846, 44.53515927782078], [11.24682321730538, 44.53542914970732], [11.247577831236319, 44.53541429495214], [11.247557059659206, 44.534874551442364], [11.247179756246377, 44.53488197930366], [11.247190140222205, 44.53515185113542]]]}}, {"type": "Feature", "properties": {"threshold": "ge_3", "source": "HistorySUHI", "period": "2013-2025", "hotspot_percentile": "top_10_pct", "label": ">= 3 estati"}, "geometry": {"type": "Polygon", "coordinates": [[[11.249557921123259, 44.53780597820417], [11.249935242801898, 44.537798542104845], [11.24991444772136, 44.537258799694776], [11.248782492688779, 44.5372811038386], [11.248803277328602, 44.53782084666613], [11.249180599298818, 44.537813413057926], [11.249190993577512, 44.53808328438005], [11.249568317142108, 44.5380758494567], [11.249557921123259, 44.53780597820417]]]}}, {"type": "Feature", "properties": {"threshold": "ge_3", "source": "HistorySUHI", "period": "2013-2025", "hotspot_percentile": "top_10_pct", "label": ">= 3 estati"}, "geometry": {"type": "Polygon", "coordinates": [[[11.237545594728804, 44.53966251634101], [11.23716825780987, 44.53966991175155], [11.237178597272301, 44.53993978520578], [11.237555935931617, 44.53993238972601], [11.237545594728804, 44.53966251634101]]]}}, {"type": "Feature", "properties": {"threshold": "ge_3", "source": "HistorySUHI", "period": "2013-2025", "hotspot_percentile": "top_10_pct", "label": ">= 3 estati"}, "geometry": {"type": "Polygon", "coordinates": [[[11.248162920605433, 44.54080429617471], [11.248059022009155, 44.538105581676646], [11.247681697861596, 44.5381130116177], [11.24766092337118, 44.53757326840236], [11.247283602558252, 44.53758069695881], [11.247293987990476, 44.537850568643364], [11.24616201945744, 44.537872847047865], [11.24624506639277, 44.540031821662275], [11.246999740071235, 44.5400169695263], [11.247010125074064, 44.54028684114787], [11.247387463435203, 44.540279413141874], [11.24739785032407, 44.54054928467921], [11.24777519027992, 44.54054185535802], [11.247816746253994, 44.541621341082056], [11.247439399336352, 44.54162877068135], [11.247512115716923, 44.543517870618324], [11.24788947481864, 44.54351044053232], [11.247899865196487, 44.54378031182346], [11.248654586444061, 44.54376544777493], [11.24864419258486, 44.54349557662288], [11.249021551249315, 44.54348814279946], [11.249011155795246, 44.54321827170225], [11.249388512573253, 44.543210836702606], [11.249357321864048, 44.542401223531385], [11.248979970307829, 44.5424086583223], [11.24892799741129, 44.54105930239456], [11.248550654411789, 44.54106673559189], [11.248540262010263, 44.540796864292616], [11.248162920605433, 44.54080429617471]]]}}, {"type": "Feature", "properties": {"threshold": "ge_3", "source": "HistorySUHI", "period": "2013-2025", "hotspot_percentile": "top_10_pct", "label": ">= 3 estati"}, "geometry": {"type": "Polygon", "coordinates": [[[11.243340417444106, 44.543059775047105], [11.244095131742236, 44.543044941314825], [11.2440640145752, 44.54223532518039], [11.244441366284242, 44.54222790665383], [11.244420618752503, 44.54168816262946], [11.244043270524548, 44.54169558101717], [11.24405364247714, 44.54196545310614], [11.24367629236318, 44.54197287031753], [11.243686662720684, 44.5422427424612], [11.243309310720718, 44.54225015849622], [11.243340417444106, 44.543059775047105]]]}}, {"type": "Feature", "properties": {"threshold": "ge_3", "source": "HistorySUHI", "period": "2013-2025", "hotspot_percentile": "top_10_pct", "label": ">= 3 estati"}, "geometry": {"type": "Polygon", "coordinates": [[[11.239168778744194, 44.542601525621976], [11.238791423260125, 44.54260892677703], [11.238812119445841, 44.54314867279342], [11.239189478411214, 44.543141271499834], [11.239168778744194, 44.542601525621976]]]}}, {"type": "Feature", "properties": {"threshold": "ge_3", "source": "HistorySUHI", "period": "2013-2025", "hotspot_percentile": "top_10_pct", "label": ">= 3 estati"}, "geometry": {"type": "Polygon", "coordinates": [[[11.241443268804124, 44.542826965060584], [11.241065912450752, 44.54283437375969], [11.241086629814777, 44.543374118915146], [11.241841349338854, 44.543359299993796], [11.241830987102853, 44.543089427562094], [11.241453629154142, 44.543096837576336], [11.241443268804124, 44.542826965060584]]]}}, {"type": "Feature", "properties": {"threshold": "ge_3", "source": "HistorySUHI", "period": "2013-2025", "hotspot_percentile": "top_10_pct", "label": ">= 3 estati"}, "geometry": {"type": "Polygon", "coordinates": [[[11.244891350976742, 44.54410959001713], [11.245268714579304, 44.5441021685129], [11.245299850468497, 44.544911783713324], [11.245677219147794, 44.54490436075486], [11.245666838631703, 44.54463448910556], [11.246421572071911, 44.54461963959], [11.246390420952753, 44.54381002497069], [11.246013059527671, 44.543817450142946], [11.245981914941217, 44.543007835182706], [11.244472488673091, 44.54303752257998], [11.244493237659848, 44.54357726645718], [11.244870597926525, 44.543569846337675], [11.244891350976742, 44.54410959001713]]]}}, {"type": "Feature", "properties": {"threshold": "ge_3", "source": "HistorySUHI", "period": "2013-2025", "hotspot_percentile": "top_10_pct", "label": ">= 3 estati"}, "geometry": {"type": "Polygon", "coordinates": [[[11.246483878242634, 44.54623886843116], [11.246494263114204, 44.546508739853174], [11.246871641801862, 44.54650131274009], [11.24686125518936, 44.54623144138758], [11.246483878242634, 44.54623886843116]]]}}, {"type": "Feature", "properties": {"threshold": "ge_3", "source": "HistorySUHI", "period": "2013-2025", "hotspot_percentile": "top_10_pct", "label": ">= 3 estati"}, "geometry": {"type": "Polygon", "coordinates": [[[11.240078803158045, 44.546634810145925], [11.239701421852248, 44.546642214831905], [11.239691068317853, 44.546372342160815], [11.239313688607814, 44.54637974553155], [11.23930333695959, 44.546109872776476], [11.238925958845314, 44.54611727483199], [11.238915609083211, 44.54584740199293], [11.2386825012022, 44.54585197309171], [11.238784427349836, 44.545975227983426], [11.239006210677697, 44.54624197136377], [11.239833077724684, 44.54717978316569], [11.240099514144525, 44.547174555305396], [11.240078803158045, 44.546634810145925]]]}}, {"type": "Feature", "properties": {"threshold": "ge_3", "source": "HistorySUHI", "period": "2013-2025", "hotspot_percentile": "top_10_pct", "label": ">= 3 estati"}, "geometry": {"type": "Polygon", "coordinates": [[[11.244333740193245, 44.549251993945404], [11.246220723597595, 44.54921487982574], [11.246168802118651, 44.54786552295704], [11.245414026605037, 44.54788037164828], [11.245393265997194, 44.54734062851984], [11.245015881504077, 44.54734805085755], [11.244995124960612, 44.546808307531315], [11.244617743803934, 44.54681572848414], [11.244607367491515, 44.54654585672951], [11.244229987930268, 44.54655327636694], [11.24425073721868, 44.547093020000375], [11.24387335402995, 44.5471004385307], [11.243862981053983, 44.54683056665193], [11.24348559946076, 44.54683798386687], [11.243495970695728, 44.547107855815064], [11.241609051843058, 44.54714492354726], [11.24161941451834, 44.54741479582763], [11.241242028570628, 44.54742220570549], [11.241252389650196, 44.54769207804047], [11.240875001816093, 44.54769948674166], [11.240895720929014, 44.54823923150618], [11.240518329467399, 44.5482466391], [11.240536363869335, 44.548716511465514], [11.240578642404513, 44.548781223619464], [11.240581483188128, 44.54878555095566], [11.240916440623169, 44.54877897621186], [11.240926800688214, 44.54904884854264], [11.24130419722801, 44.54904143949478], [11.241314559179584, 44.549311311741505], [11.241691957315247, 44.549303901378245], [11.241712685136916, 44.54984364568887], [11.242090086609698, 44.5498362339408], [11.24210045247987, 44.5501061060047], [11.242477855548533, 44.55009869294116], [11.242467487937084, 44.549828820946644], [11.24284488911905, 44.54982140670641], [11.24283451991177, 44.54955153476656], [11.243589318356848, 44.54953670268659], [11.24359969104662, 44.54980657448763], [11.243977091792175, 44.54979915650911], [11.243966717361161, 44.54952928477749], [11.244344116219958, 44.5495218656223], [11.244333740193245, 44.549251993945404]]]}}, {"type": "Feature", "properties": {"threshold": "ge_3", "source": "HistorySUHI", "period": "2013-2025", "hotspot_percentile": "top_10_pct", "label": ">= 3 estati"}, "geometry": {"type": "Polygon", "coordinates": [[[11.252446495003952, 44.553953566943726], [11.252452953358663, 44.554120910091754], [11.252577280898533, 44.55395098613848], [11.252446495003952, 44.553953566943726]]]}}, {"type": "Feature", "properties": {"threshold": "ge_3", "source": "HistorySUHI", "period": "2013-2025", "hotspot_percentile": "top_10_pct", "label": ">= 3 estati"}, "geometry": {"type": "Polygon", "coordinates": [[[11.252079483082495, 44.554230883471504], [11.252089896707963, 44.5545007534775], [11.251712467677805, 44.55450819887764], [11.251732783583314, 44.555034764409356], [11.251876572115883, 44.5548619035775], [11.252105620087045, 44.55458650839544], [11.25216113674027, 44.55451974878414], [11.252376781293504, 44.55422501782569], [11.252079483082495, 44.554230883471504]]]}}, {"type": "Feature", "properties": {"threshold": "ge_3", "source": "HistorySUHI", "period": "2013-2025", "hotspot_percentile": "top_10_pct", "label": ">= 3 estati"}, "geometry": {"type": "Polygon", "coordinates": [[[11.251355859224091, 44.555055383278], [11.251366269804384, 44.55532525337915], [11.251068466838703, 44.55533112613829], [11.251101922136627, 44.555386805325846], [11.251246963904295, 44.55561878463231], [11.251693425063346, 44.55508208074523], [11.251721633479272, 44.555048168929346], [11.251355859224091, 44.555055383278]]]}}, {"type": "Feature", "properties": {"threshold": "ge_3", "source": "HistorySUHI", "period": "2013-2025", "hotspot_percentile": "top_10_pct", "label": ">= 3 estati"}, "geometry": {"type": "Polygon", "coordinates": [[[11.249437488996643, 44.55428297461329], [11.249427087708536, 44.55401310410508], [11.249049661139807, 44.554020540642114], [11.248966470019223, 44.551861575489646], [11.24934388265585, 44.551854139509345], [11.249354282776832, 44.552124010135344], [11.249731697009002, 44.55211657283927], [11.249721295146596, 44.55184670228287], [11.250098707491437, 44.55183926381023], [11.250129918740722, 44.55264887522644], [11.25050733616397, 44.552641435298774], [11.250496930526806, 44.552371564911056], [11.250874346062629, 44.55236412380683], [11.250863938829982, 44.55209425347402], [11.250486525035601, 44.5521016945086], [11.25047611969035, 44.55183182409143], [11.250853531743314, 44.55182438312647], [11.250843124802621, 44.5515545127642], [11.248956071785525, 44.551591704779334], [11.248924877959533, 44.55078209256003], [11.24854747214253, 44.550789527015866], [11.248526680470357, 44.550249785323565], [11.247394472592326, 44.55027208079711], [11.247384082198758, 44.55000220972023], [11.246629279700526, 44.55001706699973], [11.24661889293519, 44.54974719576908], [11.245486693318973, 44.54976947213416], [11.245497074860552, 44.55003934357328], [11.245119672955958, 44.550046766605604], [11.245130052901871, 44.55031663809945], [11.2447526491104, 44.55032405995514], [11.244773405956376, 44.550863803037615], [11.244018590971443, 44.55087864328843], [11.243997841090762, 44.5503388999282], [11.243620436862647, 44.55034631804556], [11.243630809988908, 44.550616189802454], [11.242875997613565, 44.55063102243764], [11.242896737337167, 44.55117076618488], [11.24215462207533, 44.5511853445386], [11.242182618976608, 44.5512284939924], [11.242952582504731, 44.55241993090067], [11.243051194838962, 44.55258128999028], [11.243376363748668, 44.553147082312044], [11.243395336780502, 44.55318277354002], [11.244212180666214, 44.5543858160549], [11.244908339649875, 44.55437213163869], [11.244897959261404, 44.55410226029613], [11.245275387433418, 44.55409483746802], [11.245296151839291, 44.55463457999946], [11.24567358334899, 44.5546271557861], [11.245683967512077, 44.55489702696027], [11.244574104234399, 44.554918854799844], [11.244755064077426, 44.555185371313534], [11.245694351820827, 44.55516689811972], [11.245704736275242, 44.555436769264446], [11.245740169260436, 44.55543607192317], [11.248887758077169, 44.554477269077125], [11.249014480205325, 44.55443867247001], [11.249115604612824, 44.55440560345963], [11.249494124998078, 44.55428185850621], [11.249437488996643, 44.55428297461329]], [[11.248315599837039, 44.554575151396556], [11.247938169347472, 44.55458258433393], [11.247927774880068, 44.55431271356215], [11.248305203627979, 44.554305280694344], [11.248315599837039, 44.554575151396556]], [[11.24404971688393, 44.551688258218384], [11.244427129673333, 44.551680838507735], [11.24443750701, 44.5519507100522], [11.244814921395276, 44.55194328902596], [11.244804542317176, 44.551673417550944], [11.245181954815436, 44.551665995347975], [11.245171574141517, 44.55139612392771], [11.245548984752762, 44.551388700548024], [11.245569749729045, 44.551928443234914], [11.245192335634966, 44.55193586675351], [11.245202716600106, 44.55220573814434], [11.244825300618963, 44.55221316048623], [11.244835679988237, 44.55248303193181], [11.244458262120022, 44.55249045309696], [11.244447884492228, 44.552220581581935], [11.244070468219928, 44.55222800143145], [11.244091220138092, 44.552767744585644], [11.244468639893382, 44.552760324597244], [11.244479017812315, 44.55303019608284], [11.244101596315488, 44.553037616140664], [11.24412234910693, 44.55357735920655], [11.243744923981414, 44.553584778156996], [11.243713800237252, 44.55277516332781], [11.243336380190893, 44.552782580823745], [11.243326007642064, 44.55251270911517], [11.243703425946912, 44.55250529168864], [11.24369305180209, 44.552235420034755], [11.243315635238732, 44.55224283739188], [11.24330526298089, 44.551972965653874], [11.243682677802783, 44.55196554836616], [11.243661930240709, 44.55142580498483], [11.244039341434235, 44.55141838658977], [11.24404971688393, 44.551688258218384]], [[11.245213097710861, 44.552475609520464], [11.245590515287871, 44.55246818586291], [11.24560089828574, 44.55273805715482], [11.245223478967233, 44.552745480881846], [11.245213097710861, 44.552475609520464]], [[11.245580132435638, 44.55219831455625], [11.245957548125531, 44.55219088972199], [11.245967932719237, 44.55246076095916], [11.245590515287871, 44.55246818586291], [11.245580132435638, 44.55219831455625]], [[11.245895243622122, 44.55057166198995], [11.245517838380565, 44.55057908640733], [11.245507456547747, 44.550309214997654], [11.245884860048001, 44.550301790649755], [11.245895243622122, 44.55057166198995]]]}}, {"type": "Feature", "properties": {"threshold": "ge_3", "source": "HistorySUHI", "period": "2013-2025", "hotspot_percentile": "top_10_pct", "label": ">= 3 estati"}, "geometry": {"type": "Polygon", "coordinates": [[[11.256641291187305, 44.49634440286951], [11.256589230997365, 44.496345431891555], [11.256648749756089, 44.49653769135698], [11.256641291187305, 44.49634440286951]]]}}, {"type": "Feature", "properties": {"threshold": "ge_3", "source": "HistorySUHI", "period": "2013-2025", "hotspot_percentile": "top_10_pct", "label": ">= 3 estati"}, "geometry": {"type": "Polygon", "coordinates": [[[11.255783091985736, 44.49366058602792], [11.25540605653987, 44.49366803566562], [11.255395649676244, 44.49339816339061], [11.25517763608139, 44.493402469179905], [11.255197020441608, 44.49343776583918], [11.255257476591927, 44.49356130248278], [11.255276379461332, 44.49359976624469], [11.255303867901993, 44.49364104024705], [11.255340612680817, 44.49369599537014], [11.255391199848491, 44.4938052777451], [11.255435969641495, 44.493906230595535], [11.255459055652043, 44.49394651122597], [11.255500290439082, 44.4940180864015], [11.255539189056611, 44.49407115337039], [11.255580396787659, 44.49413125974375], [11.255629782839993, 44.49420285386644], [11.255675051116029, 44.49427366508168], [11.2557054087825, 44.49432083300437], [11.255734278336403, 44.49437637572871], [11.255742424925355, 44.49439193328499], [11.255781018248259, 44.4944755520046], [11.255805128526868, 44.49452378862048], [11.25581731448931, 44.49454784443846], [11.255783091985736, 44.49366058602792]]]}}, {"type": "Feature", "properties": {"threshold": "ge_3", "source": "HistorySUHI", "period": "2013-2025", "hotspot_percentile": "top_10_pct", "label": ">= 3 estati"}, "geometry": {"type": "Polygon", "coordinates": [[[11.260988545632008, 44.49166706161341], [11.261365566734689, 44.49165959381059], [11.261376000498286, 44.49192946505718], [11.261753023190643, 44.49192199594091], [11.261773894628538, 44.49246173825008], [11.262150920646544, 44.492454267750446], [11.262161358320919, 44.492724138812996], [11.264046494895775, 44.492686767311696], [11.264036048541435, 44.49241689659887], [11.264413073681217, 44.49240941863788], [11.26440262573735, 44.4921395479803], [11.264779648994718, 44.492132068845756], [11.264758750074494, 44.49159232762634], [11.265135769713547, 44.49158484738825], [11.265125318737262, 44.491314976826445], [11.265502336493938, 44.49130749541484], [11.26549188392829, 44.49103762490829], [11.266999946546166, 44.491007687107036], [11.26698948718373, 44.4907378168659], [11.267366500735909, 44.490730329376944], [11.267346408556815, 44.49021198682039], [11.267073173896074, 44.49026796687907], [11.266771194119787, 44.490329932676644], [11.266567716933062, 44.49037281003732], [11.26592972457093, 44.49050752359798], [11.265870909157133, 44.490520016282325], [11.264759510290515, 44.490756377371106], [11.264071832933858, 44.49090575916801], [11.26402761636276, 44.490906501057246], [11.264027317187702, 44.49090657000878], [11.263959783252089, 44.49092161130197], [11.263710083219534, 44.49097751773258], [11.263603981618202, 44.491001155850256], [11.263011787659206, 44.49113312642855], [11.262969254214168, 44.491142594070325], [11.26275959947422, 44.49118945821045], [11.261882949016837, 44.491395894723205], [11.261831446964605, 44.49140078626849], [11.26178185670769, 44.491391694888236], [11.26177407614351, 44.49139441478231], [11.261705736836836, 44.491418581326215], [11.26140592016032, 44.49150914532834], [11.261327813744291, 44.49153280292297], [11.261079996965973, 44.49160502400901], [11.260987193964034, 44.49163209341162], [11.260988545632008, 44.49166706161341]]]}}, {"type": "Feature", "properties": {"threshold": "ge_3", "source": "HistorySUHI", "period": "2013-2025", "hotspot_percentile": "top_10_pct", "label": ">= 3 estati"}, "geometry": {"type": "Polygon", "coordinates": [[[11.249110592103703, 44.49676309630074], [11.24912097119879, 44.497032969582506], [11.24987508856995, 44.49701810967863], [11.24988547128348, 44.49728798280662], [11.250639591545383, 44.49727311778846], [11.250649977877446, 44.497542990762604], [11.251404101029927, 44.49752812063007], [11.251414490980611, 44.497797993450334], [11.252922742483594, 44.49776823798109], [11.252912345586896, 44.49749836543929], [11.253289406361835, 44.497490923532084], [11.253279765570166, 44.49724071556266], [11.253050209858175, 44.49721580913725], [11.252011004100543, 44.497110746205614], [11.251600376953368, 44.49707284269105], [11.251243109876064, 44.49703305719311], [11.251108944809754, 44.49701818384988], [11.251046337037486, 44.497005275333166], [11.250952415456858, 44.496985980208606], [11.250850644759513, 44.49696602053116], [11.250584411354504, 44.496921125077186], [11.250443904354585, 44.496888523839054], [11.249959398463917, 44.49679347291092], [11.249216923949527, 44.496656068195776], [11.249140828010551, 44.49664269517222], [11.248772185712111, 44.49657814384547], [11.248605101912649, 44.496555651624206], [11.24854651484998, 44.49654783902747], [11.24842363849646, 44.49652751866801], [11.248085752084423, 44.496471830087984], [11.247625484259013, 44.49639263162503], [11.247620620462834, 44.496448696507294], [11.247626428498739, 44.49647643617802], [11.2476481706328, 44.49657349718218], [11.247666101114264, 44.49661850821626], [11.247745434293241, 44.496789978591394], [11.249110592103703, 44.49676309630074]]]}}, {"type": "Feature", "properties": {"threshold": "ge_3", "source": "HistorySUHI", "period": "2013-2025", "hotspot_percentile": "top_10_pct", "label": ">= 3 estati"}, "geometry": {"type": "Polygon", "coordinates": [[[11.267722588913283, 44.4901831003983], [11.26809959870061, 44.49017561056257], [11.268093768589384, 44.49002525084339], [11.268088341947061, 44.49002574395214], [11.267720288805378, 44.4901237707221], [11.267722588913283, 44.4901831003983]]]}}, {"type": "Feature", "properties": {"threshold": "ge_3", "source": "HistorySUHI", "period": "2013-2025", "hotspot_percentile": "top_10_pct", "label": ">= 3 estati"}, "geometry": {"type": "Polygon", "coordinates": [[[11.261826075783317, 44.493811093764975], [11.262203110481563, 44.49380362291577], [11.262171796141605, 44.4929940098608], [11.261040707232674, 44.4930164180484], [11.26105113999152, 44.49328628929117], [11.260674108326638, 44.49329375626974], [11.260694970810883, 44.493833498850826], [11.261072005947952, 44.493826031732496], [11.26108243914554, 44.494095902931036], [11.261836512453153, 44.49408096482371], [11.261826075783317, 44.493811093764975]]]}}, {"type": "Feature", "properties": {"threshold": "ge_3", "source": "HistorySUHI", "period": "2013-2025", "hotspot_percentile": "top_10_pct", "label": ">= 3 estati"}, "geometry": {"type": "Polygon", "coordinates": [[[11.262213548887523, 44.4940734939046], [11.261836512453153, 44.49408096482371], [11.261846949269293, 44.49435083586773], [11.262223987439807, 44.4943433648787], [11.262213548887523, 44.4940734939046]]]}}, {"type": "Feature", "properties": {"threshold": "ge_3", "source": "HistorySUHI", "period": "2013-2025", "hotspot_percentile": "top_10_pct", "label": ">= 3 estati"}, "geometry": {"type": "Polygon", "coordinates": [[[11.26224486498336, 44.494883106782645], [11.261867823340479, 44.49489057791151], [11.261878260595534, 44.4951604489113], [11.262255303974634, 44.495152977712515], [11.26224486498336, 44.494883106782645]]]}}, {"type": "Feature", "properties": {"threshold": "ge_3", "source": "HistorySUHI", "period": "2013-2025", "hotspot_percentile": "top_10_pct", "label": ">= 3 estati"}, "geometry": {"type": "Polygon", "coordinates": [[[11.266025729713215, 44.495078197322464], [11.265648687798555, 44.49508568095799], [11.265659142562235, 44.4953555512433], [11.266036186213116, 44.49534806753775], [11.266025729713215, 44.495078197322464]]]}}, {"type": "Feature", "properties": {"threshold": "ge_3", "source": "HistorySUHI", "period": "2013-2025", "hotspot_percentile": "top_10_pct", "label": ">= 3 estati"}, "geometry": {"type": "Polygon", "coordinates": [[[11.26226574311224, 44.49542284862764], [11.262642788081243, 44.49541537611524], [11.262653229101453, 44.49568524694568], [11.263030275660359, 44.49567777311965], [11.263040718563216, 44.495947643865414], [11.264548910279839, 44.4959177358444], [11.264528010730361, 44.49537799489792], [11.264905054820835, 44.4953705149234], [11.26487370138663, 44.49456090360309], [11.262988505512777, 44.49459828998918], [11.2629989478301, 44.494868160793914], [11.262621906479907, 44.49487563441011], [11.262632347207397, 44.495145505270045], [11.262255303974634, 44.495152977712515], [11.26226574311224, 44.49542284862764]]]}}, {"type": "Feature", "properties": {"threshold": "ge_3", "source": "HistorySUHI", "period": "2013-2025", "hotspot_percentile": "top_10_pct", "label": ">= 3 estati"}, "geometry": {"type": "Polygon", "coordinates": [[[11.261878260595534, 44.4951604489113], [11.260370085616284, 44.495190321269625], [11.260380516072651, 44.495460192534225], [11.261888697996898, 44.495430319896336], [11.261878260595534, 44.4951604489113]]]}}, {"type": "Feature", "properties": {"threshold": "ge_3", "source": "HistorySUHI", "period": "2013-2025", "hotspot_percentile": "top_10_pct", "label": ">= 3 estati"}, "geometry": {"type": "Polygon", "coordinates": [[[11.26948193530281, 44.496630005923144], [11.270236036886613, 44.496615011693294], [11.270173181095048, 44.49499579524987], [11.2664027714813, 44.495070712443265], [11.266434146629463, 44.495880322834736], [11.26756528668012, 44.49585786010452], [11.267575750564907, 44.49612772999529], [11.268329846671202, 44.4961127484831], [11.268340314175274, 44.49638261821893], [11.269471462443041, 44.4963601364125], [11.26948193530281, 44.496630005923144]]]}}, {"type": "Feature", "properties": {"threshold": "ge_3", "source": "HistorySUHI", "period": "2013-2025", "hotspot_percentile": "top_10_pct", "label": ">= 3 estati"}, "geometry": {"type": "Polygon", "coordinates": [[[11.260788859228406, 44.496262339736035], [11.26154296060834, 44.496247402997746], [11.26153252450435, 44.49597753198702], [11.26115547562384, 44.495985000908135], [11.261145041402438, 44.49571512981277], [11.260767994111957, 44.49572259742028], [11.260778426597058, 44.49599246858553], [11.260401377424035, 44.495999935019206], [11.260411808319056, 44.49626980623958], [11.260034757263483, 44.49627727149939], [11.260066045616764, 44.497086885281696], [11.260443101881465, 44.49707941981228], [11.260463964987554, 44.49761916212037], [11.260841024578896, 44.49761169526744], [11.260830591216289, 44.49734182419064], [11.261207648924927, 44.49733435616382], [11.261197213972158, 44.49706448514217], [11.261574269798096, 44.49705701594146], [11.261563833255211, 44.496787144974945], [11.261186779165666, 44.49679461410577], [11.26117634450545, 44.496524743054636], [11.260799292006, 44.4965322108718], [11.260788859228406, 44.496262339736035]]]}}, {"type": "Feature", "properties": {"threshold": "ge_3", "source": "HistorySUHI", "period": "2013-2025", "hotspot_percentile": "top_10_pct", "label": ">= 3 estati"}, "geometry": {"type": "Polygon", "coordinates": [[[11.259018276311137, 44.49926824534113], [11.25826413468192, 44.49928316620304], [11.258274556912022, 44.499553037665585], [11.257520411225116, 44.49956795369162], [11.257530830128005, 44.499837825279016], [11.257153755328789, 44.499845281496], [11.257195425454082, 44.50092476797737], [11.257572507200198, 44.500917311481274], [11.257582926833416, 44.50118718299499], [11.257960010170244, 44.50117972518517], [11.257970431686342, 44.50144959661436], [11.258724601395288, 44.50143467712323], [11.258714176405583, 44.50116480583366], [11.259468342056335, 44.501149881506365], [11.259447485568312, 44.50061013916234], [11.259824564700894, 44.50060267527247], [11.259772417355743, 44.49925331950375], [11.259395346906528, 44.49926078304436], [11.259384919612714, 44.49899091177656], [11.259007850753925, 44.49899837400348], [11.259018276311137, 44.49926824534113]]]}}, {"type": "Feature", "properties": {"threshold": "ge_3", "source": "HistorySUHI", "period": "2013-2025", "hotspot_percentile": "top_10_pct", "label": ">= 3 estati"}, "geometry": {"type": "Polygon", "coordinates": [[[11.253832890403126, 44.501801437053494], [11.253822487846211, 44.50153156487193], [11.25419957437951, 44.50152411943201], [11.254157958662963, 44.50044463083719], [11.25378087907685, 44.500452075998396], [11.25377047724907, 44.500182203743194], [11.252639242826104, 44.50020453155429], [11.252691227371422, 44.50155389372782], [11.253445401167081, 44.50153900906786], [11.25345580198714, 44.50180888131909], [11.253832890403126, 44.501801437053494]]]}}, {"type": "Feature", "properties": {"threshold": "ge_3", "source": "HistorySUHI", "period": "2013-2025", "hotspot_percentile": "top_10_pct", "label": ">= 3 estati"}, "geometry": {"type": "Polygon", "coordinates": [[[11.270047554008828, 44.501480156835946], [11.27006850892846, 44.50201989514146], [11.27082267968121, 44.502004895617], [11.27081219867436, 44.50173502661198], [11.270435115108235, 44.501742526925995], [11.270424635985085, 44.50147265783606], [11.270047554008828, 44.501480156835946]]]}}, {"type": "Feature", "properties": {"threshold": "ge_3", "source": "HistorySUHI", "period": "2013-2025", "hotspot_percentile": "top_10_pct", "label": ">= 3 estati"}, "geometry": {"type": "Polygon", "coordinates": [[[11.251622320584541, 44.50319544676329], [11.25124522260932, 44.503202883912934], [11.2512556138822, 44.50347275649356], [11.251632713594441, 44.50346531927432], [11.251622320584541, 44.50319544676329]]]}}, {"type": "Feature", "properties": {"threshold": "ge_3", "source": "HistorySUHI", "period": "2013-2025", "hotspot_percentile": "top_10_pct", "label": ">= 3 estati"}, "geometry": {"type": "Polygon", "coordinates": [[[11.271262664385265, 44.50361660728773], [11.270508473083803, 44.503631610142484], [11.270539914420002, 44.504441217013905], [11.271294116143395, 44.50442621373793], [11.271262664385265, 44.50361660728773]]]}}, {"type": "Feature", "properties": {"threshold": "ge_3", "source": "HistorySUHI", "period": "2013-2025", "hotspot_percentile": "top_10_pct", "label": ">= 3 estati"}, "geometry": {"type": "Polygon", "coordinates": [[[11.259970596714762, 44.504380869464555], [11.259216389670058, 44.50439579795614], [11.259237246777747, 44.504935540027155], [11.259614353847413, 44.5049280762637], [11.259603923483354, 44.50465820530542], [11.25998102866968, 44.50465074036772], [11.259970596714762, 44.504380869464555]]]}}, {"type": "Feature", "properties": {"threshold": "ge_3", "source": "HistorySUHI", "period": "2013-2025", "hotspot_percentile": "top_10_pct", "label": ">= 3 estati"}, "geometry": {"type": "Polygon", "coordinates": [[[11.258493457498695, 44.50522033497479], [11.258870566597889, 44.50521287362972], [11.25888099378008, 44.505482744698234], [11.259635215014221, 44.505467818136076], [11.259624784357701, 44.50519794720726], [11.259247675550897, 44.505205411040556], [11.259237246777747, 44.504935540027155], [11.258483032199827, 44.50495046382172], [11.258493457498695, 44.50522033497479]]]}}, {"type": "Feature", "properties": {"threshold": "ge_3", "source": "HistorySUHI", "period": "2013-2025", "hotspot_percentile": "top_10_pct", "label": ">= 3 estati"}, "geometry": {"type": "Polygon", "coordinates": [[[11.255947414532258, 44.507701373665306], [11.25557028862892, 44.507708825684944], [11.255580701490317, 44.50797869724888], [11.25595782913106, 44.50797124515949], [11.255947414532258, 44.507701373665306]]]}}, {"type": "Feature", "properties": {"threshold": "ge_3", "source": "HistorySUHI", "period": "2013-2025", "hotspot_percentile": "top_10_pct", "label": ">= 3 estati"}, "geometry": {"type": "Polygon", "coordinates": [[[11.250865078745207, 44.512933163116344], [11.251619400228947, 44.51291828753842], [11.251577815610938, 44.51183879918916], [11.251954969182837, 44.51183135981198], [11.25193417427286, 44.511291615688236], [11.251557024176487, 44.51129905492617], [11.251546628677888, 44.511029182772596], [11.251169480173488, 44.51103662069653], [11.251211056091348, 44.51211610950092], [11.25083390049016, 44.51212354645885], [11.250865078745207, 44.512933163116344]]]}}, {"type": "Feature", "properties": {"threshold": "ge_3", "source": "HistorySUHI", "period": "2013-2025", "hotspot_percentile": "top_10_pct", "label": ">= 3 estati"}, "geometry": {"type": "Polygon", "coordinates": [[[11.264767647117937, 44.5113078108818], [11.264390500253917, 44.51131529249876], [11.2644323206254, 44.5123947714123], [11.264809474440321, 44.51238728951528], [11.264767647117937, 44.5113078108818]]]}}, {"type": "Feature", "properties": {"threshold": "ge_3", "source": "HistorySUHI", "period": "2013-2025", "hotspot_percentile": "top_10_pct", "label": ">= 3 estati"}, "geometry": {"type": "Polygon", "coordinates": [[[11.252730078333585, 44.51235622111063], [11.25310723494367, 44.51234877786086], [11.25309683191078, 44.512078906044735], [11.252719677038508, 44.512086349224845], [11.252730078333585, 44.51235622111063]]]}}, {"type": "Feature", "properties": {"threshold": "ge_3", "source": "HistorySUHI", "period": "2013-2025", "hotspot_percentile": "top_10_pct", "label": ">= 3 estati"}, "geometry": {"type": "Polygon", "coordinates": [[[11.254678322895082, 44.513938221332225], [11.255432655364826, 44.51392332030713], [11.255401412795509, 44.513113706334316], [11.255024251847397, 44.51312115725993], [11.254972192507859, 44.51177179999527], [11.25459504010289, 44.51177924932783], [11.254584630410672, 44.511509377761], [11.254207479597508, 44.51151682577944], [11.25422829565236, 44.512056569037796], [11.25385114121773, 44.512064015951196], [11.253861547726242, 44.512333887627975], [11.25310723494367, 44.51234877786086], [11.25311763812242, 44.512618649662244], [11.252363321280736, 44.51263353505664], [11.252384121124315, 44.51317327889384], [11.252761283093832, 44.51316583667958], [11.252782086996534, 44.51370558031858], [11.253159252296054, 44.51369813672052], [11.253169656204136, 44.51396800844826], [11.253923989841452, 44.51395311737927], [11.253934397371369, 44.51422298895293], [11.254688733900949, 44.51420809276648], [11.254678322895082, 44.513938221332225]]]}}, {"type": "Feature", "properties": {"threshold": "ge_3", "source": "HistorySUHI", "period": "2013-2025", "hotspot_percentile": "top_10_pct", "label": ">= 3 estati"}, "geometry": {"type": "Polygon", "coordinates": [[[11.25676215217719, 44.51902850754129], [11.25674130767175, 44.51848876588594], [11.256364112399345, 44.51849622194037], [11.256353692104177, 44.51822635102081], [11.255976498424015, 44.51823380576077], [11.25595566174864, 44.51769406373793], [11.255578471399033, 44.517701517093684], [11.255557638784511, 44.51716177487241], [11.255180451765398, 44.517169226844025], [11.25517003741545, 44.51689935564154], [11.254792851988551, 44.51690680629878], [11.254772027203124, 44.51636706371018], [11.253640480475784, 44.516389407795835], [11.253671702228937, 44.517199022283975], [11.254048889832005, 44.51719157529096], [11.254069708540309, 44.517731318070005], [11.254446899473985, 44.517723869692944], [11.254467722242776, 44.518263612273664], [11.254844916507125, 44.518256162512486], [11.25486574333661, 44.51879590489483], [11.255242940931698, 44.518788453749494], [11.255253356303871, 44.51905832484885], [11.255630555491326, 44.51905087238905], [11.255640972747972, 44.519320743403924], [11.25601817352779, 44.51931328962964], [11.256049431389592, 44.52012290237658], [11.256426637238741, 44.520115447148264], [11.256457901631096, 44.520925059553285], [11.256835112549757, 44.520917602870846], [11.256855959685865, 44.52145734426096], [11.25647874528999, 44.521464801082956], [11.256489167338641, 44.52173467182568], [11.255734734631211, 44.521749581874744], [11.255724316059851, 44.521479710992466], [11.255347101225636, 44.52148716407997], [11.255336684538994, 44.521217293113224], [11.254959471297344, 44.521224744886155], [11.254949056495368, 44.520954873834945], [11.254571844846286, 44.52096232429333], [11.254561431928927, 44.520692453157665], [11.25418422187242, 44.52069990230152], [11.254215455846703, 44.521509515873475], [11.253838240428378, 44.521516963981625], [11.25390070188646, 44.52313619114602], [11.253523475889823, 44.5231436384275], [11.253544294066037, 44.52368338083717], [11.253167064445794, 44.52369082701309], [11.253177472013984, 44.52396069826552], [11.251668545118415, 44.523990470798466], [11.251689346781397, 44.52453021381637], [11.25206658220193, 44.52452277241129], [11.252056179558597, 44.52425290097933], [11.253565112826102, 44.52422312318791], [11.253554703373087, 44.523953252019915], [11.253931934586223, 44.523945804529355], [11.25394234577812, 44.52421567562766], [11.254319578584147, 44.52420822682245], [11.25430916565337, 44.52393835579385], [11.254686396574503, 44.52393090581341], [11.254665567673309, 44.523391163851436], [11.255042794970725, 44.52338371276552], [11.255032379000378, 44.52311384183216], [11.255786829679423, 44.523098936065054], [11.255797249127365, 44.523368806858905], [11.256174475986539, 44.523361352038236], [11.2561640547998, 44.52309148131414], [11.25805017820929, 44.52305418888607], [11.25806060808996, 44.52332405926117], [11.258437834071984, 44.52331659697102], [11.258416970979358, 44.52277685634575], [11.258794193337577, 44.5227693929504], [11.258752461952797, 44.52168991180236], [11.259129677209966, 44.52168244744154], [11.259119242990863, 44.52141257718753], [11.260628095601696, 44.52138270757547], [11.260648978095285, 44.52192244750967], [11.261403410476875, 44.521907504955074], [11.2613929656796, 44.52163763513517], [11.262147393998088, 44.521622687741086], [11.26215784227263, 44.52189255742109], [11.262912273482357, 44.52187760490779], [11.262901821730555, 44.521607735367716], [11.264410675436654, 44.521577815683116], [11.264400216877018, 44.521307946408285], [11.26515463937308, 44.52129297923716], [11.265144177482963, 44.52102311008765], [11.265898595915113, 44.52100813807742], [11.265888130694616, 44.52073826905327], [11.266265337952058, 44.520730781251046], [11.266244404474294, 44.52019104329863], [11.26699881159489, 44.520176064240225], [11.26698834159924, 44.51990619538207], [11.267742744655695, 44.5198912114849], [11.267732271329999, 44.5196213427522], [11.268486670322195, 44.51960635401636], [11.268476193666555, 44.51933648540919], [11.26960778583786, 44.519313993180525], [11.269597304114018, 44.51904412476908], [11.26997449947218, 44.51903662494029], [11.269964016156973, 44.51876675658428], [11.270341209629807, 44.51875925558099], [11.270288786567269, 44.51740991393051], [11.269911601785743, 44.5174174145828], [11.269880154926767, 44.516607809204835], [11.269502975212761, 44.51661530840197], [11.269492494958499, 44.51634543984296], [11.26911531683567, 44.51635293772534], [11.269104838466447, 44.51608306908139], [11.268727661934797, 44.51609056564904], [11.268696232922775, 44.51528095941823], [11.268319061458389, 44.51528845453088], [11.268287638982278, 44.51447884795682], [11.268664805232723, 44.514471353054574], [11.268654329629799, 44.51420148423719], [11.270540149988754, 44.514163991409454], [11.27056111872084, 44.51470372832773], [11.271315452787322, 44.514688722204404], [11.271325940849794, 44.51495859050098], [11.272457446060448, 44.51493607177151], [11.272446952784103, 44.51466620368567], [11.273201285379711, 44.51465118511736], [11.273180292316736, 44.5141114491825], [11.274688941838434, 44.514081397674445], [11.274678438576217, 44.5138115299661], [11.275055598850676, 44.513804014048254], [11.275024084734133, 44.512994411045625], [11.27238399621555, 44.51304699486067], [11.272363011869595, 44.51250725846758], [11.271985859253856, 44.512514765322955], [11.27195438905133, 44.51170516041185], [11.272331536453935, 44.51169765376723], [11.272321044942911, 44.511427785504246], [11.27194389927797, 44.51143529207862], [11.271933409651677, 44.511165423730645], [11.27231055357898, 44.51115791722651], [11.272237118149878, 44.50926883886904], [11.271859986385365, 44.50927634488146], [11.27181803346833, 44.5081968709286], [11.272195158283212, 44.508189365197154], [11.272174179232271, 44.50764962827267], [11.272551300425423, 44.507642121437506], [11.272540809383246, 44.50737225302337], [11.272917928692022, 44.50736474501428], [11.272907436059656, 44.50709487665564], [11.27328455348406, 44.50708736747265], [11.273263565186173, 44.50654763085163], [11.273640678988995, 44.50654012056504], [11.273619687805239, 44.50600038402552], [11.27399679798656, 44.50599287263539], [11.27397580391711, 44.5054531361774], [11.274352910477017, 44.505445623683755], [11.274342411925945, 44.505175755502925], [11.273965307103127, 44.50518326792627], [11.273944313916633, 44.504643531379706], [11.273567212420767, 44.50465104241839], [11.273577707203394, 44.50492091076933], [11.27282350029621, 44.50493592925506], [11.272833991751826, 44.50520579773181], [11.272079780782159, 44.505220811381726], [11.272090268910661, 44.50549067998421], [11.27133605387864, 44.50550568879824], [11.271357023628191, 44.50604542623983], [11.270979912417394, 44.506052928921115], [11.270969429206277, 44.50578306013748], [11.270592319585667, 44.50579056150443], [11.270571357078587, 44.50525082375249], [11.270194250785284, 44.50525832373496], [11.270152334482587, 44.50417884777324], [11.269775234990592, 44.50418634623091], [11.26976475801918, 44.503916477133416], [11.269010562068573, 44.503931470176276], [11.269021035565986, 44.50420133941408], [11.268643935633422, 44.50420883413959], [11.268654407540643, 44.50447870343278], [11.268277305724244, 44.50448619698435], [11.268298246504983, 44.50502593566672], [11.267544035483573, 44.50504091931811], [11.267564969903004, 44.505580658221916], [11.267942078961331, 44.505573166878065], [11.268015366212609, 44.50746225208588], [11.266884002115559, 44.507484723857175], [11.266915397503142, 44.50829433221297], [11.26729252422764, 44.508286842656474], [11.267302991387684, 44.50855671200881], [11.266925862925783, 44.50856420163541], [11.266936328495147, 44.50883407104309], [11.267690588747053, 44.50881909040547], [11.267711527275823, 44.50935882889618], [11.266957260074065, 44.50937380981419], [11.266967726083621, 44.509643679177614], [11.266590590525126, 44.50965116784027], [11.266580126253073, 44.50938129840677], [11.265448723909941, 44.509403756718804], [11.265480101528444, 44.51021336560557], [11.265857241002097, 44.51020588053571], [11.265878163622839, 44.51074561957972], [11.266632449080484, 44.51073064542677], [11.266642914086122, 44.511000514786495], [11.267020058332498, 44.51099302577343], [11.267009591589236, 44.51072315648376], [11.267386733951243, 44.510715666296434], [11.267407671059784, 44.51125540472081], [11.268161962293986, 44.51124042033268], [11.268151490191043, 44.51097055126809], [11.26852863385028, 44.51096305727762], [11.268518160156544, 44.51069318826841], [11.26814101823492, 44.510700682188755], [11.268130546425617, 44.510430813094665], [11.268884826646842, 44.51041582414991], [11.268853401674573, 44.50960621719992], [11.269230536352287, 44.50959872107152], [11.269209583630115, 44.50905898317138], [11.269586714686, 44.50905148593902], [11.269618149202039, 44.509861092556605], [11.269995285323475, 44.50985359386946], [11.269984805267049, 44.50958372508185], [11.270361939504046, 44.5095762252206], [11.270382903238865, 44.51011596264065], [11.270005765526832, 44.510123462642284], [11.270016245877127, 44.51039333140037], [11.270393385326715, 44.510385831328556], [11.2704143499433, 44.51092556866007], [11.270037207018532, 44.510933068872255], [11.27004768780965, 44.51120293758607], [11.269293398044049, 44.51121793441778], [11.269314353116451, 44.51175767208182], [11.26893720453795, 44.51176516877146], [11.26895815672252, 44.51230490651678], [11.268581004521701, 44.512312402102324], [11.26859147909655, 44.512582271023], [11.268214325011112, 44.51258976543428], [11.268224797995034, 44.51285963441034], [11.267847642024972, 44.51286712764731], [11.267826699679512, 44.51232738954019], [11.267072394250084, 44.51234237200044], [11.267082861873874, 44.51261224120159], [11.266328552381859, 44.512627218824356], [11.266318088233614, 44.51235734948305], [11.265563781630293, 44.512372321987996], [11.265574242302986, 44.51264219146942], [11.265197087043537, 44.51264967592533], [11.265218005353287, 44.51318941498401], [11.265595164088369, 44.51318193038803], [11.265637009419207, 44.51426140804825], [11.265259843732563, 44.5142688929244], [11.265270303694017, 44.51453876237262], [11.265647471118612, 44.514531277426414], [11.265657932964702, 44.514801146789836], [11.265280763802132, 44.51480863180609], [11.265291224056904, 44.51507850122481], [11.265668394957476, 44.51507101613851], [11.26567885709694, 44.51534088547244], [11.265301684458345, 44.5153483706288], [11.265322605701227, 44.51588810939248], [11.26494542943984, 44.515895593444355], [11.264976807189832, 44.5167052016894], [11.26459962556742, 44.51671268470678], [11.26461008337255, 44.516982554162325], [11.264232899865329, 44.51699003600513], [11.26425381243906, 44.517529775012], [11.263876625308798, 44.5175372557502], [11.263866170686857, 44.51726738618413], [11.263488985148237, 44.517274865607696], [11.263499438031948, 44.51754473524375], [11.263122250608532, 44.51755221349267], [11.26313270190055, 44.51782208318397], [11.262755512592333, 44.51782956025821], [11.262786862132732, 44.51863916945355], [11.262409667463062, 44.51864664549302], [11.262420115864552, 44.51891651526527], [11.262042919310016, 44.51892399013], [11.262053366119623, 44.51919385995747], [11.261676167680218, 44.519201333647416], [11.261665722609001, 44.51893146375002], [11.260911328767628, 44.518946407255925], [11.260932212102897, 44.51948614731567], [11.26055501148577, 44.519493617341375], [11.260544571483354, 44.51922374724897], [11.260167372458262, 44.519231215960026], [11.260177810722258, 44.51950108612233], [11.259423408756161, 44.51951601995006], [11.259433843689616, 44.51978589023739], [11.259056640748629, 44.51979335535399], [11.259046207553629, 44.51952348499681], [11.25829180470972, 44.51953841135607], [11.25828137513788, 44.51926854084448], [11.257904175234987, 44.519276002087175], [11.2578937475478, 44.519006131491], [11.257516549237112, 44.51901359141916], [11.257526975185879, 44.519283462085134], [11.257149774990584, 44.519290920838365], [11.257139350780234, 44.51902105010259], [11.25676215217719, 44.51902850754129]], [[11.272394488609189, 44.51331686303508], [11.272017330780095, 44.51332437010121], [11.272006840124265, 44.51305450185656], [11.27238399621555, 44.51304699486067], [11.272394488609189, 44.51331686303508]], [[11.27035145785707, 44.50930635648844], [11.270728590209632, 44.50929885545309], [11.270739073594088, 44.50956872411507], [11.270361939504046, 44.5095762252206], [11.27035145785707, 44.50930635648844]], [[11.25906707408992, 44.52006322569643], [11.258689869264158, 44.52007068963814], [11.258700301013238, 44.52034056003569], [11.258323094302698, 44.52034802280248], [11.258312664292124, 44.52007815233508], [11.257935459173844, 44.52008561378725], [11.257925031048005, 44.519815743235306], [11.259056640748629, 44.51979335535399], [11.25906707408992, 44.52006322569643]], [[11.257547827521993, 44.51982320337289], [11.25753740128084, 44.51955333273638], [11.257914603068388, 44.5195458726686], [11.257925031048005, 44.519815743235306], [11.257547827521993, 44.51982320337289]], [[11.266359945706894, 44.513436826759765], [11.266370410442013, 44.513706696042085], [11.265993248524573, 44.51371418326708], [11.26597232267678, 44.51317444454761], [11.266726639413491, 44.5131594691334], [11.266737105739736, 44.51342933836036], [11.266359945706894, 44.513436826759765]], [[11.270330495003968, 44.50876661897982], [11.270340976357042, 44.5090364877415], [11.269963845594985, 44.5090439874624], [11.269953365979342, 44.50877411863051], [11.270330495003968, 44.50876661897982]]]}}, {"type": "Feature", "properties": {"threshold": "ge_3", "source": "HistorySUHI", "period": "2013-2025", "hotspot_percentile": "top_10_pct", "label": ">= 3 estati"}, "geometry": {"type": "Polygon", "coordinates": [[[11.252571345966064, 44.51803097077764], [11.25294853922175, 44.51802352730964], [11.252958943725755, 44.51829339887138], [11.253336138573902, 44.518285954088995], [11.25332573233155, 44.51801608259693], [11.253702925295439, 44.51800863663953], [11.253692517460674, 44.5177387652024], [11.253315326235105, 44.51774621109012], [11.253304920284572, 44.517476339568596], [11.252927730651397, 44.51748378414195], [11.252938134863632, 44.517753655733166], [11.252560943346273, 44.51776109913151], [11.252571345966064, 44.51803097077764]]]}}, {"type": "Feature", "properties": {"threshold": "ge_3", "source": "HistorySUHI", "period": "2013-2025", "hotspot_percentile": "top_10_pct", "label": ">= 3 estati"}, "geometry": {"type": "Polygon", "coordinates": [[[11.256710042009594, 44.51767915329239], [11.256332851952168, 44.517686609137485], [11.25634327195512, 44.51795648008652], [11.256720463750849, 44.51794902417165], [11.256710042009594, 44.51767915329239]]]}}, {"type": "Feature", "properties": {"threshold": "ge_3", "source": "HistorySUHI", "period": "2013-2025", "hotspot_percentile": "top_10_pct", "label": ">= 3 estati"}, "geometry": {"type": "Polygon", "coordinates": [[[11.25183775774083, 44.518585597506245], [11.251460560570889, 44.518593037379425], [11.251470958413057, 44.51886290919028], [11.251848157321406, 44.51885546924748], [11.25183775774083, 44.518585597506245]]]}}, {"type": "Feature", "properties": {"threshold": "ge_3", "source": "HistorySUHI", "period": "2013-2025", "hotspot_percentile": "top_10_pct", "label": ">= 3 estati"}, "geometry": {"type": "Polygon", "coordinates": [[[11.257495697778136, 44.51847385004299], [11.257118502798024, 44.518481308586814], [11.257128926716046, 44.518751179352066], [11.25750612343453, 44.51874372073843], [11.257495697778136, 44.51847385004299]]]}}, {"type": "Feature", "properties": {"threshold": "ge_3", "source": "HistorySUHI", "period": "2013-2025", "hotspot_percentile": "top_10_pct", "label": ">= 3 estati"}, "geometry": {"type": "Polygon", "coordinates": [[[11.271221468203791, 44.52198266661098], [11.27046703997604, 44.521997674036776], [11.270477526793961, 44.52226754214549], [11.27010031072088, 44.52227504406138], [11.270110795947197, 44.522544912225534], [11.26897914162994, 44.522567410714736], [11.268989621787242, 44.522837279074686], [11.268612401648868, 44.52284477615155], [11.268622880214414, 44.5231146445669], [11.2690001020915, 44.52310714741987], [11.269010582542716, 44.52337701575032], [11.271651143737193, 44.5233245003734], [11.271640651114911, 44.52305463253441], [11.27239509236924, 44.52303961707765], [11.272384596416712, 44.52276974936442], [11.272761815084438, 44.52276223983903], [11.272730322893974, 44.52195263682159], [11.271975895843168, 44.521967654205895], [11.27196540221791, 44.521697786363355], [11.27121097805572, 44.52171279862794], [11.271221468203791, 44.52198266661098]]]}}, {"type": "Feature", "properties": {"threshold": "ge_3", "source": "HistorySUHI", "period": "2013-2025", "hotspot_percentile": "top_10_pct", "label": ">= 3 estati"}, "geometry": {"type": "Polygon", "coordinates": [[[11.264829731156299, 44.52264980932167], [11.263698070672644, 44.52267225552699], [11.263718982450225, 44.52321199419448], [11.264096206235548, 44.52320451323089], [11.264106664083029, 44.5234743824725], [11.264861114691248, 44.52345941667059], [11.264829731156299, 44.52264980932167]]]}}, {"type": "Feature", "properties": {"threshold": "ge_3", "source": "HistorySUHI", "period": "2013-2025", "hotspot_percentile": "top_10_pct", "label": ">= 3 estati"}, "geometry": {"type": "Polygon", "coordinates": [[[11.263341758518287, 44.5232194739132], [11.26335221288823, 44.52348934329481], [11.26372943855894, 44.523481863506106], [11.263718982450225, 44.52321199419448], [11.263341758518287, 44.5232194739132]]]}}, {"type": "Feature", "properties": {"threshold": "ge_3", "source": "HistorySUHI", "period": "2013-2025", "hotspot_percentile": "top_10_pct", "label": ">= 3 estati"}, "geometry": {"type": "Polygon", "coordinates": [[[11.250955670793354, 44.525084836129096], [11.250903683660495, 44.52373547792495], [11.250149222232128, 44.523750351602686], [11.250159615889348, 44.524020223412165], [11.249782383217656, 44.52402765845321], [11.249803167491498, 44.52456740216714], [11.250180403641028, 44.52455996698695], [11.250190797735495, 44.52482983875225], [11.25056803547823, 44.52482240225748], [11.250578431457425, 44.52509227393846], [11.250955670793354, 44.525084836129096]]]}}, {"type": "Feature", "properties": {"threshold": "ge_3", "source": "HistorySUHI", "period": "2013-2025", "hotspot_percentile": "top_10_pct", "label": ">= 3 estati"}, "geometry": {"type": "Polygon", "coordinates": [[[11.255074043758125, 44.52419332547717], [11.254696811244155, 44.5242007767723], [11.25470722605985, 44.52447064771645], [11.253952757116009, 44.524485546711254], [11.253963168599892, 44.52475541778009], [11.253585932170038, 44.52476286547974], [11.253596342060964, 44.52503273660357], [11.255105293860108, 44.52500293805625], [11.255074043758125, 44.52419332547717]]]}}, {"type": "Feature", "properties": {"threshold": "ge_3", "source": "HistorySUHI", "period": "2013-2025", "hotspot_percentile": "top_10_pct", "label": ">= 3 estati"}, "geometry": {"type": "Polygon", "coordinates": [[[11.259957175257991, 44.52355660537249], [11.259579948122424, 44.523564072712134], [11.259590385250897, 44.523833942778346], [11.25883592706309, 44.5238488738626], [11.258877663129498, 44.524928354538986], [11.2592548992521, 44.52492088933987], [11.259265335373431, 44.52519075940226], [11.259642573088636, 44.52518329288829], [11.259663449248283, 44.52572303282909], [11.26041793119547, 44.52570809578666], [11.260407489564487, 44.52543822596342], [11.260784728579477, 44.52543075564461], [11.260795171949443, 44.525700625397945], [11.261549653018031, 44.5256856808855], [11.261507866505273, 44.5246062023431], [11.26113063299998, 44.5246136749421], [11.261099299870065, 44.523804065670724], [11.259967614125284, 44.52382647536883], [11.259957175257991, 44.52355660537249]]]}}, {"type": "Feature", "properties": {"threshold": "ge_3", "source": "HistorySUHI", "period": "2013-2025", "hotspot_percentile": "top_10_pct", "label": ">= 3 estati"}, "geometry": {"type": "Polygon", "coordinates": [[[11.271347361454684, 44.525221081256035], [11.270592891496776, 44.525236090367244], [11.270603380079432, 44.525505958298865], [11.270226143140933, 44.525513461057244], [11.270236630131725, 44.525783329044295], [11.269859391307229, 44.525790830627905], [11.269869876706107, 44.526060698670406], [11.271756078052613, 44.5260231779514], [11.271766572293467, 44.52629304562801], [11.273275537677929, 44.52626300636189], [11.273265036481162, 44.5259931389664], [11.273642275720228, 44.52598562610768], [11.273621270290581, 44.52544589141301], [11.273998505904505, 44.52543837744994], [11.273977497586177, 44.524898642836824], [11.273223033166596, 44.524913669236746], [11.273212532706069, 44.524643801767425], [11.271326377775083, 44.524681345629475], [11.271347361454684, 44.525221081256035]]]}}, {"type": "Feature", "properties": {"threshold": "ge_3", "source": "HistorySUHI", "period": "2013-2025", "hotspot_percentile": "top_10_pct", "label": ">= 3 estati"}, "geometry": {"type": "Polygon", "coordinates": [[[11.269125877206012, 44.526345566411145], [11.268748634462513, 44.52635306440014], [11.268738154133601, 44.52608319616186], [11.268360912982146, 44.526090692835695], [11.268371391572055, 44.52636056114412], [11.267994148534656, 44.526368056643086], [11.268004625532473, 44.526637925006916], [11.269136359420914, 44.526615434564505], [11.269125877206012, 44.526345566411145]]]}}, {"type": "Feature", "properties": {"threshold": "ge_3", "source": "HistorySUHI", "period": "2013-2025", "hotspot_percentile": "top_10_pct", "label": ">= 3 estati"}, "geometry": {"type": "Polygon", "coordinates": [[[11.254611199937575, 44.53176460964211], [11.254988481296023, 44.531757157639554], [11.25501973845188, 44.53256676919023], [11.25539702488303, 44.532559315733124], [11.255407445966867, 44.532829186150806], [11.255784733991526, 44.53282173137862], [11.255795156961184, 44.533091601711796], [11.256549736051316, 44.53307668829191], [11.256528883299532, 44.532536947889945], [11.25615159730688, 44.53254440508299], [11.256141172889933, 44.53227453479012], [11.255763888490716, 44.53228199066807], [11.25574304357456, 44.53174224989857], [11.255365762508356, 44.5317497043917], [11.255355342009072, 44.53147983391509], [11.254600782917404, 44.53149473902603], [11.254611199937575, 44.53176460964211]]]}}, {"type": "Feature", "properties": {"threshold": "ge_3", "source": "HistorySUHI", "period": "2013-2025", "hotspot_percentile": "top_10_pct", "label": ">= 3 estati"}, "geometry": {"type": "Polygon", "coordinates": [[[11.260291291627563, 44.532192437943166], [11.259914008837752, 44.532199907519335], [11.259924450650804, 44.53246977711383], [11.260301735180212, 44.532462307467746], [11.260291291627563, 44.532192437943166]]]}}, {"type": "Feature", "properties": {"threshold": "ge_3", "source": "HistorySUHI", "period": "2013-2025", "hotspot_percentile": "top_10_pct", "label": ">= 3 estati"}, "geometry": {"type": "Polygon", "coordinates": [[[11.255795156961184, 44.533091601711796], [11.255417867196849, 44.53309905655374], [11.255428288572977, 44.533368926941954], [11.255805580077013, 44.53336147203024], [11.255795156961184, 44.533091601711796]]]}}, {"type": "Feature", "properties": {"threshold": "ge_3", "source": "HistorySUHI", "period": "2013-2025", "hotspot_percentile": "top_10_pct", "label": ">= 3 estati"}, "geometry": {"type": "Polygon", "coordinates": [[[11.261579886076433, 44.53621805991691], [11.261590337046087, 44.536487929010555], [11.261967647086239, 44.53648045333399], [11.261957194376631, 44.53621058431031], [11.261579886076433, 44.53621805991691]]]}}, {"type": "Feature", "properties": {"threshold": "ge_3", "source": "HistorySUHI", "period": "2013-2025", "hotspot_percentile": "top_10_pct", "label": ">= 3 estati"}, "geometry": {"type": "Polygon", "coordinates": [[[11.256768725260937, 44.53874395895365], [11.256758295740799, 44.53847408906952], [11.25638097147031, 44.538481547798], [11.256370543836598, 44.538211677829324], [11.255993221160026, 44.53821913524245], [11.256087059466157, 44.5406479650582], [11.256464397805043, 44.54064050701694], [11.256474826755051, 44.540910376852985], [11.256852166688052, 44.54090291749627], [11.256862597524728, 44.54117278724778], [11.257994621667065, 44.54115040149413], [11.2579841856092, 44.540880531952105], [11.25873886415818, 44.54086560202766], [11.25870754642072, 44.54005599373231], [11.258330212440445, 44.54006345910778], [11.25831977522773, 44.53979358957665], [11.257942442841365, 44.53980105363663], [11.25792157233559, 44.539261314390465], [11.257166914084863, 44.53927623849424], [11.257146051125334, 44.5387364989098], [11.256768725260937, 44.53874395895365]]]}}, {"type": "Feature", "properties": {"threshold": "ge_3", "source": "HistorySUHI", "period": "2013-2025", "hotspot_percentile": "top_10_pct", "label": ">= 3 estati"}, "geometry": {"type": "Polygon", "coordinates": [[[11.259923106147378, 44.542192543614284], [11.259545758683247, 44.542200013285836], [11.25953531507796, 44.54193014408226], [11.257648584263103, 44.54196747340484], [11.25765901916596, 44.542237342957755], [11.257281670823346, 44.542244805154965], [11.257292104132041, 44.54251467476296], [11.256914753902578, 44.54252213578427], [11.25694604948495, 44.54333174472929], [11.25732340493612, 44.543324283498535], [11.257333838830153, 44.54359415304758], [11.258088552774678, 44.54357922670902], [11.258098990296329, 44.54384909610365], [11.258853707136565, 44.54383416464224], [11.258843266133645, 44.54356429538735], [11.259597978906859, 44.54354935908255], [11.259587534569173, 44.54327948995269], [11.260719597408483, 44.54325707636191], [11.260698698729193, 44.54271733847745], [11.260321348077065, 44.54272481078029], [11.260310900697775, 44.54245494174602], [11.259933551639643, 44.54246241273321], [11.259923106147378, 44.542192543614284]]]}}, {"type": "Feature", "properties": {"threshold": "ge_3", "source": "HistorySUHI", "period": "2013-2025", "hotspot_percentile": "top_10_pct", "label": ">= 3 estati"}, "geometry": {"type": "Polygon", "coordinates": [[[11.255069693485165, 44.54363890216432], [11.256579124300261, 44.54360907440298], [11.256558263620962, 44.54306933501088], [11.256180909617784, 44.54307679368029], [11.25617048123814, 44.542806923892336], [11.255793128829279, 44.5428143812462], [11.255782702336447, 44.542544511373734], [11.255405351521903, 44.54255196741207], [11.25542620117267, 44.54309170728184], [11.255048846730777, 44.54309916221396], [11.255069693485165, 44.54363890216432]]]}}, {"type": "Feature", "properties": {"threshold": "ge_3", "source": "HistorySUHI", "period": "2013-2025", "hotspot_percentile": "top_10_pct", "label": ">= 3 estati"}, "geometry": {"type": "Polygon", "coordinates": [[[11.256212195634307, 44.54388640295575], [11.255834836262993, 44.543893860588774], [11.25584526348703, 44.54416373038756], [11.256222624599017, 44.54415627268475], [11.256212195634307, 44.54388640295575]]]}}, {"type": "Feature", "properties": {"threshold": "ge_3", "source": "HistorySUHI", "period": "2013-2025", "hotspot_percentile": "top_10_pct", "label": ">= 3 estati"}, "geometry": {"type": "Polygon", "coordinates": [[[11.25251147931475, 44.54585001590007], [11.253266224912755, 44.54583512083705], [11.253276640974605, 44.546104991020925], [11.254031389469958, 44.5460900908349], [11.254020969926389, 44.54582022079046], [11.254398342214005, 44.54581276889832], [11.254387921075741, 44.54554289890888], [11.254765291476362, 44.545535445840606], [11.254754868743458, 44.54526557590617], [11.255132237257088, 44.54525812166178], [11.255121812929591, 44.544988251782364], [11.255499179556233, 44.54498079636189], [11.255488753634193, 44.544710926537505], [11.255866118373854, 44.544703469940956], [11.25584526348703, 44.54416373038756], [11.254713179273672, 44.54418609602111], [11.25472360142185, 44.544455966014475], [11.254346237984308, 44.54446341880378], [11.254356658537928, 44.54473328885214], [11.253601927742931, 44.544748190832685], [11.253612344961189, 44.54501806100579], [11.252857610100232, 44.545032958142365], [11.252868023983018, 44.54530282844014], [11.252490654592641, 44.54531027520933], [11.25251147931475, 44.54585001590007]]]}}, {"type": "Feature", "properties": {"threshold": "ge_3", "source": "HistorySUHI", "period": "2013-2025", "hotspot_percentile": "top_10_pct", "label": ">= 3 estati"}, "geometry": {"type": "Polygon", "coordinates": [[[11.287284693112499, 44.488712514125375], [11.286907697779027, 44.48872006709267], [11.286897147456814, 44.488450200477864], [11.28560941016145, 44.488475989070764], [11.285398747551028, 44.488725502970034], [11.28541025849446, 44.48902013341111], [11.285145518981714, 44.48902543302221], [11.285038141166972, 44.489152613907315], [11.28508597186451, 44.49037701477694], [11.284331958448547, 44.4903921053954], [11.284321419388718, 44.490122238374816], [11.283944414194815, 44.49012978174833], [11.283965488990816, 44.4906695159159], [11.28358848017782, 44.490677058187174], [11.283599016061643, 44.49094692531936], [11.283976026610372, 44.49093938297752], [11.283986564377637, 44.491209250024355], [11.28587162358394, 44.4911715193104], [11.285861077137922, 44.49090165261666], [11.28623808680004, 44.49089410281417], [11.28622753876613, 44.490624236176295], [11.286604546544678, 44.49061668520103], [11.286593996922932, 44.490346818619045], [11.286971002817912, 44.49033926647104], [11.28696045160837, 44.49006939994495], [11.287337455619793, 44.49006184662422], [11.287284693112499, 44.488712514125375]]]}}, {"type": "Feature", "properties": {"threshold": "ge_3", "source": "HistorySUHI", "period": "2013-2025", "hotspot_percentile": "top_10_pct", "label": ">= 3 estati"}, "geometry": {"type": "Polygon", "coordinates": [[[11.288542376939677, 44.491928242594135], [11.287788345356308, 44.4919433564426], [11.28777778978773, 44.491673490146596], [11.2874007755099, 44.49168104513492], [11.287411329342671, 44.49195091150162], [11.287034313181096, 44.49195846531717], [11.287055417818761, 44.49249819814757], [11.288563495464071, 44.49246797485888], [11.288542376939677, 44.491928242594135]]]}}, {"type": "Feature", "properties": {"threshold": "ge_3", "source": "HistorySUHI", "period": "2013-2025", "hotspot_percentile": "top_10_pct", "label": ">= 3 estati"}, "geometry": {"type": "Polygon", "coordinates": [[[11.280698678068534, 44.493975762976], [11.280321647096601, 44.49398329490212], [11.280332169128451, 44.49425316249176], [11.279955136272973, 44.4942606932448], [11.279965656716243, 44.494530560890134], [11.280342691307794, 44.494523030066645], [11.280353213634639, 44.49479289762675], [11.281107285847417, 44.49477783210795], [11.281096760048383, 44.49450796468883], [11.281850828198786, 44.49449289433661], [11.281871886888812, 44.49503262887799], [11.283002998423974, 44.49501001359937], [11.282992463796836, 44.49474014654772], [11.282615428502195, 44.49474768614698], [11.28259436316307, 44.494207951858215], [11.281840299075167, 44.494223027043766], [11.281819241270703, 44.49368329241372], [11.281442212477408, 44.49369082800008], [11.281431685532551, 44.49342096059237], [11.280677630975289, 44.49343602789336], [11.280698678068534, 44.493975762976]]]}}, {"type": "Feature", "properties": {"threshold": "ge_3", "source": "HistorySUHI", "period": "2013-2025", "hotspot_percentile": "top_10_pct", "label": ">= 3 estati"}, "geometry": {"type": "Polygon", "coordinates": [[[11.294314040569425, 44.49478324522698], [11.294324627426972, 44.49505311014168], [11.295078695633851, 44.495037952313346], [11.295057515123005, 44.49449822275285], [11.293926423006308, 44.494520957204436], [11.293937007979421, 44.494790822204834], [11.294314040569425, 44.49478324522698]]]}}, {"type": "Feature", "properties": {"threshold": "ge_3", "source": "HistorySUHI", "period": "2013-2025", "hotspot_percentile": "top_10_pct", "label": ">= 3 estati"}, "geometry": {"type": "Polygon", "coordinates": [[[11.294335214432921, 44.49532297504159], [11.294324627426972, 44.49505311014168], [11.293947593100912, 44.495060687190445], [11.293958178370783, 44.49533055216127], [11.294335214432921, 44.49532297504159]]]}}, {"type": "Feature", "properties": {"threshold": "ge_3", "source": "HistorySUHI", "period": "2013-2025", "hotspot_percentile": "top_10_pct", "label": ">= 3 estati"}, "geometry": {"type": "Polygon", "coordinates": [[[11.28453222865637, 44.49551957597814], [11.284521686789294, 44.495249709238394], [11.284144648613262, 44.495257253953305], [11.284134108630079, 44.49498738712816], [11.283757072042423, 44.49499493052885], [11.283799225917022, 44.49607439802309], [11.284930356070609, 44.49605176324291], [11.28490926842077, 44.495512029949], [11.28453222865637, 44.49551957597814]]]}}, {"type": "Feature", "properties": {"threshold": "ge_3", "source": "HistorySUHI", "period": "2013-2025", "hotspot_percentile": "top_10_pct", "label": ">= 3 estati"}, "geometry": {"type": "Polygon", "coordinates": [[[11.285768826393133, 44.49819559862529], [11.285684442100685, 44.496036667171154], [11.284930356070609, 44.49605176324291], [11.284993622567496, 44.49767096276988], [11.284616568913089, 44.497678509364], [11.284637655455166, 44.498218242562636], [11.285768826393133, 44.49819559862529]]]}}, {"type": "Feature", "properties": {"threshold": "ge_3", "source": "HistorySUHI", "period": "2013-2025", "hotspot_percentile": "top_10_pct", "label": ">= 3 estati"}, "geometry": {"type": "Polygon", "coordinates": [[[11.294441092655177, 44.498021623226755], [11.294064039230912, 44.498029201055566], [11.294074626133124, 44.4982990658636], [11.294451681293735, 44.49829148796388], [11.294462270080725, 44.49856135268621], [11.29559343988095, 44.49853861131185], [11.295561658338206, 44.49772901773892], [11.295184607095624, 44.49773659922793], [11.295163423615529, 44.49719686996341], [11.294409327630085, 44.49721202892658], [11.294419915823356, 44.497481893708105], [11.294042865871711, 44.49748947139508], [11.29405345247711, 44.49775933623271], [11.294430504165051, 44.49775175847483], [11.294441092655177, 44.498021623226755]]]}}, {"type": "Feature", "properties": {"threshold": "ge_3", "source": "HistorySUHI", "period": "2013-2025", "hotspot_percentile": "top_10_pct", "label": ">= 3 estati"}, "geometry": {"type": "Polygon", "coordinates": [[[11.289320811712487, 44.50217558403121], [11.289697893112383, 44.50216802130935], [11.289708461400279, 44.502437886745625], [11.290462627229065, 44.502422757428604], [11.290473199138646, 44.50269262270848], [11.290850283567503, 44.502685056113286], [11.29078684391285, 44.50106586463691], [11.290409769904187, 44.50107343080727], [11.290399198883797, 44.50080356543862], [11.289267981178613, 44.50082625627415], [11.289278546989143, 44.50109612185514], [11.28890147238786, 44.50110368305004], [11.28892260097996, 44.50164341430917], [11.289299679054569, 44.50163585297276], [11.289320811712487, 44.50217558403121]]]}}, {"type": "Feature", "properties": {"threshold": "ge_3", "source": "HistorySUHI", "period": "2013-2025", "hotspot_percentile": "top_10_pct", "label": ">= 3 estati"}, "geometry": {"type": "Polygon", "coordinates": [[[11.276940100194201, 44.5040436628041], [11.277317196890847, 44.504036140709715], [11.277306685180012, 44.503766273017874], [11.27617539985892, 44.503788835357796], [11.276185906358908, 44.504058703260775], [11.275808809220306, 44.504066221623084], [11.275829819188179, 44.50460595752544], [11.27696112058401, 44.504583398284225], [11.276940100194201, 44.5040436628041]]]}}, {"type": "Feature", "properties": {"threshold": "ge_3", "source": "HistorySUHI", "period": "2013-2025", "hotspot_percentile": "top_10_pct", "label": ">= 3 estati"}, "geometry": {"type": "Polygon", "coordinates": [[[11.283371803425403, 44.504455351096695], [11.282994705615646, 44.50446289323648], [11.283015782179286, 44.50500262640207], [11.282638680747805, 44.50501016743896], [11.282659754428321, 44.50554990068658], [11.283036859333889, 44.505542359508546], [11.283047398132808, 44.50581222603962], [11.282670291490161, 44.50581976728824], [11.282680828699723, 44.50608963387509], [11.283057937079475, 44.506082092555914], [11.283089554805995, 44.506891692016126], [11.282712441214784, 44.50689923354702], [11.282754593303158, 44.50797869956935], [11.283508834235715, 44.50796361469874], [11.283498292517466, 44.5076937483565], [11.283875411024795, 44.50768620412551], [11.28382269596437, 44.50633687254559], [11.284199805637915, 44.50632932742351], [11.284147085587183, 44.504979995827085], [11.284524186427552, 44.50497244981399], [11.28449255095998, 44.504162850890616], [11.283361263628231, 44.504185484562306], [11.283371803425403, 44.504455351096695]]]}}, {"type": "Feature", "properties": {"threshold": "ge_3", "source": "HistorySUHI", "period": "2013-2025", "hotspot_percentile": "top_10_pct", "label": ">= 3 estati"}, "geometry": {"type": "Polygon", "coordinates": [[[11.281644297303046, 44.50854105088972], [11.28126717269741, 44.508548587867274], [11.28127770443494, 44.50881845458854], [11.281654830777935, 44.508810917540465], [11.281644297303046, 44.50854105088972]]]}}, {"type": "Feature", "properties": {"threshold": "ge_3", "source": "HistorySUHI", "period": "2013-2025", "hotspot_percentile": "top_10_pct", "label": ">= 3 estati"}, "geometry": {"type": "Polygon", "coordinates": [[[11.300144458952724, 44.50870994120675], [11.299390217173075, 44.508725136131396], [11.299422063896053, 44.50953472596582], [11.298667811097227, 44.509549916340234], [11.29864658674905, 44.509010189514456], [11.29826946360111, 44.50901778269323], [11.298248243322607, 44.5084780556661], [11.297871123500478, 44.5084856474586], [11.297860515321597, 44.508215783851796], [11.296729160174724, 44.50823855155126], [11.296750366257628, 44.50877827917621], [11.295241876749314, 44.508808619258495], [11.295252473064508, 44.509078483332694], [11.29487534857866, 44.50908606531376], [11.294885943305074, 44.50935592944412], [11.29450881693335, 44.50936351025193], [11.29453000335703, 44.50990323861012], [11.29528426290145, 44.5098880754665], [11.295294859810896, 44.5101579394815], [11.296803384066369, 44.51012759797955], [11.29682459223051, 44.51066732539727], [11.297578860416088, 44.51065214689678], [11.297589468196108, 44.5109220104414], [11.298343739261739, 44.51090682682179], [11.298354350665466, 44.51117669020951], [11.298731487712624, 44.51116909646224], [11.298742101002635, 44.51143895976409], [11.300250654653066, 44.51140857204791], [11.300240034413035, 44.511138709030426], [11.300617170715961, 44.51113110906179], [11.300606548887348, 44.510861246100625], [11.300983683303883, 44.51085364495886], [11.300919945035057, 44.509234467307664], [11.300542821042846, 44.50924206802266], [11.300532200256601, 44.508972204957814], [11.300155077852791, 44.5089798043575], [11.300144458952724, 44.50870994120675]], [[11.29872087457141, 44.51089923314559], [11.299098009732287, 44.51089163822512], [11.299108624610984, 44.5111615014707], [11.298731487712624, 44.51116909646224], [11.29872087457141, 44.51089923314559]]]}}, {"type": "Feature", "properties": {"threshold": "ge_3", "source": "HistorySUHI", "period": "2013-2025", "hotspot_percentile": "top_10_pct", "label": ">= 3 estati"}, "geometry": {"type": "Polygon", "coordinates": [[[11.288161029744781, 44.5111113857422], [11.28815046540228, 44.51084152042539], [11.287773327673742, 44.51084907919089], [11.287762765216865, 44.51057921378856], [11.287385629077749, 44.510586771239055], [11.287364508083197, 44.51004704024859], [11.285855975946218, 44.51007725704216], [11.285929853367076, 44.511966317229515], [11.285552707800033, 44.51197386881192], [11.285573813490998, 44.512513600302306], [11.285196664300683, 44.51252115078168], [11.285228318733651, 44.51333074811835], [11.285982627392645, 44.513315645491225], [11.285972072291564, 44.51304577986846], [11.286726376883125, 44.5130306724051], [11.2867158184546, 44.51276080690893], [11.2874701189786, 44.51274569460946], [11.287459557222736, 44.5124758292399], [11.288591001685027, 44.51245315167009], [11.288580434864278, 44.51218328649799], [11.288957580984455, 44.51217572489009], [11.288915308232559, 44.5110962643368], [11.288161029744781, 44.5111113857422]]]}}, {"type": "Feature", "properties": {"threshold": "ge_3", "source": "HistorySUHI", "period": "2013-2025", "hotspot_percentile": "top_10_pct", "label": ">= 3 estati"}, "geometry": {"type": "Polygon", "coordinates": [[[11.285291631594045, 44.514949942392526], [11.28566879642451, 44.51494239127719], [11.285626580307705, 44.51386292876953], [11.28524942242866, 44.51387047960221], [11.285238870507184, 44.51360061386767], [11.28486171421799, 44.51360816338528], [11.28487226440167, 44.51387802919046], [11.283740789433272, 44.51390067048863], [11.283666977746021, 44.51201160805875], [11.283289831291633, 44.51201915217507], [11.283268747043895, 44.51147941977801], [11.28289160391695, 44.51148696250879], [11.282881063752374, 44.511217096217514], [11.28099535458948, 44.51125479085368], [11.280974292079264, 44.510715057521274], [11.28059715327877, 44.510722592574496], [11.280586623982666, 44.51045272581561], [11.280209486772081, 44.510460259554044], [11.280198959361114, 44.51019039270987], [11.278690415993118, 44.510220514938695], [11.278721977818321, 44.511030116272536], [11.278344836394878, 44.51103764393036], [11.278355355560688, 44.511307511082535], [11.277978212252163, 44.51131503756647], [11.277988729827834, 44.51158490477431], [11.277611584634226, 44.51159243008433], [11.277622100619709, 44.51186229734784], [11.277999247550968, 44.51185477196739], [11.278009765421562, 44.51212463914568], [11.278386913943026, 44.51211711245045], [11.278397433698784, 44.51238697954355], [11.279528883591217, 44.512364391780224], [11.279539408707613, 44.51263425864717], [11.27991656011437, 44.51262672683348], [11.279906033260264, 44.51235686003703], [11.28028318278172, 44.51234932704945], [11.280293711373533, 44.51261919377541], [11.281048013448986, 44.512604123926096], [11.281058545663873, 44.51287399049626], [11.281435698217837, 44.5128664536345], [11.281446232318142, 44.51313632011935], [11.281069078026428, 44.513143857051645], [11.281090143194552, 44.51368359011808], [11.28071298527959, 44.513691125947], [11.280723516347342, 44.513960992528574], [11.279592036503162, 44.513983592760255], [11.279602562505005, 44.51425345953853], [11.279225400523895, 44.51426099053068], [11.27924644949454, 44.514800724183914], [11.278869283890074, 44.51480825407252], [11.278879806858807, 44.515078120947436], [11.279256974201209, 44.51507059098835], [11.279267499055441, 44.51534045777802], [11.278890329975082, 44.51534798780756], [11.278911376650269, 44.51588772148354], [11.279288549206619, 44.51588019131305], [11.279299074503566, 44.51615005805841], [11.27967624865037, 44.51614252657292], [11.279686775832944, 44.51641239323301], [11.280441127159827, 44.51639732638741], [11.280451657966154, 44.516667192891745], [11.281960365800161, 44.51663704398379], [11.281949828041567, 44.5163671777616], [11.283081352151592, 44.51634455322451], [11.283070809326649, 44.51607468719927], [11.284579499118296, 44.51604450400872], [11.284568949489172, 44.51577463825115], [11.284946119829357, 44.51576708941284], [11.284935568610178, 44.51549722371113], [11.285312737064459, 44.51548967369896], [11.285291631594045, 44.514949942392526]]]}}, {"type": "Feature", "properties": {"threshold": "ge_3", "source": "HistorySUHI", "period": "2013-2025", "hotspot_percentile": "top_10_pct", "label": ">= 3 estati"}, "geometry": {"type": "Polygon", "coordinates": [[[11.293705731653782, 44.51775203470611], [11.294460092879431, 44.51773687491429], [11.294449497023388, 44.51746701110084], [11.294826675675276, 44.51745942940903], [11.29484787101215, 44.51799915687923], [11.295225052991668, 44.51799157380093], [11.295182655959936, 44.51691211908517], [11.294805480932755, 44.51691970187963], [11.294794883784371, 44.51664983809272], [11.294417710346634, 44.516657419571686], [11.294407115084832, 44.51638755569904], [11.29402994323654, 44.516395135862545], [11.294019349861273, 44.516125271904166], [11.293642179602433, 44.51613285075222], [11.29363158811365, 44.515862986708115], [11.293254419444269, 44.515870564240764], [11.293243829841924, 44.51560070011095], [11.292866662762004, 44.5156082763282], [11.292877250626411, 44.51587814052893], [11.292500081660103, 44.51588571557259], [11.292510667934996, 44.516155579829395], [11.293265009195093, 44.516140428355776], [11.293275599094393, 44.51641029245601], [11.29252125435832, 44.516425444071416], [11.292531840930078, 44.51669530829863], [11.292154666601364, 44.516702882310426], [11.292165251583516, 44.51697274659372], [11.292542427650268, 44.51696517251105], [11.292563601535967, 44.517504900891495], [11.292940780930435, 44.51749732542249], [11.292951369834059, 44.51776718951963], [11.292574188701481, 44.51777476505953], [11.292584776015438, 44.51804462921277], [11.292207592996277, 44.51805220357897], [11.292218178720521, 44.518322067788276], [11.291840993814771, 44.51832964098075], [11.29185157794925, 44.51859950524615], [11.291474391156909, 44.51860707726489], [11.291484973701575, 44.518876941586335], [11.291862162232134, 44.51886936949675], [11.291872746663424, 44.51913923373255], [11.293004316579268, 44.51911650978336], [11.293014906373745, 44.51938637379171], [11.293392097787017, 44.5193787965818], [11.293402689468257, 44.519648660504444], [11.293779882471297, 44.519641081978975], [11.293758695780795, 44.51910135426072], [11.294135885158774, 44.51909377463245], [11.294125290298094, 44.51882391082206], [11.294502477789296, 44.51881633002011], [11.29448128503722, 44.518276602496805], [11.294104101022391, 44.51828418315687], [11.29409350660736, 44.518014319302075], [11.293716324182137, 44.51802189864662], [11.293705731653782, 44.51775203470611]]]}}, {"type": "Feature", "properties": {"threshold": "ge_3", "source": "HistorySUHI", "period": "2013-2025", "hotspot_percentile": "top_10_pct", "label": ">= 3 estati"}, "geometry": {"type": "Polygon", "coordinates": [[[11.27522369652808, 44.518121894484416], [11.27484650844487, 44.51812941152771], [11.274857014063624, 44.5183992789998], [11.275234203885086, 44.51839176188616], [11.27522369652808, 44.518121894484416]]]}}, {"type": "Feature", "properties": {"threshold": "ge_3", "source": "HistorySUHI", "period": "2013-2025", "hotspot_percentile": "top_10_pct", "label": ">= 3 estati"}, "geometry": {"type": "Polygon", "coordinates": [[[11.291484973701575, 44.518876941586335], [11.291107785022634, 44.5188845124313], [11.291118365977443, 44.51915437680882], [11.291495556394624, 44.51914680589301], [11.291484973701575, 44.518876941586335]]]}}, {"type": "Feature", "properties": {"threshold": "ge_3", "source": "HistorySUHI", "period": "2013-2025", "hotspot_percentile": "top_10_pct", "label": ">= 3 estati"}, "geometry": {"type": "Polygon", "coordinates": [[[11.294513074388199, 44.519086193759556], [11.294135885158774, 44.51909377463245], [11.2941570753258, 44.51963350220884], [11.294534268031743, 44.51962592119406], [11.294513074388199, 44.519086193759556]]]}}, {"type": "Feature", "properties": {"threshold": "ge_3", "source": "HistorySUHI", "period": "2013-2025", "hotspot_percentile": "top_10_pct", "label": ">= 3 estati"}, "geometry": {"type": "Polygon", "coordinates": [[[11.29379047603935, 44.51991094581591], [11.29416767063215, 44.51990336597484], [11.2941570753258, 44.51963350220884], [11.293779882471297, 44.519641081978975], [11.29379047603935, 44.51991094581591]]]}}, {"type": "Feature", "properties": {"threshold": "ge_3", "source": "HistorySUHI", "period": "2013-2025", "hotspot_percentile": "top_10_pct", "label": ">= 3 estati"}, "geometry": {"type": "Polygon", "coordinates": [[[11.278828870704778, 44.52345151764126], [11.278451649179143, 44.52345904729541], [11.278462173393033, 44.523728913838504], [11.278839396657384, 44.52372138411389], [11.278828870704778, 44.52345151764126]]]}}, {"type": "Feature", "properties": {"threshold": "ge_3", "source": "HistorySUHI", "period": "2013-2025", "hotspot_percentile": "top_10_pct", "label": ">= 3 estati"}, "geometry": {"type": "Polygon", "coordinates": [[[11.278934136873046, 44.52615018170282], [11.278955191878065, 44.52668991433785], [11.279332434122292, 44.52668238259309], [11.27932190480699, 44.526412516353446], [11.279699145164587, 44.52640498343418], [11.279688614257974, 44.52613511725025], [11.278934136873046, 44.52615018170282]]]}}, {"type": "Feature", "properties": {"threshold": "ge_3", "source": "HistorySUHI", "period": "2013-2025", "hotspot_percentile": "top_10_pct", "label": ">= 3 estati"}, "geometry": {"type": "Polygon", "coordinates": [[[11.282403085111762, 44.52797141197035], [11.28241362922594, 44.52824127755703], [11.282790880574716, 44.528233734183814], [11.282780334721432, 44.52796386866772], [11.282403085111762, 44.52797141197035]]]}}, {"type": "Feature", "properties": {"threshold": "ge_3", "source": "HistorySUHI", "period": "2013-2025", "hotspot_percentile": "top_10_pct", "label": ">= 3 estati"}, "geometry": {"type": "Polygon", "coordinates": [[[11.27978339773387, 44.52856391237367], [11.279028889045962, 44.528578978095055], [11.279060475761087, 44.52938857662653], [11.279437735396478, 44.529381044176915], [11.279448266336068, 44.52965091025404], [11.280580049573834, 44.529628305222964], [11.280569513416507, 44.52935843935738], [11.280946772461055, 44.52935090192731], [11.280936234712263, 44.529081036117496], [11.281313491869822, 44.52907349751286], [11.28130295252961, 44.528803631758805], [11.281680207800191, 44.528796091979636], [11.281659126084838, 44.52825636056831], [11.279772865645816, 44.52829404630795], [11.27978339773387, 44.52856391237367]]]}}, {"type": "Feature", "properties": {"threshold": "ge_3", "source": "HistorySUHI", "period": "2013-2025", "hotspot_percentile": "top_10_pct", "label": ">= 3 estati"}, "geometry": {"type": "Polygon", "coordinates": [[[11.291471499724205, 44.537782557687436], [11.289962255986405, 44.53781284347507], [11.28989876322487, 44.5361936609877], [11.291133950268955, 44.53616886310375], [11.290748597435373, 44.53556764398], [11.292879169652634, 44.53516533426074], [11.292864188667894, 44.53478375657584], [11.293618770181755, 44.53476859780631], [11.293608171919633, 44.53449873464147], [11.293985460713992, 44.534491153459676], [11.293996060715756, 44.534761016553574], [11.294373351101102, 44.53475343405553], [11.2943627493597, 44.5344835710326], [11.29549461440468, 44.53446081627958], [11.295484007593124, 44.53419095345477], [11.29699315194545, 44.53416059663408], [11.296982538324333, 44.53389073407856], [11.298114389807115, 44.53386795360084], [11.298103771116207, 44.53359809124368], [11.298858334547798, 44.533582898174416], [11.298847712526776, 44.53331303594463], [11.299602271883513, 44.5332978380366], [11.29959164653248, 44.53302797593423], [11.299968924247874, 44.53302037518351], [11.299958297306391, 44.53275051313746], [11.301090124339966, 44.53272770362741], [11.301079492329228, 44.532457841779994], [11.301834039460656, 44.53244262935631], [11.301823404120224, 44.53217276763644], [11.302955218480566, 44.53214993987562], [11.302944578071182, 44.53188007835457], [11.304076385870525, 44.53185723960093], [11.304065740392353, 44.53158737827877], [11.305197541630164, 44.531564528532556], [11.305176240685935, 44.531024806271446], [11.305553503987962, 44.53101718734169], [11.305542852000626, 44.530747326260204], [11.306297374678044, 44.53073208480796], [11.306276064194662, 44.530192362885785], [11.305898806409063, 44.530199984091816], [11.305856194191792, 44.52912053978433], [11.305478943213338, 44.52912815946006], [11.305468292271552, 44.52885829827483], [11.30509104288282, 44.528865916634224], [11.305069744925387, 44.52832619407674], [11.304692498865409, 44.528333811048554], [11.304681851849688, 44.5280639496763], [11.302795628005848, 44.528102015504096], [11.302774351812067, 44.52756229200269], [11.302397110073642, 44.527569901290846], [11.302386473939457, 44.52730003944673], [11.302009233790836, 44.52730764741871], [11.30197733149984, 44.52649806158386], [11.3012228611887, 44.52651327336587], [11.301212230867645, 44.52624341124894], [11.300457763437972, 44.526258617908915], [11.300468390281303, 44.52652848016814], [11.300091154604072, 44.526536081701884], [11.300101779857528, 44.52680594401744], [11.299724542292413, 44.52681354437737], [11.299735165955944, 44.527083406749234], [11.299357926502939, 44.527091005935326], [11.299379170799009, 44.52763073077686], [11.297870197586063, 44.52766111564025], [11.297859582319454, 44.527391252942536], [11.297482340382999, 44.52739884597485], [11.29745050069307, 44.52658925757974], [11.297073263824593, 44.52659684915393], [11.297052041586493, 44.52605712334107], [11.297429274977222, 44.52604953190895], [11.297397437519557, 44.525239943291744], [11.29702020934527, 44.52524753451076], [11.29699898859504, 44.524707808549834], [11.296244538755163, 44.524722986969095], [11.29618090093898, 44.523103807878826], [11.295803686227911, 44.523111394795144], [11.295793082184307, 44.52284153149062], [11.295415869063126, 44.522849117091155], [11.295405266906766, 44.52257925370084], [11.294273631867027, 44.522602002820804], [11.294284228807705, 44.522871866424005], [11.293907015092019, 44.52287944704537], [11.293917610442698, 44.52314931070471], [11.293540394839852, 44.52315689015221], [11.293572176567386, 44.52396648125421], [11.292817734484217, 44.523981636840254], [11.292828325213108, 44.52425150065316], [11.292451102210057, 44.524259076649805], [11.292440513219864, 44.523989212766004], [11.291308848536035, 44.524011933074185], [11.291330016232614, 44.52455166125222], [11.290952790897054, 44.52455923234027], [11.29098453833867, 44.52536882470892], [11.289852845792696, 44.525391531141295], [11.289863423353516, 44.525661395447074], [11.289486190469345, 44.525668961838846], [11.289475614647364, 44.52539909746227], [11.288343920321685, 44.525421788955654], [11.288354490927132, 44.52569165354459], [11.287222790050885, 44.525714334045944], [11.287233355587931, 44.52598419883235], [11.286101648161651, 44.52600686834142], [11.28612276924669, 44.52654659829414], [11.285745529663883, 44.52655415244867], [11.28580888603905, 44.5281733423761], [11.286186136055994, 44.52816578779743], [11.286207259510558, 44.528705517513565], [11.286584512857633, 44.52869796154842], [11.286595076546229, 44.52896782631359], [11.286972331484325, 44.52896026903267], [11.28698289706023, 44.52923013371233], [11.287360153589342, 44.5292225751156], [11.287434128944252, 44.53111162696407], [11.287056860240247, 44.53111918605596], [11.287067427001517, 44.53138905061733], [11.285935614782408, 44.53141172063411], [11.285946176473669, 44.53168158539284], [11.285568903698316, 44.53168913964543], [11.285590024046291, 44.5322288692599], [11.285212747643968, 44.532236422408666], [11.285223306300617, 44.5325062872644], [11.28371419225295, 44.5325364876898], [11.283703640554238, 44.532266622551454], [11.283326363411819, 44.53227416947408], [11.283305263937212, 44.53173443901177], [11.281418893401032, 44.53177215424059], [11.281429434367116, 44.53204201983208], [11.281052158076868, 44.53204955921276], [11.28107323697352, 44.53258929049252], [11.280695957056482, 44.53259682876906], [11.280706494986978, 44.532866694457326], [11.27995193123052, 44.532881767415724], [11.279962465829675, 44.53315163323026], [11.279207898003161, 44.533166701348605], [11.279218429270871, 44.53343656728937], [11.278463857374424, 44.533451630567576], [11.278453329585904, 44.53318176448584], [11.277698760578103, 44.53319682264196], [11.27768823641637, 44.53292695640454], [11.276933670297375, 44.532942009438656], [11.276923149762343, 44.532672143045595], [11.276168586532322, 44.53268719095778], [11.276179103588232, 44.53295705749167], [11.275801820012415, 44.53296457965026], [11.275812335476225, 44.53323444623977], [11.275435050013352, 44.533241967223454], [11.275445563885013, 44.53351183386858], [11.275068276535078, 44.53351935367735], [11.27507878881454, 44.53378922037807], [11.27470149957754, 44.533796739011905], [11.274712010264755, 44.53406660576822], [11.274334719140686, 44.53407412322707], [11.27436624686758, 44.53488372361845], [11.274743543210814, 44.53487620594854], [11.274754054487646, 44.53514607264578], [11.273999458174254, 44.53516110688094], [11.273988950376962, 44.534891240043], [11.273611653738987, 44.53489875522218], [11.273622159796503, 44.53516862213045], [11.272867562599009, 44.53518364889332], [11.27285706002105, 44.53491378184444], [11.273234356953674, 44.534906269156], [11.273213348760127, 44.53436653515455], [11.272836055306989, 44.534374047702386], [11.272825553170883, 44.53410418060922], [11.273202844884313, 44.53409666813167], [11.273181837574596, 44.53355693404164], [11.272804549340504, 44.53356444637857], [11.272783546099223, 44.53302471208888], [11.27316083085407, 44.53301719989254], [11.273129321877981, 44.532207598558166], [11.272752042341814, 44.5322151105436], [11.272710039393589, 44.53113564160988], [11.272332766668075, 44.53114315206891], [11.272311769556294, 44.530603417372916], [11.271934500162367, 44.530610926446194], [11.27191350711819, 44.53007119155059], [11.2722907730334, 44.53006368261784], [11.272269777099378, 44.52952394780373], [11.272647039388755, 44.52951643776638], [11.272626040565061, 44.52897670303377], [11.273380557745064, 44.52896167950486], [11.27337005507563, 44.528691812257], [11.274879080711223, 44.52866175053917], [11.27486857123232, 44.528391883557866], [11.277509348245514, 44.528339228108315], [11.277435700804782, 44.526450162274934], [11.277058459561665, 44.526457687724246], [11.277047940827796, 44.52618782104711], [11.276670701176153, 44.526195345181044], [11.276660184328732, 44.52592547841871], [11.275528469705913, 44.52594804313941], [11.275517958222753, 44.52567817615115], [11.274763484548377, 44.52569321293269], [11.274784500706305, 44.52623294717585], [11.274407260170179, 44.52624046383985], [11.274417766731181, 44.52651033100963], [11.274040524308736, 44.52651784649896], [11.274051029278054, 44.526787713724325], [11.273296540513234, 44.52680274110861], [11.273317543937578, 44.52734247579626], [11.272563047627472, 44.52735749848164], [11.272573546082347, 44.5276273659439], [11.27181904570517, 44.52764238378964], [11.271840036100027, 44.52818211895096], [11.271462782212385, 44.52818962614676], [11.271452288680525, 44.527919758503224], [11.270697783942131, 44.52793476901908], [11.270708273995677, 44.528204636803096], [11.270331019666655, 44.528212140263626], [11.270320531352272, 44.52794227240941], [11.269943278615337, 44.52794977455465], [11.269953765190555, 44.52821964247908], [11.268822000880029, 44.52824214165489], [11.268790557247831, 44.527432537205684], [11.268413307401111, 44.527440034230295], [11.26840282822343, 44.527170165980884], [11.26764833156738, 44.52718515615466], [11.267658807266852, 44.527455024544345], [11.268036057407445, 44.52744753000985], [11.268046534992946, 44.52771739831465], [11.267669283113221, 44.52772489291928], [11.267679759106496, 44.527994761279466], [11.267302505340712, 44.52800225470914], [11.26731297974171, 44.52827212312468], [11.266558468291151, 44.52828710638901], [11.266547997368525, 44.52801723783324], [11.26579348880901, 44.52803221597698], [11.265803956253256, 44.528302084672916], [11.266181212345609, 44.52829459615352], [11.266285912254975, 44.530993281600715], [11.26666318559375, 44.53098579113526], [11.266684130816508, 44.531525527907476], [11.267061407487356, 44.53151803605659], [11.267071882058532, 44.531787904350445], [11.267449160321993, 44.531780411184215], [11.2674701133841, 44.53232014758742], [11.266715549752133, 44.53233513295514], [11.266705076626723, 44.53206526462067], [11.265573235295962, 44.5320877331224], [11.265583703202703, 44.53235760166714], [11.264829138102378, 44.53237257458208], [11.264839602676744, 44.53264244325218], [11.26370774870691, 44.53266489349508], [11.26372866785812, 44.53320463121122], [11.26259680213034, 44.53322707066643], [11.262617711430169, 44.53376680874357], [11.262240419081603, 44.533774286211276], [11.262250872211716, 44.53404415529771], [11.261118989067361, 44.534066580438584], [11.26110854115645, 44.5337967111423], [11.260353955140372, 44.533811654869545], [11.26036439957181, 44.5340815243057], [11.260741694392834, 44.534074052994825], [11.260752140710506, 44.53434392234629], [11.260374844149716, 44.534351393727064], [11.260416623926133, 44.535430871265206], [11.261171230819807, 44.535415926698846], [11.261192128546508, 44.535955665099735], [11.261569435253342, 44.53594819080854], [11.261558984576817, 44.5356783216854], [11.261936289397187, 44.53567084621871], [11.261957194376631, 44.53621058431031], [11.262334502530239, 44.53620310745824], [11.26235541157597, 44.53674284535093], [11.262732723062882, 44.53673536711345], [11.262743179545671, 44.53700523596768], [11.263120492625934, 44.53699775641474], [11.263130950995386, 44.53726762518423], [11.26539483683606, 44.53722272129119], [11.265396317411332, 44.53726088723224], [11.265709144316856, 44.53685748140322], [11.265744765315088, 44.536811752720546], [11.26587623636824, 44.53667200757746], [11.265967629112813, 44.53657568484875], [11.266089878118633, 44.53639390060991], [11.266360327359568, 44.53599173577666], [11.266680663573576, 44.53557673963714], [11.26570932953464, 44.53559602305331], [11.265740739421112, 44.536405628067946], [11.264986122128052, 44.53642060308483], [11.26496518901657, 44.53588086614288], [11.264587883629684, 44.53588835164304], [11.264556490282905, 44.53507874590934], [11.264933790450211, 44.53507126061934], [11.264891927749913, 44.533991786381435], [11.266778391589005, 44.53395434265213], [11.266788865742575, 44.534224210883316], [11.26716615980955, 44.5342167183313], [11.267176635849758, 44.53448658647763], [11.2675275536476, 44.53447961652871], [11.267569992251286, 44.53442465138625], [11.268387857603637, 44.53336534113326], [11.26841183518148, 44.533334265033936], [11.268497694456679, 44.53322306096136], [11.269056507779228, 44.532499250630394], [11.269086739650078, 44.53254559796996], [11.2690918219086, 44.532553311155866], [11.26917758980799, 44.53244856319944], [11.269466804753472, 44.532872397144835], [11.269847871927547, 44.53346743283226], [11.270117709504085, 44.53388174755583], [11.270493759363658, 44.53447039893323], [11.270501413019453, 44.534482733228096], [11.270501440270737, 44.534482786701325], [11.270714396801615, 44.534826192951215], [11.270707129049052, 44.53487558140581], [11.27066155466095, 44.53492383228625], [11.270562689930985, 44.53495493097451], [11.270562392988918, 44.53495506291627], [11.270231529621624, 44.535105125805515], [11.270225502922964, 44.53514209305072], [11.27025830729711, 44.535205988863275], [11.27033493632111, 44.535308705277394], [11.27059323061047, 44.535655648270115], [11.27079304597024, 44.535932543870764], [11.270868789434372, 44.536033655852016], [11.271012549548225, 44.53603079611847], [11.271020538460046, 44.53623622969539], [11.271666165298948, 44.53709809427447], [11.272941084768963, 44.53707271782211], [11.272951588525308, 44.53734258475287], [11.274083525857836, 44.537320041052794], [11.27411505367092, 44.53812964112362], [11.273737736154038, 44.538137157146785], [11.273748243979774, 44.53840702387785], [11.272993605023798, 44.53842205232829], [11.273004109516712, 44.53869191918525], [11.272851906615621, 44.538694949276014], [11.27296367930237, 44.53884810000723], [11.273054520884884, 44.5389797087525], [11.273128293388218, 44.539086711294765], [11.273145014071769, 44.53916055921369], [11.27316880797296, 44.53917683011997], [11.27321714001744, 44.53920973520348], [11.273529333416953, 44.539089914975], [11.273571036772026, 44.53915041865501], [11.273677259531231, 44.539117100238556], [11.274464661773957, 44.540256124275814], [11.274737360193086, 44.54065073608598], [11.275617892877522, 44.54032828880277], [11.27561897547651, 44.54032990568241], [11.275722737527191, 44.5402847780849], [11.276454577752563, 44.54139555653959], [11.276753178088857, 44.541858117679936], [11.277280930736728, 44.54184759212278], [11.277270405331649, 44.54157772621719], [11.278402421324621, 44.54155513803491], [11.278391890846157, 44.54128527232592], [11.280655908401869, 44.54124006275212], [11.280645367629303, 44.54097019745143], [11.281400035484884, 44.54095511776959], [11.281410579738026, 44.54122498292918], [11.284051924755, 44.541172164311924], [11.284041368319917, 44.540902299646625], [11.28479603351212, 44.54088719754392], [11.284774914125185, 44.54034746845163], [11.285529571764094, 44.540332361649284], [11.285519008812395, 44.54006249722232], [11.286650988939082, 44.54003982788915], [11.286629853039228, 44.539500099415164], [11.28813914387862, 44.539469856765855], [11.28812856919061, 44.53919999278968], [11.289637850696746, 44.539169730495146], [11.289648432345114, 44.539439594188124], [11.288893788408577, 44.53945472796805], [11.288904366725125, 44.539724591787845], [11.289659014141888, 44.539709457866316], [11.289680178180653, 44.540249185178304], [11.289302851066168, 44.54025675290347], [11.289313431567983, 44.540526616608105], [11.289690760422651, 44.5405190488121], [11.28971192535189, 44.541058776035335], [11.290089257538577, 44.54105120685212], [11.29007867325952, 44.54078134331872], [11.29083333370709, 44.540766201357215], [11.290822746096072, 44.540496337950735], [11.291200074356938, 44.54048876517247], [11.291189485154232, 44.54021890182206], [11.290812158633539, 44.540226474529454], [11.290790984153926, 44.53968674764249], [11.290413660965026, 44.53969431896264], [11.29040307568804, 44.53942445542612], [11.290780397136839, 44.53941688417684], [11.290769810268227, 44.53914702069638], [11.291524449240217, 44.539131874603], [11.291503268988262, 44.53859214788116], [11.291880584771418, 44.538584573108], [11.29186999312822, 44.538314709795756], [11.292247307022839, 44.53830713384801], [11.29223671378821, 44.538037270591886], [11.292330305742949, 44.53803539093765], [11.291828291402224, 44.537252159063556], [11.291838219089854, 44.537505119770294], [11.291460910266542, 44.53751269425994], [11.291471499724205, 44.537782557687436]], [[11.273664185499973, 44.53624808961583], [11.273674692294204, 44.53651795645027], [11.272920077698195, 44.53653298391628], [11.272909574383764, 44.53626311694122], [11.273664185499973, 44.53624808961583]], [[11.265971455325802, 44.53261998180165], [11.265981925265752, 44.532889850246804], [11.265604639456583, 44.53289733871235], [11.265594171256241, 44.53262747019713], [11.265971455325802, 44.53261998180165]], [[11.289204130857797, 44.528105306346525], [11.289246434011611, 44.52918476345564], [11.288869178223676, 44.5291923282778], [11.288826882026356, 44.52811287088553], [11.289204130857797, 44.528105306346525]], [[11.294369009682597, 44.52503077471679], [11.294390206387376, 44.52557050164198], [11.294767437341445, 44.52556291906628], [11.294799238729798, 44.526372509130184], [11.294422002559164, 44.52638009191876], [11.294432601580338, 44.52664995531475], [11.294055363522176, 44.52665753692934], [11.294065960953043, 44.526927400381496], [11.293688721007346, 44.52693498082206], [11.29369931684786, 44.52720484433033], [11.293322075014622, 44.52721242359686], [11.293311480913069, 44.526942560017645], [11.292557000278874, 44.52695771467393], [11.292535819477141, 44.52641798718748], [11.292158582415134, 44.52642556250637], [11.292137405685171, 44.52588583481895], [11.292514639269411, 44.52587825964183], [11.292493459655669, 44.52533853203702], [11.29287068961375, 44.52533095575678], [11.292860098290822, 44.52506109200308], [11.294369009682597, 44.52503077471679]]]}}, {"type": "Feature", "properties": {"threshold": "ge_3", "source": "HistorySUHI", "period": "2013-2025", "hotspot_percentile": "top_10_pct", "label": ">= 3 estati"}, "geometry": {"type": "Polygon", "coordinates": [[[11.293252076170207, 44.5350460410347], [11.293253981369284, 44.53509455966071], [11.293541749256741, 44.53504022129233], [11.293252076170207, 44.5350460410347]]]}}, {"type": "Feature", "properties": {"threshold": "ge_3", "source": "HistorySUHI", "period": "2013-2025", "hotspot_percentile": "top_10_pct", "label": ">= 3 estati"}, "geometry": {"type": "Polygon", "coordinates": [[[11.264671605678657, 44.53804729961719], [11.264677077159547, 44.53818838325294], [11.264788277545495, 44.53804498483327], [11.264671605678657, 44.53804729961719]]]}}, {"type": "Feature", "properties": {"threshold": "ge_3", "source": "HistorySUHI", "period": "2013-2025", "hotspot_percentile": "top_10_pct", "label": ">= 3 estati"}, "geometry": {"type": "Polygon", "coordinates": [[[11.264315214724794, 44.538594521418375], [11.264317449034973, 44.538652141692125], [11.264354922482326, 44.538603817706765], [11.26436286441401, 44.538593576191474], [11.264315214724794, 44.538594521418375]]]}}, {"type": "Feature", "properties": {"threshold": "ge_3", "source": "HistorySUHI", "period": "2013-2025", "hotspot_percentile": "top_10_pct", "label": ">= 3 estati"}, "geometry": {"type": "Polygon", "coordinates": [[[11.262868668778308, 44.54024366106822], [11.2628791271677, 44.54051352973074], [11.262501791318632, 44.54052100894804], [11.26252136061451, 44.54102604928187], [11.262707140316547, 44.54080578617531], [11.262828389003483, 44.54066202505002], [11.262890370136622, 44.540565558634505], [11.263100120261235, 44.540239072314755], [11.262868668778308, 44.54024366106822]]]}}, {"type": "Feature", "properties": {"threshold": "ge_3", "source": "HistorySUHI", "period": "2013-2025", "hotspot_percentile": "top_10_pct", "label": ">= 3 estati"}, "geometry": {"type": "Polygon", "coordinates": [[[11.26214536558033, 44.54106822448043], [11.262160315767922, 44.54145410928328], [11.262491575200636, 44.54106136330013], [11.26214536558033, 44.54106822448043]]]}}, {"type": "Feature", "properties": {"threshold": "ge_3", "source": "HistorySUHI", "period": "2013-2025", "hotspot_percentile": "top_10_pct", "label": ">= 3 estati"}, "geometry": {"type": "Polygon", "coordinates": [[[11.26178893332043, 44.54161543898809], [11.26179984729601, 44.541897180690796], [11.261901744339838, 44.54176067531494], [11.262028242634184, 44.54161069710429], [11.26178893332043, 44.54161543898809]]]}}, {"type": "Feature", "properties": {"threshold": "ge_3", "source": "HistorySUHI", "period": "2013-2025", "hotspot_percentile": "top_10_pct", "label": ">= 3 estati"}, "geometry": {"type": "Polygon", "coordinates": [[[11.258905914347817, 44.54518351069561], [11.258923252710142, 44.545631612262355], [11.259306749412424, 44.54517557699433], [11.258905914347817, 44.54518351069561]]]}}, {"type": "Feature", "properties": {"threshold": "ge_3", "source": "HistorySUHI", "period": "2013-2025", "hotspot_percentile": "top_10_pct", "label": ">= 3 estati"}, "geometry": {"type": "Polygon", "coordinates": [[[11.258559868159148, 44.54600058506332], [11.25856500076679, 44.546133252301075], [11.25866048652571, 44.545998594168374], [11.258559868159148, 44.54600058506332]]]}}, {"type": "Feature", "properties": {"threshold": "ge_3", "source": "HistorySUHI", "period": "2013-2025", "hotspot_percentile": "top_10_pct", "label": ">= 3 estati"}, "geometry": {"type": "Polygon", "coordinates": [[[11.258203373564829, 44.54654778923921], [11.258206874570638, 44.54663829616461], [11.258272015970489, 44.546546431253944], [11.258203373564829, 44.54654778923921]]]}}, {"type": "Feature", "properties": {"threshold": "ge_3", "source": "HistorySUHI", "period": "2013-2025", "hotspot_percentile": "top_10_pct", "label": ">= 3 estati"}, "geometry": {"type": "Polygon", "coordinates": [[[11.257836434908597, 44.546825123102074], [11.257844496480608, 44.54703355879482], [11.2579663526182, 44.54692115015757], [11.25801458117663, 44.54687592178415], [11.258075509752036, 44.54682039413976], [11.257836434908597, 44.546825123102074]]]}}, {"type": "Feature", "properties": {"threshold": "ge_3", "source": "HistorySUHI", "period": "2013-2025", "hotspot_percentile": "top_10_pct", "label": ">= 3 estati"}, "geometry": {"type": "Polygon", "coordinates": [[[11.257479928713567, 44.54737232518668], [11.257469492770532, 44.547102455843984], [11.255582592197117, 44.5471397544264], [11.255593019435333, 44.54740962411815], [11.25483825470009, 44.54742453496905], [11.254827830943817, 44.54715466513777], [11.254450450097853, 44.54716211862455], [11.254471294274625, 44.54770185841189], [11.254093909800499, 44.54770931079219], [11.25410433036713, 44.54797918073349], [11.253726944005818, 44.54798663193755], [11.253737362977558, 44.548256501933864], [11.254114751079925, 44.548249050660075], [11.254135592944008, 44.54878879046904], [11.25451298438239, 44.54878133780978], [11.254502561636164, 44.548511467982394], [11.254879951187254, 44.54850401414687], [11.254921650013861, 44.54958349308893], [11.255299046383264, 44.54957603772833], [11.255257340592129, 44.54849655906534], [11.255634729850764, 44.548489102737804], [11.25561387435053, 44.54794936345745], [11.257123415993783, 44.547919526245735], [11.257123487962302, 44.54792138754231], [11.257542549469305, 44.54737108672739], [11.257479928713567, 44.54737232518668]]]}}, {"type": "Feature", "properties": {"threshold": "ge_3", "source": "HistorySUHI", "period": "2013-2025", "hotspot_percentile": "top_10_pct", "label": ">= 3 estati"}, "geometry": {"type": "Polygon", "coordinates": [[[11.266820289084631, 44.53503381548839], [11.266833668687294, 44.53537852123803], [11.267104099287037, 44.53502817791126], [11.266820289084631, 44.53503381548839]]]}}, {"type": "Feature", "properties": {"threshold": "ge_3", "source": "HistorySUHI", "period": "2013-2025", "hotspot_percentile": "top_10_pct", "label": ">= 3 estati"}, "geometry": {"type": "Polygon", "coordinates": [[[11.284965009935604, 44.54520502815326], [11.284954447798196, 44.54493516385107], [11.283822371468107, 44.54495781831649], [11.283832928383617, 44.54522768283069], [11.282323484241484, 44.54525787162624], [11.282312934288539, 44.54498800682953], [11.281935574623668, 44.54499555084334], [11.281914478642898, 44.5444558210644], [11.281537122311317, 44.54446336369127], [11.281516030403424, 44.54392363371205], [11.28113867740506, 44.54393117495201], [11.281128133413509, 44.54366130986966], [11.280750782007797, 44.54366884979332], [11.280729697949324, 44.54312911944316], [11.279975001656357, 44.54314419527113], [11.279953925151101, 44.5426044645797], [11.27957658026381, 44.542612000484084], [11.279650338435188, 44.54450105813913], [11.280027695506094, 44.544493521741096], [11.28004877408068, 44.545033252225636], [11.280426134485014, 44.545025714440754], [11.280436675734697, 44.54529557959032], [11.280814037731846, 44.5452880404891], [11.280824580870057, 44.545557905553345], [11.282334034342396, 44.54552773640815], [11.282344584591282, 44.54579760117529], [11.283099313921106, 44.545782508986626], [11.2831098677994, 44.54605237359776], [11.283864600018555, 44.54603727628457], [11.283875857481693, 44.546325012304976], [11.283905709942182, 44.54631131088812], [11.285249855347375, 44.545571446575245], [11.28528610505997, 44.545534323685274], [11.285491922092174, 44.545323532255054], [11.285740946703301, 44.5451894927727], [11.284965009935604, 44.54520502815326]]]}}, {"type": "Feature", "properties": {"threshold": "ge_3", "source": "HistorySUHI", "period": "2013-2025", "hotspot_percentile": "top_10_pct", "label": ">= 3 estati"}, "geometry": {"type": "Polygon", "coordinates": [[[11.306837160289701, 44.43916472142235], [11.306083817290043, 44.43917994190383], [11.30609443782628, 44.43944980722448], [11.306847784287914, 44.43943458660055], [11.306837160289701, 44.43916472142235]]]}}, {"type": "Feature", "properties": {"threshold": "ge_3", "source": "HistorySUHI", "period": "2013-2025", "hotspot_percentile": "top_10_pct", "label": ">= 3 estati"}, "geometry": {"type": "Polygon", "coordinates": [[[11.343880959873449, 44.45110388886439], [11.343859362327049, 44.450564173790404], [11.343482627543514, 44.450571908293604], [11.343471830729062, 44.45030205066191], [11.34271836417183, 44.45031751579895], [11.342761538482497, 44.45139694681537], [11.343515018894495, 44.45138148109942], [11.34350422162623, 44.45111162351236], [11.343880959873449, 44.45110388886439]]]}}, {"type": "Feature", "properties": {"threshold": "ge_3", "source": "HistorySUHI", "period": "2013-2025", "hotspot_percentile": "top_10_pct", "label": ">= 3 estati"}, "geometry": {"type": "Polygon", "coordinates": [[[11.346761476340324, 44.48534468633927], [11.34675065131647, 44.48507483098987], [11.345996739068676, 44.485090327238], [11.346040026194753, 44.48616974912632], [11.346793952322221, 44.48615425229813], [11.346783126843198, 44.4858843969934], [11.34716008794436, 44.48587664678722], [11.347170915158376, 44.48614650201944], [11.348301802756229, 44.48612324372492], [11.348290970337251, 44.48585338871035], [11.347914009691412, 44.48586114264571], [11.347903179159218, 44.4855912875437], [11.347526220096542, 44.48559904016343], [11.347515391451083, 44.485329184973985], [11.346761476340324, 44.48534468633927]]]}}, {"type": "Feature", "properties": {"threshold": "ge_3", "source": "HistorySUHI", "period": "2013-2025", "hotspot_percentile": "top_10_pct", "label": ">= 3 estati"}, "geometry": {"type": "Polygon", "coordinates": [[[11.30591685710946, 44.4923888398836], [11.305539843018124, 44.49239645484175], [11.305561118657339, 44.49293618062815], [11.305938136220265, 44.49292856552748], [11.30591685710946, 44.4923888398836]]]}}, {"type": "Feature", "properties": {"threshold": "ge_3", "source": "HistorySUHI", "period": "2013-2025", "hotspot_percentile": "top_10_pct", "label": ">= 3 estati"}, "geometry": {"type": "Polygon", "coordinates": [[[11.310032027439567, 44.49149540705376], [11.309655020197155, 44.49150303547559], [11.309644363956128, 44.49123317330021], [11.308890352494544, 44.49124842627092], [11.30890100526425, 44.49151828858904], [11.308523997573802, 44.49152591328067], [11.308534648757139, 44.49179577565531], [11.308157639181704, 44.49180339917488], [11.308189588420293, 44.492612986423914], [11.307812573488357, 44.492620608914045], [11.30786581652581, 44.49396992105602], [11.308242840136947, 44.493962298209205], [11.308232189495037, 44.49369243588179], [11.308986232797633, 44.49367718660035], [11.308996886911311, 44.49394704878505], [11.309750933088306, 44.49393179438688], [11.309729618066816, 44.49339207028814], [11.310483656702793, 44.49337681120154], [11.310419694394344, 44.491757639406316], [11.310042685565644, 44.49176526914293], [11.310032027439567, 44.49149540705376]]]}}, {"type": "Feature", "properties": {"threshold": "ge_3", "source": "HistorySUHI", "period": "2013-2025", "hotspot_percentile": "top_10_pct", "label": ">= 3 estati"}, "geometry": {"type": "Polygon", "coordinates": [[[11.299204841448805, 44.49441476734266], [11.299958898848429, 44.494399577465494], [11.299948286247892, 44.494129713586176], [11.300325312988607, 44.494122116853354], [11.300304084761951, 44.49358238919251], [11.299173014509144, 44.49360517523386], [11.299183623340321, 44.493875039284944], [11.298806597889348, 44.49388263221608], [11.298817205133284, 44.4941524963234], [11.299194232320207, 44.4941449033212], [11.299204841448805, 44.49441476734266]]]}}, {"type": "Feature", "properties": {"threshold": "ge_3", "source": "HistorySUHI", "period": "2013-2025", "hotspot_percentile": "top_10_pct", "label": ">= 3 estati"}, "geometry": {"type": "Polygon", "coordinates": [[[11.30825349092815, 44.494232160521804], [11.30749944008478, 44.494247405114585], [11.307510087553403, 44.49451726755501], [11.308264141868651, 44.49450202281958], [11.30825349092815, 44.494232160521804]]]}}, {"type": "Feature", "properties": {"threshold": "ge_3", "source": "HistorySUHI", "period": "2013-2025", "hotspot_percentile": "top_10_pct", "label": ">= 3 estati"}, "geometry": {"type": "Polygon", "coordinates": [[[11.304557668940685, 44.49619737450786], [11.304180629949755, 44.49620498548929], [11.30419126283809, 44.49647484846742], [11.304568303565153, 44.49646723741477], [11.304557668940685, 44.49619737450786]]]}}, {"type": "Feature", "properties": {"threshold": "ge_3", "source": "HistorySUHI", "period": "2013-2025", "hotspot_percentile": "top_10_pct", "label": ">= 3 estati"}, "geometry": {"type": "Polygon", "coordinates": [[[11.306097748567884, 44.496976505967226], [11.305720704964946, 44.49698412213693], [11.305741985674699, 44.49752384741953], [11.30611903275005, 44.497516231107284], [11.306097748567884, 44.496976505967226]]]}}, {"type": "Feature", "properties": {"threshold": "ge_3", "source": "HistorySUHI", "period": "2013-2025", "hotspot_percentile": "top_10_pct", "label": ">= 3 estati"}, "geometry": {"type": "Polygon", "coordinates": [[[11.315598591185207, 44.498674722774815], [11.315975643055072, 44.49866707376974], [11.3159435793378, 44.49785749183155], [11.315566532676685, 44.49786514062189], [11.315555846806769, 44.497595279874574], [11.315178801732067, 44.497602927349696], [11.315168117748122, 44.497333066515985], [11.31365994289663, 44.49736364369381], [11.313670619935827, 44.49763350481367], [11.31291652813959, 44.49764878608373], [11.312937875722076, 44.49818850856498], [11.312183776382408, 44.49820378514634], [11.312194446925545, 44.49847364650766], [11.312571498406452, 44.49846600876734], [11.31260351614232, 44.499275592547946], [11.311472345623958, 44.49929850268099], [11.31149368111095, 44.499838225556026], [11.311116620499604, 44.499845859922466], [11.311148619642328, 44.500655444338165], [11.312279816655746, 44.500632536864465], [11.312247801884984, 44.499822953091886], [11.312624862047624, 44.49981531499418], [11.312614189020165, 44.499545453778474], [11.313745363401111, 44.499522532237386], [11.31373468531417, 44.49925267122135], [11.315242908780931, 44.49922209204044], [11.315232223898345, 44.49895223129573], [11.315609277654314, 44.49894458346278], [11.315598591185207, 44.498674722774815]]]}}, {"type": "Feature", "properties": {"threshold": "ge_3", "source": "HistorySUHI", "period": "2013-2025", "hotspot_percentile": "top_10_pct", "label": ">= 3 estati"}, "geometry": {"type": "Polygon", "coordinates": [[[11.308057522361862, 44.49882744169908], [11.308068174104452, 44.499097303816214], [11.307314060461255, 44.499112548489656], [11.307324708880406, 44.499382410734626], [11.306570591167365, 44.49939765057575], [11.306645109970473, 44.501286686873975], [11.307399251994239, 44.501271446034515], [11.307388602530127, 44.501001583893284], [11.309273946293821, 44.50096346038444], [11.309252630448379, 44.50042373677103], [11.309629695279986, 44.500416108480614], [11.309608376559257, 44.49987638495067], [11.309985437768539, 44.499868755559255], [11.309932134899757, 44.49851944683197], [11.309178029695424, 44.49853470365713], [11.309188686497668, 44.49880456557503], [11.308057522361862, 44.49882744169908]]]}}, {"type": "Feature", "properties": {"threshold": "ge_3", "source": "HistorySUHI", "period": "2013-2025", "hotspot_percentile": "top_10_pct", "label": ">= 3 estati"}, "geometry": {"type": "Polygon", "coordinates": [[[11.33381538771338, 44.5012745964813], [11.333826159182783, 44.50154445355677], [11.334203224669336, 44.50153674399029], [11.334192451463485, 44.50126688698697], [11.33381538771338, 44.5012745964813]]]}}, {"type": "Feature", "properties": {"threshold": "ge_3", "source": "HistorySUHI", "period": "2013-2025", "hotspot_percentile": "top_10_pct", "label": ">= 3 estati"}, "geometry": {"type": "Polygon", "coordinates": [[[11.340721350393862, 44.50410404799727], [11.340344270112654, 44.50411177943107], [11.340268655772885, 44.5022227892282], [11.339514519068222, 44.5022382473516], [11.339503721098334, 44.50196839140417], [11.339126654255416, 44.50197611852788], [11.33911585817335, 44.50170626249326], [11.338361727506433, 44.501721712864786], [11.338372520115577, 44.50199156904398], [11.33761838537056, 44.50200701458499], [11.33762917465802, 44.502276870893866], [11.337252105322134, 44.50228459187095], [11.337262893024324, 44.5025544482372], [11.336885821800696, 44.50256216804273], [11.336907394185644, 44.50310188087509], [11.335776169188266, 44.5031250332622], [11.335786950397756, 44.50339488987271], [11.335409873359724, 44.50340260491962], [11.335420652983723, 44.50367246158747], [11.334666494981079, 44.5036878880941], [11.334677271282882, 44.50395774489145], [11.333923109202647, 44.503973166566965], [11.33393388218215, 44.50424302349376], [11.3335567991788, 44.504250732537834], [11.333578342117423, 44.504790446491114], [11.333201255489618, 44.504798154435576], [11.333212025448669, 44.50506801146203], [11.332457848266603, 44.50508342376344], [11.332447081781089, 44.50481356659275], [11.332069994700415, 44.50482127080547], [11.33203770135962, 44.50401169898792], [11.332414783230123, 44.504003994991464], [11.332404017348319, 44.50373413776132], [11.333158177163183, 44.503718726181035], [11.333147407959007, 44.50344886908024], [11.333524485903352, 44.503441161496426], [11.333513715113526, 44.5031713044529], [11.333890791170262, 44.503163595697366], [11.333858474496996, 44.50235402469396], [11.334235545193026, 44.50234631491105], [11.334213998026206, 44.50180660097874], [11.333082795904168, 44.501829726163265], [11.33309356420258, 44.502099583353264], [11.331962355512468, 44.502122697560054], [11.331983882142922, 44.50266241232805], [11.330852661675593, 44.50268551577304], [11.330863420007399, 44.50295537335095], [11.33048634448004, 44.50296307208367], [11.330497101226051, 44.503232929718756], [11.329742946245748, 44.50324832359675], [11.329775206968565, 44.50405789684501], [11.330529372368858, 44.50404250253485], [11.330550887218072, 44.50458221767127], [11.330927973165469, 44.50457451850626], [11.33097101162079, 44.50565394831257], [11.33059391872621, 44.50566164776577], [11.330604676980283, 44.50593150525225], [11.329850487264979, 44.50594690057086], [11.329839732484624, 44.50567704294031], [11.32908554563996, 44.505692433139046], [11.329042541920643, 44.504613001892196], [11.328288368367568, 44.50462838653918], [11.328277621288018, 44.50435852854636], [11.326015107434241, 44.50440465220166], [11.325993634567778, 44.50386493530819], [11.325616551872004, 44.503872618086596], [11.325573614891795, 44.50279318383386], [11.325196538992179, 44.502800865080836], [11.325175074878102, 44.5022611477216], [11.324798002301218, 44.50226882758099], [11.324776542262002, 44.5017291100186], [11.325153611365803, 44.50172143030294], [11.325121417225645, 44.50091185406356], [11.325498480969571, 44.50090417331973], [11.325477015488792, 44.50036445589631], [11.325854075609431, 44.50035677405249], [11.325811139507897, 44.49927733931495], [11.326188192532701, 44.49926965651499], [11.3261667219122, 44.498729939200885], [11.326543771313988, 44.49872225530104], [11.326533034493238, 44.49845239669362], [11.326155986827677, 44.49846008052156], [11.326123782476989, 44.49765050439447], [11.324992654203177, 44.497673547769416], [11.324971195805167, 44.49713382984581], [11.323840076594534, 44.49715686159708], [11.32385080050998, 44.49742672078183], [11.32309671681232, 44.49744206920828], [11.323161042627408, 44.499061224866836], [11.32278399013586, 44.49906889764542], [11.32282687007306, 44.50014833474139], [11.322449810485894, 44.500156006563465], [11.322460529109483, 44.500425865872124], [11.319821095638689, 44.50047953430409], [11.3198318022575, 44.50074939410014], [11.319454737996116, 44.50075705611567], [11.31946544302855, 44.50102691596857], [11.319842509026401, 44.501019253881346], [11.319853215945393, 44.501289113647715], [11.322115619198627, 44.50124311457451], [11.322201363310624, 44.50340198872727], [11.321824282584519, 44.503409658923154], [11.321877868854173, 44.50475895514501], [11.321500779294098, 44.50476662445584], [11.32152221138002, 44.505306342984206], [11.32114511819605, 44.50531401119462], [11.321155832727483, 44.505583870508296], [11.320778737656434, 44.505591537546486], [11.320789450601179, 44.50586139691706], [11.320412353643047, 44.50586906278301], [11.320433776509221, 44.50640878162311], [11.320056675927049, 44.50641644638853], [11.320078095919916, 44.50695616531269], [11.31970099171362, 44.506963828977526], [11.319743826552891, 44.508043266934614], [11.31936671524821, 44.50805092964224], [11.31937742259623, 44.50832078916612], [11.31900030940431, 44.50832845070134], [11.319011015165286, 44.50859831028207], [11.318633900086121, 44.50860597064488], [11.318644604260008, 44.508875830282456], [11.318267487293596, 44.50888348947283], [11.318278189880346, 44.50915334916722], [11.317901071026679, 44.509161007185135], [11.317911772026239, 44.50943086693637], [11.317534651285314, 44.50943852378179], [11.317545350697637, 44.50970838358984], [11.31716822806945, 44.509716039262756], [11.31717892589449, 44.50998589912759], [11.31680180137903, 44.509993553627965], [11.316812497616738, 44.51026341354961], [11.316435371214006, 44.51027106687743], [11.31644606586433, 44.510540926855846], [11.316068937574318, 44.510548579011086], [11.316079630637216, 44.51081843904628], [11.315702500459919, 44.5108260900289], [11.315713191935334, 44.51109595012087], [11.31420466277787, 44.51112654189547], [11.314215347453477, 44.51139640225887], [11.313461078500998, 44.51141169082384], [11.31347175985149, 44.51168155131548], [11.311586076162744, 44.51171975131102], [11.311575403499585, 44.511449890461904], [11.31044399670299, 44.511472795313686], [11.310454664153719, 44.511742656377145], [11.309700388733198, 44.511757920199884], [11.309711052858471, 44.51202778139136], [11.309333913186423, 44.51203541150771], [11.309344575723673, 44.51230527275577], [11.308590292456055, 44.5123205293984], [11.30860095166767, 44.51259039077439], [11.308223808072116, 44.51259801730063], [11.308234465695584, 44.51286787873317], [11.307857320213017, 44.51287550408645], [11.30786797624829, 44.513145365575525], [11.307490828878702, 44.513152989755824], [11.30750148332573, 44.513422851301435], [11.306747184663148, 44.51343809607166], [11.306725882869017, 44.512898372680326], [11.306348736789, 44.5129059930563], [11.306338087853527, 44.51263613126708], [11.305960943361816, 44.51264375032741], [11.305950296313227, 44.51237388845208], [11.305573153409826, 44.51238150619682], [11.30556250824807, 44.51211164423536], [11.30443108385517, 44.51213448978988], [11.304441723804226, 44.51240435196512], [11.30331029285605, 44.512427186534595], [11.303320927741488, 44.51269704890869], [11.302189490238579, 44.51271987249287], [11.302200120060233, 44.512989735065744], [11.301822972190198, 44.51299734050964], [11.301854857336332, 44.51380692835291], [11.300723397193066, 44.51382973785886], [11.300712773875146, 44.5135598750458], [11.299958469843643, 44.51357507501893], [11.299937230605359, 44.51303534906389], [11.299560081841628, 44.51304294704169], [11.299549464183468, 44.51277308397085], [11.298795169684745, 44.512788276051204], [11.298784555650707, 44.5125184128234], [11.298407409915749, 44.51252600692599], [11.298396797768131, 44.512256143612305], [11.298019653621994, 44.51226373639951], [11.298030264032002, 44.51253359978424], [11.296898825488288, 44.512556370892966], [11.296920036328673, 44.51309609804421], [11.297297186133946, 44.51308850877693], [11.297307793514868, 44.51335837225934], [11.29768494490911, 44.51335078167666], [11.297695554176467, 44.51362064507322], [11.298072707159676, 44.51361305317513], [11.298083318313518, 44.513882916485834], [11.298460472885687, 44.5138753232723], [11.29847108592606, 44.514145186497146], [11.298848242087184, 44.51413759196815], [11.298858857014139, 44.514407455107126], [11.299236014764213, 44.51439985926263], [11.299246631577796, 44.51466972231571], [11.30000095010696, 44.51465452675129], [11.30001157054504, 44.514924389647355], [11.300765891954219, 44.514909188962996], [11.300776516016889, 44.515179051702006], [11.301153678235893, 44.515171449422034], [11.301164304185383, 44.51544131207509], [11.301541467993266, 44.515433708479506], [11.30155209582962, 44.5157035710466], [11.302306426474095, 44.51568835997975], [11.302317057935268, 44.51595822238968], [11.302694224771827, 44.51595061491837], [11.302704858119988, 44.51622047724229], [11.303459194821661, 44.516205258423845], [11.303480468917078, 44.51674498274242], [11.303857640520127, 44.51673737132401], [11.303847001659886, 44.51646750924336], [11.304224171375804, 44.516459896651696], [11.30421353092679, 44.51619003462747], [11.303836362948806, 44.5161976471479], [11.303825724386892, 44.51592778503761], [11.304202890626959, 44.51592017258843], [11.304181610474847, 44.51538044846589], [11.303804447710535, 44.51538806077261], [11.30379380959609, 44.515118198617884], [11.304548131499859, 44.51510297290249], [11.304537490058934, 44.514833110875436], [11.306423283517887, 44.51479502516582], [11.306433933647844, 44.51506488683648], [11.307565413144966, 44.51504202026375], [11.307554757801618, 44.51477215880708], [11.308309073243851, 44.51475690834588], [11.308298414574368, 44.51448704701711], [11.308675570333573, 44.514479419991275], [11.30866491007579, 44.51420955871906], [11.309796371243333, 44.51418667038937], [11.309807036714313, 44.5144565314474], [11.310938501749233, 44.51443363170402], [11.310917160530526, 44.51389391000172], [11.311294311767565, 44.51388627440806], [11.311283639644948, 44.51361641360612], [11.314300830251332, 44.513555284632034], [11.314290144377258, 44.513285424387306], [11.316553020614583, 44.513239525824], [11.316563716914365, 44.513509385639196], [11.316940864166797, 44.513501731451896], [11.31696226069155, 44.51404145089453], [11.317716561696988, 44.514026138500356], [11.317727263659712, 44.514295998056134], [11.318104415675052, 44.51428833992085], [11.318115119525519, 44.5145581993901], [11.318869426581351, 44.5145428792431], [11.318890841683434, 44.51508259785037], [11.320022311567556, 44.51505960786683], [11.320033024557068, 44.51532946693306], [11.3204101826225, 44.5153218010447], [11.320420897499995, 44.51559166002434], [11.320798057152976, 44.51558399281984], [11.320819490834285, 44.51612371059112], [11.321196653812637, 44.51611604199867], [11.321207372616527, 44.51638590079027], [11.32158453718244, 44.51637823088162], [11.321595257874487, 44.51664808958662], [11.321218091570703, 44.51665575956702], [11.321250249334971, 44.51746533580823], [11.32162742085251, 44.517457665612476], [11.321659585183413, 44.51826724150473], [11.322036761764597, 44.518259569849114], [11.322047485246923, 44.51852942837838], [11.32242466341579, 44.51852175540645], [11.322435388786529, 44.51879161384906], [11.322812568543073, 44.51878393956078], [11.322834023211884, 44.519323656257825], [11.323588389226092, 44.51930830366031], [11.323566927604924, 44.51876858725058], [11.32394410691018, 44.518760909228675], [11.323922642414756, 44.518221192903255], [11.324299818093465, 44.518213513780545], [11.324289084333467, 44.5179436556674], [11.325043431763376, 44.51792829383219], [11.325032694677935, 44.517658435847956], [11.32540986642912, 44.5176507531355], [11.325420605252527, 44.51792061104783], [11.325797778591111, 44.51791292701896], [11.325765557358762, 44.51710335345312], [11.325388389233998, 44.517111037266275], [11.32537765086228, 44.51684117930938], [11.325000484324846, 44.516848861806174], [11.324989747841554, 44.51657900376254], [11.32310392158625, 44.51661739722038], [11.32309319394275, 44.51634753880261], [11.32233886586331, 44.516362887330985], [11.322285247279744, 44.515013594301266], [11.321908091703435, 44.51502126633982], [11.32189737017549, 44.51475140761753], [11.321520216186581, 44.51475907833992], [11.32150949654665, 44.514489219531015], [11.321132344145145, 44.514496888937266], [11.321121626393182, 44.514227030041745], [11.321875927570549, 44.514211690128434], [11.321854485566865, 44.51367197257995], [11.322231632454823, 44.51366430090036], [11.322220909940848, 44.51339444217563], [11.322975199790552, 44.5133790952271], [11.322985925779713, 44.5136489538082], [11.324117364639129, 44.513625923837594], [11.324128095991508, 44.51389578218834], [11.324505243714711, 44.51388810297097], [11.324526710346127, 44.51442781948419], [11.327166764520554, 44.51437402911485], [11.327188256081456, 44.51491374456192], [11.327565409550713, 44.514906055102166], [11.32757615729486, 44.51517591273146], [11.3283304672567, 44.5151605299349], [11.328341218626994, 44.515430387405374], [11.330226999581857, 44.51539190827744], [11.330216239522969, 44.51512205116704], [11.330593393523746, 44.51511435168036], [11.330561109039232, 44.51430478047613], [11.330938257676143, 44.51429707996128], [11.330927494745449, 44.51402722293556], [11.33055034784615, 44.51403492337835], [11.330539586803939, 44.51376506626568], [11.330162441491355, 44.5137727653921], [11.330151682337581, 44.51350290819252], [11.329774538611721, 44.513510606002605], [11.329763781346333, 44.51324074871614], [11.327878069142988, 44.513279218742085], [11.32785657243981, 44.512739503404575], [11.327479433022003, 44.512747193532974], [11.327468686633935, 44.51247733576996], [11.327845824314256, 44.51246964571354], [11.32783507633939, 44.512199788007635], [11.328212212131564, 44.51219209677892], [11.328201462569949, 44.511922239130136], [11.328955730227282, 44.511906853083964], [11.328944977341559, 44.5116369955643], [11.329322109206702, 44.51162930074688], [11.329300600412779, 44.511089585807], [11.329677728652415, 44.5110818898894], [11.329666972744286, 44.51081203246918], [11.3304212252965, 44.51079663704548], [11.330410466064565, 44.51052677975447], [11.330787590377128, 44.510519080248415], [11.330776829558761, 44.51024922301459], [11.331153951983188, 44.510241522336415], [11.33113242732457, 44.50970180796832], [11.331509546123655, 44.509694106190146], [11.33147725505582, 44.50888453474274], [11.332608594913069, 44.508861422592325], [11.332619363662866, 44.509131279540036], [11.333373592953823, 44.509115865075074], [11.333384365328905, 44.50938572186367], [11.334138597490083, 44.50937030227803], [11.334127821640696, 44.50910044563371], [11.334504935757538, 44.509092734046895], [11.334494158322094, 44.508822877459885], [11.335248382628235, 44.508807450698335], [11.335237601869691, 44.508537594240835], [11.335991822097089, 44.508522162647374], [11.336002606329814, 44.508792018960484], [11.336379717953834, 44.508784301225425], [11.3364012903471, 44.5093240136626], [11.336778405294147, 44.509316294539026], [11.336799981766625, 44.509856006772225], [11.336422863345238, 44.50986372604029], [11.336433650071141, 44.51013358220681], [11.333793804728032, 44.51018758275308], [11.333836904500174, 44.51126700929185], [11.335345416256741, 44.51123615814687], [11.335356198526801, 44.51150601445569], [11.334979069077004, 44.51151372918041], [11.335011411582032, 44.512323298234215], [11.334634276768927, 44.51233101193127], [11.334698955435089, 44.51395015007055], [11.335076100673183, 44.513942435940365], [11.335086882717436, 44.514212292172665], [11.335464029541946, 44.51420457672599], [11.335485597559188, 44.5147442890016], [11.335862747707736, 44.51473657216618], [11.335873533680802, 44.51500642820946], [11.336250685415779, 44.51499871005749], [11.336293837771143, 44.516078133793016], [11.337802471001572, 44.5160472475856], [11.337791675734893, 44.515777391963056], [11.33816883192644, 44.51576966737254], [11.338158035073405, 44.51549981180739], [11.338535189375868, 44.51549208604478], [11.338524390936525, 44.51522223053707], [11.33890154334991, 44.51521450360241], [11.338879943450126, 44.51467479268697], [11.339257092236812, 44.514667064652606], [11.33924629077644, 44.5143972092449], [11.340377731014964, 44.514374017892905], [11.340366924493306, 44.51410416268732], [11.34149835815554, 44.51408096035372], [11.341476735141566, 44.51354125033217], [11.341853875917463, 44.51353351387718], [11.341843062900352, 44.51326365891647], [11.34146592386194, 44.51327139529907], [11.34145511273389, 44.51300154025109], [11.34107797528137, 44.51300927531704], [11.341067166042333, 44.512739420181795], [11.340690030175715, 44.51274715393114], [11.340646801684503, 44.511667732951864], [11.341023930601585, 44.511659999492025], [11.341013122120236, 44.511390144282366], [11.340635994940477, 44.51139787766986], [11.340614381906944, 44.510858167061194], [11.339860134042098, 44.51087362981425], [11.339849331227091, 44.5106037743429], [11.339095086230957, 44.51061923197469], [11.339084287041873, 44.5103493763438], [11.338707166053931, 44.510357103221175], [11.338685571604357, 44.50981739177016], [11.338308453939451, 44.509825117258806], [11.33829765867889, 44.5095552614387], [11.338674774606625, 44.509547536022346], [11.33864238452162, 44.50873796868965], [11.340905045640492, 44.50869159136749], [11.340915852606653, 44.508961446725934], [11.34204718633233, 44.508938241052896], [11.342036374154942, 44.5086683859116], [11.34279059240673, 44.5086529093874], [11.34277977690683, 44.50838305437606], [11.343533991078035, 44.508367573020536], [11.343523172255727, 44.50809771813917], [11.344277382346222, 44.5080822319524], [11.344266560201614, 44.507812377201084], [11.345397868988472, 44.50778913880824], [11.345408696344018, 44.5080589933421], [11.3457858007064, 44.50805124465062], [11.345818288894861, 44.50886080794536], [11.346195398316487, 44.508853057792294], [11.346206229753355, 44.509122912121576], [11.346960451615173, 44.50910740793821], [11.346949616704178, 44.50883755375401], [11.347326725670188, 44.508829799868806], [11.347315889174054, 44.508559945742284], [11.349955635521825, 44.50850563422079], [11.349944787018591, 44.50823578058762], [11.350321891294554, 44.508228016895366], [11.350256793047409, 44.50660889521936], [11.352519352979712, 44.50656228955848], [11.352530212728341, 44.50683214277227], [11.352907307254522, 44.50682437073561], [11.352918168892245, 44.50709422386176], [11.353295265003009, 44.507086450508424], [11.353306128529876, 44.507356303546935], [11.353683226225218, 44.507348528876875], [11.35370495720966, 44.50788823476369], [11.354082058226492, 44.50788045870413], [11.35409292568414, 44.50815031155241], [11.355601335175468, 44.508119194583166], [11.355612209733307, 44.508389047125355], [11.356366417038274, 44.508373481031086], [11.356377295222519, 44.50864333341272], [11.356754400383235, 44.50863554842673], [11.35678704106206, 44.5094451052636], [11.357918371262086, 44.509421742185715], [11.357951028947529, 44.51023129823252], [11.35832814392027, 44.510223507833096], [11.358317256135402, 44.50995365590529], [11.358694369218398, 44.50994586433472], [11.358683479849088, 44.50967601246493], [11.359060591042342, 44.50966821972319], [11.359049700088638, 44.50939836791142], [11.359426809392158, 44.50939057399858], [11.359415916854108, 44.50912072224482], [11.358284593696617, 44.509144100032465], [11.358273706522285, 44.50887424804503], [11.358650812657102, 44.50886645676609], [11.358639923898414, 44.50859660483665], [11.359017028143601, 44.50858881238661], [11.359006137800604, 44.508318960515176], [11.359383240156163, 44.50831116689407], [11.35937234822891, 44.50804131508066], [11.359749448694844, 44.508033520288485], [11.359705875565261, 44.5069541131775], [11.358574594551829, 44.506977492946895], [11.35856370686163, 44.506707640913085], [11.357432429684945, 44.50673100926839], [11.357421547357752, 44.50646115700099], [11.357044456397173, 44.50646894389203], [11.357055336987566, 44.5067387962323], [11.356678244137655, 44.50674658195228], [11.356689123143761, 44.50701643435051], [11.355557838468577, 44.507039784265345], [11.35554696467296, 44.50676993164863], [11.355169871213157, 44.506777712392875], [11.355148127552825, 44.50623800696909], [11.35477103741421, 44.50624578632381], [11.354760167549419, 44.505975933516766], [11.35513725595127, 44.50596815423484], [11.355115513205373, 44.50542844872165], [11.355492597981371, 44.50542066834145], [11.355481725100335, 44.5051508156353], [11.35472755886932, 44.50516637500622], [11.354716689614035, 44.50489652213956], [11.354339608006628, 44.504904299886434], [11.354328740640357, 44.504634446932094], [11.35395166061725, 44.50464222336234], [11.353940795139946, 44.50437237032032], [11.353563716701146, 44.504380145433956], [11.353552853112761, 44.50411029230427], [11.354307006364847, 44.504094740978694], [11.354296139455599, 44.50382488797964], [11.354673214116573, 44.50381711052389], [11.354662345623113, 44.50354725758271], [11.355416491014871, 44.50353169908538], [11.355394747538991, 44.5029919934495], [11.356903022601447, 44.50296086211191], [11.356892144146256, 44.502691009562945], [11.359531607478317, 44.502636482347434], [11.359520717020644, 44.5023666302938], [11.3606519080928, 44.50234324304978], [11.360662803759707, 44.50261309488456], [11.36254812784028, 44.502574090904915], [11.362515415252105, 44.501764536450786], [11.362138355950727, 44.50177233951513], [11.362127453796699, 44.50150248792757], [11.361750396078822, 44.5015102896752], [11.36173949581392, 44.50124043799972], [11.361362439679546, 44.501248238430655], [11.361351541303723, 44.50097838666726], [11.360220377192912, 44.50100178027909], [11.360231270359881, 44.50127163226139], [11.359854213614557, 44.50127942771761], [11.359843322183881, 44.50100957566235], [11.359466267022174, 44.50101736980194], [11.359400932061419, 44.4993982567196], [11.35826979691234, 44.49942163036391], [11.358258913494835, 44.49915177791261], [11.356373693876163, 44.49919070874988], [11.356384568612977, 44.49946056156549], [11.356007522495688, 44.49946834407496], [11.356029268954272, 44.50000804980713], [11.356406318543927, 44.500000267152], [11.356460696039136, 44.50134953085741], [11.35608363776814, 44.50135731387668], [11.356094511988204, 44.50162716664588], [11.355717451828433, 44.50163494849427], [11.355728324464566, 44.50190480132138], [11.355351262416013, 44.50191258199888], [11.355362133468168, 44.50218243488389], [11.353099747559089, 44.50222909326715], [11.353088886925356, 44.50195923994551], [11.3519576971244, 44.50198255212842], [11.351935986731936, 44.501442845004156], [11.350804805979754, 44.501466145557345], [11.350772257159235, 44.50065658410509], [11.351149312353105, 44.50064881871576], [11.35110590910996, 44.49956940352818], [11.350728860861064, 44.49957716862685], [11.350718012166718, 44.499307314720056], [11.351095058679432, 44.49929954969405], [11.351073358274661, 44.49875984198108], [11.351450401162989, 44.49875207585679], [11.351439549452637, 44.49848222205065], [11.351816590452746, 44.49847445475545], [11.351805737158424, 44.498204601007075], [11.352182776270318, 44.49819683254099], [11.352193631300715, 44.49846668621665], [11.353324752931554, 44.49844337313879], [11.35331389269294, 44.49817351968127], [11.354067969546898, 44.49815797155694], [11.354057105988433, 44.49788811823003], [11.354434142450966, 44.49788034237528], [11.354401547481261, 44.49707078252342], [11.354778578583531, 44.49706300564345], [11.354735113812438, 44.49598359259008], [11.354358089653777, 44.49599136917897], [11.35432549788216, 44.49518180901415], [11.355079535632283, 44.49516625502955], [11.355068668541435, 44.49489640175703], [11.35582270221073, 44.494880842944305], [11.35581183180073, 44.494610989802474], [11.356942875954635, 44.4945876424762], [11.356932000489884, 44.49431778953793], [11.358063038064715, 44.49429443123958], [11.35805215754538, 44.49402457850499], [11.35616710283681, 44.49406350242103], [11.356156231148248, 44.49379364930729], [11.355779221484934, 44.49380143028753], [11.355714004967021, 44.49218231085524], [11.355337005564817, 44.49219009015529], [11.355315271415268, 44.49165038341303], [11.35569226734651, 44.491642604258566], [11.355648793933554, 44.49056319088638], [11.354894815802032, 44.49057874736972], [11.354916545262295, 44.49111845437678], [11.35303157991504, 44.49115732455592], [11.3530207237858, 44.4908874706961], [11.352266740052402, 44.49090300991947], [11.352245035191922, 44.4903633018643], [11.351868046567805, 44.49037106946571], [11.351857196101077, 44.49010121534309], [11.351480209060226, 44.490108981628595], [11.351436815655267, 44.48902956469842], [11.351059835403522, 44.489037329450056], [11.351070681791429, 44.48930718377761], [11.350693699652403, 44.489314947358686], [11.350682854999754, 44.48904509295849], [11.350305874443986, 44.48905285522373], [11.350316717361375, 44.48932270969658], [11.34993973491837, 44.48933047079129], [11.349928893736243, 44.48906061624581], [11.34955191287655, 44.4890683760247], [11.349541073581616, 44.48879852139172], [11.34916409430524, 44.48880627985481], [11.349131582537552, 44.48799671564872], [11.348754608314868, 44.48800447265086], [11.34874377309791, 44.48773461781312], [11.348366800458509, 44.48774237349954], [11.348355967128542, 44.487472518574336], [11.347602024864509, 44.48748802607265], [11.347645345214092, 44.48856744626462], [11.347268366913692, 44.48857519843926], [11.347290024528784, 44.489114908591], [11.346913042606115, 44.48912265966752], [11.34693469735774, 44.48966236990478], [11.346557711812718, 44.48967011988317], [11.346579363700696, 44.49020983020591], [11.344694416346474, 44.49024856217438], [11.344726869285294, 44.4910581286342], [11.345103864265738, 44.4910503845096], [11.345114683950733, 44.49132023989396], [11.345491680514991, 44.49131249445359], [11.34552414568647, 44.49212206029993], [11.344393139919102, 44.49214529354338], [11.344382323250215, 44.49187543805873], [11.344005322760044, 44.4918831799141], [11.343994507978291, 44.49161332434213], [11.343617509072056, 44.49162106488174], [11.343563446114292, 44.49027178643645], [11.343940436343265, 44.49026404625902], [11.34392962247099, 44.48999419059774], [11.34506058704226, 44.48997096282328], [11.344995675756277, 44.48835182984722], [11.344618698129183, 44.48835957324716], [11.344607881847432, 44.488089717626586], [11.342723000114447, 44.48812841561658], [11.34275542338601, 44.48893798352006], [11.343132405241379, 44.488930246191174], [11.343143215036823, 44.48920010205682], [11.342766231446168, 44.489207839458125], [11.342798656535589, 44.49001740718302], [11.341667689236713, 44.49004061257907], [11.341656885928174, 44.4897707564685], [11.341279898261037, 44.48977848904166], [11.341258295568892, 44.489238776631154], [11.34088131122103, 44.48924650781636], [11.34085971260503, 44.488706795201644], [11.341236693482315, 44.488699064161125], [11.34120429148785, 44.48788949534451], [11.341581267008074, 44.48788176327786], [11.341570464910838, 44.487611907048255], [11.341947438544484, 44.487604173810816], [11.341936634863501, 44.48733431763869], [11.340805718713838, 44.487357513404476], [11.34078412221683, 44.48681780058148], [11.34153805952753, 44.486802338270145], [11.341527258035883, 44.48653248198102], [11.34190422472908, 44.48652474903305], [11.341893421653772, 44.486254892801405], [11.34151645669563, 44.48626262567701], [11.341494854469284, 44.485722913024354], [11.340740931038939, 44.48573837475692], [11.34073013362281, 44.48546851826358], [11.339599252547307, 44.485491701322445], [11.339610044758468, 44.48576155803273], [11.339233082362421, 44.485769283305196], [11.339254663768468, 44.48630899682572], [11.339631629634576, 44.48630127140867], [11.339642422299532, 44.486571128074324], [11.340396357048052, 44.486555673366325], [11.340428746361217, 44.487365242840134], [11.34005177385727, 44.487372971032656], [11.340105750396393, 44.4887222535531], [11.339728769065092, 44.48872998086403], [11.339750357269335, 44.489269693912696], [11.33861940195598, 44.48929286882002], [11.33863019107903, 44.489562725538924], [11.33825320393676, 44.48957044809384], [11.338242416549049, 44.48930059130268], [11.337488445281622, 44.489316032538305], [11.337466877901035, 44.48877631862238], [11.33708989551121, 44.48878403723089], [11.337079113782913, 44.48851418017838], [11.336702132977248, 44.48852189747146], [11.336691353135324, 44.48825204033186], [11.336314373913822, 44.48825975630953], [11.336325152020489, 44.48852961352133], [11.335948170912662, 44.48853732832801], [11.335958947435111, 44.48880718559714], [11.335581964440953, 44.4888148992328], [11.335625065099865, 44.48989432844936], [11.335248075013277, 44.4899020411305], [11.335269622778078, 44.49044175579391], [11.331876673968441, 44.49051111527536], [11.331887432458107, 44.490780973233825], [11.331510435656137, 44.49078867369847], [11.331521192561091, 44.49105853171416], [11.331144193872833, 44.49106623100753], [11.331154949193028, 44.491336089080406], [11.331531949616823, 44.491328389714965], [11.331542706823335, 44.49159824770092], [11.332673712396613, 44.4915751419284], [11.332662949983431, 44.491305284158685], [11.333039949803963, 44.491297579819914], [11.33302918580611, 44.491027722107425], [11.333783181523474, 44.49101230984415], [11.3338693255007, 44.49317116997401], [11.331607253228912, 44.49321739530451], [11.331618011490951, 44.49348725318642], [11.330863982722255, 44.49350265182671], [11.33087473766358, 44.49377250983787], [11.330497721317332, 44.493780207364914], [11.330551489606155, 44.49512949755793], [11.330174464430002, 44.495137194201654], [11.330185216804074, 44.495407052267694], [11.330562243716136, 44.49539935555195], [11.330583752388335, 44.49593907149543], [11.33096078262154, 44.49593137339209], [11.331003808719023, 44.49701080481253], [11.330626771541759, 44.49701850320401], [11.33064828202302, 44.49755821896915], [11.329894200271868, 44.49757361230948], [11.329915704411631, 44.49811332830327], [11.32916161511303, 44.49812871695717], [11.32917236393663, 44.49839857507579], [11.32879531732512, 44.49840626760928], [11.328816811951905, 44.498945983945916], [11.32957091196913, 44.49893059734731], [11.329560161107944, 44.498660739330404], [11.33069130479475, 44.498637650321065], [11.330702060864613, 44.498907508121896], [11.33145615937442, 44.49889210908665], [11.331477678911515, 44.4994318243555], [11.331100626259502, 44.49943952463909], [11.331111384518003, 44.49970938232328], [11.330734329978887, 44.499717081435215], [11.330755843475663, 44.50025679690313], [11.330378785313096, 44.500264494915434], [11.330389540551296, 44.500534352699134], [11.330766600450236, 44.50052665461478], [11.3307773575756, 44.500796512311574], [11.331531480393851, 44.50078111226757], [11.331542241142841, 44.501050969805384], [11.331919304062122, 44.501043267845695], [11.33190854157672, 44.50077341037994], [11.332285602608723, 44.50076570724858], [11.332296366830533, 44.50103556464225], [11.333427554230287, 44.5010124475694], [11.333438323812276, 44.50128230473187], [11.33381538771338, 44.5012745964813], [11.333783074211125, 44.50046502516569], [11.334160132752046, 44.500457315887786], [11.334149360150262, 44.500187458824996], [11.334526416803827, 44.50017974837554], [11.334515642616731, 44.499909891370024], [11.334892697382946, 44.49990217974902], [11.334881921610588, 44.499632322800814], [11.335258974489456, 44.49962461000829], [11.335248197131884, 44.49935475311737], [11.335625248123412, 44.499347039153356], [11.335614469180676, 44.499077182319766], [11.335991518284867, 44.49906946718428], [11.335969957380284, 44.49852975361689], [11.336347002860956, 44.49852203738216], [11.336336220899177, 44.49825218064837], [11.336713264492554, 44.49824446324223], [11.336691697550162, 44.49770474987448], [11.33631465742903, 44.49771246713618], [11.336293094563409, 44.49717275356449], [11.337047167710226, 44.49715731808639], [11.337036383032034, 44.49688746142269], [11.337790452102087, 44.49687202111478], [11.337801240252338, 44.49714187763399], [11.338555312189555, 44.497126432207324], [11.338598480191525, 44.498205857557274], [11.338975522877568, 44.49819813268945], [11.339007905676011, 44.49900770132885], [11.338630857781466, 44.49901542641355], [11.338652443597875, 44.49955513891003], [11.339029494964878, 44.499547413680745], [11.339040289836289, 44.49981726983436], [11.339417342788233, 44.49980954328911], [11.339428139547254, 44.50007939935557], [11.339805194084136, 44.50007167149431], [11.339815992730815, 44.500341527473566], [11.340193048852628, 44.50033379829629], [11.340203849387015, 44.50060365418835], [11.340580907093754, 44.500595923695045], [11.340591709515897, 44.50086577949988], [11.341345827947762, 44.500850314637404], [11.341356633994078, 44.50112017028264], [11.341733694719176, 44.50111243591344], [11.341744502653365, 44.501382291471415], [11.341367440191874, 44.50139002591299], [11.341378246541154, 44.50165988152846], [11.34100118219176, 44.50166761479865], [11.34104440215785, 44.502747037401214], [11.341798544596982, 44.50273156903808], [11.341809353440256, 44.503001424506756], [11.341432280559902, 44.5030091593826], [11.341443087818137, 44.50327901490879], [11.34106601304972, 44.503286748613206], [11.341076818722868, 44.50355660419688], [11.341453895227875, 44.5035488704201], [11.34147551050187, 44.504088581398086], [11.341098430523608, 44.5040963153196], [11.341087624547496, 44.50382645976568], [11.34071054615439, 44.50383419237099], [11.340721350393862, 44.50410404799727]], [[11.331995025649112, 44.49347955200114], [11.332005785797703, 44.49374940979612], [11.331628769903789, 44.493757111053476], [11.331618011490951, 44.49348725318642], [11.331995025649112, 44.49347955200114]], [[11.342563498746372, 44.502985951023646], [11.342574311214289, 44.50325580633264], [11.343328459387223, 44.50324032772944], [11.3433176434462, 44.50297047256529], [11.343694715568693, 44.502962731470404], [11.343651446374823, 44.501883310954675], [11.344028511399726, 44.501875568905795], [11.344017692743925, 44.5016057138121], [11.344394755880748, 44.501597970591924], [11.344383935640204, 44.501328115555815], [11.34476099688895, 44.50132037116436], [11.344750175063714, 44.50105051618582], [11.345504293633335, 44.501035023816705], [11.345493468487112, 44.500765168968265], [11.346624639994356, 44.50074192130429], [11.346635470349593, 44.501011775935176], [11.347012528951403, 44.50100402415391], [11.347023361194818, 44.501273878697376], [11.347400421381137, 44.50126612559985], [11.347411255512778, 44.50153598005586], [11.34816537890252, 44.50152046998449], [11.348176216658835, 44.50179032428049], [11.348930342913672, 44.501774809089035], [11.348984551338848, 44.50312407961962], [11.348607479605079, 44.503131838200225], [11.34861832000953, 44.50340169233427], [11.348241246387257, 44.50340944974368], [11.348252085207108, 44.50367930393542], [11.347497934033624, 44.50369481516795], [11.347508769532233, 44.50396466948995], [11.347131691981039, 44.50397242331304], [11.34715335996069, 44.5045121320575], [11.344890870625315, 44.50455862974562], [11.34488004697948, 44.50428877494571], [11.343748805473064, 44.504312006780154], [11.343759623908902, 44.50458186179745], [11.343382541366744, 44.50458960332699], [11.343393358217547, 44.504859458401846], [11.342262104471251, 44.50488267574447], [11.342197236900448, 44.50326354376852], [11.341820162435056, 44.503271279960565], [11.341809353440256, 44.503001424506756], [11.342563498746372, 44.502985951023646]], [[11.322199465363886, 44.51285472468163], [11.3222101875772, 44.513124583436046], [11.321833044164414, 44.51313225497205], [11.321822323688647, 44.51286239614584], [11.322199465363886, 44.51285472468163]], [[11.336907873204282, 44.51255456704589], [11.336918663180006, 44.51282442299144], [11.33654152564802, 44.51283214305413], [11.336530737409742, 44.51256228703634], [11.336153601463952, 44.51257000578256], [11.336121242868812, 44.5117604374232], [11.336498373602392, 44.51175271889368], [11.33650916138693, 44.51202257495609], [11.336886293706646, 44.51201485511013], [11.336897083379828, 44.51228471108544], [11.337274217285673, 44.51227698992301], [11.337285008847548, 44.5125468458112], [11.336907873204282, 44.51255456704589]], [[11.318805184877947, 44.51292372306508], [11.318773066052715, 44.5121141447757], [11.31915020371712, 44.51210648348091], [11.319139496004773, 44.51183662409313], [11.31989376740825, 44.51182129791419], [11.31991518993299, 44.51236101638807], [11.320669467685692, 44.5123456849452], [11.320680182648342, 44.512615544016406], [11.32030304210958, 44.51262321043171], [11.320313755484927, 44.512893069559816], [11.318805184877947, 44.51292372306508]], [[11.333255106794732, 44.506147439419244], [11.333276648373712, 44.50668715330864], [11.332522450349401, 44.50670256647545], [11.332500915718033, 44.50616285229757], [11.333255106794732, 44.506147439419244]], [[11.340365875572623, 44.5046514907837], [11.34035507276692, 44.504381635114825], [11.340732154784794, 44.504373903608666], [11.340753764021052, 44.50491361478684], [11.340376678529768, 44.50492134643769], [11.34038748163836, 44.5051912020768], [11.339633306727995, 44.5052066617915], [11.339611707609189, 44.50466695020905], [11.340365875572623, 44.5046514907837]], [[11.338103369865797, 44.50469785413309], [11.338114162402592, 44.504967710220946], [11.33773707585171, 44.50497543316449], [11.337726285051648, 44.50470557700437], [11.337349200086228, 44.504713298631756], [11.337338411174152, 44.50444344238449], [11.336961327794198, 44.50445116269572], [11.336939753897132, 44.50391145001209], [11.338070993163177, 44.503888285780256], [11.338081785246093, 44.50415814191273], [11.338458866435554, 44.504150417942135], [11.33848045452865, 44.50469013001791], [11.338103369865797, 44.50469785413309]], [[11.352755260313208, 44.503046425404925], [11.35279869925152, 44.504125838654566], [11.351290389702342, 44.50415691642917], [11.351301242871063, 44.50442676999514], [11.350924163366729, 44.50443453640189], [11.350913311934628, 44.50416468276323], [11.350159155942865, 44.50418021169986], [11.35011576562813, 44.503100796415005], [11.351246978548868, 44.50307750201627], [11.351236126140842, 44.50280764837581], [11.351990263854386, 44.50279211270309], [11.351979408125548, 44.5025222591931], [11.352356475017597, 44.50251448956379], [11.352378190100408, 44.503054196423435], [11.352755260313208, 44.503046425404925]], [[11.34698003313222, 44.50019446043417], [11.346990864920107, 44.500464315022306], [11.346236754509953, 44.500479817051], [11.346225926194636, 44.5002099623178], [11.34698003313222, 44.50019446043417]], [[11.332511955919989, 44.49697999881077], [11.33250119222527, 44.49671014126624], [11.331747122398536, 44.4967255466101], [11.331714842635598, 44.495915973454835], [11.332468902046367, 44.495900568543455], [11.332458138955147, 44.49563071093946], [11.333966249022282, 44.49559988648283], [11.334009330067989, 44.49667931565576], [11.332878226912326, 44.49670243672897], [11.332888992343088, 44.4969722942014], [11.332511955919989, 44.49697999881077]], [[11.335097329987573, 44.495576755083476], [11.335108105230331, 44.49584661218253], [11.33473107665698, 44.49585432396467], [11.334677210632943, 44.49450503795981], [11.335054230526904, 44.494497326538514], [11.335043456039315, 44.49422746936509], [11.336174509607533, 44.494204327856984], [11.336206849145807, 44.49501389868294], [11.336583871907171, 44.49500618214338], [11.336594653791337, 44.495276038983405], [11.336217629294106, 44.49528375559518], [11.336228409593517, 44.49555361249256], [11.335097329987573, 44.495576755083476]]]}}, {"type": "Feature", "properties": {"threshold": "ge_3", "source": "HistorySUHI", "period": "2013-2025", "hotspot_percentile": "top_10_pct", "label": ">= 3 estati"}, "geometry": {"type": "Polygon", "coordinates": [[[11.311404661236928, 44.507132114859445], [11.31215887609411, 44.50711684102408], [11.312148202500191, 44.5068469800658], [11.312902413284718, 44.50683170139716], [11.312891736366382, 44.506561840567045], [11.313645943078129, 44.50654655706521], [11.313635262835476, 44.50627669636327], [11.314012364229772, 44.50626905281783], [11.314001682399875, 44.505999192172595], [11.315132980473265, 44.50597625428677], [11.31514366751406, 44.50624611471734], [11.316274969449928, 44.50622316542067], [11.316253585096492, 44.50568344497421], [11.316630681968137, 44.505675792863826], [11.316609294740484, 44.50513607250124], [11.31623220134262, 44.5051437244684], [11.316125291566074, 44.502445121049156], [11.31574821538581, 44.50245277105642], [11.31573752696905, 44.50218291056131], [11.314983377632272, 44.50219820670111], [11.314972692838536, 44.50192834604803], [11.314595619682052, 44.50193599218061], [11.314584936774676, 44.501666131441134], [11.314207865205011, 44.501673776258336], [11.314197184183941, 44.5014039154325], [11.31306597378632, 44.5014268422066], [11.31305529812458, 44.501156981151375], [11.312678229429233, 44.50116462085027], [11.31266755565366, 44.500894759708714], [11.311913421287132, 44.500910035232145], [11.311924091589669, 44.50117989651666], [11.312301160584255, 44.50117225930537], [11.31235452302367, 44.50252156514812], [11.312731600551594, 44.5025139263356], [11.312763625020708, 44.503323509448855], [11.31314070760904, 44.50331586917798], [11.313151384468107, 44.50358573011456], [11.313528468643495, 44.50357808852828], [11.313549826284197, 44.50411781021392], [11.313926913783412, 44.50411016724069], [11.313958956577745, 44.50491974944337], [11.313581863868055, 44.50492739263117], [11.313603223005863, 44.50546711416851], [11.312849030189811, 44.50548239709826], [11.31285970650944, 44.5057522579877], [11.312105509620844, 44.505767536084456], [11.312116182616236, 44.506037397102034], [11.311361981655223, 44.50605267036568], [11.311383321146907, 44.506592392642226], [11.31062911263957, 44.50660766121553], [11.31063977913571, 44.50687752247445], [11.30950846004212, 44.50690041621829], [11.309487137621566, 44.506360693257164], [11.309110034432148, 44.506368321874206], [11.309099375183063, 44.50609846030002], [11.30947647663548, 44.50609083175436], [11.309465815798852, 44.50582097023674], [11.309842915364838, 44.50581334051846], [11.309821590666065, 44.50527361758152], [11.310198686608704, 44.50526598676205], [11.310070730129992, 44.50202764875202], [11.309693655028532, 44.50203527871463], [11.309682994696848, 44.50176541704602], [11.308551773705748, 44.501788299256575], [11.308562428827596, 44.50205816113932], [11.307054125135274, 44.50208865362491], [11.307043476959908, 44.50181879145681], [11.306666402400209, 44.501826411397246], [11.30665575611072, 44.501556549143025], [11.305524536746068, 44.50157940128736], [11.305535177825735, 44.50184926375543], [11.305158102669196, 44.50185687872044], [11.305179381802754, 44.50239660375467], [11.304802303023761, 44.50240421761833], [11.304834217632626, 44.50321380527229], [11.301817540352666, 44.503274673110504], [11.301828164959709, 44.50354453620181], [11.302205251878043, 44.5035369320046], [11.302226505012609, 44.504076658000436], [11.30486613358373, 44.5040233927929], [11.304844856133853, 44.50348366779399], [11.305599027436472, 44.50346843825272], [11.305609669560408, 44.50373830061706], [11.306740930605693, 44.503715446761845], [11.306762225722029, 44.50425517101834], [11.307139315912245, 44.5042475504361], [11.307149965431163, 44.504517412470804], [11.3067728735041, 44.50452503312436], [11.306783521435442, 44.50479489521556], [11.30565223954809, 44.504817749926275], [11.305662882418007, 44.50508761221653], [11.305285786420217, 44.50509522803673], [11.30529642770241, 44.50536509038344], [11.304919329818508, 44.50537270503091], [11.304951249349251, 44.50618229219592], [11.303819939169829, 44.506205129315376], [11.303809304388114, 44.50593526672816], [11.30267799807791, 44.50595809243757], [11.30266736865626, 44.50568822962192], [11.30229026799179, 44.50569583563246], [11.302279640456131, 44.505425972730826], [11.301902541379647, 44.505433577426174], [11.301891915729927, 44.50516371443856], [11.300006426798328, 44.5052017188993], [11.299985193314999, 44.50466199216834], [11.299608098555925, 44.50466958918624], [11.299586869141699, 44.504129862253855], [11.298832686124683, 44.5041450522734], [11.298822075114478, 44.50387518864286], [11.298067894976146, 44.503890373544415], [11.298078502512643, 44.50416023731706], [11.29770141048355, 44.50416782797292], [11.297712016431873, 44.50443769180182], [11.296957828453886, 44.50445286952365], [11.296915419447481, 44.50337341355114], [11.297669593530673, 44.50335823639744], [11.29765898817707, 44.50308837250933], [11.298413158191986, 44.50307319052193], [11.298381332602796, 44.50226359919501], [11.298004252879888, 44.50227119059755], [11.297993646384278, 44.50200132672125], [11.297616568249365, 44.502008916808855], [11.297605963639107, 44.50173905284673], [11.296851810396653, 44.50175422914827], [11.29684120940834, 44.50148436502932], [11.296087059044735, 44.50149953621337], [11.296076461678277, 44.50122967193764], [11.295699388010249, 44.501237255592905], [11.295678197196194, 44.50069752685509], [11.294169914931754, 44.50072784847005], [11.29419109185303, 44.50126757777537], [11.29381401744257, 44.501275155211346], [11.293856366119682, 44.502354613928084], [11.293479284614094, 44.502362190403794], [11.293511042470067, 44.50317178449866], [11.293133955605777, 44.503179359943125], [11.293176294544036, 44.504258818812716], [11.292799200583952, 44.50426639329677], [11.292820367469567, 44.504806122784544], [11.29319746490351, 44.504798548158725], [11.29321863585657, 44.50533827744554], [11.29472703800388, 44.505307965934776], [11.294716445505223, 44.505038101582414], [11.296601936163087, 44.50500018455803], [11.296612537346595, 44.50527004855554], [11.296989636769373, 44.505262461347606], [11.29700023983849, 44.505532325259324], [11.297377340849607, 44.50552473673634], [11.297398550907827, 44.506064464373324], [11.300038278139624, 44.50601130888468], [11.30004889555108, 44.506281172183535], [11.300803105466406, 44.50626597356237], [11.30081372650083, 44.50653583670416], [11.301945045468182, 44.50651302922852], [11.301934419222594, 44.50624316630015], [11.303065731638043, 44.50622034784145], [11.303086994700545, 44.5067600732563], [11.303464102015079, 44.50675246447288], [11.303485369147984, 44.50729218968607], [11.303862479787641, 44.50728457951615], [11.303894386816571, 44.508094167011166], [11.304271502518601, 44.50808655538346], [11.304260864956003, 44.50781669297116], [11.305015092438278, 44.50780146612587], [11.305025733475233, 44.50807132839567], [11.305402848729788, 44.50806371303559], [11.305434777947433, 44.508873299542266], [11.309960211896367, 44.50878181561153], [11.309949547827836, 44.50851195431357], [11.31032666461515, 44.50850432263712], [11.310315998958933, 44.50823446139574], [11.310693113859532, 44.5082268285466], [11.310671779521371, 44.507687106162216], [11.311048890798121, 44.507679472211834], [11.311038222116247, 44.50740961106884], [11.311415331506318, 44.50740197594581], [11.311404661236928, 44.507132114859445]], [[11.304983170222487, 44.50699187922758], [11.305004451550504, 44.50753160384126], [11.304250227542536, 44.50754683054406], [11.304228953162987, 44.5070071056454], [11.304983170222487, 44.50699187922758]]]}}, {"type": "Feature", "properties": {"threshold": "ge_3", "source": "HistorySUHI", "period": "2013-2025", "hotspot_percentile": "top_10_pct", "label": ">= 3 estati"}, "geometry": {"type": "Polygon", "coordinates": [[[11.301621064071652, 44.50786994773995], [11.301243949063556, 44.50787755058756], [11.301254572728629, 44.50814741356937], [11.301631689473922, 44.50813981065061], [11.301621064071652, 44.50786994773995]]]}}, {"type": "Feature", "properties": {"threshold": "ge_3", "source": "HistorySUHI", "period": "2013-2025", "hotspot_percentile": "top_10_pct", "label": ">= 3 estati"}, "geometry": {"type": "Polygon", "coordinates": [[[11.305025733475233, 44.50807132839567], [11.304648618071498, 44.50807894251163], [11.304659257520434, 44.50834880483786], [11.305036374661373, 44.50834119065065], [11.305025733475233, 44.50807132839567]]]}}, {"type": "Feature", "properties": {"threshold": "ge_3", "source": "HistorySUHI", "period": "2013-2025", "hotspot_percentile": "top_10_pct", "label": ">= 3 estati"}, "geometry": {"type": "Polygon", "coordinates": [[[11.349084601194756, 44.51500540600865], [11.348707452878255, 44.51501316654016], [11.348729143741867, 44.515552873627925], [11.34910629553361, 44.51554511295117], [11.349084601194756, 44.51500540600865]]]}}, {"type": "Feature", "properties": {"threshold": "ge_3", "source": "HistorySUHI", "period": "2013-2025", "hotspot_percentile": "top_10_pct", "label": ">= 3 estati"}, "geometry": {"type": "Polygon", "coordinates": [[[11.347209696497284, 44.51531405006475], [11.346455394717065, 44.51532955758543], [11.346466229799042, 44.51559941155736], [11.345711923935879, 44.51561491424579], [11.345701092329207, 44.51534506012878], [11.345323940907479, 44.515352809533965], [11.345356430970032, 44.51616237205784], [11.346110744087715, 44.516146871568004], [11.346121577887708, 44.516416725567794], [11.34687589387327, 44.5164012199554], [11.346865056597826, 44.51613136610069], [11.347619368500176, 44.51611585565594], [11.347597687454385, 44.51557614819215], [11.34797483970223, 44.51556839124842], [11.347963997669671, 44.515298537566764], [11.348341148027867, 44.51529077945129], [11.3483303044097, 44.51502092582734], [11.34719885809197, 44.51504419622305], [11.347209696497284, 44.51531405006475]]]}}, {"type": "Feature", "properties": {"threshold": "ge_3", "source": "HistorySUHI", "period": "2013-2025", "hotspot_percentile": "top_10_pct", "label": ">= 3 estati"}, "geometry": {"type": "Polygon", "coordinates": [[[11.34955939431409, 44.51742632435126], [11.349936557965728, 44.51741856067732], [11.349914854546482, 44.5168788542339], [11.349160534042232, 44.51689438004681], [11.34917138220023, 44.51716423342125], [11.348794219982171, 44.51717199453375], [11.34881591327883, 44.51771170138319], [11.349570244514112, 44.51769617762327], [11.34955939431409, 44.51742632435126]]]}}, {"type": "Feature", "properties": {"threshold": "ge_3", "source": "HistorySUHI", "period": "2013-2025", "hotspot_percentile": "top_10_pct", "label": ">= 3 estati"}, "geometry": {"type": "Polygon", "coordinates": [[[11.349947409903574, 44.51768841387668], [11.34996911423572, 44.51822812023071], [11.350346282948745, 44.51822035509436], [11.350324575140885, 44.517680648885666], [11.349947409903574, 44.51768841387668]]]}}, {"type": "Feature", "properties": {"threshold": "ge_3", "source": "HistorySUHI", "period": "2013-2025", "hotspot_percentile": "top_10_pct", "label": ">= 3 estati"}, "geometry": {"type": "Polygon", "coordinates": [[[11.345087566883757, 44.51886866193979], [11.345109227245889, 44.51940837006184], [11.345486404886907, 44.51940062081333], [11.345464741048799, 44.51886091283631], [11.345087566883757, 44.51886866193979]]]}}, {"type": "Feature", "properties": {"threshold": "ge_3", "source": "HistorySUHI", "period": "2013-2025", "hotspot_percentile": "top_10_pct", "label": ">= 3 estati"}, "geometry": {"type": "Polygon", "coordinates": [[[11.330819422941744, 44.52078134636458], [11.330442232443925, 44.52078904736448], [11.33045299567144, 44.52105890416277], [11.330830187907482, 44.521051203090806], [11.330840953024158, 44.52132105980219], [11.331218146847503, 44.52131335741354], [11.331228913853389, 44.521583214037975], [11.332360499632317, 44.52156009918796], [11.332349727411643, 44.521290242779834], [11.332726920630975, 44.52128253541268], [11.332716146823106, 44.52101267906181], [11.333093338153144, 44.52100497052218], [11.333061012421346, 44.52019540159678], [11.331552267053155, 44.52022622742227], [11.331563035193359, 44.52049608403405], [11.330808658126944, 44.52051148962348], [11.330819422941744, 44.52078134636458]]]}}, {"type": "Feature", "properties": {"threshold": "ge_3", "source": "HistorySUHI", "period": "2013-2025", "hotspot_percentile": "top_10_pct", "label": ">= 3 estati"}, "geometry": {"type": "Polygon", "coordinates": [[[11.341779512519972, 44.52109718521695], [11.34215670195542, 44.5210894467346], [11.342167519369962, 44.52135930126371], [11.343299091980745, 44.521336078131824], [11.343255802374768, 44.52025666079533], [11.341747066400796, 44.52028762132308], [11.341779512519972, 44.52109718521695]]]}}, {"type": "Feature", "properties": {"threshold": "ge_3", "source": "HistorySUHI", "period": "2013-2025", "hotspot_percentile": "top_10_pct", "label": ">= 3 estati"}, "geometry": {"type": "Polygon", "coordinates": [[[11.332770017373115, 44.52236196066748], [11.333524417264892, 44.522346541622156], [11.333535195304805, 44.522616397754405], [11.334289598068784, 44.52260097358607], [11.33425725397247, 44.52179140557775], [11.332748468699908, 44.52182224806982], [11.332770017373115, 44.52236196066748]]]}}, {"type": "Feature", "properties": {"threshold": "ge_3", "source": "HistorySUHI", "period": "2013-2025", "hotspot_percentile": "top_10_pct", "label": ">= 3 estati"}, "geometry": {"type": "Polygon", "coordinates": [[[11.33767360585918, 44.52226164787945], [11.337296407652527, 44.52226937171572], [11.337317998650443, 44.52280908252105], [11.337695200333764, 44.52280135854022], [11.337705997798148, 44.52307121384829], [11.337328794376456, 44.523078937901396], [11.337339590253842, 44.52334879326687], [11.338094000422613, 44.523333343771405], [11.338115599585237, 44.52387305416859], [11.33849280791935, 44.5238653274092], [11.33851441116464, 44.524405037602264], [11.339646045688974, 44.52438184942181], [11.339602818942868, 44.523302429844115], [11.339225614540025, 44.52331016019298], [11.339214809970693, 44.523040305189014], [11.338837607154739, 44.52304803422087], [11.338816001947249, 44.52250832402366], [11.338438802456524, 44.5225160516662], [11.3384172013315, 44.52197634126486], [11.337662808848975, 44.521991792526755], [11.33767360585918, 44.52226164787945]]]}}, {"type": "Feature", "properties": {"threshold": "ge_3", "source": "HistorySUHI", "period": "2013-2025", "hotspot_percentile": "top_10_pct", "label": ">= 3 estati"}, "geometry": {"type": "Polygon", "coordinates": [[[11.329084070513547, 44.52459783677582], [11.329838501240244, 44.52458244147151], [11.329816977966088, 44.524042727958275], [11.328685342080966, 44.524065818615405], [11.328653073947713, 44.523256247585834], [11.32714424485131, 44.52328701683828], [11.327176492122751, 44.52409658873165], [11.327553704838452, 44.52408889806973], [11.327564455968917, 44.52435875526584], [11.329073312278114, 44.52432797988257], [11.329084070513547, 44.52459783677582]]]}}, {"type": "Feature", "properties": {"threshold": "ge_3", "source": "HistorySUHI", "period": "2013-2025", "hotspot_percentile": "top_10_pct", "label": ">= 3 estati"}, "geometry": {"type": "Polygon", "coordinates": [[[11.346769673779969, 44.52315531672561], [11.344883664661783, 44.523194074267884], [11.344926988759594, 44.52427348978964], [11.346813032645757, 44.524234730796614], [11.346769673779969, 44.52315531672561]]]}}, {"type": "Feature", "properties": {"threshold": "ge_3", "source": "HistorySUHI", "period": "2013-2025", "hotspot_percentile": "top_10_pct", "label": ">= 3 estati"}, "geometry": {"type": "Polygon", "coordinates": [[[11.347556605715146, 44.52394936513615], [11.34793381199401, 44.52394160718656], [11.347944657153716, 44.524211460464215], [11.348321865018935, 44.52420370119733], [11.348311018120807, 44.52393384799228], [11.348688224095515, 44.52392608755331], [11.348677375611086, 44.52365623440598], [11.34830017137477, 44.523663994772335], [11.34827847833895, 44.52312428828777], [11.347146875147752, 44.52314756148314], [11.34715771637457, 44.52341741495066], [11.347534919328696, 44.52340965839094], [11.347556605715146, 44.52394936513615]]]}}, {"type": "Feature", "properties": {"threshold": "ge_3", "source": "HistorySUHI", "period": "2013-2025", "hotspot_percentile": "top_10_pct", "label": ">= 3 estati"}, "geometry": {"type": "Polygon", "coordinates": [[[11.326141556081858, 44.52654837006928], [11.326120065469322, 44.52600865532429], [11.326497290807447, 44.526000967893104], [11.326508037777094, 44.52627082520109], [11.326885264703236, 44.5262631364531], [11.326853019030311, 44.52545356470042], [11.326098575459465, 44.52546894051987], [11.326087830680532, 44.52519908309538], [11.325333389984321, 44.52521445379171], [11.325387097998703, 44.52656374148481], [11.326141556081858, 44.52654837006928]]]}}, {"type": "Feature", "properties": {"threshold": "ge_3", "source": "HistorySUHI", "period": "2013-2025", "hotspot_percentile": "top_10_pct", "label": ">= 3 estati"}, "geometry": {"type": "Polygon", "coordinates": [[[11.351049193833123, 44.52630817251273], [11.351027473415082, 44.52576846734328], [11.350650256184096, 44.52577623575926], [11.350661114578404, 44.52604608842412], [11.348775017447261, 44.52608491219569], [11.348850969617025, 44.52797388297578], [11.349605433267588, 44.52795835618448], [11.349616287663698, 44.52822820894819], [11.349993520999465, 44.52822044361257], [11.34998266486458, 44.52795059092152], [11.35035989630935, 44.52794282441371], [11.350370754183006, 44.52821267703208], [11.351125220093303, 44.52819714013646], [11.35111435874211, 44.52792728766349], [11.350737127601867, 44.527935056661036], [11.350726268141713, 44.52766520410046], [11.350349038587941, 44.527672971780454], [11.350294752264555, 44.52632370839065], [11.351049193833123, 44.52630817251273]]]}}, {"type": "Feature", "properties": {"threshold": "ge_3", "source": "HistorySUHI", "period": "2013-2025", "hotspot_percentile": "top_10_pct", "label": ">= 3 estati"}, "geometry": {"type": "Polygon", "coordinates": [[[11.344658083016858, 44.5269797763414], [11.343903629323828, 44.52699527018594], [11.343925284889371, 44.527534977994726], [11.344302515289266, 44.52752723154989], [11.344291685691843, 44.52725737772545], [11.344668914201145, 44.52724963010825], [11.344658083016858, 44.5269797763414]]]}}, {"type": "Feature", "properties": {"threshold": "ge_3", "source": "HistorySUHI", "period": "2013-2025", "hotspot_percentile": "top_10_pct", "label": ">= 3 estati"}, "geometry": {"type": "Polygon", "coordinates": [[[11.313789119545548, 44.52923009859236], [11.31341186997016, 44.529237744485066], [11.31340118235849, 44.5289678848145], [11.31302393437228, 44.52897552939064], [11.313013248649499, 44.528705669633716], [11.31263600225247, 44.528713312893316], [11.312614634734407, 44.52817359319191], [11.312237391665546, 44.5281812350635], [11.312216028224615, 44.527641515159736], [11.311838788483858, 44.527649155643346], [11.311828108726974, 44.52737929559772], [11.31145087057537, 44.527386934764884], [11.311429514988617, 44.52684721448617], [11.311052280165038, 44.526854852265444], [11.311041604335093, 44.52658499203237], [11.312173303140115, 44.526562075174226], [11.312162622243424, 44.52629221514078], [11.31253985314011, 44.52628457376975], [11.312529170654408, 44.526014713792975], [11.311774712188836, 44.52602999514712], [11.311753354621793, 44.52549027486306], [11.31213058045196, 44.525482634951416], [11.312119900154334, 44.525212774858645], [11.311742676062881, 44.5252204146988], [11.311731997653702, 44.52495055451969], [11.311354775151209, 44.524958193043524], [11.311344098630428, 44.5246883327781], [11.310589656653686, 44.5247036059483], [11.31065369715923, 44.5263227681759], [11.31027646551394, 44.52633040332244], [11.310287137716545, 44.52660026371326], [11.309909904182785, 44.526607897686326], [11.309920574796191, 44.52687775813375], [11.309543339373953, 44.52688539093334], [11.309618025684895, 44.52877441415018], [11.309240777940396, 44.52878204620477], [11.309286253417804, 44.5299323373459], [11.309305181182987, 44.529970214322205], [11.309337912822928, 44.530130462448575], [11.309671377538454, 44.530123716003125], [11.30968204835806, 44.53039357632923], [11.31005930638758, 44.53038594260104], [11.310069979096012, 44.530655802840876], [11.310447238715058, 44.53064816779616], [11.310457913312371, 44.53091802794972], [11.31158969648891, 44.530895115130626], [11.311600376453613, 44.53116497505495], [11.311977638952193, 44.5311573348869], [11.312063097976301, 44.53331621317558], [11.312817650353402, 44.533300927959914], [11.312806963972239, 44.53303106836878], [11.313184238196596, 44.53302342396468], [11.313173550225901, 44.53275356443024], [11.31355082256099, 44.532745918852505], [11.313540133000808, 44.532476059374794], [11.314294673742534, 44.53246076462694], [11.31419844313984, 44.53003202994798], [11.313821188497073, 44.530039677300394], [11.313789119545548, 44.52923009859236]]]}}, {"type": "Feature", "properties": {"threshold": "ge_3", "source": "HistorySUHI", "period": "2013-2025", "hotspot_percentile": "top_10_pct", "label": ">= 3 estati"}, "geometry": {"type": "Polygon", "coordinates": [[[11.337178299509421, 44.52875362177882], [11.336801059273505, 44.52876134486008], [11.336768673444759, 44.52795177917788], [11.335636967478633, 44.52797494030182], [11.335626177721586, 44.52770508482793], [11.336003411456137, 44.52769736577042], [11.33593866565855, 44.52607823304821], [11.331789201018669, 44.52616306944803], [11.331864604427539, 44.52805206312923], [11.333373551461996, 44.52802122893721], [11.333384330937214, 44.528291084829384], [11.333007092666405, 44.52829879531692], [11.33301787055389, 44.52856865126637], [11.33264063039306, 44.52857636058113], [11.332672959745512, 44.52938592855671], [11.33305020512316, 44.529378219025524], [11.333082541052692, 44.53018778665088], [11.333459791496228, 44.53018007565825], [11.33348135301646, 44.53071978718983], [11.333858606786958, 44.530712074807866], [11.333880172390131, 44.53125178613562], [11.334257429487655, 44.53124407236427], [11.334268214255204, 44.531513927933645], [11.33539998985772, 44.53149077893267], [11.33541077999401, 44.53176063427057], [11.336165299784186, 44.531745195233476], [11.336154506169573, 44.53147534004005], [11.336909021875996, 44.53145989616722], [11.33689822493447, 44.53119004110344], [11.33727548082146, 44.531182317371716], [11.337264682292231, 44.53091246236534], [11.33764193628869, 44.530904737460865], [11.337587937218695, 44.52955546256728], [11.337210691917383, 44.52956318711032], [11.337178299509421, 44.52875362177882]]]}}, {"type": "Feature", "properties": {"threshold": "ge_3", "source": "HistorySUHI", "period": "2013-2025", "hotspot_percentile": "top_10_pct", "label": ">= 3 estati"}, "geometry": {"type": "Polygon", "coordinates": [[[11.304474949721364, 44.532389346650056], [11.303720404678796, 44.53240457650633], [11.30373355217275, 44.53273790169147], [11.304479835483997, 44.53251317365475], [11.304474949721364, 44.532389346650056]]]}}, {"type": "Feature", "properties": {"threshold": "ge_3", "source": "HistorySUHI", "period": "2013-2025", "hotspot_percentile": "top_10_pct", "label": ">= 3 estati"}, "geometry": {"type": "Polygon", "coordinates": [[[11.337437476932497, 44.53523014068233], [11.339323884542484, 44.53519149792444], [11.339291456502615, 44.53438193461488], [11.338914180501991, 44.534389665439846], [11.338903373197914, 44.534119810901224], [11.338526098785124, 44.5341275404087], [11.338536904349814, 44.534397395019646], [11.338159628046107, 44.53440512335426], [11.338181236151229, 44.53494483267617], [11.337426676131603, 44.53496028589909], [11.337437476932497, 44.53523014068233]]]}}, {"type": "Feature", "properties": {"threshold": "ge_3", "source": "HistorySUHI", "period": "2013-2025", "hotspot_percentile": "top_10_pct", "label": ">= 3 estati"}, "geometry": {"type": "Polygon", "coordinates": [[[11.332220177351571, 44.536957309243384], [11.332597471732422, 44.536949600182524], [11.332586692637914, 44.536679744549666], [11.334473153576008, 44.53664118092673], [11.334462365934575, 44.536371325639884], [11.334839655928832, 44.53636360925165], [11.334828866699091, 44.53609375402213], [11.335960730555199, 44.53607059760251], [11.335928348117994, 44.53526103247479], [11.336305630548733, 44.53525331139451], [11.336273244255473, 44.53444374634969], [11.335518689679363, 44.534459186831576], [11.335507898029862, 44.53418933164241], [11.3351306222542, 44.53419704994335], [11.335109042887938, 44.533657339375935], [11.333222679134307, 44.533695911481104], [11.333201117766587, 44.533156200132304], [11.33244657816406, 44.533171619969686], [11.332435801185577, 44.532901764128695], [11.331681264457158, 44.53291717884126], [11.331692037957021, 44.5331870348265], [11.331314767626871, 44.5331947403872], [11.331347083814858, 44.53400430847006], [11.330969808115556, 44.5340120130019], [11.331012891523288, 44.535091437192655], [11.330635608715138, 44.535099140767656], [11.330646378205172, 44.53536899685027], [11.330269093506478, 44.53537669925215], [11.330301397664053, 44.53618626762702], [11.330678687581441, 44.53617856500893], [11.330689457675598, 44.53644842103209], [11.331066749181563, 44.536440717096625], [11.331088293302283, 44.53698042895416], [11.33146558813648, 44.536972723629205], [11.33147636216312, 44.53724257946359], [11.332230954857566, 44.53722716493351], [11.332220177351571, 44.536957309243384]], [[11.333233460044939, 44.5339657671332], [11.333610734837501, 44.533958055130306], [11.333621517638715, 44.534227910695364], [11.334376070248977, 44.53421248280971], [11.33438685668024, 44.53448233821554], [11.334009578711308, 44.53449005285314], [11.334052718991098, 44.53556947461648], [11.333675433913003, 44.535577188297616], [11.33369700148127, 44.53611689923442], [11.333319712772836, 44.53612461181467], [11.333298148683685, 44.535584900733525], [11.33216629208863, 44.535608030569776], [11.332155515489433, 44.53533817479045], [11.331778231394992, 44.53534588217327], [11.33173513346729, 44.5342664586188], [11.332866964423607, 44.53424333360029], [11.33284540592994, 44.533703622166655], [11.333222679134307, 44.533695911481104], [11.333233460044939, 44.5339657671332]], [[11.331023662752838, 44.53536129320318], [11.331034434133437, 44.53563114919884], [11.33065714784623, 44.53563885291803], [11.330646378205172, 44.53536899685027], [11.331023662752838, 44.53536129320318]]]}}, {"type": "Feature", "properties": {"threshold": "ge_3", "source": "HistorySUHI", "period": "2013-2025", "hotspot_percentile": "top_10_pct", "label": ">= 3 estati"}, "geometry": {"type": "Polygon", "coordinates": [[[11.35149459666965, 44.537372115352284], [11.351117304658098, 44.537379886894726], [11.351095575227918, 44.53684018280163], [11.35071828654317, 44.53684795295337], [11.350696561201497, 44.53630824865525], [11.350319275843491, 44.53631601741636], [11.350308415140653, 44.536046165172266], [11.349931131369845, 44.53605393261545], [11.349920272558789, 44.53578408028376], [11.349542990375184, 44.53579184640906], [11.349521276688789, 44.53525214155567], [11.349143997831833, 44.535259906290435], [11.349133142956417, 44.53499005376874], [11.348755865686654, 44.53499781718569], [11.348734159871235, 44.534458111952276], [11.348356885928037, 44.53446587397878], [11.348346034987959, 44.53419602126711], [11.347968762631943, 44.53420378197583], [11.347936215942568, 44.53339422353357], [11.347558948652315, 44.53340198277933], [11.347537255098537, 44.53286227693147], [11.346782727018713, 44.532877791397304], [11.346750198263896, 44.53206823207828], [11.345995680010992, 44.532083741128375], [11.34598484087509, 44.53181388784712], [11.343721292904148, 44.53186038468095], [11.34373212160515, 44.5321302383973], [11.344109381719223, 44.532122491965126], [11.344141873950955, 44.5329320528074], [11.34451913913076, 44.532924304912676], [11.344529971917684, 44.53319415842449], [11.344152704998626, 44.533201906391724], [11.344163536198181, 44.53347175996116], [11.344540804856514, 44.53346401192142], [11.34457330458449, 44.534273572322874], [11.344950578308874, 44.53426582282047], [11.34497224903255, 44.53480552953529], [11.34534952608375, 44.53479777864266], [11.345360363412928, 44.53506763190523], [11.344983084622308, 44.535075382870374], [11.345048101351937, 44.53669450256816], [11.345425390579562, 44.536686751167814], [11.345436228972623, 44.53695660432614], [11.345813519787841, 44.53694885160799], [11.345835200509189, 44.53748855773487], [11.346967082480331, 44.53746529167339], [11.346977928287995, 44.53773514449678], [11.348109814109202, 44.53771186700994], [11.34812066528797, 44.53798171960061], [11.347743368426709, 44.53798948008081], [11.347775917656925, 44.538799037981306], [11.347398615424362, 44.53880679743401], [11.347409463732314, 44.539076650110324], [11.347786767704644, 44.539068890585014], [11.347808468256565, 44.539608595747744], [11.348563082703912, 44.53959307267053], [11.34857393668779, 44.53986292508429], [11.350083170715026, 44.53983186369474], [11.35007230977184, 44.53956201157162], [11.350449616158102, 44.539554243183474], [11.350438753627431, 44.539284391118166], [11.350816058121563, 44.539276621557356], [11.350805194003454, 44.53900676954984], [11.35118249660546, 44.538998998816396], [11.351171630899968, 44.53872914686671], [11.351548931609855, 44.538721374960645], [11.35149459666965, 44.537372115352284]]]}}, {"type": "Feature", "properties": {"threshold": "ge_3", "source": "HistorySUHI", "period": "2013-2025", "hotspot_percentile": "top_10_pct", "label": ">= 3 estati"}, "geometry": {"type": "Polygon", "coordinates": [[[11.345188989701464, 44.540202593407884], [11.345199828330744, 44.54047244644516], [11.345577141914799, 44.54046469402927], [11.34558798243601, 44.540734546979124], [11.34634261262786, 44.54071903826595], [11.346353456780996, 44.54098889105578], [11.34597614002115, 44.540996646107644], [11.345986982586396, 44.54126649895516], [11.347118937629567, 44.541243229845506], [11.347108089844417, 44.54097337721572], [11.346730773388758, 44.54098113475847], [11.346687390729045, 44.539901723800085], [11.346310081080912, 44.53990947980708], [11.346299237536075, 44.53963962695767], [11.345544621263322, 44.53965513509036], [11.345533781350206, 44.53938528208095], [11.344779167949035, 44.539400785087025], [11.344811677705312, 44.54021034450582], [11.345188989701464, 44.540202593407884]]]}}, {"type": "Feature", "properties": {"threshold": "ge_3", "source": "HistorySUHI", "period": "2013-2025", "hotspot_percentile": "top_10_pct", "label": ">= 3 estati"}, "geometry": {"type": "Polygon", "coordinates": [[[11.323358333517643, 44.541999384361745], [11.323369071981121, 44.54226924151239], [11.323746403041735, 44.5422615609737], [11.323703443130873, 44.54118213256947], [11.322948794780146, 44.541197491826374], [11.3229810040466, 44.54200706358303], [11.323358333517643, 44.541999384361745]]]}}, {"type": "Feature", "properties": {"threshold": "ge_3", "source": "HistorySUHI", "period": "2013-2025", "hotspot_percentile": "top_10_pct", "label": ">= 3 estati"}, "geometry": {"type": "Polygon", "coordinates": [[[11.342946771976866, 44.54078878824411], [11.342569455589357, 44.54079653201451], [11.342558628987636, 44.540526678484625], [11.341049368879291, 44.540557640822044], [11.341027730050673, 44.54001793313816], [11.341405041825585, 44.54001019456678], [11.34139422089899, 44.539740340774934], [11.341771530782266, 44.53973260103057], [11.341749885904642, 44.53919289354707], [11.34212719215646, 44.53918515270218], [11.3421163682055, 44.53891529901054], [11.340607149246932, 44.538946254628165], [11.340617966238657, 44.53921610860947], [11.33986335236947, 44.53923157909087], [11.339874166033212, 44.53950143320206], [11.339496857131287, 44.53950916664705], [11.339518481433968, 44.54004887496954], [11.340650418124032, 44.540025670464125], [11.340661235722566, 44.54029552438591], [11.339906607934362, 44.54031099544638], [11.339917422204728, 44.540580849498056], [11.339540106343183, 44.54058858323251], [11.339550919025244, 44.54085843734169], [11.339173601272092, 44.54086616990307], [11.339184412365803, 44.5411360240697], [11.33842977292468, 44.54115148560079], [11.338451388606824, 44.541691194178824], [11.338074065178821, 44.54169892322081], [11.338106484618564, 44.54250848619323], [11.338861141763577, 44.54249302642976], [11.338871952026894, 44.54276288057949], [11.339626612045757, 44.542747415689206], [11.339637425941016, 44.54301726967932], [11.340769420052286, 44.54299406278526], [11.340780239319752, 44.54326391654334], [11.343421565782073, 44.54320972302287], [11.343410734333416, 44.5429398697719], [11.343788064337582, 44.54293212293073], [11.3437988975264, 44.543201976109195], [11.344176229118794, 44.543194227949975], [11.344187064199723, 44.54346408104105], [11.344564397380339, 44.543456331563775], [11.344575234353428, 44.543726184567454], [11.345707238203879, 44.543702928444716], [11.345685553968568, 44.543163222857714], [11.34606288480094, 44.543155468470815], [11.346041197693578, 44.54261576296937], [11.343777231300697, 44.54266226973736], [11.343766398415736, 44.54239241652912], [11.343389071891815, 44.54240016322532], [11.343356579368654, 44.541590603293784], [11.34297925791303, 44.54159834852706], [11.342946771976866, 44.54078878824411]]]}}, {"type": "Feature", "properties": {"threshold": "ge_3", "source": "HistorySUHI", "period": "2013-2025", "hotspot_percentile": "top_10_pct", "label": ">= 3 estati"}, "geometry": {"type": "Polygon", "coordinates": [[[11.324878395319717, 44.542238511884285], [11.325255725777675, 44.54223082636338], [11.325244978613354, 44.54196096957221], [11.325999635596746, 44.54194559493763], [11.325988885102877, 44.541675738275465], [11.326366211628297, 44.54166804916183], [11.32635545954509, 44.54139819255676], [11.325978134759778, 44.54140588159845], [11.325967384567443, 44.54113602490658], [11.324835414527266, 44.5411590843428], [11.324878395319717, 44.542238511884285]]]}}, {"type": "Feature", "properties": {"threshold": "ge_3", "source": "HistorySUHI", "period": "2013-2025", "hotspot_percentile": "top_10_pct", "label": ">= 3 estati"}, "geometry": {"type": "Polygon", "coordinates": [[[11.332780739469179, 44.541537143666226], [11.332026091400754, 44.54155256299537], [11.332004535182891, 44.54101285193175], [11.330872572386982, 44.54103597115152], [11.33086179972485, 44.540766115381054], [11.330107160585525, 44.54078152182265], [11.33009639155448, 44.54051166589317], [11.32934175529106, 44.54052706720876], [11.329330989891012, 44.54025721112027], [11.32857635650366, 44.54027260730993], [11.328630167613305, 44.54162188832407], [11.32900749308266, 44.541614190491806], [11.329029022063327, 44.54215390264938], [11.329406350861964, 44.54214620342751], [11.329427883926854, 44.542685915381526], [11.329805216054837, 44.54267821477], [11.329826753204154, 44.54321792652046], [11.330204088661546, 44.54321022451923], [11.330214859202998, 44.54348008030009], [11.330592196249587, 44.54347237698121], [11.330602968682369, 44.54374223267512], [11.330980307318148, 44.54373452803855], [11.330958759123147, 44.54319481678006], [11.331336094127309, 44.5431871110421], [11.331325318516242, 44.542917255462676], [11.33170265162906, 44.542909548551265], [11.331670320482079, 44.54209998194012], [11.33204764822325, 44.54209227399954], [11.332036869736422, 44.5418224185049], [11.332791521285024, 44.54180699903146], [11.332780739469179, 44.541537143666226]]]}}, {"type": "Feature", "properties": {"threshold": "ge_3", "source": "HistorySUHI", "period": "2013-2025", "hotspot_percentile": "top_10_pct", "label": ">= 3 estati"}, "geometry": {"type": "Polygon", "coordinates": [[[11.349771020854993, 44.54145874377209], [11.350148339572844, 44.54145097612052], [11.350170063744063, 44.54199068014326], [11.350924707682756, 44.54197514081296], [11.350892111214485, 44.54116558519273], [11.349760160737851, 44.54118889166568], [11.349771020854993, 44.54145874377209]]]}}, {"type": "Feature", "properties": {"threshold": "ge_3", "source": "HistorySUHI", "period": "2013-2025", "hotspot_percentile": "top_10_pct", "label": ">= 3 estati"}, "geometry": {"type": "Polygon", "coordinates": [[[11.346785005135798, 44.54233039812138], [11.347539655295114, 44.542314881064456], [11.347528805161355, 44.54204502856687], [11.347906128272717, 44.54203726824278], [11.34789527655109, 44.54176741580292], [11.347517955179761, 44.54177517605438], [11.34750710535033, 44.541505323527005], [11.346375145543515, 44.54152859659079], [11.34639683491438, 44.54206830206621], [11.346774158482162, 44.54206054547858], [11.346785005135798, 44.54233039812138]]]}}, {"type": "Feature", "properties": {"threshold": "ge_3", "source": "HistorySUHI", "period": "2013-2025", "hotspot_percentile": "top_10_pct", "label": ">= 3 estati"}, "geometry": {"type": "Polygon", "coordinates": [[[11.341944711660785, 44.54405025875529], [11.34119003606043, 44.54406573931621], [11.341200857675135, 44.544335592942346], [11.341955536756034, 44.544320112236555], [11.341944711660785, 44.54405025875529]]]}}, {"type": "Feature", "properties": {"threshold": "ge_3", "source": "HistorySUHI", "period": "2013-2025", "hotspot_percentile": "top_10_pct", "label": ">= 3 estati"}, "geometry": {"type": "Polygon", "coordinates": [[[11.3249536175086, 44.544127509510034], [11.324996604932295, 44.54520693639795], [11.326128653284103, 44.54518387372476], [11.326085644975699, 44.54410444770009], [11.3249536175086, 44.544127509510034]]]}}, {"type": "Feature", "properties": {"threshold": "ge_3", "source": "HistorySUHI", "period": "2013-2025", "hotspot_percentile": "top_10_pct", "label": ">= 3 estati"}, "geometry": {"type": "Polygon", "coordinates": [[[11.328780858796287, 44.545399873187165], [11.328770094159104, 44.54513001722213], [11.3283927459154, 44.54513771474521], [11.32840350881215, 44.545407570782295], [11.32802615867706, 44.545415267131744], [11.328036919984303, 44.545685123225994], [11.327659567957825, 44.545692818401776], [11.327691847563605, 44.54650238681135], [11.328069204811616, 44.54649469141954], [11.32807996672259, 44.546764547454345], [11.32883468424689, 44.5467491527895], [11.328823918854804, 44.54647929689874], [11.330710701320095, 44.54644078879663], [11.330721475414917, 44.54671064432703], [11.33109883319529, 44.54670293889735], [11.3310665061426, 44.54589337247788], [11.330689153583773, 44.545901077691255], [11.330656833112549, 44.54509151092169], [11.32952479019357, 44.54511461843893], [11.329535558311612, 44.54538447425988], [11.328780858796287, 44.545399873187165]]]}}, {"type": "Feature", "properties": {"threshold": "ge_3", "source": "HistorySUHI", "period": "2013-2025", "hotspot_percentile": "top_10_pct", "label": ">= 3 estati"}, "geometry": {"type": "Polygon", "coordinates": [[[11.344317097024362, 44.5467023169727], [11.344694451089023, 44.54669456662519], [11.34468361244395, 44.546424713785285], [11.345438316636272, 44.546409209498265], [11.345416632840438, 44.54586950406397], [11.345039284301155, 44.54587725668524], [11.345028444371712, 44.54560740387321], [11.344651097420794, 44.54561515517627], [11.34467277395089, 44.5461548609305], [11.344295423367146, 44.546162611132985], [11.344317097024362, 44.5467023169727]]]}}, {"type": "Feature", "properties": {"threshold": "ge_3", "source": "HistorySUHI", "period": "2013-2025", "hotspot_percentile": "top_10_pct", "label": ">= 3 estati"}, "geometry": {"type": "Polygon", "coordinates": [[[11.356243745538842, 44.55212833734964], [11.356232851472667, 44.55185848700399], [11.355855467166034, 44.55186627617922], [11.355844574993535, 44.55159642574577], [11.355467192275013, 44.55160421360225], [11.355456301996144, 44.55133436308101], [11.355078920865738, 44.551342149618755], [11.355068032480448, 44.55107229900975], [11.35318113324236, 44.55111121264635], [11.35314849511471, 44.550301659637505], [11.352771120031624, 44.550309438408874], [11.352749365524277, 44.54976973618288], [11.352371993770124, 44.54977751356289], [11.352361118485993, 44.54950766235475], [11.350851636907157, 44.54953875912571], [11.350895111106846, 44.55061816503278], [11.350517733367962, 44.55062593640192], [11.350539467900786, 44.551165639411494], [11.350162086527817, 44.551173409680196], [11.350183818188569, 44.551713112775595], [11.34980643318143, 44.55172088194383], [11.349826092100614, 44.552209166498784], [11.350036792118365, 44.552214321584586], [11.350366045329089, 44.552203032444936], [11.35062519269056, 44.55217068875596], [11.350702987417971, 44.55214883110882], [11.351516964051894, 44.55202962639874], [11.351520481148464, 44.552029112822936], [11.351639251707356, 44.55200246731962], [11.35168653929662, 44.551991833434606], [11.351799243703736, 44.551957435543095], [11.351937388343822, 44.551890446442535], [11.352398254234641, 44.551611441802656], [11.352398280118633, 44.55161145927426], [11.352607787653128, 44.55202684748442], [11.352607801320397, 44.55202687421027], [11.352849594698174, 44.55252600404551], [11.35300692049637, 44.55285077648726], [11.353144231729363, 44.55313375753868], [11.353144245397159, 44.553133784264425], [11.353172405210962, 44.55318831710283], [11.353172419241464, 44.553188352823625], [11.353233933035579, 44.553309140691766], [11.353233960008655, 44.55330918514825], [11.353255183041073, 44.55334186784655], [11.353261989352026, 44.55335235949044], [11.353268741356539, 44.553362753225905], [11.353282594935795, 44.55338409164432], [11.354194764469455, 44.55288196544886], [11.354197607126377, 44.55288096155957], [11.354405027068383, 44.55280785043769], [11.35453031910089, 44.55276340449905], [11.354535855249216, 44.55276144479301], [11.354543103806042, 44.552758864602374], [11.354702912630271, 44.552702120273835], [11.354706114154524, 44.55270158610194], [11.354876909101204, 44.552670623146355], [11.355139055936295, 44.552602485376426], [11.355144773369037, 44.55260096302336], [11.355101216412693, 44.55249125688679], [11.355100349001258, 44.55248910517879], [11.355595576181273, 44.55236017070299], [11.356532784980443, 44.55212237061885], [11.356243745538842, 44.55212833734964]]]}}, {"type": "Feature", "properties": {"threshold": "ge_3", "source": "HistorySUHI", "period": "2013-2025", "hotspot_percentile": "top_10_pct", "label": ">= 3 estati"}, "geometry": {"type": "Polygon", "coordinates": [[[11.372993714175538, 44.462385895871385], [11.372982776972814, 44.46211604453386], [11.372605975808995, 44.46212387668802], [11.37259504049222, 44.46185402526227], [11.372218240907877, 44.46186185610118], [11.372207307477002, 44.461592004587224], [11.371830509472142, 44.46159983411092], [11.371841441170337, 44.46186968569815], [11.371464641279623, 44.46187751405314], [11.371475571398284, 44.4621473656987], [11.371098769621712, 44.46215519288499], [11.371120626853, 44.4626948962778], [11.371874237183974, 44.46267924037024], [11.371896101958967, 44.46321894341031], [11.372272910360273, 44.463211113447], [11.372283844710376, 44.463480964871366], [11.372660654691291, 44.46347313359276], [11.3726934638595, 44.46428268755641], [11.373070278885788, 44.4642748548159], [11.373092155896677, 44.46481455723707], [11.373468974235545, 44.464806723107856], [11.373479914703864, 44.465076574222735], [11.373856734622397, 44.46506873877813], [11.373867676977003, 44.465338589804745], [11.374244498475191, 44.46533075304471], [11.37425544271613, 44.46560060398306], [11.375385911489486, 44.465577086030336], [11.375320217151154, 44.46395798149667], [11.374943404777726, 44.46396582161614], [11.374921511357957, 44.463426119838694], [11.37454470229683, 44.4634339585694], [11.37453375754983, 44.46316410758493], [11.373780142433143, 44.46317978117365], [11.373758260330307, 44.46264007886652], [11.37338145600755, 44.462647913651246], [11.373370516918829, 44.46237806240196], [11.372993714175538, 44.462385895871385]]]}}, {"type": "Feature", "properties": {"threshold": "ge_3", "source": "HistorySUHI", "period": "2013-2025", "hotspot_percentile": "top_10_pct", "label": ">= 3 estati"}, "geometry": {"type": "Polygon", "coordinates": [[[11.348576984484902, 44.464781399412786], [11.348587810268697, 44.46505125537114], [11.348210983598765, 44.4650590074477], [11.348221807801147, 44.4653288634637], [11.348598636204187, 44.465321111314594], [11.348620288530274, 44.46586082315683], [11.348997120247903, 44.46585306962043], [11.34900794837168, 44.46612292544666], [11.349761614818075, 44.46610741450216], [11.349729120503016, 44.465297847414256], [11.35010594829911, 44.465290090296484], [11.350095115431207, 44.46502023464333], [11.349718289368209, 44.4650279916885], [11.349707458385174, 44.464758135947854], [11.349330633903485, 44.464765891678304], [11.34931980480527, 44.46449603585019], [11.348942981904896, 44.46450379026593], [11.348953809270053, 44.46477364616661], [11.348576984484902, 44.464781399412786]]]}}, {"type": "Feature", "properties": {"threshold": "ge_3", "source": "HistorySUHI", "period": "2013-2025", "hotspot_percentile": "top_10_pct", "label": ">= 3 estati"}, "geometry": {"type": "Polygon", "coordinates": [[[11.372300710842348, 44.47320343887854], [11.370793219181794, 44.473234757153556], [11.37082601369763, 44.47404431082348], [11.372333526163223, 44.47401299166923], [11.372344464910093, 44.47428284256959], [11.37272134437712, 44.47427500960154], [11.3727322850111, 44.474544860413666], [11.373109166058626, 44.47453702612981], [11.37312010857977, 44.4748068768537], [11.374627638171528, 44.47477552699993], [11.37460573941201, 44.47423582612397], [11.37498261795877, 44.474227985701006], [11.37496071634547, 44.47368828491203], [11.374583841266245, 44.47369612518825], [11.374561943734214, 44.47315642419279], [11.374185071968999, 44.47316426307984], [11.374174125166812, 44.472894412486355], [11.372289772708625, 44.47293358791846], [11.372300710842348, 44.47320343887854]]]}}, {"type": "Feature", "properties": {"threshold": "ge_3", "source": "HistorySUHI", "period": "2013-2025", "hotspot_percentile": "top_10_pct", "label": ">= 3 estati"}, "geometry": {"type": "Polygon", "coordinates": [[[11.37920506582729, 44.47603060568095], [11.378828176833018, 44.4760384602856], [11.378817207535997, 44.475768610737525], [11.377309656957632, 44.4758000164368], [11.377320619318946, 44.476069866278756], [11.377697508927964, 44.4760620166443], [11.37770847317686, 44.476331866397864], [11.379216037011977, 44.476300455140574], [11.37920506582729, 44.47603060568095]]]}}, {"type": "Feature", "properties": {"threshold": "ge_3", "source": "HistorySUHI", "period": "2013-2025", "hotspot_percentile": "top_10_pct", "label": ">= 3 estati"}, "geometry": {"type": "Polygon", "coordinates": [[[11.38072359838709, 44.47626902400237], [11.381100488346311, 44.47626116311143], [11.38107852879143, 44.4757214649126], [11.38070164230005, 44.47572932565641], [11.380690664487295, 44.47545947646102], [11.379936894510804, 44.47547519407398], [11.379980792813502, 44.47655459135424], [11.38073457666138, 44.476538873152926], [11.38072359838709, 44.47626902400237]]]}}, {"type": "Feature", "properties": {"threshold": "ge_3", "source": "HistorySUHI", "period": "2013-2025", "hotspot_percentile": "top_10_pct", "label": ">= 3 estati"}, "geometry": {"type": "Polygon", "coordinates": [[[11.376987573601872, 44.4771571141829], [11.377364470300492, 44.47714926549722], [11.377375433429965, 44.47741911526448], [11.377752331709, 44.47741126526273], [11.377741366845477, 44.47714141556892], [11.3781182632368, 44.47713356439804], [11.378096330502705, 44.47659386511255], [11.377719437579408, 44.4766017161365], [11.37770847317686, 44.476331866397864], [11.377331581833886, 44.476339716105784], [11.377353507324656, 44.47687941571501], [11.376976612360066, 44.47688726432726], [11.376987573601872, 44.4771571141829]]]}}, {"type": "Feature", "properties": {"threshold": "ge_3", "source": "HistorySUHI", "period": "2013-2025", "hotspot_percentile": "top_10_pct", "label": ">= 3 estati"}, "geometry": {"type": "Polygon", "coordinates": [[[11.373683067010347, 44.47938650002845], [11.372929242642993, 44.47940217247832], [11.372940186190498, 44.479672023006714], [11.372563272042479, 44.4796798574409], [11.372574214009049, 44.47994970802767], [11.373328045620323, 44.47993403776993], [11.373338991208895, 44.480203888195106], [11.373715908518772, 44.48019605112879], [11.373683067010347, 44.47938650002845]]]}}, {"type": "Feature", "properties": {"threshold": "ge_3", "source": "HistorySUHI", "period": "2013-2025", "hotspot_percentile": "top_10_pct", "label": ">= 3 estati"}, "geometry": {"type": "Polygon", "coordinates": [[[11.381942139922295, 44.478404228622026], [11.380434524903938, 44.478435677025075], [11.380445502674947, 44.478705526129595], [11.378184065127613, 44.47875266189586], [11.378173097761575, 44.47848281235025], [11.377419287484273, 44.47849851418409], [11.37743025138197, 44.478768363876625], [11.377053344278655, 44.47877621300302], [11.377064306595804, 44.47904606275408], [11.376687397604659, 44.47905391071123], [11.376731241472532, 44.480133309859816], [11.378238904263378, 44.48010190939977], [11.378249872551663, 44.48037175885572], [11.378626789599465, 44.48036390556042], [11.378637759775804, 44.48063375492793], [11.379014678404198, 44.480625900316376], [11.379025650468641, 44.48089574959544], [11.379402570677627, 44.480887893667635], [11.379413544630218, 44.481157742858244], [11.380544309537436, 44.4811341673977], [11.380522351379861, 44.48059446944275], [11.380899269239174, 44.4805866086175], [11.380877308228438, 44.48004691074988], [11.381254222465246, 44.48003904882903], [11.381243240456437, 44.47976919994637], [11.38162015280507, 44.47976133685639], [11.381609169215917, 44.47949148803235], [11.381986079676379, 44.47948362377328], [11.381942139922295, 44.478404228622026]]]}}, {"type": "Feature", "properties": {"threshold": "ge_3", "source": "HistorySUHI", "period": "2013-2025", "hotspot_percentile": "top_10_pct", "label": ">= 3 estati"}, "geometry": {"type": "Polygon", "coordinates": [[[11.376474889622344, 44.483109504101726], [11.376851824783087, 44.48310165628576], [11.376840861895769, 44.48283180668538], [11.376463928469596, 44.482839654427906], [11.376442006624952, 44.48229995503546], [11.376065076514232, 44.48230780138829], [11.376032200102786, 44.481498251967274], [11.37565527504191, 44.48150609685705], [11.37564431827969, 44.48123624694675], [11.375267394799685, 44.48124409052035], [11.375256439925428, 44.48097424052171], [11.374879518026303, 44.48098208277912], [11.374868565039959, 44.48071223269217], [11.37449164472172, 44.48072007363344], [11.374502595973677, 44.48098992379377], [11.374125673767567, 44.48099776356563], [11.374180423657272, 44.48234701451007], [11.37380349262538, 44.48235485340594], [11.373814441329175, 44.48262470362337], [11.373437508409296, 44.482632541349744], [11.373481297820561, 44.483711942363485], [11.373104357808842, 44.48371977914035], [11.373159089351605, 44.48506903043817], [11.372782140512895, 44.48507686633876], [11.372793085546911, 44.48534671662684], [11.373546986540486, 44.485331043436034], [11.373557935197528, 44.48560089356251], [11.374688790741388, 44.48557737423399], [11.374677836879927, 44.485307524327595], [11.375431736338658, 44.48529183870718], [11.375420779161171, 44.48502198893264], [11.375797726925423, 44.48501414433141], [11.375775809561677, 44.4844744448843], [11.376152753702874, 44.48446659918696], [11.376119873605129, 44.48365705012451], [11.376496812388707, 44.48364920340454], [11.376474889622344, 44.483109504101726]]]}}, {"type": "Feature", "properties": {"threshold": "ge_3", "source": "HistorySUHI", "period": "2013-2025", "hotspot_percentile": "top_10_pct", "label": ">= 3 estati"}, "geometry": {"type": "Polygon", "coordinates": [[[11.37089739401887, 44.485116027197435], [11.370930203558803, 44.485925579116284], [11.371307158368737, 44.48591774921065], [11.371296219967295, 44.48564789865924], [11.371673172889071, 44.485640067583894], [11.371651293076477, 44.48510036658284], [11.37089739401887, 44.485116027197435]]]}}, {"type": "Feature", "properties": {"threshold": "ge_3", "source": "HistorySUHI", "period": "2013-2025", "hotspot_percentile": "top_10_pct", "label": ">= 3 estati"}, "geometry": {"type": "Polygon", "coordinates": [[[11.35179209649435, 44.488482090294504], [11.351802946048624, 44.488751944506525], [11.352179924261023, 44.488744177341225], [11.352190775702589, 44.48901403146564], [11.351813795754964, 44.48902179870363], [11.351824645613378, 44.48929165288584], [11.352578608827029, 44.48927611702131], [11.352556902321329, 44.488736408932766], [11.353310857985562, 44.48872086838633], [11.35325657703187, 44.487371598631334], [11.352502638719097, 44.48738713845063], [11.352513491135323, 44.48765699257686], [11.352890462102872, 44.48764922321605], [11.352901316406328, 44.48791907725467], [11.352147370848872, 44.48793461487856], [11.352169072971549, 44.4884743232019], [11.35179209649435, 44.488482090294504]]]}}, {"type": "Feature", "properties": {"threshold": "ge_3", "source": "HistorySUHI", "period": "2013-2025", "hotspot_percentile": "top_10_pct", "label": ">= 3 estati"}, "geometry": {"type": "Polygon", "coordinates": [[[11.353310857985562, 44.48872086838633], [11.35332171463279, 44.488990722292634], [11.353698693971886, 44.48898295008194], [11.353687835589442, 44.48871309624838], [11.353310857985562, 44.48872086838633]]]}}, {"type": "Feature", "properties": {"threshold": "ge_3", "source": "HistorySUHI", "period": "2013-2025", "hotspot_percentile": "top_10_pct", "label": ">= 3 estati"}, "geometry": {"type": "Polygon", "coordinates": [[[11.354086533428662, 44.48924503037401], [11.354075673158786, 44.48897517662808], [11.353698693971886, 44.48898295008194], [11.353709552506523, 44.489252803900605], [11.354086533428662, 44.48924503037401]]]}}, {"type": "Feature", "properties": {"threshold": "ge_3", "source": "HistorySUHI", "period": "2013-2025", "hotspot_percentile": "top_10_pct", "label": ">= 3 estati"}, "geometry": {"type": "Polygon", "coordinates": [[[11.362767952908328, 44.489335748200865], [11.3620139944553, 44.4893513513427], [11.362024891470012, 44.48962120352848], [11.361647910279157, 44.48962900330764], [11.361669701296254, 44.49016870778045], [11.361292716482147, 44.49017650646238], [11.361281822632526, 44.48990665416046], [11.360527856016834, 44.48992224764877], [11.360516965790422, 44.48965239518601], [11.359386019927948, 44.48967577587574], [11.359407790121727, 44.49021548122394], [11.359030804391834, 44.49022327244661], [11.359041687982256, 44.49049312517127], [11.359795662760112, 44.490477541336865], [11.359806549973772, 44.49074739390077], [11.361314504639472, 44.49071621102151], [11.361303610484462, 44.49044635874941], [11.36205758343057, 44.49043075999637], [11.362068481056237, 44.490700612122495], [11.362445469035515, 44.490692810808156], [11.362434569674521, 44.49042295875503], [11.3631885417041, 44.490407352542725], [11.363155834126072, 44.48959779673195], [11.362778853393495, 44.489605600240644], [11.362767952908328, 44.489335748200865]]]}}, {"type": "Feature", "properties": {"threshold": "ge_3", "source": "HistorySUHI", "period": "2013-2025", "hotspot_percentile": "top_10_pct", "label": ">= 3 estati"}, "geometry": {"type": "Polygon", "coordinates": [[[11.365106204086768, 44.4911778698364], [11.365860184388046, 44.491162245780586], [11.365816524166837, 44.490082840228126], [11.365062557748084, 44.49009846369911], [11.365051646545757, 44.489828612127496], [11.364297682985788, 44.48984423047957], [11.364330406639873, 44.490653785588144], [11.364707393702167, 44.49064597681447], [11.364718303627974, 44.490915828414416], [11.365095292272686, 44.49090801832445], [11.365106204086768, 44.4911778698364]]]}}, {"type": "Feature", "properties": {"threshold": "ge_3", "source": "HistorySUHI", "period": "2013-2025", "hotspot_percentile": "top_10_pct", "label": ">= 3 estati"}, "geometry": {"type": "Polygon", "coordinates": [[[11.382114573673721, 44.49190451846403], [11.38173758325899, 44.49191238486585], [11.381726594475756, 44.49164253664099], [11.38134960564234, 44.49165040172598], [11.381338618748442, 44.49138055341259], [11.380584644090284, 44.49139627970577], [11.380562677705589, 44.49085658273978], [11.3798087093728, 44.490872303765926], [11.379819689017626, 44.4911421524035], [11.379442702885106, 44.491150011125335], [11.379453680948524, 44.49141985982151], [11.379076692926827, 44.49142771737367], [11.379087669408786, 44.49169756612843], [11.379464659165814, 44.49168970850274], [11.379475637536979, 44.49195955716901], [11.379098646044598, 44.49196741486824], [11.379131576875157, 44.492776960998], [11.378754580022708, 44.492784817674554], [11.378765555538491, 44.4930546664281], [11.378011557901191, 44.493070376198396], [11.37802253009985, 44.493340225084005], [11.377268528376414, 44.49335593002812], [11.37725755964873, 44.493086080995546], [11.37574956129909, 44.49311747567041], [11.375782447117151, 44.49392702360466], [11.376159452141659, 44.49391917658059], [11.376170416123887, 44.49418902578871], [11.376924429182981, 44.494173327863685], [11.376913461729618, 44.49390347880248], [11.378044474958553, 44.49387992281039], [11.378033502452306, 44.49361007395468], [11.378787507031584, 44.49359436389037], [11.378798483008891, 44.49386421259907], [11.379929493930486, 44.49384063795721], [11.379940475268288, 44.49411048643039], [11.381071490011227, 44.494086900378015], [11.381060503466802, 44.493817052125564], [11.383322518380979, 44.49376984689296], [11.383333515338576, 44.49403969470369], [11.383710519020449, 44.494031822739686], [11.383721517867729, 44.49430167046179], [11.384852533194877, 44.494278046888915], [11.384808517904707, 44.49319865679503], [11.384431519891866, 44.49320653226784], [11.384420518190343, 44.49293668463328], [11.384043521758736, 44.49294455878915], [11.384032521946835, 44.49267471106595], [11.382524541620556, 44.49270619496215], [11.38250255634238, 44.492166498881666], [11.382125564346339, 44.49217436660033], [11.382114573673721, 44.49190451846403]]]}}, {"type": "Feature", "properties": {"threshold": "ge_3", "source": "HistorySUHI", "period": "2013-2025", "hotspot_percentile": "top_10_pct", "label": ">= 3 estati"}, "geometry": {"type": "Polygon", "coordinates": [[[11.370870428294333, 44.4937590715243], [11.37049342285648, 44.49376690106841], [11.370526236701615, 44.494576451993446], [11.370149225903615, 44.49458428051397], [11.37018203592156, 44.49539383152441], [11.37055905192661, 44.4953860027841], [11.370569990641592, 44.495655853017794], [11.371324025663142, 44.49564019166041], [11.371334968002957, 44.49591004173261], [11.371711987019427, 44.49590220911549], [11.371701042943865, 44.49563235911659], [11.37245507704508, 44.49561669029874], [11.372433182411319, 44.495076990549364], [11.372810195760357, 44.49506915442198], [11.3727554531831, 44.493719905153846], [11.372378448512162, 44.49372774091459], [11.372367502192636, 44.493457890942835], [11.37085948891702, 44.493489221259374], [11.370870428294333, 44.4937590715243]]]}}, {"type": "Feature", "properties": {"threshold": "ge_3", "source": "HistorySUHI", "period": "2013-2025", "hotspot_percentile": "top_10_pct", "label": ">= 3 estati"}, "geometry": {"type": "Polygon", "coordinates": [[[11.36005699801072, 44.49695399875482], [11.360811055487893, 44.49693840644607], [11.360800161291989, 44.49666855437106], [11.361177188065632, 44.49666075642441], [11.361144501186603, 44.49585120032881], [11.360013436030213, 44.49587458978166], [11.36002432629636, 44.49614444204732], [11.359647302536406, 44.49615223611763], [11.359669080054923, 44.49669194075009], [11.36004610728661, 44.4966841465339], [11.36005699801072, 44.49695399875482]]]}}, {"type": "Feature", "properties": {"threshold": "ge_3", "source": "HistorySUHI", "period": "2013-2025", "hotspot_percentile": "top_10_pct", "label": ">= 3 estati"}, "geometry": {"type": "Polygon", "coordinates": [[[11.377498907176845, 44.499022756260246], [11.377509879287516, 44.499292604964054], [11.37788691841301, 44.49928475149702], [11.377875944566316, 44.49901490286669], [11.377498907176845, 44.499022756260246]]]}}, {"type": "Feature", "properties": {"threshold": "ge_3", "source": "HistorySUHI", "period": "2013-2025", "hotspot_percentile": "top_10_pct", "label": ">= 3 estati"}, "geometry": {"type": "Polygon", "coordinates": [[[11.369624830041824, 44.50026679115241], [11.369635766308601, 44.500536641337106], [11.370012815603392, 44.50052881369201], [11.37003469206928, 44.50106851387011], [11.371165849450826, 44.50104502303339], [11.371154905932563, 44.500775173171625], [11.371531956350088, 44.50076734047871], [11.371499121507211, 44.49995779102369], [11.371122076298178, 44.49996562349672], [11.371111133393507, 44.499695773575205], [11.370357045987522, 44.499711434643885], [11.370367985419954, 44.49998128471194], [11.369990939750808, 44.49998911345416], [11.370001877600437, 44.50025896358054], [11.369624830041824, 44.50026679115241]]]}}, {"type": "Feature", "properties": {"threshold": "ge_3", "source": "HistorySUHI", "period": "2013-2025", "hotspot_percentile": "top_10_pct", "label": ">= 3 estati"}, "geometry": {"type": "Polygon", "coordinates": [[[11.376411662618471, 44.50012570458683], [11.376788707413535, 44.5001178546301], [11.376810646074595, 44.50065755219713], [11.376433597807253, 44.5006654023008], [11.376422630135991, 44.50039555345128], [11.376045583451061, 44.500403402237865], [11.376067515474992, 44.500943100068824], [11.376444565632255, 44.500935251135346], [11.376455533611, 44.501205099954966], [11.376078481717535, 44.50121294896191], [11.376100414663796, 44.50175264670321], [11.377608635204965, 44.50172124262591], [11.377586688368819, 44.501181545472335], [11.37796373964715, 44.50117369149086], [11.377930815338074, 44.50036414586888], [11.378307861254063, 44.500356290864275], [11.37827493312124, 44.49954674532831], [11.377143810536646, 44.49957030594989], [11.37715478121885, 44.499840154697296], [11.376400695254688, 44.49985585570744], [11.376411662618471, 44.50012570458683]]]}}, {"type": "Feature", "properties": {"threshold": "ge_3", "source": "HistorySUHI", "period": "2013-2025", "hotspot_percentile": "top_10_pct", "label": ">= 3 estati"}, "geometry": {"type": "Polygon", "coordinates": [[[11.377685453977113, 44.5036101821927], [11.378439587633558, 44.503594471663035], [11.378450565832088, 44.50386431996579], [11.378827634165914, 44.50385646276183], [11.378783715349565, 44.50277706975525], [11.37765253072318, 44.50280063675374], [11.377685453977113, 44.5036101821927]]]}}, {"type": "Feature", "properties": {"threshold": "ge_3", "source": "HistorySUHI", "period": "2013-2025", "hotspot_percentile": "top_10_pct", "label": ">= 3 estati"}, "geometry": {"type": "Polygon", "coordinates": [[[11.366805070275053, 44.505186678538294], [11.365673829237538, 44.505210127894614], [11.365662909466895, 44.50494027715864], [11.365285830551484, 44.50494809104995], [11.36525307736771, 44.50413853853313], [11.364876003508963, 44.50414635096128], [11.364843256912092, 44.50333679809084], [11.36371205004637, 44.50336022725476], [11.363722960216203, 44.50363007844575], [11.363345889218564, 44.50363788575258], [11.363400433679123, 44.504987141848986], [11.363777513359555, 44.50497933417686], [11.363810247081013, 44.50578888743648], [11.364187331818448, 44.50578107830128], [11.364198245101559, 44.50605092928492], [11.364575331422706, 44.50604311883275], [11.364597161921372, 44.50658282060906], [11.364974251562971, 44.50657500876683], [11.364985168778603, 44.50684485955951], [11.366493532761364, 44.506813599459015], [11.36648260859868, 44.50654374895887], [11.367236786197786, 44.5065281115915], [11.367225858714784, 44.50625826122275], [11.367602945547837, 44.5062504407464], [11.36759201648132, 44.50598059043592], [11.367214931384968, 44.50598841083907], [11.367193077184886, 44.50544871002696], [11.36681599540869, 44.50545652903992], [11.366805070275053, 44.505186678538294]]]}}, {"type": "Feature", "properties": {"threshold": "ge_3", "source": "HistorySUHI", "period": "2013-2025", "hotspot_percentile": "top_10_pct", "label": ">= 3 estati"}, "geometry": {"type": "Polygon", "coordinates": [[[11.359803918542973, 44.5093827788417], [11.359426809392158, 44.50939057399858], [11.359459487922553, 44.510200129170386], [11.359836602284586, 44.51019233379466], [11.359803918542973, 44.5093827788417]]]}}, {"type": "Feature", "properties": {"threshold": "ge_3", "source": "HistorySUHI", "period": "2013-2025", "hotspot_percentile": "top_10_pct", "label": ">= 3 estati"}, "geometry": {"type": "Polygon", "coordinates": [[[11.377271500069297, 44.51199118729721], [11.377648621123072, 44.51198333286361], [11.377659598881996, 44.51225318092358], [11.378413844002198, 44.512237468177005], [11.378402862768896, 44.51196762026407], [11.378779983360896, 44.511959762098165], [11.378758017881834, 44.511420066374505], [11.378380900764133, 44.51142792439336], [11.378369919992668, 44.51115807643558], [11.37761568876969, 44.511173788594014], [11.377626666066922, 44.51144363669883], [11.37724954848746, 44.51145149098545], [11.377271500069297, 44.51199118729721]]]}}, {"type": "Feature", "properties": {"threshold": "ge_3", "source": "HistorySUHI", "period": "2013-2025", "hotspot_percentile": "top_10_pct", "label": ">= 3 estati"}, "geometry": {"type": "Polygon", "coordinates": [[[11.376140135984812, 44.512014743133435], [11.375763014315678, 44.51202259259063], [11.37575204539653, 44.51175274414835], [11.375374925310798, 44.511760592288], [11.375396859828488, 44.51230028930451], [11.375773983388608, 44.51229244101799], [11.375784952615318, 44.51256228943039], [11.376162077758885, 44.51255443982629], [11.376140135984812, 44.512014743133435]]]}}, {"type": "Feature", "properties": {"threshold": "ge_3", "source": "HistorySUHI", "period": "2013-2025", "hotspot_percentile": "top_10_pct", "label": ">= 3 estati"}, "geometry": {"type": "Polygon", "coordinates": [[[11.354378920043853, 44.52461908768649], [11.354400670536226, 44.52515879166563], [11.354777882766326, 44.52515101094765], [11.35476700570542, 44.524881159038344], [11.356275846146556, 44.52485002401049], [11.356264962284394, 44.524580172377625], [11.35701937811253, 44.52456459754116], [11.357008490926155, 44.52429474603914], [11.357385696872845, 44.52428695682674], [11.35735303101456, 44.523477402449856], [11.357730231593504, 44.52346961221147], [11.357719341541113, 44.52319976079559], [11.360736926767274, 44.523137394664744], [11.360715119308432, 44.52259769295543], [11.361469507133611, 44.52258208926843], [11.361447693333506, 44.52204238779148], [11.361824883540327, 44.52203458422713], [11.361759435381545, 44.52041547987641], [11.362136615006861, 44.52040767550568], [11.362125705777672, 44.520137824801374], [11.362502883512022, 44.520130019259156], [11.362491972697807, 44.51986016861298], [11.362869148541202, 44.51985236189933], [11.362836411802617, 44.51904281009045], [11.363213582279228, 44.5190350023515], [11.363169928484973, 44.517955600023015], [11.36279276495973, 44.517963407469715], [11.362781853631473, 44.51769355677723], [11.363159015418935, 44.5176857494036], [11.363137189745867, 44.51714604811999], [11.36351434790484, 44.5171382396481], [11.363503433560101, 44.516868389056974], [11.363880589828346, 44.51686057941382], [11.363858758122598, 44.51632087833299], [11.364990215582994, 44.516297442376], [11.364979294746805, 44.51602759203251], [11.366487895599837, 44.51599632696193], [11.366476967966392, 44.515726476896084], [11.367231263998592, 44.51571083704131], [11.367187541096655, 44.51463143721406], [11.367941822615695, 44.51461579296771], [11.367930888798412, 44.51434594311996], [11.369062304714868, 44.514322467638316], [11.369084182927503, 44.51486216687952], [11.369461324734544, 44.51485433908401], [11.369472265808406, 44.51512418860898], [11.36984940919955, 44.51511635949596], [11.369860352164318, 44.51538620893271], [11.370237497139556, 44.51537837850218], [11.370259387004465, 44.515918077184345], [11.370636535301347, 44.51591024536297], [11.370658429255254, 44.516449943838836], [11.371035580873848, 44.516442110626556], [11.37104652981865, 44.5167119597688], [11.37217798896618, 44.516688452446154], [11.372188943277436, 44.51695830135347], [11.372943252083212, 44.516942623436734], [11.372965168117187, 44.51748232091317], [11.373342325764991, 44.51747447994156], [11.37340808798091, 44.51909357157209], [11.374539591282053, 44.51907003987003], [11.374528625315076, 44.51880019152248], [11.374151459439569, 44.51880803659418], [11.374140495364138, 44.51853818815829], [11.374517659501842, 44.51853034316], [11.374506693842356, 44.518260494782574], [11.375638180119598, 44.51823695254165], [11.37567109319945, 44.51904649696821], [11.374916758741634, 44.5190621934805], [11.37494966277869, 44.51987173821323], [11.375326835298102, 44.51986389035899], [11.37531586539408, 44.519594042203124], [11.375693036021795, 44.51958619317787], [11.375704007663709, 44.51985604126029], [11.376458351933406, 44.51984033932956], [11.376469327204969, 44.520110187250104], [11.37609215340914, 44.52011803891117], [11.376114100938024, 44.520657734854375], [11.376491278209745, 44.520649883046374], [11.376513229830067, 44.521189578782845], [11.376890410423883, 44.52118172558339], [11.376978236965966, 44.523340507343654], [11.37735543131075, 44.52333265231168], [11.37736641205942, 44.523602499890956], [11.378875194851553, 44.52357106702307], [11.378853219602563, 44.52303137243783], [11.379230411439115, 44.52302351125648], [11.379219422307548, 44.522753664015], [11.379596612251863, 44.52274580166265], [11.379585621536242, 44.52247595447979], [11.379208433330058, 44.52248381675857], [11.379175467322035, 44.521674274899596], [11.379552650313968, 44.521666412841526], [11.379574630974721, 44.52220610728199], [11.3799518172887, 44.522198243832236], [11.3799408251432, 44.52192839669307], [11.380695193832617, 44.521912666207164], [11.38073917724427, 44.52299205408536], [11.381116368310176, 44.522984186681164], [11.381127366286696, 44.523254033539715], [11.381881751432205, 44.52323829485033], [11.381859748680753, 44.52269860141281], [11.383745691463227, 44.52265923364607], [11.383734681628338, 44.52238938727327], [11.384489054184712, 44.522373631602186], [11.384478041028041, 44.522103785361864], [11.384100856565121, 44.522111663745946], [11.384089845300911, 44.52184181741695], [11.384467028025782, 44.521833939106564], [11.384445002484494, 44.52129424655112], [11.384822181578935, 44.52128636714371], [11.384811167301924, 44.521016520917286], [11.385188344503966, 44.52100864033913], [11.385177328643438, 44.520738794171486], [11.385554503953085, 44.52073091242261], [11.385543486509087, 44.520461066313764], [11.385920659926345, 44.520453183394196], [11.385909640898923, 44.52018333734415], [11.386286812423798, 44.52017545325392], [11.386275791813004, 44.51990560726268], [11.387030130923453, 44.5198898354965], [11.387041155009971, 44.520159681340154], [11.38741832607122, 44.52015179351663], [11.387429352050184, 44.520421639271504], [11.387806524694724, 44.520413750129734], [11.38785063710828, 44.5214931327043], [11.388227816549955, 44.52148524202275], [11.3882388467779, 44.52175508755515], [11.38861602780292, 44.52174719555527], [11.388649124628824, 44.52255673184112], [11.389403496643045, 44.52254094366466], [11.389392460736932, 44.52227109839875], [11.38976964477389, 44.52226320251763], [11.389736532769899, 44.52145366685173], [11.390113711438072, 44.521445769947775], [11.39010267267495, 44.52117592476977], [11.389725495744733, 44.52118382159983], [11.389714458874314, 44.52091397633295], [11.38896010802555, 44.52092976611193], [11.388927008770091, 44.520120229778264], [11.387795496977883, 44.52014390444868], [11.387773442008038, 44.51960421304168], [11.388150609284406, 44.51959632287696], [11.388139580293593, 44.51932647722485], [11.388516745677528, 44.51931858588957], [11.388494684684261, 44.51877889468813], [11.388117522775856, 44.518786785875726], [11.388106494248923, 44.51851694017871], [11.387729333923625, 44.5185248300481], [11.387674202296537, 44.517175600969466], [11.38805135393355, 44.51716771146921], [11.38802929888968, 44.516628019880656], [11.388406446896942, 44.51662012928378], [11.388395417869383, 44.51635028354089], [11.388772563984485, 44.51634239177359], [11.388750502918247, 44.51580270039062], [11.389127645403718, 44.515794807526774], [11.389094549751897, 44.51498527056163], [11.38871741247872, 44.51499316320391], [11.388695352958887, 44.51445347167128], [11.38831821900582, 44.514461362921665], [11.388329246951058, 44.51473120876932], [11.387952111106019, 44.51473909884936], [11.387963137468478, 44.51500894475586], [11.386454585593139, 44.51504049292929], [11.386443566180256, 44.51477064672759], [11.386066429562533, 44.51477853058664], [11.386077447238016, 44.51504837686214], [11.385323170064396, 44.51506414099518], [11.385345198928997, 44.51560383379631], [11.384968056635657, 44.51561171414398], [11.38497906956211, 44.51588156059586], [11.384601925376886, 44.515889439773034], [11.384623948217959, 44.51642913277935], [11.384246800403313, 44.51643701085972], [11.38425781031786, 44.51670685741416], [11.383503510750389, 44.51672260998944], [11.383470491895052, 44.51591306983904], [11.383093347092467, 44.5159209440392], [11.383071338768735, 44.51538125038345], [11.38269419728684, 44.51538912319201], [11.382705199634094, 44.51565897010103], [11.382328056260475, 44.515666841739026], [11.382350057942721, 44.51620653565953], [11.382727204791367, 44.51619866387421], [11.382760213684216, 44.51700820442183], [11.382383061622852, 44.51701607642811], [11.382405064847479, 44.51755577019907], [11.3820279091566, 44.51756364110835], [11.382060909937307, 44.518373181873606], [11.382438070841276, 44.51836531074335], [11.38246007560841, 44.51890500436476], [11.383214403904576, 44.51888925807648], [11.383225409995113, 44.519159104717424], [11.382848244186382, 44.51916697855743], [11.382870253354744, 44.51970667194178], [11.38249308391607, 44.51971454468473], [11.382482080992586, 44.51944469792636], [11.382104913137487, 44.51945256935123], [11.382115914323132, 44.51972241618326], [11.381738744575946, 44.51973028643736], [11.381760743934198, 44.520269980203835], [11.381383570557027, 44.52027784936079], [11.381372572538686, 44.52000800241139], [11.380995400745213, 44.52001587025027], [11.381006397025654, 44.52028571727328], [11.380629223340106, 44.520293583941324], [11.380651212887642, 44.52083327808974], [11.380274035572059, 44.52084114366054], [11.380241056695771, 44.520031602194685], [11.37948671202983, 44.52004732916135], [11.379475722855087, 44.519777481829], [11.37909855202888, 44.519785343372114], [11.379087564746074, 44.51951549595123], [11.37720171699414, 44.519554784632554], [11.377190738554619, 44.51928493682909], [11.3775679066751, 44.51927708165519], [11.377502028843647, 44.51765799496164], [11.376747713301985, 44.51767370318305], [11.376736737677552, 44.5174038552015], [11.37598242499574, 44.51741955829858], [11.375960481159117, 44.51687986199675], [11.375583328062763, 44.51688771153187], [11.375550418674305, 44.5160781667467], [11.375173270636946, 44.51608601481718], [11.375162302885933, 44.51581616645214], [11.374408009825038, 44.515831858713405], [11.374386081734379, 44.5152921616448], [11.374008938448384, 44.51530000576223], [11.373987014447522, 44.51476030848708], [11.373609874482787, 44.51476815121346], [11.373566035274854, 44.51368875619033], [11.37469743385919, 44.51366522515928], [11.374675504753167, 44.51312552799847], [11.37505263383256, 44.513117681979935], [11.375030701866857, 44.51257798490619], [11.374653576262011, 44.5125858307779], [11.374631648385702, 44.51204613349757], [11.374254526101597, 44.512053977978326], [11.374243564131193, 44.51178412924234], [11.3738664434306, 44.5117919724056], [11.373855483351042, 44.51152212358128], [11.373478364233964, 44.51152996542704], [11.373467406045208, 44.51126011651441], [11.372713170824497, 44.51127579632692], [11.372702216263619, 44.51100594725263], [11.371193750928008, 44.511037291655335], [11.371171856163752, 44.510497592875325], [11.370794742920303, 44.510505425719224], [11.37074001738047, 44.50915617814138], [11.371494226343712, 44.509140511942554], [11.371483278222167, 44.508870662528786], [11.371860380736635, 44.50886282763669], [11.371849431031656, 44.50859297828131], [11.372226531655706, 44.508585142218564], [11.372215580367337, 44.50831529292157], [11.372969777681057, 44.50829961721087], [11.372958823072489, 44.508029768045624], [11.373335919762145, 44.508021928397696], [11.373324963570314, 44.50775207929089], [11.373702058369545, 44.5077442384724], [11.373691100594499, 44.507474389424], [11.374068193503309, 44.50746654743497], [11.374024356992251, 44.506387151385574], [11.373647271030416, 44.50639499308109], [11.373625357170003, 44.50585529482001], [11.373248274527908, 44.50586313512491], [11.373226364755133, 44.50532343665735], [11.372849285432721, 44.505331275571706], [11.372838332513277, 44.505061426242165], [11.373215410099098, 44.50505358740116], [11.37320445559663, 44.50478373813003], [11.372450303744582, 44.50479941442152], [11.372439352868764, 44.50452956498877], [11.371308129149043, 44.504553069877495], [11.371297183636312, 44.50428322020986], [11.370920110492694, 44.50429105261189], [11.370887280084558, 44.50348150329948], [11.37051021199698, 44.50348933423788], [11.37049927057085, 44.50321948436394], [11.369368070597265, 44.503242969496824], [11.369357134533761, 44.50297311938818], [11.368225938389713, 44.50299659310769], [11.3682478002514, 44.50353629374938], [11.367870731090674, 44.503544115981455], [11.367881660514888, 44.50381396635311], [11.367504589464472, 44.503821787414616], [11.367526445299502, 44.5043614882595], [11.367903519822955, 44.50435366705161], [11.367914449706813, 44.50462351737848], [11.368291525813598, 44.504615694853584], [11.368302457587253, 44.50488554509232], [11.36905661281421, 44.50486989616469], [11.369067548214305, 44.50513974624206], [11.369444627334445, 44.50513191983928], [11.369488377414445, 44.5062113197065], [11.369111291347693, 44.50621914640223], [11.369122227514303, 44.50648899640496], [11.368745139557525, 44.50649682193005], [11.368756074140709, 44.506766671991066], [11.367624804140512, 44.50679014132261], [11.367679453303532, 44.50813939250188], [11.366925255169022, 44.50815503323518], [11.36693618198751, 44.50842488357263], [11.36655908095357, 44.50843270214649], [11.366548155871985, 44.50816285173589], [11.365416857062026, 44.5081862997742], [11.365427776932888, 44.508456150404214], [11.364673573486963, 44.508471776356124], [11.364684490037035, 44.50874162711745], [11.363930282505068, 44.5087572482396], [11.363941195734245, 44.50902709913216], [11.363186984116368, 44.50904271542444], [11.363197894024546, 44.50931256644824], [11.362820786249175, 44.50932037280141], [11.362831694573275, 44.50959022388333], [11.362077475089725, 44.509605833003654], [11.362088380092645, 44.50987568421673], [11.360579932342958, 44.50990688782086], [11.360590830550416, 44.51017673931101], [11.360213716493883, 44.51018453717487], [11.360224613117012, 44.51045438872307], [11.36060172891066, 44.510446590786245], [11.36063442490814, 44.51125614512245], [11.360257303902996, 44.5112639432782], [11.360268201137199, 44.51153379476674], [11.359891078242063, 44.51154159175133], [11.3599019738918, 44.51181144329793], [11.360656223003772, 44.51179584793868], [11.36066712228079, 44.512065699324424], [11.361421374256071, 44.512050098842636], [11.361454083427798, 44.51285965247241], [11.361831214398078, 44.512851850146255], [11.361853024751593, 44.5133915523455], [11.360344486054458, 44.51342275476897], [11.360333587750777, 44.51315290338482], [11.359579320960128, 44.51316849698538], [11.359557531760538, 44.51262879388051], [11.35993466175754, 44.51262099784824], [11.359923765649537, 44.51235114634638], [11.35954663738985, 44.512358942305696], [11.359535743171897, 44.51208909071598], [11.358027235555245, 44.51212026181989], [11.358038122824007, 44.51239011370128], [11.356906735296851, 44.51241347918417], [11.356874089584014, 44.51160392283928], [11.35762833766435, 44.51158834753211], [11.357606567669682, 44.511048643519146], [11.357229447180249, 44.51105643164903], [11.357218564149, 44.51078657954731], [11.3579728015009, 44.510771002189166], [11.357961915147905, 44.510501150218296], [11.357584798285414, 44.510508939446524], [11.357563029511521, 44.50996923531427], [11.357185915970685, 44.50997702315265], [11.357196798544225, 44.51024687529912], [11.356065451795066, 44.51027023156839], [11.356054574432884, 44.51000037920338], [11.355677460281935, 44.510008162065475], [11.355666584809343, 44.50973830961271], [11.354535246653095, 44.50976165051612], [11.354524376544207, 44.50949179783004], [11.353770153818878, 44.50950735206642], [11.353781020453596, 44.50977720489804], [11.353026793644721, 44.5097927543037], [11.353037656957547, 44.51006260726593], [11.352660541587536, 44.5100703801754], [11.352671403315519, 44.51034023319547], [11.351917168644402, 44.51035577542755], [11.351928027050317, 44.51062562857816], [11.350796668690464, 44.51064893281361], [11.350785815496087, 44.51037907944492], [11.35040869747564, 44.5103868449625], [11.350419548932834, 44.51065669840386], [11.35004242902307, 44.510664462749986], [11.350053278895187, 44.51093431624911], [11.349676157096102, 44.51094207942377], [11.349687005383092, 44.51121193298063], [11.349309881694682, 44.511219694983794], [11.349353269414356, 44.51229910935286], [11.349730400051973, 44.51229134705915], [11.349806346578443, 44.514180321123064], [11.350183489225982, 44.5141725570766], [11.350194341075742, 44.51444241038205], [11.350948629389416, 44.51442687841098], [11.35095948486642, 44.5146967315562], [11.352090921408053, 44.5146734240494], [11.352101782249957, 44.51494327696162], [11.35398751546143, 44.51490440586748], [11.353998385143509, 44.51517425840106], [11.354752680836663, 44.51515870110779], [11.354741807679439, 44.514888848719785], [11.355496099287683, 44.51487328659493], [11.355474346480435, 44.51433358206548], [11.35585148858078, 44.514325799282275], [11.355829732908512, 44.51378609483887], [11.3562068713814, 44.51377831095709], [11.356195992036586, 44.51350845878588], [11.357327401327673, 44.51348509989371], [11.357316516923156, 44.51321524792616], [11.358070785546122, 44.513199669256046], [11.358081673425446, 44.51346952107782], [11.358458809245375, 44.51346172980356], [11.35852415015191, 44.51508083998357], [11.358147003907074, 44.5150886316953], [11.358168781955559, 44.515628335115174], [11.357791632082893, 44.51563612572843], [11.3578242950877, 44.51644568096512], [11.35744713984945, 44.51645347055272], [11.357458026085322, 44.516723322341356], [11.356703711675562, 44.51673889792929], [11.356714594588617, 44.51700874984876], [11.355960276093075, 44.51702432060494], [11.355971155683205, 44.51729417265522], [11.35559399446886, 44.51730195623957], [11.355604872473746, 44.517571808347775], [11.355227709369105, 44.51757959076057], [11.355238585788696, 44.517849442926696], [11.354861420793751, 44.517857224167905], [11.354872295628002, 44.518127076391934], [11.351854956278798, 44.51818928210455], [11.351876678598577, 44.51872898767213], [11.351499507018628, 44.51873675793166], [11.35151036666901, 44.5190066107658], [11.350378845801899, 44.5190299142957], [11.350367991365328, 44.51876006124349], [11.349990819176492, 44.51876782652517], [11.349979966630027, 44.51849797338539], [11.349602796026948, 44.51850573734995], [11.349613646835493, 44.51877559056238], [11.34848212889977, 44.51879887520716], [11.348536359154624, 44.52014814213534], [11.348159177515203, 44.52015590155769], [11.348202557504008, 44.5212353151226], [11.347825368760072, 44.52124307359084], [11.347814525272934, 44.520973220149344], [11.347437338115112, 44.520980977300404], [11.347426496518143, 44.520711123771434], [11.347049310946444, 44.52071887960535], [11.34703847123959, 44.52044902598891], [11.345529734385643, 44.52048003658873], [11.345540567140034, 44.520749890495374], [11.345163380808652, 44.52075764010645], [11.345174211976785, 44.5210274940707], [11.34479702375539, 44.52103524250973], [11.344851173182988, 44.52238451247024], [11.34447397611863, 44.52239226002718], [11.344484804721407, 44.522662114047115], [11.347879588476394, 44.52259234057486], [11.347868744229034, 44.522322487207845], [11.348245939925825, 44.5223147284492], [11.348235094092267, 44.522044875139905], [11.348612287898737, 44.52203711520925], [11.348601440479028, 44.521767261957656], [11.349733015771113, 44.52174397491594], [11.349722163288916, 44.521474121867364], [11.352362488142923, 44.52141974238469], [11.352351623645799, 44.52114988983008], [11.353105997328589, 44.52113434177931], [11.353116865302004, 44.52140419418841], [11.352739676798642, 44.521411968908836], [11.352794010260412, 44.522761231094606], [11.353171207454855, 44.52275345601041], [11.353203814575282, 44.52356301292478], [11.353581016832262, 44.523555236377646], [11.353602759151299, 44.52409494076717], [11.35397996473259, 44.5240871628298], [11.354001711138189, 44.524626867014135], [11.354378920043853, 44.52461908768649]], [[11.383514517344121, 44.516992456676334], [11.383137365591315, 44.51700033117122], [11.383126360735174, 44.51673048441066], [11.383503510750389, 44.51672260998944], [11.383514517344121, 44.516992456676334]], [[11.38360257564953, 44.51915122963302], [11.383613583632188, 44.519421076185296], [11.383236416239958, 44.519428951343386], [11.383225409995113, 44.519159104717424], [11.38360257564953, 44.51915122963302]], [[11.3530625269587, 44.52005493199384], [11.353439706619223, 44.52004715639267], [11.35342883766966, 44.51977730398181], [11.35380601543977, 44.519769527208894], [11.353795144904607, 44.5194996748559], [11.354172320784315, 44.51949189691126], [11.354161448663596, 44.51922204461616], [11.354538622652907, 44.519214265499826], [11.354560370522723, 44.519753969929546], [11.354937547835517, 44.519746189423124], [11.354981052356917, 44.520825597812475], [11.353472314382278, 44.52085671353583], [11.35348318394143, 44.52112656588708], [11.353105997328589, 44.52113434177931], [11.3530625269587, 44.52005493199384]], [[11.380296022260245, 44.521380837896366], [11.38030701583554, 44.521650684991855], [11.379929833151815, 44.52165854953894], [11.379918841314545, 44.521388702369876], [11.380296022260245, 44.521380837896366]], [[11.356058197895809, 44.51945298852075], [11.356025555921967, 44.51864343268299], [11.357157064717056, 44.51862007337066], [11.357167950436143, 44.5188899251129], [11.356790779252476, 44.51889771286767], [11.356834316703294, 44.51997711997904], [11.356457138415186, 44.5199849067808], [11.356435372860531, 44.5194452031092], [11.356058197895809, 44.51945298852075]], [[11.385477385088882, 44.51884198934649], [11.385488401606098, 44.519111835545104], [11.385111236723601, 44.51911971685146], [11.385100221944159, 44.5188498705791], [11.385477385088882, 44.51884198934649]], [[11.386220691076687, 44.518556377082085], [11.38623171091494, 44.51882622314813], [11.38585454807915, 44.5188341068695], [11.385843529978642, 44.51856426072969], [11.386220691076687, 44.518556377082085]], [[11.38544433646395, 44.51803245066091], [11.385433320564537, 44.517762604402456], [11.385810476603966, 44.5177547222205], [11.385832512032612, 44.51829441457492], [11.38545535251781, 44.518302296904395], [11.38546636872612, 44.518572143132914], [11.384712045757745, 44.518587904206285], [11.384690020446431, 44.51804821143931], [11.38544433646395, 44.51803245066091]], [[11.371761838917676, 44.506434182900584], [11.37177278739471, 44.506704032375445], [11.371018610001627, 44.50671969974272], [11.37100766499804, 44.50644985012124], [11.371761838917676, 44.506434182900584]]]}}, {"type": "Feature", "properties": {"threshold": "ge_3", "source": "HistorySUHI", "period": "2013-2025", "hotspot_percentile": "top_10_pct", "label": ">= 3 estati"}, "geometry": {"type": "Polygon", "coordinates": [[[11.369991679709198, 44.518624401009156], [11.370002624668652, 44.51889425025179], [11.37037979223377, 44.51888641886864], [11.370368845536488, 44.518616569699276], [11.369991679709198, 44.518624401009156]]]}}, {"type": "Feature", "properties": {"threshold": "ge_3", "source": "HistorySUHI", "period": "2013-2025", "hotspot_percentile": "top_10_pct", "label": ">= 3 estati"}, "geometry": {"type": "Polygon", "coordinates": [[[11.370013569781563, 44.519164099479504], [11.370002624668652, 44.51889425025179], [11.369625456950079, 44.518902080390546], [11.369636400325131, 44.51917192969152], [11.370013569781563, 44.519164099479504]]]}}, {"type": "Feature", "properties": {"threshold": "ge_3", "source": "HistorySUHI", "period": "2013-2025", "hotspot_percentile": "top_10_pct", "label": ">= 3 estati"}, "geometry": {"type": "Polygon", "coordinates": [[[11.368893001004713, 44.519457435814815], [11.36776148558101, 44.519480911737304], [11.367794291018043, 44.520290460604464], [11.3689258220832, 44.520266984022925], [11.368893001004713, 44.519457435814815]]]}}, {"type": "Feature", "properties": {"threshold": "ge_3", "source": "HistorySUHI", "period": "2013-2025", "hotspot_percentile": "top_10_pct", "label": ">= 3 estati"}, "geometry": {"type": "Polygon", "coordinates": [[[11.369434317775802, 44.52349734661641], [11.370188712460143, 44.52348168509212], [11.370177764891597, 44.523211836103336], [11.370554960265288, 44.52320400354756], [11.37053306211227, 44.52266430567177], [11.370910253856032, 44.522656472017985], [11.370899303271631, 44.52238662313099], [11.371276493123691, 44.52237878830595], [11.371232685369025, 44.52129939290189], [11.370855502469382, 44.52130722743367], [11.370844552652644, 44.521037378471995], [11.37009018986889, 44.521053043655414], [11.37007924368172, 44.520783194532214], [11.369702063797643, 44.52079102518388], [11.369691119501951, 44.520521175972476], [11.36931394120243, 44.52052900530637], [11.369324883760118, 44.52079885459103], [11.368570523224816, 44.520814509671816], [11.368581462459863, 44.52108435908804], [11.36782709783498, 44.521100009337246], [11.367838033747281, 44.521369858885], [11.367460849466768, 44.521377682216034], [11.367471783794311, 44.521647531822055], [11.367094597622396, 44.52165535398175], [11.367105530365132, 44.52192520364603], [11.36635115408522, 44.52194084437813], [11.366405802716361, 44.523290093207486], [11.36602860565554, 44.523297912072515], [11.366083249426424, 44.52464716089455], [11.366460455178846, 44.52463934166368], [11.366471386131131, 44.524909191310144], [11.366848593468674, 44.52490137076141], [11.366870459309911, 44.525441069863206], [11.36800209083321, 44.52541760030968], [11.367991152620641, 44.52514775098586], [11.368368361083267, 44.52513992538517], [11.368346481641453, 44.52460022683922], [11.368723686473906, 44.5245924001403], [11.368712745244732, 44.52432255091817], [11.369089948185422, 44.52431472304783], [11.36906806271067, 44.52377502470529], [11.369445262021307, 44.523767195736816], [11.369434317775802, 44.52349734661641]]]}}, {"type": "Feature", "properties": {"threshold": "ge_3", "source": "HistorySUHI", "period": "2013-2025", "hotspot_percentile": "top_10_pct", "label": ">= 3 estati"}, "geometry": {"type": "Polygon", "coordinates": [[[11.361114124232811, 44.52312959329754], [11.360736926767274, 44.523137394664744], [11.360747830726023, 44.52340724549702], [11.361125029929845, 44.52339944405681], [11.361114124232811, 44.52312959329754]]]}}, {"type": "Feature", "properties": {"threshold": "ge_3", "source": "HistorySUHI", "period": "2013-2025", "hotspot_percentile": "top_10_pct", "label": ">= 3 estati"}, "geometry": {"type": "Polygon", "coordinates": [[[11.359659828701053, 44.524510046405496], [11.359282621932406, 44.52451784315896], [11.359293519701982, 44.52478769420856], [11.359670728209045, 44.52477989738214], [11.359659828701053, 44.524510046405496]]]}}, {"type": "Feature", "properties": {"threshold": "ge_3", "source": "HistorySUHI", "period": "2013-2025", "hotspot_percentile": "top_10_pct", "label": ">= 3 estati"}, "geometry": {"type": "Polygon", "coordinates": [[[11.363453721915134, 44.52497171089098], [11.364585347144864, 44.52494827538339], [11.364563502777413, 44.524408575344076], [11.363809093064281, 44.52442419996808], [11.363820011694669, 44.524694050141406], [11.363442804870061, 44.52470186065949], [11.363431887978061, 44.524432010413065], [11.363054682738772, 44.524439819613384], [11.363043767738207, 44.52416996927899], [11.361157747938433, 44.524208996245136], [11.361168654247136, 44.52447884694474], [11.360791448089941, 44.524486648676955], [11.360856878722847, 44.526105752999406], [11.361611311745886, 44.526090147414116], [11.361622220863657, 44.52635999793628], [11.360490565884062, 44.5263834046661], [11.360501469939072, 44.52665325539238], [11.360124249568143, 44.52666105521911], [11.360135152037445, 44.52693090600347], [11.360512374146982, 44.52692310610376], [11.360523278507785, 44.5271929568002], [11.36090050220305, 44.5271851555827], [11.360911408455406, 44.52745500619123], [11.361665858864427, 44.527439399875774], [11.361676768747055, 44.527709250323355], [11.3635629007854, 44.527670212385225], [11.363551982209461, 44.527400362302956], [11.363929206419272, 44.52739255105396], [11.363885526692107, 44.526313150868], [11.36350830943667, 44.526320961824624], [11.363486473968809, 44.52578126149592], [11.363863687747205, 44.52577345068549], [11.363841849414733, 44.525233750443284], [11.363464639113282, 44.52524156110754], [11.363453721915134, 44.52497171089098]]]}}, {"type": "Feature", "properties": {"threshold": "ge_3", "source": "HistorySUHI", "period": "2013-2025", "hotspot_percentile": "top_10_pct", "label": ">= 3 estati"}, "geometry": {"type": "Polygon", "coordinates": [[[11.373704086423633, 44.52637947725447], [11.374081301274991, 44.526371632616474], [11.374070334632822, 44.52610178452547], [11.373315908253335, 44.52611747240994], [11.373326871418527, 44.52638732064774], [11.3729496562597, 44.52639516279627], [11.372960617840098, 44.52666501109251], [11.373715051481062, 44.52664932540394], [11.373704086423633, 44.52637947725447]]]}}, {"type": "Feature", "properties": {"threshold": "ge_3", "source": "HistorySUHI", "period": "2013-2025", "hotspot_percentile": "top_10_pct", "label": ">= 3 estati"}, "geometry": {"type": "Polygon", "coordinates": [[[11.382823243366964, 44.52780994048174], [11.38244602162743, 44.5278178141903], [11.382457027595843, 44.52808766055873], [11.381702580176636, 44.52810340438885], [11.38171358282212, 44.52837325088966], [11.38246803371858, 44.52835750691221], [11.382479039995642, 44.528627353250734], [11.38436517322883, 44.52858797115474], [11.384354158258565, 44.52831812518474], [11.384731382703313, 44.52831024510487], [11.384720366148889, 44.52804039919362], [11.38434314344275, 44.52804827919976], [11.384310099921972, 44.52723874115508], [11.383932882277072, 44.52724661969527], [11.383943894891019, 44.52751646579884], [11.382812235814301, 44.52754009417202], [11.382823243366964, 44.52780994048174]]]}}, {"type": "Feature", "properties": {"threshold": "ge_3", "source": "HistorySUHI", "period": "2013-2025", "hotspot_percentile": "top_10_pct", "label": ">= 3 estati"}, "geometry": {"type": "Polygon", "coordinates": [[[11.37945022643084, 44.528420452946754], [11.379439234217164, 44.52815060600426], [11.379062009350987, 44.528158468583385], [11.37910597217577, 44.529237856557955], [11.379483203996669, 44.52922999368453], [11.37949419682689, 44.529499840567226], [11.379871430232388, 44.52949197637537], [11.379860435663428, 44.529222129566264], [11.380237667176024, 44.52921426420315], [11.380226671022516, 44.52894441745269], [11.38060390064221, 44.52893655091836], [11.380581905320406, 44.528396857519816], [11.380204679178057, 44.52840472390694], [11.380193683487104, 44.52813487711162], [11.379816458929211, 44.52814274218033], [11.379827452881527, 44.52841258904924], [11.37945022643084, 44.528420452946754]]]}}, {"type": "Feature", "properties": {"threshold": "ge_3", "source": "HistorySUHI", "period": "2013-2025", "hotspot_percentile": "top_10_pct", "label": ">= 3 estati"}, "geometry": {"type": "Polygon", "coordinates": [[[11.367788945993993, 44.529473163902864], [11.367778007219371, 44.52920331472977], [11.366646302214123, 44.52922678362353], [11.366657235772344, 44.52949663301623], [11.366279998725133, 44.52950445356424], [11.366290930697836, 44.529774303015195], [11.367422646595985, 44.529750837416906], [11.367411709406799, 44.52948098818554], [11.367788945993993, 44.529473163902864]]]}}, {"type": "Feature", "properties": {"threshold": "ge_3", "source": "HistorySUHI", "period": "2013-2025", "hotspot_percentile": "top_10_pct", "label": ">= 3 estati"}, "geometry": {"type": "Polygon", "coordinates": [[[11.378029206705145, 44.53061067344437], [11.3787836885054, 44.53059495318624], [11.378750719060315, 44.52978541223127], [11.378373483453691, 44.52979327276212], [11.378351508071644, 44.529253578570284], [11.377974275788468, 44.52926143770918], [11.377941319087002, 44.52845189608871], [11.377564091865894, 44.52845975376217], [11.377553108345468, 44.52818990645193], [11.377930333827921, 44.52818204885199], [11.377919348722873, 44.52791220160032], [11.377542124979051, 44.527920059126735], [11.37753114176664, 44.52765021178659], [11.375645029430993, 44.5276894803793], [11.375699903566561, 44.52903871876786], [11.376077135034892, 44.52903086717154], [11.37608811206242, 44.52930071473095], [11.376465345115571, 44.529292861816295], [11.376487303109947, 44.529832556743315], [11.37535559305609, 44.52985611219354], [11.375344619198296, 44.52958626451707], [11.37459014853722, 44.52960196177927], [11.37460111891742, 44.529871809602625], [11.374223881617327, 44.52987965643984], [11.374256788464372, 44.530689200040506], [11.37463403098101, 44.530681352983], [11.37465597312592, 44.531221048495226], [11.375033218966536, 44.531213200045926], [11.375044192008696, 44.531483047706175], [11.375798686706178, 44.531467346925844], [11.375787710186136, 44.5311974994125], [11.376164955565077, 44.53118964722839], [11.376153977460042, 44.530919799773585], [11.376531220946132, 44.530911946418016], [11.37652024125615, 44.53064209902176], [11.376897482849397, 44.53063424449477], [11.376908464278264, 44.53090409181753], [11.378040193350639, 44.53088052054657], [11.378029206705145, 44.53061067344437]]]}}, {"type": "Feature", "properties": {"threshold": "ge_3", "source": "HistorySUHI", "period": "2013-2025", "hotspot_percentile": "top_10_pct", "label": ">= 3 estati"}, "geometry": {"type": "Polygon", "coordinates": [[[11.37128266509923, 44.53183132528982], [11.37165991580151, 44.53182348789836], [11.371670873500392, 44.53209333618929], [11.372425377921994, 44.53207765752473], [11.372370573574472, 44.530728416654206], [11.371616086542499, 44.53074409458523], [11.37160512961186, 44.530474246219605], [11.371227887604292, 44.530482083244394], [11.3712497981414, 44.53102178010737], [11.3708725525024, 44.53102961603388], [11.370894460176078, 44.53156931298377], [11.371271709292996, 44.53156147691061], [11.37128266509923, 44.53183132528982]]]}}, {"type": "Feature", "properties": {"threshold": "ge_3", "source": "HistorySUHI", "period": "2013-2025", "hotspot_percentile": "top_10_pct", "label": ">= 3 estati"}, "geometry": {"type": "Polygon", "coordinates": [[[11.367111024039012, 44.53137775604196], [11.36673377497281, 44.53138557834722], [11.366755644695749, 44.53192527687888], [11.366378391998186, 44.531933098085545], [11.36640025885635, 44.532472796703864], [11.366023002527347, 44.532480616811895], [11.366033934447302, 44.53275046617185], [11.366788450430189, 44.5327348245644], [11.366810321686536, 44.533274522946776], [11.368696626351058, 44.533235396407974], [11.368685681950515, 44.532965547590386], [11.36944019926393, 44.53294988840607], [11.369418303966878, 44.53241019101915], [11.3690410488651, 44.53241802108726], [11.368997267069197, 44.53133862584114], [11.368242770317387, 44.53135428165636], [11.368231828730037, 44.53108443266099], [11.367100087668568, 44.53110790682693], [11.367111024039012, 44.53137775604196]]]}}, {"type": "Feature", "properties": {"threshold": "ge_3", "source": "HistorySUHI", "period": "2013-2025", "hotspot_percentile": "top_10_pct", "label": ">= 3 estati"}, "geometry": {"type": "Polygon", "coordinates": [[[11.363759461335022, 44.53252751131464], [11.36413671858342, 44.532519698676744], [11.364125795512178, 44.53224984893617], [11.364503050868315, 44.53224203512635], [11.364492126211179, 44.53197218544397], [11.366001139147313, 44.53194091804722], [11.365979276380434, 44.53140121922286], [11.366356525753275, 44.53139339940752], [11.36632372753571, 44.530583851278536], [11.366700971538386, 44.53057603043779], [11.366679103348728, 44.53003633175687], [11.365547381314181, 44.53005979010526], [11.365558310115704, 44.53032963967269], [11.365181067392113, 44.530337456705475], [11.365191994607972, 44.53060730633115], [11.364814749992242, 44.53061512219214], [11.364803824515295, 44.53034527249333], [11.36442658148528, 44.53035308703626], [11.364437505223309, 44.53062293680819], [11.363305769997536, 44.53064637318669], [11.363316688671906, 44.530916223163], [11.362939441551456, 44.53092403287235], [11.362950358639957, 44.53119388290683], [11.3637048562057, 44.53117826209699], [11.363715776925286, 44.53144811197037], [11.363338526479971, 44.53145592307086], [11.363349445613672, 44.5317257730024], [11.36259494078568, 44.531741391614595], [11.362605856594396, 44.53201124167738], [11.362228602211735, 44.53201904918905], [11.362261345339, 44.53282859950705], [11.361884085585979, 44.53283640599284], [11.361894998528681, 44.533106256142055], [11.361517736883474, 44.533114061455855], [11.361506825679927, 44.53284421123361], [11.361129565620871, 44.53285201522932], [11.36114047508526, 44.533121865524585], [11.360763213134064, 44.53312966834827], [11.360708676037456, 44.53178041635766], [11.361085929293088, 44.53177261389906], [11.361064112047023, 44.531232913144414], [11.360686862269448, 44.531240715457], [11.360675955614854, 44.53097086498429], [11.36029870742333, 44.530978665978914], [11.360287802660643, 44.53070881541829], [11.359910556055178, 44.530716615094946], [11.35989965318435, 44.53044676444642], [11.359145162992693, 44.53046235991892], [11.359156062385619, 44.530732210713374], [11.35764707321264, 44.53076338701071], [11.35763618077555, 44.53049353592451], [11.357258934839361, 44.53050132681353], [11.35721537357398, 44.52942192202805], [11.35759261255455, 44.52941413143065], [11.357581720881125, 44.5291442802699], [11.354941056983193, 44.529198787798514], [11.354908419394123, 44.52838923269665], [11.354531186300449, 44.52839701428838], [11.354520309147953, 44.528127162485134], [11.353011382203361, 44.528158276112165], [11.35302225240077, 44.52842812820657], [11.351890550375465, 44.528451450574], [11.351901415508886, 44.528721302871745], [11.351524179456904, 44.528729074577186], [11.351545906703114, 44.52926877927341], [11.351168667021106, 44.529276549879384], [11.351201253816214, 44.530086107030115], [11.350824008765155, 44.53009387660927], [11.350900037778443, 44.53198284328181], [11.351277295002744, 44.5319750731937], [11.351299022427028, 44.532514777677754], [11.351676282977273, 44.53250700619917], [11.351698014489306, 44.53304671047819], [11.352075278365557, 44.533038937609064], [11.352086146089354, 44.53330878965348], [11.352463411552431, 44.53330101546654], [11.352485150935738, 44.53384071936518], [11.352862419724902, 44.53383294378763], [11.352873291384487, 44.53410279564183], [11.354005102055027, 44.534079461220145], [11.354026856267504, 44.534619164447136], [11.35440412966463, 44.53461138367071], [11.35441500873902, 44.53488123518905], [11.35403773360254, 44.53488901603828], [11.354048611090112, 44.535158867614506], [11.353294056880804, 44.535174425723085], [11.3533049310421, 44.535444277429995], [11.35292765196929, 44.535452054689316], [11.352938524543644, 44.5357219064541], [11.352561243578927, 44.535729682540996], [11.3525829857061, 44.53626938617139], [11.352960270149763, 44.53626160993897], [11.352982016365788, 44.53680131336423], [11.35373659175374, 44.536785756872575], [11.353747468569582, 44.537055608417276], [11.354124757774327, 44.53704782823078], [11.35413563648228, 44.53731767968778], [11.35451292727404, 44.537309898183224], [11.354545569532123, 44.53811945224632], [11.35492286539016, 44.53811166927803], [11.354944631137856, 44.53865137176657], [11.356453826961, 44.53862022685762], [11.356421157692438, 44.537810673976765], [11.356043864184642, 44.53781846185334], [11.356022088915015, 44.537278759712464], [11.355644798733733, 44.537286546198054], [11.355623027553932, 44.53674684385181], [11.355245740699097, 44.53675462894643], [11.355191324118284, 44.535405372455735], [11.355945880280633, 44.53538980174981], [11.355956766770394, 44.535659652932054], [11.356334046361999, 44.53565186563846], [11.356344934743863, 44.53592171673294], [11.357476777820748, 44.5358983471624], [11.35748767157368, 44.53616819802327], [11.35786495403326, 44.53616040560312], [11.357875849678438, 44.53643025637618], [11.357498565479377, 44.536438048869236], [11.35755303729947, 44.53778730287541], [11.357930330196279, 44.53777951001774], [11.357952123473051, 44.53831921136997], [11.358329419696318, 44.53831141712117], [11.358362115976659, 44.53912096881889], [11.36062592142015, 44.53907417586144], [11.360615012068944, 44.5388043257483], [11.360237713283732, 44.53881212761485], [11.360226805825192, 44.5385422774138], [11.359472211275266, 44.53855787726497], [11.359461307449001, 44.53828802690303], [11.359838603060773, 44.53828022767307], [11.359827697647786, 44.5380103773692], [11.360204991366992, 44.53800257696695], [11.360194084367329, 44.53773272672116], [11.360948667867643, 44.53771712232685], [11.360915937349032, 44.53690757193801], [11.360538650894025, 44.536915374538744], [11.360527742766653, 44.53664552430629], [11.360150457898182, 44.5366533255888], [11.360128645581279, 44.53611362493312], [11.358996800495163, 44.5361370208715], [11.358985899784438, 44.53586717030237], [11.358608619522748, 44.53587496638515], [11.358575923525928, 44.535065414369406], [11.360085022782707, 44.535034223442786], [11.360095928252953, 44.53530407383775], [11.36047320442425, 44.535296272920235], [11.36048411178681, 44.53556612322728], [11.360861389544537, 44.53555832099159], [11.360872298799464, 44.53582817121072], [11.361249578143614, 44.53582036765685], [11.361271400591303, 44.53636006790429], [11.361648683261322, 44.53635226295918], [11.361659596454158, 44.53662211298748], [11.361282312044667, 44.53662991800563], [11.361315047322865, 44.53743946822014], [11.361692336950929, 44.53743166298289], [11.361703250755948, 44.53770151295152], [11.362457833032048, 44.53768589859517], [11.362468750469302, 44.537955748402766], [11.363977920142455, 44.537924504454686], [11.363956071504461, 44.537384805409275], [11.364333360060678, 44.53737699145535], [11.364311508556428, 44.5368372924965], [11.364688793480395, 44.5368294774436], [11.364677866218612, 44.536559628014906], [11.365809714852569, 44.53653617560439], [11.365831579966287, 44.537075874007925], [11.366963437657338, 44.53705240995152], [11.367029067990455, 44.53867150348644], [11.366651771809355, 44.538679326522995], [11.366662708995442, 44.53894917546644], [11.366285410921304, 44.538956997330914], [11.366296346521088, 44.53922684633261], [11.365919046553907, 44.53923466702496], [11.365929980567335, 44.53950451608492], [11.366307282274228, 44.53949669531939], [11.36631821818073, 44.53976654429125], [11.366695521473996, 44.5397587222072], [11.36670645927362, 44.54002857109093], [11.367838373452248, 44.54000509714716], [11.367849316624595, 44.540274945796305], [11.367472010312042, 44.5402827717628], [11.367482951898056, 44.54055262047023], [11.367860259950405, 44.5405447944305], [11.367871203429688, 44.5408146430498], [11.367493893637514, 44.54082246916275], [11.367504835530418, 44.541092317840345], [11.36712752384495, 44.54110014278115], [11.36713846415143, 44.54136999151702], [11.367515777576775, 44.54136216650299], [11.367537662129848, 44.54190186378352], [11.367914978881558, 44.541894037377624], [11.367925923128224, 44.542163885922264], [11.369057877682183, 44.5421403990123], [11.369068827302224, 44.542410247322216], [11.369446146919753, 44.542402415788075], [11.369468050100513, 44.542942112216586], [11.369845373044441, 44.54293427929042], [11.369856326605234, 44.54320412740897], [11.370610975512276, 44.54318845767364], [11.370600018471432, 44.542918609701715], [11.370977340954447, 44.54291077303918], [11.370955423853776, 44.5423710771972], [11.370200785694031, 44.54238674898352], [11.37018983085412, 44.542116900893475], [11.36943519555975, 44.54213256755145], [11.369424244353333, 44.54186271929987], [11.370556191844663, 44.541839217664695], [11.370534279453205, 44.54129952155656], [11.3709115914966, 44.541291685334], [11.370900633791493, 44.54102183733087], [11.37127794394137, 44.54101399993626], [11.371288903386326, 44.541283847866055], [11.372043526704664, 44.541268169194005], [11.372032563780017, 44.540998321410925], [11.372409873468742, 44.54099048028021], [11.372420838133229, 44.54126032798992], [11.37393008230955, 44.541228950719734], [11.373984942736707, 44.54257818757616], [11.374362262095683, 44.54257033977802], [11.374384210823656, 44.54311003426913], [11.374761533508696, 44.54310218507865], [11.374772509843565, 44.54337203222834], [11.375149834114687, 44.54336418171895], [11.375171790726341, 44.54390387582661], [11.375549118323606, 44.543896023924795], [11.375560098600467, 44.54416587088273], [11.378201399648782, 44.544110872181975], [11.378190407191383, 44.54384102573868], [11.378567733556045, 44.54383316387303], [11.378556739512764, 44.54356331748835], [11.37968871246144, 44.54353972463934], [11.379677713352304, 44.543269878460485], [11.380055035620046, 44.54326201176017], [11.380044034925179, 44.542992165639966], [11.380421355298662, 44.54298429776784], [11.380377347102229, 44.541904913432006], [11.381131973466951, 44.54188917454055], [11.381120968323861, 44.541619328566476], [11.38074365695851, 44.541627198561265], [11.380699644888633, 44.5405478142209], [11.380322340328151, 44.5405556826758], [11.380311339436172, 44.5402858364797], [11.379179430048396, 44.54030943415158], [11.379190425721157, 44.5405792805685], [11.378813120543722, 44.54058714404207], [11.378835108872293, 44.5411268369782], [11.377703181976301, 44.541150420368254], [11.377692192954322, 44.54088057368699], [11.377314885420542, 44.54088843225274], [11.377303898292451, 44.54061858548298], [11.376549286242236, 44.54063429873142], [11.376538302747743, 44.54036445179968], [11.37616099823134, 44.54037230648239], [11.37617197998607, 44.54064215348763], [11.375794673575896, 44.54065000699848], [11.37575075443991, 44.539570618593935], [11.37537345483468, 44.53957847056556], [11.375351499669847, 44.539038776126645], [11.376860683249596, 44.53900736135633], [11.376882652331666, 44.5395470552073], [11.37725995132086, 44.539539198254516], [11.377270937832646, 44.53980904508405], [11.378025538828163, 44.5397933272955], [11.378014548837013, 44.539523480613035], [11.378769145736696, 44.53950775799041], [11.378681203522495, 44.537348985169494], [11.378303919066244, 44.53735684651494], [11.378281938533096, 44.536817153013104], [11.377904657401615, 44.53682501296624], [11.377882680963728, 44.536285319257516], [11.377505403156954, 44.53629317781842], [11.377494416908505, 44.536023330868105], [11.377117140687034, 44.53603118811033], [11.377106156331985, 44.535761341071535], [11.376728881695824, 44.53576919699511], [11.37668495277307, 44.53468980839645], [11.376307684940043, 44.5346976627809], [11.376274745082574, 44.53388812095449], [11.375897482313182, 44.5338959738734], [11.375908460372523, 44.5341658212373], [11.37477666592324, 44.5341893727441], [11.374765693081454, 44.533919525159824], [11.374388429696438, 44.533927373098514], [11.374454258619794, 44.53554645882069], [11.374831532440309, 44.53553861044137], [11.37487542842387, 44.53661800033023], [11.375252709047977, 44.53661015041196], [11.37526368516803, 44.53687999777336], [11.375640967377645, 44.53687214653646], [11.375662923558442, 44.5374118410675], [11.376040209093036, 44.537403988438456], [11.376073149737444, 44.5382135299025], [11.374563985801148, 44.53824493382902], [11.37455301239057, 44.53797508639543], [11.374175722761274, 44.53798293419052], [11.37416475124411, 44.53771308666854], [11.373787463200493, 44.53772093314498], [11.373776493576697, 44.53745108553464], [11.373399207118762, 44.53745893069244], [11.373388239388282, 44.53718908299375], [11.373010954516033, 44.537196926832934], [11.372999988678826, 44.53692707904591], [11.372622705392269, 44.536934921566505], [11.372578850538812, 44.535855529975485], [11.372201574056149, 44.535863370957394], [11.372168689748325, 44.53505382688717], [11.371791418329936, 44.535061666403855], [11.371780458940696, 44.53479181827721], [11.370648648981373, 44.534815329136585], [11.3706376949636, 44.534545480775], [11.369883157701167, 44.53456114830911], [11.36987220731549, 44.53429129978598], [11.369494940193174, 44.5342991316121], [11.369483991700273, 44.53402928300076], [11.369861257083368, 44.53402145124792], [11.369850307004796, 44.53375160269494], [11.369473043360903, 44.53375943437449], [11.369462095175056, 44.53348958573328], [11.368707570905071, 44.53350524521065], [11.368718515612558, 44.53377509399838], [11.36796398725031, 44.533790748642026], [11.367974928632858, 44.534060597561314], [11.367597662482366, 44.53406842308877], [11.36760860227911, 44.53433827206636], [11.367231334235973, 44.534346096421935], [11.367242272446862, 44.53461594545781], [11.366865002511076, 44.5346237686415], [11.366875939136063, 44.53489361773565], [11.366121395325834, 44.53490926051407], [11.366132328625548, 44.53517910973968], [11.365755054751125, 44.53518692933438], [11.365765986464812, 44.535456778618226], [11.365388710697744, 44.53546459704095], [11.365410571106242, 44.53600429571021], [11.365033291707125, 44.536012113034076], [11.365022363165636, 44.53574226363376], [11.364267807386467, 44.535757894399715], [11.364278732449145, 44.5360277439463], [11.363901452590335, 44.536035557534646], [11.363890529267067, 44.535765707914955], [11.363513250994487, 44.53577352018502], [11.363524172578344, 44.53604336987782], [11.362769612094915, 44.53605899082861], [11.3627150231008, 44.53470974148455], [11.362337751326262, 44.53471754972685], [11.36231592027887, 44.53417784973863], [11.362693188574838, 44.534170041642476], [11.362682271541496, 44.53390019169906], [11.364568602028296, 44.533861132907276], [11.364546751028827, 44.53332143370667], [11.364169488716184, 44.53332924780894], [11.364147641807834, 44.53278954840239], [11.363015864385863, 44.5328129828003], [11.362994028524849, 44.532273282895495], [11.363748540002872, 44.53225766150096], [11.363759461335022, 44.53252751131464]], [[11.361938651829837, 44.53418565658969], [11.361927738274991, 44.53391580650016], [11.362305004984774, 44.53390799972216], [11.36231592027887, 44.53417784973863], [11.361938651829837, 44.53418565658969]], [[11.369292841854751, 44.538624539116206], [11.369259994685118, 44.537814993734315], [11.368882704643577, 44.537822824022726], [11.368838917524984, 44.53674342967806], [11.368461634287971, 44.536751258428204], [11.368450689631542, 44.536481409731444], [11.369582533663696, 44.53645791996524], [11.369593483538466, 44.5367277684422], [11.369970766314887, 44.53671993595646], [11.36998171808268, 44.53698978434519], [11.370359002444987, 44.53698195054098], [11.370369956105849, 44.53725179884146], [11.371124527848593, 44.53723612735078], [11.371157400190036, 44.53804567172268], [11.371911981755321, 44.538029994811076], [11.37193390437629, 44.53856969069094], [11.371556610191316, 44.53857752991607], [11.371567569992752, 44.53884737790696], [11.37119027391446, 44.538855215960155], [11.371212190499099, 44.5393949120438], [11.37158949005672, 44.539387073843905], [11.371600450319255, 44.53965692178998], [11.37197775146287, 44.539649082271424], [11.371988713618832, 44.5399189301292], [11.372366016348437, 44.53991108929195], [11.372376980397872, 44.54018093706142], [11.371999675928524, 44.540188777972034], [11.372010638391952, 44.54045862579993], [11.371633332029097, 44.54046646553856], [11.37162237130544, 44.54019661763731], [11.370867761598172, 44.540212293231846], [11.370834890787801, 44.5394027489984], [11.370457590922852, 44.539410584707696], [11.370446636033051, 44.53914073652667], [11.370069337754154, 44.53914857091735], [11.370058384757641, 44.53887872264809], [11.369681088064803, 44.538886555720175], [11.369670136961526, 44.5386167073627], [11.369292841854751, 44.538624539116206]], [[11.360375045043845, 44.53286761948559], [11.36038595102991, 44.533137469926885], [11.36000868877282, 44.53314527026044], [11.359997784525923, 44.53287541974616], [11.360375045043845, 44.53286761948559]]]}}, {"type": "Feature", "properties": {"threshold": "ge_3", "source": "HistorySUHI", "period": "2013-2025", "hotspot_percentile": "top_10_pct", "label": ">= 3 estati"}, "geometry": {"type": "Polygon", "coordinates": [[[11.354211791709725, 44.53920663946937], [11.35383448858769, 44.5392144202383], [11.353845366776413, 44.53948427164886], [11.354222671638219, 44.53947649080711], [11.354211791709725, 44.53920663946937]]]}}, {"type": "Feature", "properties": {"threshold": "ge_3", "source": "HistorySUHI", "period": "2013-2025", "hotspot_percentile": "top_10_pct", "label": ">= 3 estati"}, "geometry": {"type": "Polygon", "coordinates": [[[11.365929980567335, 44.53950451608492], [11.365552678707106, 44.53951233560514], [11.365563611134135, 44.53978218472334], [11.365940914734104, 44.53977436512996], [11.365929980567335, 44.53950451608492]]]}}, {"type": "Feature", "properties": {"threshold": "ge_3", "source": "HistorySUHI", "period": "2013-2025", "hotspot_percentile": "top_10_pct", "label": ">= 3 estati"}, "geometry": {"type": "Polygon", "coordinates": [[[11.367482951898056, 44.54055262047023], [11.36710564369226, 44.540560445264596], [11.367116583691894, 44.540830294030336], [11.367493893637514, 44.54082246916275], [11.367482951898056, 44.54055262047023]]]}}, {"type": "Feature", "properties": {"threshold": "ge_3", "source": "HistorySUHI", "period": "2013-2025", "hotspot_percentile": "top_10_pct", "label": ">= 3 estati"}, "geometry": {"type": "Polygon", "coordinates": [[[11.3656401424163, 44.54167112813286], [11.365662009876878, 44.54221082611553], [11.36603932913559, 44.54220300586357], [11.366028393588676, 44.54193315695287], [11.36640571095407, 44.54192533552868], [11.366329154240598, 44.54003639324817], [11.365951849054209, 44.54004421416007], [11.365962783527657, 44.54031406317526], [11.365585476448137, 44.54032188291498], [11.365607342375421, 44.5408615810469], [11.36523003166293, 44.54086939968759], [11.365262826484143, 44.54167894699304], [11.3656401424163, 44.54167112813286]]]}}, {"type": "Feature", "properties": {"threshold": "ge_3", "source": "HistorySUHI", "period": "2013-2025", "hotspot_percentile": "top_10_pct", "label": ">= 3 estati"}, "geometry": {"type": "Polygon", "coordinates": [[[11.357328261310366, 44.541573004742595], [11.357339156531994, 44.54184285536325], [11.357716475678528, 44.54183506265712], [11.357705578716933, 44.54156521210939], [11.357328261310366, 44.541573004742595]]]}}, {"type": "Feature", "properties": {"threshold": "ge_3", "source": "HistorySUHI", "period": "2013-2025", "hotspot_percentile": "top_10_pct", "label": ">= 3 estati"}, "geometry": {"type": "Polygon", "coordinates": [[[11.381264047223056, 44.54512732506291], [11.380886713237711, 44.545135196015096], [11.380897718647214, 44.54540504186839], [11.381275054372729, 44.545397170842556], [11.381264047223056, 44.54512732506291]]]}}, {"type": "Feature", "properties": {"threshold": "ge_3", "source": "HistorySUHI", "period": "2013-2025", "hotspot_percentile": "top_10_pct", "label": ">= 3 estati"}, "geometry": {"type": "Polygon", "coordinates": [[[11.371808724514283, 44.54478402992731], [11.371431390158046, 44.544791869594256], [11.371486199680085, 44.546141108048324], [11.371863542737499, 44.54613326801459], [11.371874506843435, 44.546403115587225], [11.373006540313888, 44.54637958779229], [11.372995570987044, 44.54610974043981], [11.372240885641148, 44.54612542673525], [11.3722299199487, 44.54585557922105], [11.372607260958276, 44.5458477367695], [11.37258532655426, 44.54530804184305], [11.372207989025165, 44.545315884147826], [11.372197023794076, 44.54504603658879], [11.371819687851408, 44.54505387757464], [11.371808724514283, 44.54478402992731]]]}}, {"type": "Feature", "properties": {"threshold": "ge_3", "source": "HistorySUHI", "period": "2013-2025", "hotspot_percentile": "top_10_pct", "label": ">= 3 estati"}, "geometry": {"type": "Polygon", "coordinates": [[[11.380520382767353, 44.545412911648704], [11.38014304673317, 44.54542078018347], [11.380154048816625, 44.5456906261691], [11.380531386591006, 44.54568275756069], [11.380520382767353, 44.545412911648704]]]}}, {"type": "Feature", "properties": {"threshold": "ge_3", "source": "HistorySUHI", "period": "2013-2025", "hotspot_percentile": "top_10_pct", "label": ">= 3 estati"}, "geometry": {"type": "Polygon", "coordinates": [[[11.381652389943872, 44.54538929857117], [11.381275054372729, 44.545397170842556], [11.381308076747983, 44.546206708091816], [11.381685417539774, 44.54619883559944], [11.381652389943872, 44.54538929857117]]]}}, {"type": "Feature", "properties": {"threshold": "ge_3", "source": "HistorySUHI", "period": "2013-2025", "hotspot_percentile": "top_10_pct", "label": ">= 3 estati"}, "geometry": {"type": "Polygon", "coordinates": [[[11.357147049797334, 44.54643810633306], [11.356769700761989, 44.546445897787635], [11.356802384695085, 44.547255449237106], [11.357179738951732, 44.5472476575638], [11.357147049797334, 44.54643810633306]]]}}, {"type": "Feature", "properties": {"threshold": "ge_3", "source": "HistorySUHI", "period": "2013-2025", "hotspot_percentile": "top_10_pct", "label": ">= 3 estati"}, "geometry": {"type": "Polygon", "coordinates": [[[11.382062758177163, 44.54619096186151], [11.381685417539774, 44.54619883559944], [11.381696427047212, 44.54646868124562], [11.38207376942486, 44.54646080743401], [11.382062758177163, 44.54619096186151]]]}}, {"type": "Feature", "properties": {"threshold": "ge_3", "source": "HistorySUHI", "period": "2013-2025", "hotspot_percentile": "top_10_pct", "label": ">= 3 estati"}, "geometry": {"type": "Polygon", "coordinates": [[[11.365836971644027, 44.54652840782748], [11.365459624389295, 44.546536228004726], [11.365470559062992, 44.54680607680803], [11.366225256899817, 44.54679043506153], [11.366247133668923, 44.54733013233061], [11.366624485838049, 44.5473223094425], [11.366635426193161, 44.547592157981455], [11.367390133551956, 44.547576508321825], [11.367379189715965, 44.54730665992931], [11.368133892979943, 44.54729100543351], [11.36811199880683, 44.546751308896674], [11.36773465073239, 44.546759136620906], [11.367723705616488, 44.54648928825684], [11.367346359128902, 44.54649711466222], [11.367324472838252, 44.54595741774284], [11.365815099276029, 44.545988710322455], [11.365836971644027, 44.54652840782748]]]}}, {"type": "Feature", "properties": {"threshold": "ge_3", "source": "HistorySUHI", "period": "2013-2025", "hotspot_percentile": "top_10_pct", "label": ">= 3 estati"}, "geometry": {"type": "Polygon", "coordinates": [[[11.38209579238355, 44.54700049853414], [11.382117815959981, 44.54754018957445], [11.38287251417452, 44.547524437624915], [11.382850483636716, 44.546984746879396], [11.38209579238355, 44.54700049853414]]]}}, {"type": "Feature", "properties": {"threshold": "ge_3", "source": "HistorySUHI", "period": "2013-2025", "hotspot_percentile": "top_10_pct", "label": ">= 3 estati"}, "geometry": {"type": "Polygon", "coordinates": [[[11.37644657391347, 44.54738832376132], [11.376435588307773, 44.54711847712973], [11.37605824013592, 44.54712633240449], [11.376080208020609, 44.54766602579976], [11.376457559673238, 44.54765817037797], [11.37646854558708, 44.54792801697969], [11.376845898826053, 44.547920160238746], [11.376823923671624, 44.5473804671674], [11.37644657391347, 44.54738832376132]]]}}, {"type": "Feature", "properties": {"threshold": "ge_3", "source": "HistorySUHI", "period": "2013-2025", "hotspot_percentile": "top_10_pct", "label": ">= 3 estati"}, "geometry": {"type": "Polygon", "coordinates": [[[11.377655562829466, 44.54925367470126], [11.377662449126314, 44.54942272659658], [11.378235107736876, 44.549262137438696], [11.378235132527818, 44.54926212791968], [11.378279992336909, 44.54924955303553], [11.378296448406864, 44.549244960989824], [11.378313684862844, 44.54923996313297], [11.377655562829466, 44.54925367470126]]]}}, {"type": "Feature", "properties": {"threshold": "ge_3", "source": "HistorySUHI", "period": "2013-2025", "hotspot_percentile": "top_10_pct", "label": ">= 3 estati"}, "geometry": {"type": "Polygon", "coordinates": [[[11.364879846905428, 44.550869446025196], [11.364502471341664, 44.55087726363591], [11.364513403247098, 44.55114711241988], [11.364890780551633, 44.551139294736], [11.364879846905428, 44.550869446025196]]]}}, {"type": "Feature", "properties": {"threshold": "ge_3", "source": "HistorySUHI", "period": "2013-2025", "hotspot_percentile": "top_10_pct", "label": ">= 3 estati"}, "geometry": {"type": "Polygon", "coordinates": [[[11.360717792930709, 44.55068552169319], [11.358830913859329, 44.550724528403116], [11.358852725293456, 44.55126422817775], [11.35923010489534, 44.55125642918145], [11.35924101258268, 44.55152627897342], [11.359618393772411, 44.55151847865828], [11.359607484344238, 44.55124862893931], [11.360362242782978, 44.55123302471748], [11.360373155692809, 44.551502874290435], [11.360750536423428, 44.551495070237735], [11.360739621772773, 44.551225220737805], [11.361117000609484, 44.55121741551228], [11.361106084371114, 44.55094756607047], [11.360728707275202, 44.55095537122295], [11.360717792930709, 44.55068552169319]]]}}, {"type": "Feature", "properties": {"threshold": "ge_3", "source": "HistorySUHI", "period": "2013-2025", "hotspot_percentile": "top_10_pct", "label": ">= 3 estati"}, "geometry": {"type": "Polygon", "coordinates": [[[11.365645534700626, 44.55112365563078], [11.365678347004266, 44.551933201234625], [11.366810492744484, 44.55190973257429], [11.36679954993403, 44.55163988427421], [11.366422169914904, 44.55164770833362], [11.366400288236017, 44.55110801154225], [11.365645534700626, 44.55112365563078]]]}}, {"type": "Feature", "properties": {"threshold": "ge_3", "source": "HistorySUHI", "period": "2013-2025", "hotspot_percentile": "top_10_pct", "label": ">= 3 estati"}, "geometry": {"type": "Polygon", "coordinates": [[[11.36452433530586, 44.55141696118891], [11.364535267517953, 44.55168680994303], [11.364912648304106, 44.55167899211284], [11.364901714351193, 44.5514091434319], [11.36452433530586, 44.55141696118891]]]}}, {"type": "Feature", "properties": {"threshold": "ge_3", "source": "HistorySUHI", "period": "2013-2025", "hotspot_percentile": "top_10_pct", "label": ">= 3 estati"}, "geometry": {"type": "Polygon", "coordinates": [[[11.361625406988134, 44.5544478003024], [11.362002806410018, 44.55443999170842], [11.361991884852008, 44.554170142591765], [11.362746679754027, 44.55415452181205], [11.362735754867089, 44.55388467282665], [11.362358359233738, 44.55389248376639], [11.362347436241064, 44.55362263469296], [11.361970042195543, 44.55363044431367], [11.361980963447184, 44.55390029346018], [11.361603567507446, 44.55390810190802], [11.361625406988134, 44.5544478003024]]]}}, {"type": "Feature", "properties": {"threshold": "ge_3", "source": "HistorySUHI", "period": "2013-2025", "hotspot_percentile": "top_10_pct", "label": ">= 3 estati"}, "geometry": {"type": "Polygon", "coordinates": [[[11.37174933889418, 44.55261744742976], [11.37175352304556, 44.552720408957235], [11.371995329622983, 44.55264823911737], [11.372007754402429, 44.552645100130654], [11.372069788993285, 44.55262813767947], [11.372117180238416, 44.552616106784434], [11.372144216905188, 44.55260923952508], [11.37174933889418, 44.55261744742976]]]}}, {"type": "Feature", "properties": {"threshold": "ge_3", "source": "HistorySUHI", "period": "2013-2025", "hotspot_percentile": "top_10_pct", "label": ">= 3 estati"}, "geometry": {"type": "Polygon", "coordinates": [[[11.369074780080272, 44.55186276161554], [11.36907672402862, 44.551910652666876], [11.369417621301976, 44.5518556450902], [11.369074780080272, 44.55186276161554]]]}}, {"type": "Feature", "properties": {"threshold": "ge_3", "source": "HistorySUHI", "period": "2013-2025", "hotspot_percentile": "top_10_pct", "label": ">= 3 estati"}, "geometry": {"type": "Polygon", "coordinates": [[[11.392353804597946, 44.465492822675735], [11.39273062201914, 44.465484924906704], [11.392741651483295, 44.46575477220741], [11.39349528932787, 44.46573897279537], [11.393473223622463, 44.465199278474664], [11.39234277702124, 44.465222975286146], [11.392353804597946, 44.465492822675735]]]}}, {"type": "Feature", "properties": {"threshold": "ge_3", "source": "HistorySUHI", "period": "2013-2025", "hotspot_percentile": "top_10_pct", "label": ">= 3 estati"}, "geometry": {"type": "Polygon", "coordinates": [[[11.39328395698915, 44.46979457972796], [11.392530266841863, 44.46981037887342], [11.392508206897716, 44.469270684558275], [11.39213136505878, 44.46927858211983], [11.392186507411791, 44.470627818164985], [11.392940208268268, 44.47061202106053], [11.392951240669277, 44.47088186807684], [11.394458647460421, 44.47085025866485], [11.394425529920897, 44.470040718458414], [11.394802376031958, 44.47003281322164], [11.39479133542819, 44.469762966530205], [11.394414491050432, 44.469770871692994], [11.394392413773552, 44.46923117811724], [11.393638731487084, 44.46924698442029], [11.39364976658167, 44.46951683136358], [11.393272923473218, 44.469524732725716], [11.39328395698915, 44.46979457972796]]]}}, {"type": "Feature", "properties": {"threshold": "ge_3", "source": "HistorySUHI", "period": "2013-2025", "hotspot_percentile": "top_10_pct", "label": ">= 3 estati"}, "geometry": {"type": "Polygon", "coordinates": [[[11.382798151866846, 44.471634409677684], [11.382820124141727, 44.47217410758912], [11.383196987171159, 44.472166240347285], [11.383207975273105, 44.472436089206944], [11.38396170433716, 44.4724203508489], [11.383983687937432, 44.47296004822883], [11.384360555705639, 44.47295217703892], [11.384371549470467, 44.47322202563279], [11.384748418818253, 44.473214153126825], [11.384814395044934, 44.47483324393399], [11.385191274640963, 44.47482536974351], [11.38515828063293, 44.474015824628275], [11.38553515487357, 44.47400794941641], [11.385502157051548, 44.47319840438765], [11.385125288011954, 44.473206279378445], [11.385103293701855, 44.47266658247044], [11.384726427975401, 44.47267445607146], [11.38470443774887, 44.47213475895628], [11.384327575335494, 44.472142631167586], [11.384305589192321, 44.47160293384524], [11.382798151866846, 44.471634409677684]]]}}, {"type": "Feature", "properties": {"threshold": "ge_3", "source": "HistorySUHI", "period": "2013-2025", "hotspot_percentile": "top_10_pct", "label": ">= 3 estati"}, "geometry": {"type": "Polygon", "coordinates": [[[11.386665776670538, 44.47398431632616], [11.386676781454003, 44.474254164418], [11.38705365681165, 44.47424628416264], [11.387042650294466, 44.47397643614453], [11.386665776670538, 44.47398431632616]]]}}, {"type": "Feature", "properties": {"threshold": "ge_3", "source": "HistorySUHI", "period": "2013-2025", "hotspot_percentile": "top_10_pct", "label": ">= 3 estati"}, "geometry": {"type": "Polygon", "coordinates": [[[11.39358192037097, 44.477080443129964], [11.393958812020571, 44.477072539697254], [11.393969851600573, 44.477342386206374], [11.394346744829432, 44.47733448145714], [11.394324662356237, 44.47679478857187], [11.394701551962466, 44.47678688272803], [11.394657381937291, 44.47570749707374], [11.394280499266557, 44.47571540262166], [11.394269458880936, 44.47544555609667], [11.393892577789298, 44.475453460328126], [11.393925694208791, 44.47626300008006], [11.393548807760936, 44.4762709032909], [11.39358192037097, 44.477080443129964]]]}}, {"type": "Feature", "properties": {"threshold": "ge_3", "source": "HistorySUHI", "period": "2013-2025", "hotspot_percentile": "top_10_pct", "label": ">= 3 estati"}, "geometry": {"type": "Polygon", "coordinates": [[[11.400443433030532, 44.47882690766773], [11.400820334029639, 44.478818981350145], [11.400831405906615, 44.479088826421126], [11.401208308484646, 44.479080898786734], [11.401197234873585, 44.47881105378993], [11.401951036095896, 44.47879519494171], [11.401906729331326, 44.47771581539821], [11.401529835733847, 44.477723745146804], [11.401540910458166, 44.47799359012936], [11.400787119329664, 44.47800944604725], [11.400798190741165, 44.47827929116319], [11.400421293210158, 44.47828721733245], [11.400443433030532, 44.47882690766773]]]}}, {"type": "Feature", "properties": {"threshold": "ge_3", "source": "HistorySUHI", "period": "2013-2025", "hotspot_percentile": "top_10_pct", "label": ">= 3 estati"}, "geometry": {"type": "Polygon", "coordinates": [[[11.399312729102485, 44.47885067916487], [11.39968963056693, 44.478842756575105], [11.39967856404731, 44.478572911266646], [11.398924764431497, 44.4785887550553], [11.398935827482978, 44.478858600512034], [11.398558925708429, 44.47886652061657], [11.398569987180847, 44.47913636613242], [11.3993237940431, 44.479120524532476], [11.399312729102485, 44.47885067916487]]]}}, {"type": "Feature", "properties": {"threshold": "ge_3", "source": "HistorySUHI", "period": "2013-2025", "hotspot_percentile": "top_10_pct", "label": ">= 3 estati"}, "geometry": {"type": "Polygon", "coordinates": [[[11.38922448030399, 44.4812228978771], [11.388470640807396, 44.4812386734076], [11.388514705276593, 44.48231806288925], [11.38964548510263, 44.482294396843564], [11.389634463550445, 44.48202454971706], [11.390765236783016, 44.48200087270786], [11.390754210182086, 44.481731025787944], [11.391131132549507, 44.481723131039885], [11.391109076342524, 44.48118343730291], [11.390732157443821, 44.48119133190324], [11.390721131306483, 44.48092148493843], [11.389213461103976, 44.48095305061692], [11.38922448030399, 44.4812228978771]]]}}, {"type": "Feature", "properties": {"threshold": "ge_3", "source": "HistorySUHI", "period": "2013-2025", "hotspot_percentile": "top_10_pct", "label": ">= 3 estati"}, "geometry": {"type": "Polygon", "coordinates": [[[11.395764687343668, 44.48432675604039], [11.395387749487778, 44.48433466644167], [11.39534355518864, 44.48325528276044], [11.39609741686917, 44.48323946130724], [11.39608636521252, 44.482969615497545], [11.398347936129175, 44.48292212175497], [11.398336874220705, 44.48265227637474], [11.398713800429906, 44.48264435647532], [11.398702736942047, 44.4823745111542], [11.39907966126178, 44.48236659008613], [11.399046466525387, 44.48155705425527], [11.399423385486957, 44.481549132166826], [11.399401252969426, 44.48100944168629], [11.39902433747646, 44.48101736362647], [11.39901327318459, 44.48074751828959], [11.398636359270835, 44.48075543891296], [11.398625296868268, 44.480485593486975], [11.397117646600158, 44.48051726325707], [11.39712870206572, 44.4807871089794], [11.396751787377037, 44.48079502338926], [11.396762841263252, 44.48106486917067], [11.395632091064964, 44.481088605166136], [11.395643139903159, 44.48135845115469], [11.395266221126361, 44.48136636074175], [11.395277268385058, 44.48163620678934], [11.394900347719098, 44.481644115207686], [11.394911393398251, 44.48191396131431], [11.39453447084312, 44.4819218685639], [11.39454551494268, 44.482191714729545], [11.39416859049837, 44.48219962081035], [11.394179633018291, 44.482469467035], [11.393802706684799, 44.482477371947006], [11.393824788719995, 44.48301706449935], [11.393447858762844, 44.4830249683165], [11.393458898278052, 44.48329481464417], [11.39308196643168, 44.48330271729246], [11.393104042457171, 44.48384241005079], [11.392727106987024, 44.483850311604144], [11.392738143497239, 44.48412015803479], [11.391984268623782, 44.484135957560795], [11.392039436148519, 44.485485190228744], [11.392416382335854, 44.485477290717576], [11.392438453897707, 44.48601698353213], [11.392815403399855, 44.48600908263017], [11.392837479049966, 44.486548775236976], [11.393214431866985, 44.48654087294419], [11.393236511605567, 44.48708056534321], [11.393613467737522, 44.487072661659546], [11.393624509573774, 44.487342507762655], [11.394001467285836, 44.487334602762026], [11.394012511011734, 44.48760444877618], [11.394389470303901, 44.48759654245859], [11.394400515919493, 44.48786638838378], [11.395531398071759, 44.48784266175095], [11.395542449046948, 44.48811250743914], [11.39667333501002, 44.48808876939707], [11.396607000254603, 44.486469696376034], [11.396230048830986, 44.48647760985541], [11.396218995315508, 44.48620776422544], [11.396595945004352, 44.486199850820114], [11.396584889909043, 44.4859300052492], [11.396207941954946, 44.48593791858049], [11.396174782802735, 44.48512838155576], [11.395797839897833, 44.48513629342201], [11.395764687343668, 44.48432675604039]]]}}, {"type": "Feature", "properties": {"threshold": "ge_3", "source": "HistorySUHI", "period": "2013-2025", "hotspot_percentile": "top_10_pct", "label": ">= 3 estati"}, "geometry": {"type": "Polygon", "coordinates": [[[11.402216928847762, 44.485271467167216], [11.401086101907582, 44.485295258918285], [11.40114148146803, 44.48664448232525], [11.401895383597212, 44.48662862165869], [11.401873224368343, 44.486088932637685], [11.402250171730525, 44.48608100058844], [11.402216928847762, 44.485271467167216]]]}}, {"type": "Feature", "properties": {"threshold": "ge_3", "source": "HistorySUHI", "period": "2013-2025", "hotspot_percentile": "top_10_pct", "label": ">= 3 estati"}, "geometry": {"type": "Polygon", "coordinates": [[[11.389444896738162, 44.486619839938584], [11.389466941779853, 44.48715953381552], [11.38984389945802, 44.487151642561756], [11.389821850946618, 44.48661194883251], [11.389444896738162, 44.486619839938584]]]}}, {"type": "Feature", "properties": {"threshold": "ge_3", "source": "HistorySUHI", "period": "2013-2025", "hotspot_percentile": "top_10_pct", "label": ">= 3 estati"}, "geometry": {"type": "Polygon", "coordinates": [[[11.390641927107172, 44.488215243013265], [11.39063089868623, 44.48794539636372], [11.391007861105512, 44.48793750115932], [11.390996831104204, 44.48766765456868], [11.390619870419851, 44.48767554969919], [11.39060884230804, 44.4874057030197], [11.390231883204036, 44.48741359683333], [11.390220856981676, 44.487143750065], [11.38984389945802, 44.487151642561756], [11.389887998334995, 44.48823102984068], [11.390641927107172, 44.488215243013265]]]}}, {"type": "Feature", "properties": {"threshold": "ge_3", "source": "HistorySUHI", "period": "2013-2025", "hotspot_percentile": "top_10_pct", "label": ">= 3 estati"}, "geometry": {"type": "Polygon", "coordinates": [[[11.386572380888463, 44.49019094084479], [11.386583391459208, 44.49046078818659], [11.387337350772773, 44.490445022553835], [11.387348364968252, 44.49071486973316], [11.388102327134717, 44.49069909898025], [11.388091309468843, 44.4904292519485], [11.388468288585258, 44.49042136478112], [11.388413193896561, 44.48907212976702], [11.388036223455755, 44.48908001656537], [11.388025206716376, 44.488810169443866], [11.386894299672761, 44.4888338221591], [11.386883288292879, 44.48856397480129], [11.386129352962165, 44.488579736915234], [11.386195402735364, 44.49019882172269], [11.386572380888463, 44.49019094084479]]]}}, {"type": "Feature", "properties": {"threshold": "ge_3", "source": "HistorySUHI", "period": "2013-2025", "hotspot_percentile": "top_10_pct", "label": ">= 3 estati"}, "geometry": {"type": "Polygon", "coordinates": [[[11.40727262390805, 44.48894604827419], [11.406895659483698, 44.48895399729941], [11.406884555839472, 44.4886841538972], [11.40650759299444, 44.488692101605025], [11.406496491240757, 44.48842225811346], [11.406119529975049, 44.48843020450391], [11.406108430111859, 44.48816036092299], [11.405354510583559, 44.48817624982618], [11.405332318263346, 44.48763656232201], [11.404955361735645, 44.48764450476045], [11.404944267543646, 44.48737466091155], [11.403813402232208, 44.48739848054616], [11.40382449121969, 44.48766832461796], [11.403070576765261, 44.48768419830807], [11.40308166243842, 44.48795404251341], [11.402327743892764, 44.48796991138006], [11.4023388262515, 44.488239755718936], [11.40196186501077, 44.488247688362], [11.401950784386939, 44.487977843948904], [11.401196864909414, 44.48799370535758], [11.401207942063431, 44.48826354991909], [11.401584903614738, 44.48825561976205], [11.401618141213191, 44.48906515313405], [11.401241174457015, 44.489073083513716], [11.401252252232059, 44.489342928015276], [11.400875283585611, 44.48935085722611], [11.400897436131409, 44.48989054633269], [11.400520463859628, 44.489898474448815], [11.400531538630307, 44.49016831905381], [11.400908512637173, 44.49016039086349], [11.400919589298182, 44.49043023537933], [11.401296564884905, 44.490422305871704], [11.401307643436295, 44.49069215029834], [11.402061597614146, 44.49067628740535], [11.402072679791111, 44.49094613166857], [11.402826636817947, 44.49093026365464], [11.40283772262058, 44.49120010775437], [11.403591682496236, 44.4911842346194], [11.403580593223278, 44.49091439066821], [11.404711526665524, 44.49089057186515], [11.404700432342592, 44.49062072812184], [11.405077408110584, 44.490612786108905], [11.405066312208046, 44.490342942424924], [11.406574206784189, 44.49031116223955], [11.406563104096879, 44.490041318837946], [11.407317046981236, 44.49002542143549], [11.40727262390805, 44.48894604827419]]]}}, {"type": "Feature", "properties": {"threshold": "ge_3", "source": "HistorySUHI", "period": "2013-2025", "hotspot_percentile": "top_10_pct", "label": ">= 3 estati"}, "geometry": {"type": "Polygon", "coordinates": [[[11.383157582512167, 44.48972212793778], [11.382780606441596, 44.48972999748012], [11.382791599352236, 44.48999984558878], [11.383168577157965, 44.489991975972806], [11.383157582512167, 44.48972212793778]]]}}, {"type": "Feature", "properties": {"threshold": "ge_3", "source": "HistorySUHI", "period": "2013-2025", "hotspot_percentile": "top_10_pct", "label": ">= 3 estati"}, "geometry": {"type": "Polygon", "coordinates": [[[11.391816955155795, 44.48927093901118], [11.391439984370717, 44.48927883707114], [11.391451017034699, 44.489548683498086], [11.39107404435991, 44.489556580388864], [11.39109610668155, 44.49009627334564], [11.391473082826563, 44.49008837630707], [11.391484115954453, 44.49035822268911], [11.391861093679973, 44.4903503243335], [11.391872128697672, 44.49062017062666], [11.392249108003698, 44.49061227095401], [11.392238071250828, 44.49034242473477], [11.392615048666995, 44.49033452389291], [11.392604010333674, 44.49006467773263], [11.392980985859989, 44.49005677572159], [11.392947866583011, 44.48924723737278], [11.392570896261969, 44.489255139162], [11.392559858547475, 44.488985292941834], [11.391805920911393, 44.48900109264317], [11.391816955155795, 44.48927093901118]]]}}, {"type": "Feature", "properties": {"threshold": "ge_3", "source": "HistorySUHI", "period": "2013-2025", "hotspot_percentile": "top_10_pct", "label": ">= 3 estati"}, "geometry": {"type": "Polygon", "coordinates": [[[11.3881353810589, 44.49150863998569], [11.388889353019117, 44.49149286381728], [11.388900374773288, 44.49176271064155], [11.389277362256973, 44.49175482061873], [11.389255315432566, 44.49121512710292], [11.388124362929744, 44.49123879299884], [11.3881353810589, 44.49150863998569]]]}}, {"type": "Feature", "properties": {"threshold": "ge_3", "source": "HistorySUHI", "period": "2013-2025", "hotspot_percentile": "top_10_pct", "label": ">= 3 estati"}, "geometry": {"type": "Polygon", "coordinates": [[[11.4047670006127, 44.49223979035684], [11.40514398679182, 44.49223184789798], [11.405132889956125, 44.49196200430396], [11.404001936158012, 44.49198582772806], [11.404024119573357, 44.49252551534698], [11.404401107798753, 44.49251757530018], [11.404412201474925, 44.49278741901286], [11.40478919128013, 44.49277947764856], [11.4047670006127, 44.49223979035684]]]}}, {"type": "Feature", "properties": {"threshold": "ge_3", "source": "HistorySUHI", "period": "2013-2025", "hotspot_percentile": "top_10_pct", "label": ">= 3 estati"}, "geometry": {"type": "Polygon", "coordinates": [[[11.405598667167808, 44.494112808414016], [11.405221668996825, 44.4941207526364], [11.405243865312482, 44.49466043956957], [11.405620866954372, 44.494652495198515], [11.405598667167808, 44.494112808414016]]]}}, {"type": "Feature", "properties": {"threshold": "ge_3", "source": "HistorySUHI", "period": "2013-2025", "hotspot_percentile": "top_10_pct", "label": ">= 3 estati"}, "geometry": {"type": "Polygon", "coordinates": [[[11.405997868440679, 44.49464454958417], [11.405620866954372, 44.494652495198515], [11.405631967081028, 44.494922338568266], [11.40600897030282, 44.494914392879586], [11.405997868440679, 44.49464454958417]]]}}, {"type": "Feature", "properties": {"threshold": "ge_3", "source": "HistorySUHI", "period": "2013-2025", "hotspot_percentile": "top_10_pct", "label": ">= 3 estati"}, "geometry": {"type": "Polygon", "coordinates": [[[11.389639184348495, 44.509842413777726], [11.389661249033258, 44.51038210537603], [11.390038356310317, 44.51037421025719], [11.39004939062168, 44.51064405596002], [11.390426499481032, 44.51063615952329], [11.390415463432685, 44.51036631389435], [11.39079257040034, 44.510358416287524], [11.390748420806382, 44.50927903391772], [11.390371320786407, 44.50928693122894], [11.3903602855116, 44.509017085525166], [11.38960608848129, 44.509032876268016], [11.38961712028237, 44.50930272211955], [11.389240019798358, 44.50931061569892], [11.389262080390676, 44.50985030750483], [11.389639184348495, 44.509842413777726]]]}}, {"type": "Feature", "properties": {"threshold": "ge_3", "source": "HistorySUHI", "period": "2013-2025", "hotspot_percentile": "top_10_pct", "label": ">= 3 estati"}, "geometry": {"type": "Polygon", "coordinates": [[[11.392678102917063, 44.510318909593465], [11.392667056601733, 44.510049064393144], [11.393044160903655, 44.51004115939633], [11.393033113006265, 44.509771314255005], [11.392278907721396, 44.50978712285673], [11.39226786345267, 44.509517277552504], [11.391890762314874, 44.509525179913474], [11.391912847533337, 44.51006487065484], [11.392289952144951, 44.510056968145975], [11.39230099672334, 44.51032681342026], [11.392678102917063, 44.510318909593465]]]}}, {"type": "Feature", "properties": {"threshold": "ge_3", "source": "HistorySUHI", "period": "2013-2025", "hotspot_percentile": "top_10_pct", "label": ">= 3 estati"}, "geometry": {"type": "Polygon", "coordinates": [[[11.3945525765623, 44.510009526969334], [11.393798369042836, 44.51002534567078], [11.39382047225006, 44.51056503561255], [11.394951793718452, 44.51054130525032], [11.39494073682651, 44.51027146050897], [11.394563631562306, 44.510279371799676], [11.3945525765623, 44.510009526969334]]]}}, {"type": "Feature", "properties": {"threshold": "ge_3", "source": "HistorySUHI", "period": "2013-2025", "hotspot_percentile": "top_10_pct", "label": ">= 3 estati"}, "geometry": {"type": "Polygon", "coordinates": [[[11.389683314336681, 44.51092179691447], [11.389306203430957, 44.510929690937026], [11.389317234577636, 44.51119953675769], [11.388940121780227, 44.51120742961008], [11.38901733197732, 44.513096350452514], [11.389394456934687, 44.51308845708308], [11.389405489318627, 44.513358302784006], [11.390159742243798, 44.513342512165046], [11.390137670681714, 44.512802821043785], [11.390514793437806, 44.5127949240159], [11.390503756151656, 44.51252507850672], [11.390880877015837, 44.51251718030865], [11.390869838147271, 44.512247334858394], [11.390492719020243, 44.512255232982554], [11.390459608554378, 44.51144569632028], [11.389705380258786, 44.511461488393046], [11.389683314336681, 44.51092179691447]]]}}, {"type": "Feature", "properties": {"threshold": "ge_3", "source": "HistorySUHI", "period": "2013-2025", "hotspot_percentile": "top_10_pct", "label": ">= 3 estati"}, "geometry": {"type": "Polygon", "coordinates": [[[11.385978293719154, 44.51261975984414], [11.385224047817069, 44.51263552264962], [11.385235060782493, 44.5129053691923], [11.385989310159, 44.51288960623932], [11.385978293719154, 44.51261975984414]]]}}, {"type": "Feature", "properties": {"threshold": "ge_3", "source": "HistorySUHI", "period": "2013-2025", "hotspot_percentile": "top_10_pct", "label": ">= 3 estati"}, "geometry": {"type": "Polygon", "coordinates": [[[11.38459091418792, 44.515619593247436], [11.383836628829343, 44.5156353477216], [11.383847636543335, 44.51590519439462], [11.384601925376886, 44.515889439773034], [11.38459091418792, 44.515619593247436]]]}}, {"type": "Feature", "properties": {"threshold": "ge_3", "source": "HistorySUHI", "period": "2013-2025", "hotspot_percentile": "top_10_pct", "label": ">= 3 estati"}, "geometry": {"type": "Polygon", "coordinates": [[[11.388860814435633, 44.51850115670687], [11.388483654419604, 44.51850904906497], [11.388494684684261, 44.51877889468813], [11.388871846438017, 44.51877100225618], [11.388860814435633, 44.51850115670687]]]}}, {"type": "Feature", "properties": {"threshold": "ge_3", "source": "HistorySUHI", "period": "2013-2025", "hotspot_percentile": "top_10_pct", "label": ">= 3 estati"}, "geometry": {"type": "Polygon", "coordinates": [[[11.387451404471888, 44.52096133073636], [11.38707422819692, 44.520969218781325], [11.387096277761076, 44.52150891033396], [11.387473457511978, 44.52150102214137], [11.387451404471888, 44.52096133073636]]]}}, {"type": "Feature", "properties": {"threshold": "ge_3", "source": "HistorySUHI", "period": "2013-2025", "hotspot_percentile": "top_10_pct", "label": ">= 3 estati"}, "geometry": {"type": "Polygon", "coordinates": [[[11.395028081542677, 44.52161284115089], [11.394650903150488, 44.52162075430697], [11.394661963079066, 44.521890598567374], [11.39503914320923, 44.52188268533725], [11.395028081542677, 44.52161284115089]]]}}, {"type": "Feature", "properties": {"threshold": "ge_3", "source": "HistorySUHI", "period": "2013-2025", "hotspot_percentile": "top_10_pct", "label": ">= 3 estati"}, "geometry": {"type": "Polygon", "coordinates": [[[11.393175347426187, 44.522461928111106], [11.393186400867764, 44.52273177262266], [11.393940772641553, 44.52271595442976], [11.3939186589612, 44.52217626568768], [11.393541476627892, 44.52218417525838], [11.393552531652526, 44.52245401971091], [11.393175347426187, 44.522461928111106]]]}}, {"type": "Feature", "properties": {"threshold": "ge_3", "source": "HistorySUHI", "period": "2013-2025", "hotspot_percentile": "top_10_pct", "label": ">= 3 estati"}, "geometry": {"type": "Polygon", "coordinates": [[[11.394684083401435, 44.52243028704328], [11.394695143795229, 44.522700131258766], [11.395449514328597, 44.522684303109685], [11.395438450458707, 44.522414459042324], [11.394684083401435, 44.52243028704328]]]}}, {"type": "Feature", "properties": {"threshold": "ge_3", "source": "HistorySUHI", "period": "2013-2025", "hotspot_percentile": "top_10_pct", "label": ">= 3 estati"}, "geometry": {"type": "Polygon", "coordinates": [[[11.386386004874486, 44.522604066501756], [11.386008817707731, 44.522611951255996], [11.38603085869818, 44.523151643071834], [11.386408049341178, 44.523143758170036], [11.386386004874486, 44.522604066501756]]]}}, {"type": "Feature", "properties": {"threshold": "ge_3", "source": "HistorySUHI", "period": "2013-2025", "hotspot_percentile": "top_10_pct", "label": ">= 3 estati"}, "geometry": {"type": "Polygon", "coordinates": [[[11.39431795829592, 44.522708043466515], [11.393940772641553, 44.52271595442976], [11.393951829714274, 44.52298579877833], [11.394329017106715, 44.52297788774107], [11.39431795829592, 44.522708043466515]]]}}, {"type": "Feature", "properties": {"threshold": "ge_3", "source": "HistorySUHI", "period": "2013-2025", "hotspot_percentile": "top_10_pct", "label": ">= 3 estati"}, "geometry": {"type": "Polygon", "coordinates": [[[11.393951829714274, 44.52298579877833], [11.3935746421668, 44.52299370857106], [11.393596753301104, 44.52353339737132], [11.39435113519348, 44.52351757624523], [11.394340076072568, 44.52324773200063], [11.393962886942026, 44.52325564311192], [11.393951829714274, 44.52298579877833]]]}}, {"type": "Feature", "properties": {"threshold": "ge_3", "source": "HistorySUHI", "period": "2013-2025", "hotspot_percentile": "top_10_pct", "label": ">= 3 estati"}, "geometry": {"type": "Polygon", "coordinates": [[[11.390934324995651, 44.52304904227317], [11.389802758170688, 44.52307273804882], [11.389813796279146, 44.523342583195934], [11.390190987113728, 44.52333468577469], [11.390224107582247, 44.52414422090456], [11.389846911533128, 44.5241521185475], [11.389868989142984, 44.52469180870705], [11.391000587255345, 44.524668111600974], [11.390934324995651, 44.52304904227317]]]}}, {"type": "Feature", "properties": {"threshold": "ge_3", "source": "HistorySUHI", "period": "2013-2025", "hotspot_percentile": "top_10_pct", "label": ">= 3 estati"}, "geometry": {"type": "Polygon", "coordinates": [[[11.389835872960363, 44.523882273445274], [11.389458678494675, 44.52389016976973], [11.389469715329234, 44.52416001494585], [11.389846911533128, 44.5241521185475], [11.389835872960363, 44.523882273445274]]]}}, {"type": "Feature", "properties": {"threshold": "ge_3", "source": "HistorySUHI", "period": "2013-2025", "hotspot_percentile": "top_10_pct", "label": ">= 3 estati"}, "geometry": {"type": "Polygon", "coordinates": [[[11.394761509414716, 44.52431919623715], [11.39438431348659, 44.52432710888915], [11.394373253900488, 44.52405726468948], [11.393618865055455, 44.52407308611165], [11.393629921165157, 44.52434293045937], [11.394007117403397, 44.52433502029656], [11.394018175406343, 44.524604864555265], [11.394395373227761, 44.52459695307384], [11.394406433124004, 44.524866797243554], [11.394783632528597, 44.524858884443475], [11.394794694318183, 44.52512872852416], [11.395171895305943, 44.52512081440542], [11.39518295898892, 44.525390658397086], [11.395560161559843, 44.52538274295965], [11.395549096138575, 44.52511289904206], [11.39592629681606, 44.52510498243407], [11.395915229811681, 44.524835138575575], [11.396292428595734, 44.524827220797064], [11.396270291576043, 44.524287533183326], [11.395893096268436, 44.52429545081365], [11.395904162962475, 44.5245652947021], [11.394772570894107, 44.5245890403478], [11.394761509414716, 44.52431919623715]]]}}, {"type": "Feature", "properties": {"threshold": "ge_3", "source": "HistorySUHI", "period": "2013-2025", "hotspot_percentile": "top_10_pct", "label": ">= 3 estati"}, "geometry": {"type": "Polygon", "coordinates": [[[11.408429456142247, 44.52619224295983], [11.408052251907108, 44.52620020101181], [11.408041128499967, 44.52593035960497], [11.40766392584716, 44.525938316337864], [11.407652804334255, 44.52566847484157], [11.407275603263788, 44.5256764302554], [11.407264483645072, 44.52540658866965], [11.408018882153566, 44.52539067674627], [11.408007759214305, 44.52512083529442], [11.408384956496407, 44.5251128775403], [11.4083738319749, 44.52484303614791], [11.408751027362825, 44.52483507722367], [11.408739901259125, 44.52456523589076], [11.407985513803643, 44.52458115234572], [11.407974391332237, 44.52431131084887], [11.407597199108714, 44.524319267135056], [11.407586078531384, 44.52404942554876], [11.406831697092855, 44.524065334238614], [11.406820580147661, 44.52379549248845], [11.40644339093269, 44.523803444892145], [11.406432275881453, 44.52353360305258], [11.406055088248728, 44.52354155413734], [11.406032862089884, 44.523001870264416], [11.405278493309238, 44.52301776840284], [11.405267383939577, 44.52274792629511], [11.404513018011931, 44.522763819306824], [11.404524123905537, 44.523033661563254], [11.403392568632189, 44.5230574919701], [11.403403669467338, 44.52332733443455], [11.403026482326842, 44.523335275488776], [11.403048680987876, 44.52387496052129], [11.403425871604572, 44.523867019318445], [11.403436972906663, 44.52413686173791], [11.40381416510584, 44.524128919216196], [11.40385857882353, 44.525208288446834], [11.404235777819796, 44.52520034438322], [11.404257989089283, 44.52574002875992], [11.40463519140636, 44.52573208330301], [11.404624083955484, 44.525462241196514], [11.40500128437855, 44.52545429456936], [11.405023502912607, 44.52599397861865], [11.40540070665647, 44.52598603059813], [11.405411817895466, 44.52625587252591], [11.405789023221853, 44.526247923186375], [11.405800136354983, 44.526517765024785], [11.406177343263884, 44.52650981436621], [11.406188458291199, 44.526779656115224], [11.406565666782612, 44.52677170413759], [11.406587900781576, 44.52731138744179], [11.406965112593902, 44.52730343407067], [11.40698735069326, 44.52784311716602], [11.407364565826557, 44.52783516240134], [11.407353444960474, 44.527565320935594], [11.407730658199391, 44.52755736500066], [11.407719535750816, 44.52728752359436], [11.408473958283924, 44.52727160813934], [11.408462832514509, 44.52700176686697], [11.408840041808686, 44.526993807346926], [11.40881778726114, 44.526454124906124], [11.408440581443676, 44.5264620842772], [11.408429456142247, 44.52619224295983]]]}}, {"type": "Feature", "properties": {"threshold": "ge_3", "source": "HistorySUHI", "period": "2013-2025", "hotspot_percentile": "top_10_pct", "label": ">= 3 estati"}, "geometry": {"type": "Polygon", "coordinates": [[[11.391421971206496, 44.525739589033115], [11.391433017816219, 44.52600943373487], [11.391810225414028, 44.52600153059593], [11.391799177065943, 44.52573168596811], [11.391421971206496, 44.525739589033115]]]}}, {"type": "Feature", "properties": {"threshold": "ge_3", "source": "HistorySUHI", "period": "2013-2025", "hotspot_percentile": "top_10_pct", "label": ">= 3 estati"}, "geometry": {"type": "Polygon", "coordinates": [[[11.39184337138778, 44.52681106438949], [11.391898617775848, 44.52816028707934], [11.392653060322205, 44.52814447588386], [11.392586744259384, 44.52652540949882], [11.392209533494636, 44.52653331527505], [11.392220584045905, 44.526803159783974], [11.39184337138778, 44.52681106438949]]]}}, {"type": "Feature", "properties": {"threshold": "ge_3", "source": "HistorySUHI", "period": "2013-2025", "hotspot_percentile": "top_10_pct", "label": ">= 3 estati"}, "geometry": {"type": "Polygon", "coordinates": [[[11.392675166916325, 44.52868416455911], [11.392297942243447, 44.52869207092717], [11.392320045980249, 44.529231759690475], [11.392697274130402, 44.529223853174436], [11.392675166916325, 44.52868416455911]]]}}, {"type": "Feature", "properties": {"threshold": "ge_3", "source": "HistorySUHI", "period": "2013-2025", "hotspot_percentile": "top_10_pct", "label": ">= 3 estati"}, "geometry": {"type": "Polygon", "coordinates": [[[11.406221804308242, 44.52758918127224], [11.404335733437705, 44.527628923606024], [11.404346840396116, 44.52789876566692], [11.403969624016234, 44.52790671047391], [11.403980729391886, 44.52817655259414], [11.403226292688007, 44.528192438622625], [11.40324849695232, 44.52873212311543], [11.402871274889788, 44.52874006441118], [11.402882375516876, 44.52900990670941], [11.403259599317986, 44.52900196533933], [11.403270701839325, 44.52927180754826], [11.402893476299617, 44.529279748992636], [11.40292677958177, 44.53008927575238], [11.405567391601108, 44.53003365794018], [11.40555627818074, 44.529763816222356], [11.405933506107427, 44.52975586591578], [11.405889047029843, 44.52867649919206], [11.406266267846311, 44.52866854793831], [11.406255151727999, 44.52839870629429], [11.40663237065007, 44.5283907538702], [11.40662125294912, 44.528120912285594], [11.406244035765551, 44.52812886463526], [11.406221804308242, 44.52758918127224]]]}}, {"type": "Feature", "properties": {"threshold": "ge_3", "source": "HistorySUHI", "period": "2013-2025", "hotspot_percentile": "top_10_pct", "label": ">= 3 estati"}, "geometry": {"type": "Polygon", "coordinates": [[[11.39873290343704, 44.52909717962516], [11.39871074058727, 44.52855749338046], [11.397956296051657, 44.52857334470455], [11.397978451947042, 44.52911303124589], [11.397601225969026, 44.52912095518908], [11.397612302411082, 44.52939079851144], [11.397989530127733, 44.5293828744941], [11.398011686955135, 44.529922560945565], [11.398766148877083, 44.529906708879835], [11.39881047830597, 44.530986081009615], [11.39956495351625, 44.53097022337108], [11.39957603973957, 44.531240066217684], [11.400330517805632, 44.53122420345127], [11.40036378784137, 44.53203373145585], [11.400741031857674, 44.532025797982634], [11.400763216136843, 44.53256548309561], [11.401140463475404, 44.532557548228986], [11.401096088583719, 44.53147817824008], [11.40147332881124, 44.53147024242557], [11.401462233738402, 44.531200399965144], [11.401084995249686, 44.53120833570539], [11.401073902071207, 44.5309384931557], [11.399942190888227, 44.53096229268452], [11.399920015430425, 44.530422607094785], [11.399542781535965, 44.53043053763293], [11.399520610177463, 44.52989085183483], [11.39914337960498, 44.52989878097974], [11.399110128948976, 44.52908925194761], [11.39873290343704, 44.52909717962516]]]}}, {"type": "Feature", "properties": {"threshold": "ge_3", "source": "HistorySUHI", "period": "2013-2025", "hotspot_percentile": "top_10_pct", "label": ">= 3 estati"}, "geometry": {"type": "Polygon", "coordinates": [[[11.401861665850431, 44.53173214773738], [11.401850568883184, 44.53146230536619], [11.40147332881124, 44.53147024242557], [11.401484424039657, 44.53174008487103], [11.401861665850431, 44.53173214773738]]]}}, {"type": "Feature", "properties": {"threshold": "ge_3", "source": "HistorySUHI", "period": "2013-2025", "hotspot_percentile": "top_10_pct", "label": ">= 3 estati"}, "geometry": {"type": "Polygon", "coordinates": [[[11.390855313343964, 44.530342751836805], [11.390478077464307, 44.53035065242452], [11.390467033592302, 44.53008080774049], [11.390089799296547, 44.53008870700942], [11.390078757318138, 44.52981886223651], [11.389701524606291, 44.52982676018667], [11.38967944459137, 44.52928707044813], [11.388924985658123, 44.529302862318424], [11.38893602211079, 44.52957270734296], [11.388558790673327, 44.52958060148475], [11.388569825542024, 44.529850446568176], [11.387438125085163, 44.529874121746076], [11.38741606593481, 44.52933443112118], [11.38779329609768, 44.52932654078772], [11.387782265015801, 44.52905669552667], [11.387027808012776, 44.529072474801104], [11.387005753267639, 44.52853278393877], [11.385874077035396, 44.52855644307154], [11.38588509911472, 44.52882628873156], [11.385507871656193, 44.52883417269334], [11.385607061676332, 44.53126278362435], [11.385984304783792, 44.5312548989986], [11.386006352188291, 44.53179459000446], [11.386760844895061, 44.53177881672302], [11.386782899873674, 44.53231850737386], [11.387160149473019, 44.5323106187181], [11.387171178933258, 44.532580463947255], [11.3879256811459, 44.53256468275323], [11.387947747486418, 44.53310437287131], [11.38907951007904, 44.53308069129984], [11.389101587472757, 44.53362038091486], [11.387215298320854, 44.53365984471423], [11.387248389485594, 44.53446938013235], [11.38800291604528, 44.53445359790458], [11.388036019037317, 44.535263132744966], [11.388413287302658, 44.53525523954194], [11.38840225107803, 44.53498539468398], [11.388779517449397, 44.534977500309736], [11.388746404486552, 44.53416796586765], [11.391009968158656, 44.534120574806366], [11.390888451105575, 44.531152285577306], [11.391265692046765, 44.5311443835229], [11.391254644232513, 44.530874539031664], [11.390877405030148, 44.5308824410121], [11.390855313343964, 44.530342751836805]], [[11.390211271278565, 44.53305699852356], [11.390222315115139, 44.53332684311684], [11.389467804325538, 44.53334263969383], [11.389456763967035, 44.53307279495272], [11.390211271278565, 44.53305699852356]], [[11.386339497472774, 44.53070732220978], [11.386350522527428, 44.53097716767634], [11.385973281313408, 44.530985053473216], [11.385962257997596, 44.53071520793287], [11.386339497472774, 44.53070732220978]]]}}, {"type": "Feature", "properties": {"threshold": "ge_3", "source": "HistorySUHI", "period": "2013-2025", "hotspot_percentile": "top_10_pct", "label": ">= 3 estati"}, "geometry": {"type": "Polygon", "coordinates": [[[11.403792296772462, 44.53277181124451], [11.403415048784447, 44.53277975489991], [11.40340394423908, 44.5325099128859], [11.40302669783427, 44.532517855222046], [11.403015595183506, 44.532248013118725], [11.4026383503619, 44.53225595413565], [11.402660552341299, 44.532795638475925], [11.402283303886215, 44.532803578396525], [11.402361003544526, 44.53469247363533], [11.4038700451232, 44.53466070440248], [11.403892260339457, 44.53520038802696], [11.404269523823034, 44.53519244245752], [11.404280633403959, 44.535462284172915], [11.405789692736768, 44.535430489147366], [11.40574522752199, 44.53435112338585], [11.40499071208013, 44.53436702279359], [11.404968487364142, 44.5338273395253], [11.404591232887542, 44.533835287212945], [11.404580122502285, 44.53356544548195], [11.404202869608893, 44.533573391850254], [11.404180652783696, 44.533033708194544], [11.403803403212478, 44.533041653169214], [11.403792296772462, 44.53277181124451]]]}}, {"type": "Feature", "properties": {"threshold": "ge_3", "source": "HistorySUHI", "period": "2013-2025", "hotspot_percentile": "top_10_pct", "label": ">= 3 estati"}, "geometry": {"type": "Polygon", "coordinates": [[[11.40015288875764, 44.536089302797116], [11.39977561834441, 44.53609723489379], [11.399675822745158, 44.533668651162685], [11.399298567828664, 44.533676581346405], [11.39925422522744, 44.53259721011278], [11.39887697711142, 44.53260513875475], [11.39886589358865, 44.532335295834685], [11.398111400368235, 44.53235114923547], [11.398122480413157, 44.53262099230387], [11.396613485152386, 44.53265268446287], [11.3966024120632, 44.53238284109791], [11.395847916978967, 44.53239867955956], [11.395836847522883, 44.532128836031404], [11.39508235529561, 44.53214466936516], [11.39509342127385, 44.53241451304146], [11.394338924948045, 44.532430341543616], [11.394349987603555, 44.53270018535305], [11.393972737469, 44.53270809781076], [11.393961676552445, 44.53243825392729], [11.393207179295974, 44.53245407495982], [11.393218236734606, 44.53272391899134], [11.39284098613482, 44.53273182771419], [11.392852041989519, 44.53300167180473], [11.392097536846896, 44.53301748566354], [11.392108589378594, 44.533287329887095], [11.391731334835777, 44.53329523502301], [11.391764488143588, 44.53410476782576], [11.392141747903612, 44.534096862467905], [11.392163854361918, 44.53463655078025], [11.392541117445203, 44.534628644029425], [11.392552172646017, 44.534898488089155], [11.39292943731344, 44.53489058001929], [11.392940494408464, 44.53516042399004], [11.39331776066002, 44.53515251460114], [11.393328819649303, 44.53542235848289], [11.393706087484988, 44.53541444777488], [11.393672905764822, 44.534604916306726], [11.39329564314668, 44.53461282679266], [11.393273526253626, 44.534073138924306], [11.39365078539353, 44.53406522858641], [11.39366184550163, 44.53433507245406], [11.394039106225549, 44.53432716079712], [11.39405016822787, 44.53459700457576], [11.394427430535796, 44.534589091599756], [11.39443849443239, 44.534858935289364], [11.395193022061077, 44.53484310545414], [11.395181954686192, 44.53457326191265], [11.395559216528612, 44.53456534520156], [11.39557028564264, 44.534835188668964], [11.39632481234008, 44.53481935136349], [11.396335885087652, 44.53508919466774], [11.397467679186702, 44.53506542914938], [11.39747875730709, 44.53533527221626], [11.396724224584666, 44.53535111728847], [11.396735299381993, 44.53562096048864], [11.396358031048614, 44.535628881231275], [11.39636910426201, 44.535898724490586], [11.395991834034122, 44.535906644062266], [11.396002905663536, 44.53617648738067], [11.397511992600341, 44.53614480132701], [11.397523071342134, 44.53641464433396], [11.39790034442728, 44.536406719633646], [11.397922505855554, 44.536946405454295], [11.398299782263933, 44.53693847936056], [11.398310864950494, 44.537208322174244], [11.3986881429428, 44.53720039476121], [11.398699227524139, 44.537470237485714], [11.399831065786408, 44.5374464475532], [11.399819975986992, 44.5371766050513], [11.400574530572266, 44.53716073901905], [11.400563437449703, 44.536890896650604], [11.400940712769689, 44.536882961841044], [11.400929618063383, 44.536613119531864], [11.400552344482698, 44.53662105426719], [11.400541251671248, 44.53635121186877], [11.400163979674286, 44.536359145284756], [11.40015288875764, 44.536089302797116]]]}}, {"type": "Feature", "properties": {"threshold": "ge_3", "source": "HistorySUHI", "period": "2013-2025", "hotspot_percentile": "top_10_pct", "label": ">= 3 estati"}, "geometry": {"type": "Polygon", "coordinates": [[[11.402405406773696, 44.535771842013425], [11.402416507970152, 44.53604168407046], [11.403171046462544, 44.53602580120098], [11.403159941787662, 44.53575595929256], [11.402405406773696, 44.535771842013425]]]}}, {"type": "Feature", "properties": {"threshold": "ge_3", "source": "HistorySUHI", "period": "2013-2025", "hotspot_percentile": "top_10_pct", "label": ">= 3 estati"}, "geometry": {"type": "Polygon", "coordinates": [[[11.397955749163382, 44.53775593407289], [11.39794466790538, 44.53748609121501], [11.3975673878629, 44.53749401621192], [11.397556308499663, 44.53722417326491], [11.39680175142737, 44.537240019375034], [11.3968349795468, 44.538049548615966], [11.397589547055482, 44.53803370206102], [11.397578467381505, 44.537763859143965], [11.397955749163382, 44.53775593407289]]]}}, {"type": "Feature", "properties": {"threshold": "ge_3", "source": "HistorySUHI", "period": "2013-2025", "hotspot_percentile": "top_10_pct", "label": ">= 3 estati"}, "geometry": {"type": "Polygon", "coordinates": [[[11.410039821075314, 44.537771514825444], [11.410417099455628, 44.53776354859029], [11.410428238424558, 44.53803338896447], [11.410805518388024, 44.538025421409635], [11.410783237127687, 44.5374857407954], [11.40965140720476, 44.537509639277225], [11.409673678029039, 44.53804932033871], [11.410050958304886, 44.53804135527416], [11.410039821075314, 44.537771514825444]]]}}, {"type": "Feature", "properties": {"threshold": "ge_3", "source": "HistorySUHI", "period": "2013-2025", "hotspot_percentile": "top_10_pct", "label": ">= 3 estati"}, "geometry": {"type": "Polygon", "coordinates": [[[11.388148124611812, 44.546333883349185], [11.388485112007832, 44.54624233967552], [11.388477525365497, 44.54605691774589], [11.38923220091857, 44.54604112418447], [11.389221156761282, 44.54577127999908], [11.38959849256531, 44.54576338142397], [11.389576401235095, 44.545223693156096], [11.388821736432751, 44.54523948876518], [11.388810694480233, 44.544969644461005], [11.388433363586879, 44.54497754032341], [11.388411283626564, 44.54443785152235], [11.388033956058546, 44.54444574599152], [11.388011880197604, 44.543906056982856], [11.38763455595486, 44.543913950058815], [11.387623519996586, 44.543644105458185], [11.387246197339072, 44.54365199721485], [11.387257231557346, 44.54392184188934], [11.386879907005081, 44.543929732474396], [11.38689093963807, 44.54419957720775], [11.385758959832934, 44.5442232417116], [11.385769987400467, 44.54449308665143], [11.385392658749351, 44.54450097240223], [11.385403684731452, 44.544770817400874], [11.385026354185614, 44.54477870197997], [11.38503737858223, 44.545048547037446], [11.383905380796792, 44.545072193523], [11.38391640012758, 44.545342038786764], [11.384293734617446, 44.545334157796674], [11.38430475584295, 44.54560400297175], [11.38468209191842, 44.54559612066239], [11.384693115038687, 44.545865965748746], [11.385070452699757, 44.54585808212008], [11.385081477714834, 44.5461279271177], [11.383949459047205, 44.546151574488334], [11.383960478996174, 44.546421419692265], [11.383583137390918, 44.54642929973178], [11.383594155754166, 44.546699144994484], [11.383971499099696, 44.54669126488126], [11.384001267927557, 44.54742017234143], [11.384538297638485, 44.547283558564615], [11.385121354115013, 44.54713070393095], [11.385765921340624, 44.54696194064616], [11.386485997372382, 44.54677358106562], [11.386617109738223, 44.54673908032409], [11.386612898189517, 44.546636069212354], [11.38699024029793, 44.546628179134494], [11.386979206272317, 44.546358334535824], [11.388148124611812, 44.546333883349185]]]}}, {"type": "Feature", "properties": {"threshold": "ge_3", "source": "HistorySUHI", "period": "2013-2025", "hotspot_percentile": "top_10_pct", "label": ">= 3 estati"}, "geometry": {"type": "Polygon", "coordinates": [[[11.398121986682291, 44.541803575143], [11.396990062588953, 44.54182734995753], [11.397001141114236, 44.54209719279813], [11.396623831032574, 44.54210511531977], [11.396612754247084, 44.54183527240503], [11.396235445749879, 44.54184319360719], [11.396246520795573, 44.54211303659606], [11.395869210403259, 44.54212095662698], [11.39585813709736, 44.54185111356401], [11.394756646498951, 44.54187422546355], [11.394862548583987, 44.54204364867492], [11.395202466095787, 44.542603206962845], [11.395445171942196, 44.54297836217492], [11.395494276818694, 44.543034479642884], [11.395504753588112, 44.54303088383576], [11.396031581472567, 44.54285158765741], [11.39675685995851, 44.54260003634729], [11.397131526818704, 44.54247063493683], [11.397757749789896, 44.542259427085945], [11.397837901980493, 44.54223258137667], [11.397861743242187, 44.542224608467926], [11.397945466885826, 44.54219676039982], [11.398135540346242, 44.542133545274154], [11.398121986682291, 44.541803575143]]]}}, {"type": "Feature", "properties": {"threshold": "ge_3", "source": "HistorySUHI", "period": "2013-2025", "hotspot_percentile": "top_10_pct", "label": ">= 3 estati"}, "geometry": {"type": "Polygon", "coordinates": [[[11.393960527054213, 44.54162085121965], [11.3939633589684, 44.54168991686422], [11.394184404526563, 44.54161615561083], [11.393960527054213, 44.54162085121965]]]}}, {"type": "Feature", "properties": {"threshold": "ge_3", "source": "HistorySUHI", "period": "2013-2025", "hotspot_percentile": "top_10_pct", "label": ">= 3 estati"}, "geometry": {"type": "Polygon", "coordinates": [[[11.392839662288857, 44.54191442838615], [11.392845869410053, 44.54206587911379], [11.392878717431232, 44.54205467118741], [11.393326142240308, 44.54190422812106], [11.392839662288857, 44.54191442838615]]]}}, {"type": "Feature", "properties": {"threshold": "ge_3", "source": "HistorySUHI", "period": "2013-2025", "hotspot_percentile": "top_10_pct", "label": ">= 3 estati"}, "geometry": {"type": "Polygon", "coordinates": [[[11.392473409887224, 44.54219218086426], [11.392473441551077, 44.54219295355775], [11.392475856446772, 44.54219212958199], [11.392473409887224, 44.54219218086426]]]}}, {"type": "Feature", "properties": {"threshold": "ge_3", "source": "HistorySUHI", "period": "2013-2025", "hotspot_percentile": "top_10_pct", "label": ">= 3 estati"}, "geometry": {"type": "Polygon", "coordinates": [[[11.411983993596888, 44.48425527567439], [11.413868655802085, 44.484215437444895], [11.413846388048905, 44.483675752945736], [11.41346945938879, 44.483683722928085], [11.413458327480685, 44.48341388058141], [11.41270447316132, 44.48342981666865], [11.412715601600548, 44.48369965916444], [11.41233867247247, 44.48370762541844], [11.412349799333196, 44.48397746797377], [11.411972868314713, 44.48398543305952], [11.411983993596888, 44.48425527567439]]]}}, {"type": "Feature", "properties": {"threshold": "ge_3", "source": "HistorySUHI", "period": "2013-2025", "hotspot_percentile": "top_10_pct", "label": ">= 3 estati"}, "geometry": {"type": "Polygon", "coordinates": [[[11.41618596944878, 44.485516799303554], [11.41580902958364, 44.485524777265134], [11.415820173147631, 44.48579461904406], [11.41619711474738, 44.485786641007834], [11.41618596944878, 44.485516799303554]]]}}, {"type": "Feature", "properties": {"threshold": "ge_3", "source": "HistorySUHI", "period": "2013-2025", "hotspot_percentile": "top_10_pct", "label": ">= 3 estati"}, "geometry": {"type": "Polygon", "coordinates": [[[11.417771796288623, 44.48737376455223], [11.417394844905713, 44.487381748008126], [11.41741714825481, 44.487921430743405], [11.41817105780344, 44.487905462289824], [11.418159902581156, 44.487635621079114], [11.417782949619795, 44.48764360585267], [11.417771796288623, 44.48737376455223]]]}}, {"type": "Feature", "properties": {"threshold": "ge_3", "source": "HistorySUHI", "period": "2013-2025", "hotspot_percentile": "top_10_pct", "label": ">= 3 estati"}, "geometry": {"type": "Polygon", "coordinates": [[[11.423836540871354, 44.48805538048596], [11.423847722428619, 44.48832522054444], [11.424224678089919, 44.48831721565932], [11.424213494797856, 44.48804737567573], [11.423836540871354, 44.48805538048596]]]}}, {"type": "Feature", "properties": {"threshold": "ge_3", "source": "HistorySUHI", "period": "2013-2025", "hotspot_percentile": "top_10_pct", "label": ">= 3 estati"}, "geometry": {"type": "Polygon", "coordinates": [[[11.424668747047741, 44.489928248667674], [11.425045712804808, 44.48992024084706], [11.425012150167968, 44.48911072157126], [11.424635189615644, 44.48911872916708], [11.424612818778105, 44.48857904942488], [11.42423586153872, 44.488587055627875], [11.424247045144263, 44.48885689558141], [11.423870086013295, 44.48886490061635], [11.423858904142598, 44.48859506058791], [11.42348194658976, 44.48860306430498], [11.423470766610606, 44.48833322418662], [11.423093810635903, 44.48834122658584], [11.423082632548242, 44.48807138637758], [11.421951768888663, 44.48809538589292], [11.421962941771897, 44.48836522632576], [11.42158598517068, 44.48837322375315], [11.421597156475668, 44.48864306424581], [11.421220197983038, 44.48865106050506], [11.421231367709733, 44.48892090105751], [11.420100486088053, 44.48894488260182], [11.420111650766612, 44.48921472336366], [11.419357725433265, 44.48923070499447], [11.419368886798452, 44.48950054589084], [11.418614957369519, 44.48951652269911], [11.41864221891978, 44.490175793824996], [11.420018140887594, 44.48972742337985], [11.424065489828449, 44.488957575054], [11.4240681126711, 44.488963812160335], [11.424073305114723, 44.48897621548275], [11.424249807290472, 44.48939751504036], [11.424465029557503, 44.48991121363488], [11.424465030676012, 44.48991124061887], [11.4245229605751, 44.49011912214656], [11.424551831337178, 44.49022275880973], [11.424609188907917, 44.49020353535114], [11.42464561740023, 44.490190950194894], [11.424661250550836, 44.49018580174998], [11.424679172060861, 44.4901797283963], [11.424668747047741, 44.489928248667674]]]}}, {"type": "Feature", "properties": {"threshold": "ge_3", "source": "HistorySUHI", "period": "2013-2025", "hotspot_percentile": "top_10_pct", "label": ">= 3 estati"}, "geometry": {"type": "Polygon", "coordinates": [[[11.417950268346999, 44.49169122355738], [11.417945536590052, 44.49157676860573], [11.417892090819041, 44.49150238549327], [11.417892064199794, 44.491502350046794], [11.4178369486902, 44.491423546368146], [11.417562135263767, 44.49142936705873], [11.417544618082253, 44.491005574594745], [11.417464677452786, 44.490891276174544], [11.417162853757446, 44.49089766789788], [11.41715170202041, 44.49062782662823], [11.416774729506033, 44.490635808494496], [11.416785879508001, 44.49090564983885], [11.416408905102278, 44.490913630536724], [11.416386608724732, 44.49037394768365], [11.416009637632879, 44.4903819269891], [11.416020784008479, 44.49065176849783], [11.415266837886021, 44.49066772352885], [11.415300267539585, 44.49147724841283], [11.416054224072646, 44.4914612929339], [11.41607651822992, 44.492000975816204], [11.415699536571175, 44.49200895432654], [11.41568839114959, 44.49173911281824], [11.414934430833833, 44.49175506596022], [11.414956714892464, 44.49229474926039], [11.415333698598815, 44.492286773161695], [11.415344842597607, 44.49255661471462], [11.415721827882988, 44.49254863729813], [11.415710682148974, 44.492278795819836], [11.416464648780613, 44.492262837406706], [11.416453499732425, 44.49199299606275], [11.416830481078668, 44.49198501506614], [11.416841631862047, 44.49225485633543], [11.417972580168511, 44.49223090566273], [11.417961424179575, 44.49196106461757], [11.41821775933256, 44.49195563440721], [11.418026612744095, 44.49168960628343], [11.417950268346999, 44.49169122355738]]]}}, {"type": "Feature", "properties": {"threshold": "ge_3", "source": "HistorySUHI", "period": "2013-2025", "hotspot_percentile": "top_10_pct", "label": ">= 3 estati"}, "geometry": {"type": "Polygon", "coordinates": [[[11.418360720505142, 44.492492760574315], [11.418486490750164, 44.49249009581308], [11.418580960669397, 44.49246056556956], [11.418557359021868, 44.492427855124106], [11.418557345339863, 44.492427828406264], [11.418483405270669, 44.49232535220002], [11.418482284627283, 44.49232380049185], [11.4184765723277, 44.49231583720267], [11.41834588392007, 44.49213395170756], [11.418360720505142, 44.492492760574315]]]}}, {"type": "Feature", "properties": {"threshold": "ge_3", "source": "HistorySUHI", "period": "2013-2025", "hotspot_percentile": "top_10_pct", "label": ">= 3 estati"}, "geometry": {"type": "Polygon", "coordinates": [[[11.41876002424074, 44.49302445492891], [11.418871420189735, 44.49302209414862], [11.41875453005057, 44.4928916075388], [11.41876002424074, 44.49302445492891]]]}}, {"type": "Feature", "properties": {"threshold": "ge_3", "source": "HistorySUHI", "period": "2013-2025", "hotspot_percentile": "top_10_pct", "label": ">= 3 estati"}, "geometry": {"type": "Polygon", "coordinates": [[[11.413437643339046, 44.49205679928266], [11.413060660587309, 44.49206476909104], [11.41307179401866, 44.49233461110661], [11.413448778505611, 44.49232664122367], [11.413437643339046, 44.49205679928266]]]}}, {"type": "Feature", "properties": {"threshold": "ge_3", "source": "HistorySUHI", "period": "2013-2025", "hotspot_percentile": "top_10_pct", "label": ">= 3 estati"}, "geometry": {"type": "Polygon", "coordinates": [[[11.41269480937566, 44.49234257974639], [11.412317824576636, 44.49235054714301], [11.412340084966461, 44.49289023142742], [11.413094061349508, 44.49287429509276], [11.413082927606057, 44.49260445310718], [11.412705941227815, 44.49261242182155], [11.41269480937566, 44.49234257974639]]]}}, {"type": "Feature", "properties": {"threshold": "ge_3", "source": "HistorySUHI", "period": "2013-2025", "hotspot_percentile": "top_10_pct", "label": ">= 3 estati"}, "geometry": {"type": "Polygon", "coordinates": [[[11.416187998391054, 44.494699389327046], [11.415810999379254, 44.494707368583995], [11.415799852395406, 44.49443752722581], [11.415422854962785, 44.49444550516486], [11.415467436893824, 44.495524870806165], [11.415844441268261, 44.495516892568496], [11.41585558887709, 44.49578673386664], [11.416232594830792, 44.495778754311004], [11.416187998391054, 44.494699389327046]]]}}, {"type": "Feature", "properties": {"threshold": "ge_3", "source": "HistorySUHI", "period": "2013-2025", "hotspot_percentile": "top_10_pct", "label": ">= 3 estati"}, "geometry": {"type": "Polygon", "coordinates": [[[11.419659137209216, 44.496516403924936], [11.419282127456263, 44.4965243948945], [11.419288319504, 44.496674062350564], [11.42041055173046, 44.49643749325783], [11.420401987341153, 44.49623057789956], [11.419647971775897, 44.49624656341906], [11.419659137209216, 44.496516403924936]]]}}, {"type": "Feature", "properties": {"threshold": "ge_3", "source": "HistorySUHI", "period": "2013-2025", "hotspot_percentile": "top_10_pct", "label": ">= 3 estati"}, "geometry": {"type": "Polygon", "coordinates": [[[11.4192932913105, 44.49679423546013], [11.419328562541855, 44.49679348785964], [11.419291136166944, 44.49674214366959], [11.4192932913105, 44.49679423546013]]]}}, {"type": "Feature", "properties": {"threshold": "ge_3", "source": "HistorySUHI", "period": "2013-2025", "hotspot_percentile": "top_10_pct", "label": ">= 3 estati"}, "geometry": {"type": "Polygon", "coordinates": [[[11.41970380050754, 44.497595765798266], [11.419910189706496, 44.49759139047786], [11.419691189147763, 44.49729099374498], [11.41970380050754, 44.497595765798266]]]}}, {"type": "Feature", "properties": {"threshold": "ge_3", "source": "HistorySUHI", "period": "2013-2025", "hotspot_percentile": "top_10_pct", "label": ">= 3 estati"}, "geometry": {"type": "Polygon", "coordinates": [[[11.420103153106076, 44.4981274539832], [11.420297987838433, 44.498123321960236], [11.420091245297089, 44.497839739195314], [11.420103153106076, 44.4981274539832]]]}}, {"type": "Feature", "properties": {"threshold": "ge_3", "source": "HistorySUHI", "period": "2013-2025", "hotspot_percentile": "top_10_pct", "label": ">= 3 estati"}, "geometry": {"type": "Polygon", "coordinates": [[[11.410023656164471, 44.50077139994427], [11.409646616313623, 44.50077935970423], [11.409657737379744, 44.501049201984934], [11.410034778966612, 44.50104124215048], [11.410023656164471, 44.50077139994427]]]}}, {"type": "Feature", "properties": {"threshold": "ge_3", "source": "HistorySUHI", "period": "2013-2025", "hotspot_percentile": "top_10_pct", "label": ">= 3 estati"}, "geometry": {"type": "Polygon", "coordinates": [[[11.42516108486489, 44.501801185803444], [11.425149891996654, 44.501531346646225], [11.424772851457387, 44.50153935644606], [11.424761660482027, 44.50126951719885], [11.425545674724447, 44.501252857893114], [11.425416812760174, 44.50103144468274], [11.425416786131851, 44.501031409238266], [11.425416759130401, 44.50103136479916], [11.425126524602907, 44.5006092251973], [11.42511328561009, 44.50061362963852], [11.424367378195573, 44.50086167742195], [11.424384621521883, 44.50127752568022], [11.424007582404895, 44.501285532918075], [11.42399639505833, 44.501015693505984], [11.42385554721083, 44.50101868423345], [11.423621691312514, 44.50107999936867], [11.423630543131088, 44.50129353891243], [11.423253503700492, 44.50130154366326], [11.423264687731887, 44.50157138321015], [11.422887646408522, 44.501579386792365], [11.42296592686537, 44.50346826372412], [11.420703602717966, 44.50351626224711], [11.420692429742346, 44.503246422281386], [11.421823587312621, 44.50322242884066], [11.421812409285149, 44.502952589084416], [11.42105830786726, 44.502968585805476], [11.421047133468736, 44.502698745884516], [11.420670084260955, 44.50270674230483], [11.420681256923345, 44.502976582300626], [11.420304205822813, 44.50298457755216], [11.420281864126903, 44.502444897395954], [11.419527768400611, 44.50246088386906], [11.419516601259723, 44.502191043618836], [11.419139554897857, 44.50219903491525], [11.419106059622527, 44.501389513850114], [11.419860141773436, 44.501373530462416], [11.419804302085042, 44.50002432913459], [11.419427269767596, 44.50003232107628], [11.419326783812103, 44.497603757066926], [11.41857274995179, 44.49761973587417], [11.418561589099427, 44.49734989520406], [11.41705352644439, 44.49738183759917], [11.417064680354075, 44.497651678568175], [11.41555660825487, 44.497683601368195], [11.415612345433432, 44.499032807481576], [11.415989372371447, 44.49902482827331], [11.416078573870088, 44.50118355667675], [11.415701533044754, 44.50119153648233], [11.415656937988933, 44.500112172102064], [11.414902869757185, 44.50012812738544], [11.414925160028773, 44.50066780990421], [11.413794046093853, 44.50069173395084], [11.413782906087832, 44.500421892475096], [11.413405869533152, 44.50042986459568], [11.413394731419226, 44.500160023030325], [11.413017696444365, 44.500167993832825], [11.413006560222485, 44.49989815217788], [11.412629526827448, 44.4999061216623], [11.412640661313405, 44.50017596339182], [11.411509554984164, 44.50019986460784], [11.411531814008516, 44.50073954846916], [11.411154774781455, 44.50074751320324], [11.411165902791636, 44.50101735518592], [11.41078886167258, 44.501025318750976], [11.410844495382912, 44.50237452881195], [11.41046744542747, 44.50238249150602], [11.410456320109597, 44.502112649449316], [11.40894812567312, 44.50214448749166], [11.408992600101497, 44.503223856820135], [11.408615544157954, 44.50323181351956], [11.408626661418452, 44.503501655888634], [11.408249603582822, 44.503509611418856], [11.408282951090486, 44.50431913865941], [11.409037077023665, 44.50430322590861], [11.409070436351945, 44.50511275256745], [11.409447504293826, 44.50510479410311], [11.409469748098259, 44.50564447831839], [11.409846819357078, 44.505636518461365], [11.40989131578286, 44.50671588641396], [11.41026839383171, 44.50670792501521], [11.410279520064563, 44.50697776689135], [11.409148280240537, 44.5070016475797], [11.409137159217348, 44.5067318054801], [11.40838300202825, 44.50674771957108], [11.40837188463403, 44.50647787730757], [11.40799480754224, 44.506485832412935], [11.407983692040382, 44.50621599005997], [11.40760661652929, 44.506223943847125], [11.407539937208844, 44.50460488896785], [11.407162871960578, 44.50461284106475], [11.407140650239363, 44.50407315583618], [11.406763588308028, 44.504081106540596], [11.406752479417351, 44.50381126382941], [11.406375419066602, 44.50381921321575], [11.40636431206793, 44.50354937041519], [11.40598725329777, 44.50355731848349], [11.405998358560156, 44.50382716135842], [11.404867176106873, 44.503850998324396], [11.404856076053367, 44.503581155226414], [11.404479016660668, 44.50358909832005], [11.404467918499032, 44.503319255132745], [11.40409086068704, 44.50332719690841], [11.404079764417226, 44.503057353631796], [11.404833876413141, 44.50304146898545], [11.404800578119739, 44.502231939511574], [11.405177628675725, 44.50222399554595], [11.405166527819615, 44.50195415243233], [11.404789478999778, 44.50196209632363], [11.404767281226595, 44.50142240990275], [11.403259098280625, 44.50145417243752], [11.403270190144998, 44.50172401595267], [11.40289314228363, 44.50173195355169], [11.402904232567346, 44.50200179712613], [11.402527182814381, 44.50200973355582], [11.402538271517393, 44.50227957718953], [11.401030064006731, 44.50231131076924], [11.401018982248408, 44.50204146683859], [11.400641931718505, 44.502049397050264], [11.400608692583948, 44.50123986494575], [11.400231647107129, 44.501247793691235], [11.40020949193277, 44.50070810539825], [11.400586533937446, 44.50070017680115], [11.400575454847148, 44.50043033270637], [11.40095249496049, 44.50042240293993], [11.400941414289484, 44.50015255890438], [11.401318452511497, 44.5001446279686], [11.401307370259829, 44.499874783992276], [11.401684406590519, 44.499866851887205], [11.401673322758239, 44.49959700797011], [11.402427391481591, 44.499581140177916], [11.402438478785774, 44.49985098394653], [11.40281551465029, 44.499843048110925], [11.402804425610162, 44.49957320441658], [11.403558493400968, 44.4995573291634], [11.403547401044442, 44.4992874856026], [11.403924432970717, 44.49927954618508], [11.40391333903378, 44.49900970268358], [11.40579848765265, 44.498969987315355], [11.405809590268996, 44.4992398304452], [11.40656365209908, 44.499223935444924], [11.40657475834285, 44.499493778411036], [11.40619772576974, 44.49950172660729], [11.406219935252453, 44.5000414126433], [11.406596971297432, 44.50003346429829], [11.406608078008247, 44.50030330721942], [11.408870301423638, 44.500255590589305], [11.408881418706047, 44.50052543304894], [11.409258457132644, 44.500517475850494], [11.409247338114266, 44.50024763346533], [11.409624374649033, 44.500239675097845], [11.409579893190411, 44.49916030570505], [11.41033395190502, 44.49914438583545], [11.410322828458355, 44.4988745435987], [11.412962016895909, 44.49881878540801], [11.412950881454487, 44.49854894367803], [11.413704930417774, 44.49853300172463], [11.413682653060135, 44.497993318517985], [11.414059673836073, 44.49798534582536], [11.414015114051558, 44.496905979530375], [11.41250705778216, 44.49693786164711], [11.41251819055146, 44.49720770354171], [11.411764158009076, 44.49722363728905], [11.411775287463051, 44.49749347931773], [11.411398269222161, 44.49750144440088], [11.411387141503875, 44.49723160229765], [11.4110101248427, 44.4972395660629], [11.410954497268916, 44.495890354949125], [11.410577489129901, 44.49589831709846], [11.41056636581851, 44.49562847475618], [11.410189359259135, 44.495636435587706], [11.410178237839183, 44.49536659315594], [11.40942422772386, 44.4953825109401], [11.409413109930805, 44.495112668344376], [11.409036106374892, 44.495120625297055], [11.409024990473153, 44.494850782611884], [11.40940199229358, 44.49484282573366], [11.409368640316865, 44.49403329781149], [11.408991643702752, 44.494041254466346], [11.40895829833452, 44.49323172618582], [11.408581306770714, 44.49323968137411], [11.40857019369487, 44.492969838509495], [11.407816213570635, 44.49298574500759], [11.407827323175834, 44.49325558802105], [11.407450331144807, 44.493263539479706], [11.40746143917037, 44.493533382552584], [11.406707451170558, 44.493549281889045], [11.4067296607472, 44.49408896828736], [11.407106658295726, 44.49408101909198], [11.40711776505295, 44.49435086219424], [11.407494764181232, 44.49434291168121], [11.407528090593411, 44.49515244067487], [11.407905094772406, 44.49514448869536], [11.407938427792612, 44.495954017330796], [11.409823472384158, 44.49591423766716], [11.409856832840198, 44.49672376505088], [11.409479819026703, 44.49673172369368], [11.40946870045445, 44.49646188117296], [11.407960650584789, 44.496493703012774], [11.40794953911083, 44.4962238601793], [11.407572527989602, 44.49623181245646], [11.407583637727944, 44.49650165536434], [11.406452598223167, 44.49652550495897], [11.406441493691698, 44.496255661827895], [11.405687470048148, 44.49627155519215], [11.405676369143537, 44.496001711897364], [11.404922348348814, 44.49601760013956], [11.40491125107097, 44.495747756681105], [11.403780223919119, 44.49577157949643], [11.40379131599018, 44.49604142317781], [11.402283270668796, 44.49607316982201], [11.402272185540149, 44.49580332584357], [11.401895175556906, 44.49581125932202], [11.401884092319218, 44.49554141525434], [11.401507083916213, 44.49554934741523], [11.401484921377982, 44.49500965908647], [11.401861926309884, 44.49500172707403], [11.401828678460953, 44.49419219469116], [11.40107467885478, 44.494208057027414], [11.401085757844815, 44.49447790131847], [11.400708756073316, 44.494485830695886], [11.400741988768612, 44.49529536370171], [11.400364981635278, 44.495303292058416], [11.400376057775349, 44.49557313643791], [11.39999904875119, 44.49558106362548], [11.400010123310915, 44.49585090806416], [11.398879090100369, 44.49587468238935], [11.398834813619635, 44.49479530365483], [11.398457809181396, 44.49480322564666], [11.398446742184596, 44.49453338085144], [11.39769273631381, 44.49454922095699], [11.397681672943113, 44.49427937599857], [11.397304671510595, 44.494287294112304], [11.39729361003044, 44.49401744906482], [11.396916610178351, 44.49402536586118], [11.396894491154034, 44.49348567557309], [11.396140497926597, 44.49350150513975], [11.396129442117767, 44.493231659825106], [11.395752447007, 44.49323957266951], [11.395785609692082, 44.49404910879063], [11.394654607811313, 44.49407284053058], [11.394665657143099, 44.4943426860964], [11.393911651643869, 44.49435850118796], [11.393889560077094, 44.49381880974535], [11.393135560900506, 44.49383461956783], [11.393124518820251, 44.49356477367613], [11.390485528976388, 44.493620068374106], [11.39049655890841, 44.49388991478325], [11.390119558005223, 44.49389780912661], [11.390163672337218, 44.49497719490896], [11.390917687873246, 44.49496140438794], [11.390928720313894, 44.495231250648345], [11.39168273870255, 44.49521545500619], [11.391715847366156, 44.49602499325417], [11.391338833042257, 44.49603289191867], [11.391349867837164, 44.4963027380453], [11.389841802052336, 44.496334320565026], [11.389852830059063, 44.49660416697224], [11.389098792767646, 44.49661995091944], [11.389164943224584, 44.49823902993464], [11.38954197236242, 44.49823113813966], [11.38956402722289, 44.49877083087731], [11.389941059677955, 44.49876293769113], [11.389952089075994, 44.49903278396365], [11.393345389834995, 44.49896168866557], [11.393334344813626, 44.49869184305834], [11.393711375721596, 44.49868393743724], [11.393678236378799, 44.497874400747634], [11.39405526192434, 44.497866494105025], [11.394011071358525, 44.49678711193852], [11.394765108098822, 44.496771295514996], [11.394776158979468, 44.49704114093108], [11.396284237544009, 44.4970094928671], [11.396295295522565, 44.49727933797207], [11.396672316512012, 44.49727142277349], [11.396716556919493, 44.49835080274727], [11.39633952898682, 44.49835871824212], [11.396350587740404, 44.49862856327219], [11.395973557916848, 44.49863647759763], [11.395984615089551, 44.49890632268677], [11.39560758337511, 44.4989142358428], [11.395618638966882, 44.499184080991014], [11.394864571601273, 44.49919990372064], [11.394875623876116, 44.49946974900194], [11.394498588224963, 44.499477658575515], [11.394509638918755, 44.49974750391587], [11.39601778753762, 44.499715857864366], [11.396006729899934, 44.499446012820144], [11.39713783452878, 44.49942226544675], [11.397104646922449, 44.498612730890876], [11.397481676280892, 44.49860481283502], [11.397470612319713, 44.4983349680272], [11.39784763978721, 44.49832704880197], [11.397869771336396, 44.49886673825442], [11.398246802120521, 44.498858817637505], [11.398280005815444, 44.499668351481496], [11.397902969823528, 44.49967627232076], [11.397925102923885, 44.50021596162342], [11.397548063304862, 44.50022388136739], [11.39757019355364, 44.500763570758345], [11.397193150307427, 44.500771489406965], [11.397215277704447, 44.501311178886205], [11.39683823083096, 44.50131909643944], [11.39684929302597, 44.50158894123068], [11.396472244261286, 44.501596857614416], [11.396494365644166, 44.502136547300104], [11.396117313252091, 44.502144462588355], [11.39612837243989, 44.50241430748281], [11.39575131815658, 44.5024222216015], [11.39576237576317, 44.502692066555035], [11.395008263259086, 44.502707891209575], [11.39501931754815, 44.50297773629621], [11.393888142421105, 44.503001464172655], [11.393899191656239, 44.50327130946634], [11.392768009926312, 44.50329502637169], [11.392779054107352, 44.50356487187235], [11.391647865775079, 44.50358857780636], [11.391658904901854, 44.50385842351387], [11.390150644680366, 44.503890014309675], [11.390161677016314, 44.50415986029783], [11.389030475017075, 44.50418354055725], [11.389041502298392, 44.504453386752026], [11.387910293698624, 44.50447705603932], [11.387899271626612, 44.50420720962306], [11.388276339577972, 44.50419932117819], [11.388254292424659, 44.50365962844841], [11.388631356748691, 44.50365173890747], [11.388598281968653, 44.50284219992205], [11.388975340929127, 44.5028343093589], [11.388964314575249, 44.50256446307434], [11.389341371644873, 44.50255657134136], [11.389330343709302, 44.502286725115674], [11.38970739888808, 44.5022788322129], [11.389674310800242, 44.50146929366764], [11.389297260830089, 44.50147718634885], [11.389286233512845, 44.501207340063296], [11.388909185124277, 44.501215231427054], [11.38889815969775, 44.500945385052695], [11.388144065929266, 44.50096116390172], [11.388155087883511, 44.50123101042373], [11.387023940863653, 44.501254669591674], [11.387045974818543, 44.50179436303359], [11.38666892203065, 44.501802247083226], [11.38667993750352, 44.50207209385551], [11.387056992027638, 44.50206420973209], [11.387068009391172, 44.50233405641564], [11.386313896716015, 44.50234982356637], [11.386324910761434, 44.5026196703825], [11.385193735381968, 44.502643312002355], [11.38522676281762, 44.50345285302469], [11.38484969884011, 44.50346073129845], [11.384860706557598, 44.5037305783497], [11.38259830903461, 44.503777822316316], [11.382664296066816, 44.50539690696233], [11.383795526779076, 44.5053732892498], [11.38380653036709, 44.50564313641748], [11.384937764900778, 44.50561950728966], [11.3849487738528, 44.505889354221246], [11.38570293291016, 44.50587359510286], [11.385713945489718, 44.50614344187204], [11.387599349114053, 44.50610402194045], [11.387610370531084, 44.506373868325795], [11.388364534372696, 44.50635809149877], [11.388375559417497, 44.5066279377215], [11.389129726114152, 44.506612155771485], [11.389140754786812, 44.50688200183157], [11.389517839639897, 44.50687410891695], [11.389528870203835, 44.50714395488822], [11.390660129045207, 44.50712026845962], [11.390649093271266, 44.50685042271], [11.391403261585367, 44.506834625686146], [11.391392222492856, 44.506564780069375], [11.391769304681157, 44.506556879765604], [11.39174722348719, 44.50601718863502], [11.392124302047531, 44.506009287235294], [11.392113259946145, 44.50573944172149], [11.393244489488657, 44.505715730281395], [11.393266584265607, 44.506255420850295], [11.392889504433144, 44.50626332605538], [11.392900550317323, 44.50653317139135], [11.392523468593415, 44.50654107542659], [11.392534512895816, 44.506810920821536], [11.392157429280461, 44.50681882368692], [11.392168472001034, 44.50708866914084], [11.393676812480006, 44.507057049920455], [11.393687862302071, 44.50732689506355], [11.39444203508558, 44.50731107784226], [11.394430981790185, 44.50704123284719], [11.395562234593276, 44.50701749790847], [11.395551176242932, 44.50674765312053], [11.3970595041968, 44.50671598941814], [11.397048439055075, 44.50644614491151], [11.397425518919219, 44.506438225950454], [11.397436585797537, 44.50670807038299], [11.397813667243133, 44.50670015010402], [11.397802598628225, 44.506430305745596], [11.398933836824169, 44.506406537668184], [11.398955984628735, 44.50694622592521], [11.400464313942622, 44.50691451714867], [11.400475395024266, 44.507184360958014], [11.400852478701072, 44.50717643058011], [11.400863561674694, 44.507446274300236], [11.401240646932777, 44.50743834260429], [11.401251731798432, 44.50770818623521], [11.400874644803686, 44.50771611800537], [11.40090789512289, 44.508525649030894], [11.401284987327774, 44.50851771703806], [11.401307158457675, 44.50905740416503], [11.401684253980697, 44.50904947077982], [11.401695341515564, 44.50931931424659], [11.402449535568897, 44.50930344359597], [11.402493901157646, 44.5103828167191], [11.40211679726126, 44.5103907529634], [11.402127887310252, 44.510660596280985], [11.40175078152147, 44.51066853135558], [11.401828404058607, 44.51255743467867], [11.401074167696347, 44.51257330213525], [11.401085253777817, 44.51284314555562], [11.40070813362642, 44.512851077492044], [11.400741387591834, 44.513660607885974], [11.400364262073502, 44.51366853880096], [11.400375345302216, 44.51393838230983], [11.399621090324976, 44.51395424055584], [11.39963217023456, 44.51422408419813], [11.398877911161462, 44.514239937615976], [11.398844682322133, 44.51343040619912], [11.39809043305134, 44.513446254195514], [11.398101505701396, 44.51371609816442], [11.397347252335233, 44.513731941332615], [11.39736939115201, 44.51427162952198], [11.397746521387221, 44.5142637084117], [11.39775759276569, 44.51453355240979], [11.397380460793183, 44.514541473594186], [11.397391530589548, 44.51481131765142], [11.39663726270433, 44.51482715643595], [11.396648329181192, 44.51509700062642], [11.395894057200673, 44.51511283458243], [11.395905120357924, 44.51538267890607], [11.395527982397617, 44.51539059409187], [11.395539043972562, 44.5156604384746], [11.395161904119767, 44.51566835249025], [11.395172964112358, 44.51593819693205], [11.394795822367067, 44.51594610977753], [11.394806880777258, 44.516215954278415], [11.39405259334666, 44.51623177638475], [11.39406364843691, 44.51650162101871], [11.393686502751619, 44.51650953027953], [11.393697556259342, 44.51677937497252], [11.392943260948838, 44.51679518990938], [11.392954311136437, 44.517065034735396], [11.392200011731138, 44.51708084484312], [11.392211058598512, 44.5173506898021], [11.391833906925957, 44.51735859306349], [11.391844952210603, 44.51762843808146], [11.391467798645586, 44.51763634017251], [11.391478842347459, 44.51790618524944], [11.390724531277677, 44.517921985846456], [11.390735571659066, 44.51819183105628], [11.38884978258792, 44.51823131114259], [11.388860814435633, 44.51850115670687], [11.389237974296995, 44.51849326310441], [11.389249008037101, 44.51876310857986], [11.389626169481486, 44.51875521365918], [11.389637205114036, 44.519025059045795], [11.390014368141443, 44.51901716280686], [11.390025405666481, 44.519287008104605], [11.390402570276903, 44.519279110547416], [11.390413609694482, 44.5195489557563], [11.390790775887911, 44.5195410568808], [11.390768693731983, 44.519001366595894], [11.3922773430553, 44.51896975924153], [11.392266295258615, 44.51869991437239], [11.392643455464544, 44.51869200949686], [11.392632406085053, 44.51842216468671], [11.393009564398369, 44.51841425864081], [11.392998513436115, 44.51814441388969], [11.393752826122576, 44.51812859821286], [11.393763880560165, 44.51839844281601], [11.394141038408593, 44.5183905330371], [11.394163151224134, 44.518930222050436], [11.393785989900303, 44.51893813197737], [11.393808099860411, 44.51947782107884], [11.393430934906084, 44.519485729909434], [11.393453042010577, 44.52002541909901], [11.393075873425671, 44.520033326833214], [11.393097977674374, 44.520573016110895], [11.392720805458804, 44.52058092274866], [11.392731856077702, 44.52085076743903], [11.392354681969305, 44.520858672906336], [11.392376780196056, 44.521398362390094], [11.391999602456881, 44.52140626676089], [11.392032745744922, 44.52221580109614], [11.392409928698077, 44.52220789650345], [11.39239887904248, 44.52193805181397], [11.393153241007964, 44.52192223904306], [11.393142188031312, 44.52165239448658], [11.393519367043622, 44.52164448630838], [11.393508312483977, 44.52137464181092], [11.393885489603335, 44.521366732462276], [11.393874433460748, 44.52109688802385], [11.394628783758531, 44.52108106574122], [11.394639843376977, 44.52135091003158], [11.395017020031213, 44.521342996949535], [11.39500595867484, 44.521073152733216], [11.395383133436065, 44.52106523848079], [11.395338882609952, 44.519985861761946], [11.396093217764173, 44.519970030116326], [11.396082151969804, 44.51970018604731], [11.396836483027847, 44.5196843495723], [11.396825413913087, 44.51941450563649], [11.397202577471564, 44.51940658560652], [11.397191506774254, 44.519136741729845], [11.397568668439778, 44.51912882052963], [11.397557596159968, 44.518858976712096], [11.397180436232158, 44.5188668978382], [11.397169365845272, 44.518597053931565], [11.39603789034376, 44.51862080962148], [11.396026825325091, 44.51835096547759], [11.39564966825196, 44.51835888147815], [11.395638605126077, 44.518089037245204], [11.395261449635491, 44.51809695192736], [11.395250388402342, 44.51782710760537], [11.394496080431217, 44.51784293308868], [11.394485022828366, 44.517573088603626], [11.394862175153845, 44.51756517655816], [11.394851115968436, 44.517295332132164], [11.39560541667905, 44.517279504456454], [11.395594354173573, 44.5170096601636], [11.397480094547733, 44.51697006956992], [11.39746902350973, 44.51670022563254], [11.397846169381493, 44.51669230385514], [11.397835096761211, 44.51642245997691], [11.399720815103544, 44.51638283279699], [11.399731896411247, 44.51665267630441], [11.400109041351215, 44.516644747061534], [11.400120124551778, 44.51691459047978], [11.401628709707547, 44.51688286076895], [11.40159543972237, 44.51607333135999], [11.401972580410273, 44.516065396044425], [11.401950397722738, 44.51552570984534], [11.40232753478034, 44.51551777343409], [11.40231644193245, 44.51524793038633], [11.403447846959976, 44.51522411391033], [11.403436749055603, 44.514954271070444], [11.40419101482139, 44.51493838734756], [11.404179913597998, 44.5146685446413], [11.404934175266648, 44.51465265609046], [11.40484534328707, 44.512493915090054], [11.404468226428069, 44.51250185939282], [11.404457124868198, 44.51223201662595], [11.404834239990123, 44.512224072397515], [11.404800931033213, 44.51141454422997], [11.405178040788403, 44.51140659898056], [11.405166936377093, 44.5111367563024], [11.406298259497596, 44.51111291331325], [11.406287150031112, 44.51084307084321], [11.406664255689545, 44.51083512076657], [11.406653144641886, 44.51056527835593], [11.40703024840764, 44.510557327109716], [11.407008023305847, 44.510017642392235], [11.40851642291576, 44.5099858255633], [11.408505303651191, 44.50971598347979], [11.408882401427201, 44.50970802623718], [11.408871280581707, 44.509438184213124], [11.410002567763831, 44.50941430524526], [11.409991441863907, 44.50914446342964], [11.4103685355426, 44.50913650136037], [11.410379663179295, 44.509406343101496], [11.411510948489617, 44.5093824492068], [11.411522081492677, 44.509652290709326], [11.412276274392822, 44.5096363550776], [11.412220593570837, 44.50828714816049], [11.411843505882478, 44.508295116225504], [11.411821238119744, 44.50775543320449], [11.411444153748603, 44.50776339987654], [11.411433021837968, 44.50749355826899], [11.410678856100791, 44.50750948773256], [11.410645471724592, 44.50669996237267], [11.411776704467178, 44.506676066982386], [11.411787837646214, 44.506945908560425], [11.412164916651514, 44.50693794086821], [11.412176051723183, 44.50720778235667], [11.413684373129433, 44.50717589885159], [11.413673231111542, 44.506906057661475], [11.41442738740451, 44.5068901085954], [11.414438532895499, 44.50715994963627], [11.414815612544182, 44.50715197316293], [11.414826759927982, 44.50742181411416], [11.415580922229653, 44.507405857286784], [11.415592073242902, 44.5076756980737], [11.418608730087564, 44.50761182041456], [11.41859756518171, 44.50734198022538], [11.418974644846669, 44.50733398999563], [11.418963478360787, 44.507064149866196], [11.419340556132674, 44.50705615846744], [11.419351724355094, 44.5073259985221], [11.41972880370696, 44.5073180058048], [11.419751144094622, 44.50785768571947], [11.420505309274843, 44.507841696254246], [11.420516483176764, 44.508111536039436], [11.422401902068687, 44.508071540235576], [11.42241308481034, 44.50834137963149], [11.423921424048727, 44.508309360300196], [11.423932613893667, 44.50857919938147], [11.424309700047795, 44.508571191364176], [11.42429850846623, 44.50830135235783], [11.424675592726846, 44.50829334317165], [11.42466439956557, 44.50802350422524], [11.426172728092322, 44.507991455342285], [11.426161528141689, 44.507721616680726], [11.426538608144368, 44.50771360142549], [11.426516205241064, 44.50717392420727], [11.426893281613673, 44.50716590785829], [11.42688207866107, 44.50689606930164], [11.427259153140154, 44.50688805178392], [11.427247948608137, 44.50661821328727], [11.42687087586551, 44.506626230729964], [11.426826066253655, 44.50554687629291], [11.426449000299584, 44.505554892191846], [11.426460200730634, 44.50582473089865], [11.425706064878769, 44.505840759115436], [11.42569486792045, 44.505570920258634], [11.42494073491349, 44.50558694335066], [11.424873577295026, 44.50396790899461], [11.425250633459244, 44.5039598985202], [11.425239439335769, 44.503690059483205], [11.424862384907755, 44.503698069882674], [11.424840000603877, 44.50315839161368], [11.42521705155956, 44.50315038136415], [11.425172277890022, 44.50207102494565], [11.424795233878715, 44.50207903489539], [11.424784042589614, 44.50180919567823], [11.42516108486489, 44.501801185803444]], [[11.424963122041548, 44.5061266213491], [11.42458605182992, 44.506134631179464], [11.424563668174635, 44.50559495303113], [11.42494073491349, 44.50558694335066], [11.424963122041548, 44.5061266213491]], [[11.392976411976417, 44.517604724342476], [11.3929874626288, 44.51787456912356], [11.392233152797898, 44.517890379675144], [11.392222105620764, 44.5176205347461], [11.392976411976417, 44.517604724342476]], [[11.414315941087317, 44.504191697360966], [11.414304797314811, 44.50392185615495], [11.415058914782076, 44.50390590375584], [11.415025473984441, 44.50309638049559], [11.414648420537603, 44.50310435709305], [11.414637275653739, 44.50283451590163], [11.414260223786856, 44.50284249118084], [11.414249080795374, 44.502572649899804], [11.414626130926102, 44.50256467469521], [11.414603841939481, 44.502024992237324], [11.4164890728882, 44.501985098307124], [11.416567147841313, 44.50387398403382], [11.416944205715293, 44.5038660009942], [11.416966517724463, 44.504405682345876], [11.417343578914606, 44.504397697913184], [11.417365895021954, 44.504937379055356], [11.416988830359172, 44.50494536363748], [11.41699998691111, 44.50521520426076], [11.416622920355579, 44.50522318767389], [11.41663407532753, 44.50549302835687], [11.416257006879242, 44.50550101060097], [11.416268160271153, 44.50577085134362], [11.415136948779065, 44.5057947908377], [11.415148097118006, 44.50606463178934], [11.414771024571612, 44.506072609207884], [11.414782171330366, 44.506342450219165], [11.414028022295888, 44.50635840147427], [11.41401687901008, 44.506088560313735], [11.413639805994995, 44.50609653400104], [11.41360638228409, 44.505287010205514], [11.413229314322113, 44.50529498242527], [11.413207036101795, 44.50475529967068], [11.41358410059103, 44.50474732760013], [11.413572959978756, 44.50447748627491], [11.413950022575493, 44.50446951303528], [11.413938880383078, 44.50419967176966], [11.414315941087317, 44.504191697360966]], [[11.417232007762005, 44.501699291301335], [11.417243164173499, 44.50196913203009], [11.41686611860903, 44.501977115790396], [11.416854963933602, 44.501707274986934], [11.417232007762005, 44.501699291301335]]]}}, {"type": "Feature", "properties": {"threshold": "ge_3", "source": "HistorySUHI", "period": "2013-2025", "hotspot_percentile": "top_10_pct", "label": ">= 3 estati"}, "geometry": {"type": "Polygon", "coordinates": [[[11.419030479624174, 44.508683190417536], [11.419041647049312, 44.50895303045686], [11.41791037632563, 44.508976998760346], [11.41792153869718, 44.50924683900893], [11.416790261355029, 44.509270796341845], [11.416812576147038, 44.50981047724232], [11.416058383523133, 44.50982644287699], [11.416069537680158, 44.51009628345411], [11.4149382423612, 44.51012022280086], [11.414949391464102, 44.51039006358697], [11.415326491796916, 44.510382084973976], [11.415337642792972, 44.51065192567041], [11.416091846463317, 44.51063596456328], [11.416103001089455, 44.510905805095355], [11.416857207608048, 44.51088983886307], [11.416868365864358, 44.51115967923073], [11.417622575231038, 44.51114370787321], [11.417633737117605, 44.5114135480764], [11.418010843303154, 44.51140556045696], [11.418022007083135, 44.511675400570375], [11.419153329911468, 44.51165143002399], [11.419175668362753, 44.5121911097572], [11.419552779133, 44.51218311693753], [11.41950809590899, 44.511103757710224], [11.419885199574885, 44.511095763945775], [11.419874027423507, 44.510825924176196], [11.420251129195911, 44.51081792924262], [11.420239955464305, 44.510548089532826], [11.421371254631028, 44.51052409749297], [11.421337718744903, 44.509714578946976], [11.421714812943385, 44.509706579337085], [11.421670093675601, 44.50862722136483], [11.419030479624174, 44.508683190417536]]]}}, {"type": "Feature", "properties": {"threshold": "ge_3", "source": "HistorySUHI", "period": "2013-2025", "hotspot_percentile": "top_10_pct", "label": ">= 3 estati"}, "geometry": {"type": "Polygon", "coordinates": [[[11.423312689807494, 44.511833281285675], [11.423323878217998, 44.51210312032143], [11.423700987264219, 44.51209511381789], [11.423712177568541, 44.512364952763676], [11.425220619132283, 44.51233291400998], [11.42520942188011, 44.512063075363976], [11.425586530141711, 44.51205506264056], [11.42556413263444, 44.51151538545341], [11.425941237265212, 44.51150737163599], [11.425907636971163, 44.51069785596749], [11.425530537550959, 44.51070586955995], [11.425519339503767, 44.510436030898724], [11.422879651325895, 44.51049209069165], [11.422935582341369, 44.51184128647033], [11.423312689807494, 44.511833281285675]]]}}, {"type": "Feature", "properties": {"threshold": "ge_3", "source": "HistorySUHI", "period": "2013-2025", "hotspot_percentile": "top_10_pct", "label": ">= 3 estati"}, "geometry": {"type": "Polygon", "coordinates": [[[11.421837803860504, 44.51267481252125], [11.421083577095326, 44.51269081214391], [11.421072398793134, 44.51242097268893], [11.420695286912482, 44.512428970559405], [11.420684110503986, 44.51215913101459], [11.420307000203637, 44.51216712756623], [11.420340524688132, 44.512976646380125], [11.42184898579347, 44.51294465181147], [11.421837803860504, 44.51267481252125]]]}}, {"type": "Feature", "properties": {"threshold": "ge_3", "source": "HistorySUHI", "period": "2013-2025", "hotspot_percentile": "top_10_pct", "label": ">= 3 estati"}, "geometry": {"type": "Polygon", "coordinates": [[[11.418510778627835, 44.5143658111929], [11.418133653491182, 44.51437380087864], [11.41815598465109, 44.514913480760065], [11.41928737001462, 44.514889507521936], [11.419253857874775, 44.514079988350225], [11.418499611545505, 44.514095971304414], [11.418510778627835, 44.5143658111929]]]}}, {"type": "Feature", "properties": {"threshold": "ge_3", "source": "HistorySUHI", "period": "2013-2025", "hotspot_percentile": "top_10_pct", "label": ">= 3 estati"}, "geometry": {"type": "Polygon", "coordinates": [[[11.42127363221142, 44.51727808057975], [11.42089648906083, 44.51728607979742], [11.420907668446763, 44.51755591905681], [11.421284813334804, 44.51754791976429], [11.42127363221142, 44.51727808057975]]]}}, {"type": "Feature", "properties": {"threshold": "ge_3", "source": "HistorySUHI", "period": "2013-2025", "hotspot_percentile": "top_10_pct", "label": ">= 3 estati"}, "geometry": {"type": "Polygon", "coordinates": [[[11.4250562535895, 44.51746785840707], [11.424679110270134, 44.51747587014176], [11.42469030718742, 44.51774570863709], [11.425067452244233, 44.51773769682744], [11.4250562535895, 44.51746785840707]]]}}, {"type": "Feature", "properties": {"threshold": "ge_3", "source": "HistorySUHI", "period": "2013-2025", "hotspot_percentile": "top_10_pct", "label": ">= 3 estati"}, "geometry": {"type": "Polygon", "coordinates": [[[11.422804579549153, 44.51778574902199], [11.421673141083701, 44.51780975832219], [11.421684324258099, 44.51807959740182], [11.42281576793602, 44.518055587876944], [11.422804579549153, 44.51778574902199]]]}}, {"type": "Feature", "properties": {"threshold": "ge_3", "source": "HistorySUHI", "period": "2013-2025", "hotspot_percentile": "top_10_pct", "label": ">= 3 estati"}, "geometry": {"type": "Polygon", "coordinates": [[[11.421717874722033, 44.518889114550554], [11.422095027984117, 44.518881112395206], [11.422072657376264, 44.51834143446084], [11.421318357645516, 44.51835743722776], [11.42130717605185, 44.5180875980883], [11.420930027688836, 44.51809559753052], [11.420974748053876, 44.51917495429767], [11.41984328117373, 44.519198946056825], [11.419787407172565, 44.517849748937884], [11.41941025992025, 44.51785774332831], [11.419432605575663, 44.518397422370555], [11.419055454691662, 44.51840541566634], [11.419066626016775, 44.51867525523972], [11.41868947323859, 44.51868324736601], [11.418734153154805, 44.51976260580852], [11.418356993269516, 44.51977059698963], [11.418390499637932, 44.52058011588814], [11.418767664736352, 44.5205721244827], [11.418756494052555, 44.52030228493966], [11.419887983194828, 44.52027830348158], [11.419876807454528, 44.52000846414792], [11.42100828997352, 44.51998447171527], [11.420997109176884, 44.51971463259108], [11.421374267965396, 44.51970663269973], [11.42136308558787, 44.51943679363538], [11.421740242481963, 44.51942879257459], [11.421717874722033, 44.518889114550554]]]}}, {"type": "Feature", "properties": {"threshold": "ge_3", "source": "HistorySUHI", "period": "2013-2025", "hotspot_percentile": "top_10_pct", "label": ">= 3 estati"}, "geometry": {"type": "Polygon", "coordinates": [[[11.419644920555719, 44.52352437027525], [11.419656096595144, 44.523794209488436], [11.420033282078267, 44.52378621345213], [11.42002210430082, 44.52351637431376], [11.419644920555719, 44.52352437027525]]]}}, {"type": "Feature", "properties": {"threshold": "ge_3", "source": "HistorySUHI", "period": "2013-2025", "hotspot_percentile": "top_10_pct", "label": ">= 3 estati"}, "geometry": {"type": "Polygon", "coordinates": [[[11.411649236968268, 44.540168203228085], [11.411684813488371, 44.54102950917292], [11.412117273911273, 44.5408927221566], [11.412644423561138, 44.540722912081954], [11.413153696057101, 44.54055797876264], [11.41375485495403, 44.540370835513585], [11.4142540823898, 44.54021061094512], [11.414797801693505, 44.54004212392154], [11.41489955556813, 44.540010713083696], [11.414831560376733, 44.539869236618514], [11.414582120066624, 44.539467230484526], [11.414582079362132, 44.53946715932542], [11.414476533336867, 44.539298207820615], [11.414256815184501, 44.53930285530061], [11.414245658039901, 44.539033015747556], [11.413868372525801, 44.5390409948072], [11.413890683492538, 44.5395806740476], [11.413513394343074, 44.53958865201137], [11.413524548321597, 44.539858491683695], [11.413147257276213, 44.53986646847692], [11.413158409671624, 44.54013630820889], [11.412781116730317, 44.540144283831516], [11.412792267542565, 44.54041412362311], [11.41241497270533, 44.54042209807513], [11.412403823632639, 44.540152258208934], [11.411649236968268, 44.540168203228085]]]}}, {"type": "Feature", "properties": {"threshold": "ge_3", "source": "HistorySUHI", "period": "2013-2025", "hotspot_percentile": "top_10_pct", "label": ">= 3 estati"}, "geometry": {"type": "Polygon", "coordinates": [[[11.419480075174373, 44.52865930889559], [11.419468898052438, 44.52838946987797], [11.419846113242349, 44.52838147381432], [11.419857292102746, 44.52865131275711], [11.420436635969711, 44.5286390291134], [11.420490010265615, 44.52863091288248], [11.420541737762527, 44.52862644004416], [11.420580346020746, 44.528616969902984], [11.420610573076951, 44.52860750771947], [11.42058236842712, 44.52792689725324], [11.42056252863997, 44.52791369189237], [11.420543765746677, 44.52789944264939], [11.420510966755044, 44.52787476902582], [11.420481880611344, 44.527851925199116], [11.420463415799658, 44.52783757959668], [11.420456277217268, 44.52782838513004], [11.420200967548114, 44.52783379872497], [11.42012270994006, 44.525944926018276], [11.421072502466766, 44.52592478411239], [11.421077172975037, 44.52591978950281], [11.421114231545001, 44.52587965340599], [11.421269566897681, 44.52573195793002], [11.421340804089528, 44.525653565199704], [11.421389741221146, 44.525601572772146], [11.421429672500787, 44.52551568776996], [11.421434809365268, 44.525504514685785], [11.421528868131533, 44.525307281390226], [11.421550405087144, 44.52525731956366], [11.421550897469695, 44.525256750961006], [11.421581286752447, 44.525186282611386], [11.421593020539486, 44.525153624558605], [11.42159514420301, 44.525119549923325], [11.421598185157716, 44.52488659882573], [11.421577093435292, 44.52481493596722], [11.421524424636639, 44.52465544805748], [11.42144527136444, 44.52452794979758], [11.421383504099843, 44.52442825161228], [11.421334420162797, 44.52433701681033], [11.421324601939524, 44.52431994920995], [11.421308237637872, 44.52429189332988], [11.421306882838932, 44.52428896023352], [11.421285200864512, 44.524248584645996], [11.421282867740894, 44.52423722792236], [11.421282757837606, 44.5242370051902], [11.42128277403643, 44.52423678878572], [11.421280470906016, 44.52422554845878], [11.421287673296181, 44.52414428283007], [11.421293727200643, 44.52408995914576], [11.421303815066413, 44.524029345519], [11.42079883398457, 44.52404005661969], [11.420810015551591, 44.524309895578334], [11.420432826905836, 44.52431789425333], [11.420410467404666, 44.52377821617132], [11.420033282078267, 44.52378621345213], [11.42006681635095, 44.52459573077711], [11.419312434799592, 44.524611722054125], [11.419334784812506, 44.52515140049493], [11.418957590325526, 44.525159394416235], [11.41889055259545, 44.52354035846478], [11.41926773665392, 44.523532364992256], [11.419256562509185, 44.52326252568923], [11.421519653141118, 44.523214539168976], [11.421552904117009, 44.52401674048565], [11.421583513720883, 44.52401080127553], [11.421832738574015, 44.523933394509605], [11.421925666835365, 44.52390202052024], [11.421874462213589, 44.52266685945665], [11.421120106561997, 44.52268286213072], [11.421131289083116, 44.522952701089636], [11.420376929328508, 44.52296869893564], [11.420365750283269, 44.52269885982704], [11.41998857190879, 44.52270685680852], [11.419977394758206, 44.52243701761006], [11.418468686645117, 44.5224689927923], [11.418479856843996, 44.52273883228996], [11.418102677686202, 44.52274682304919], [11.418091509225253, 44.52247698347676], [11.41733715391579, 44.522492961112334], [11.417325989087256, 44.52222312137538], [11.41694881293562, 44.522231108251766], [11.416904162138232, 44.521151748854834], [11.417281331338447, 44.521143762277376], [11.417236676094046, 44.520064402939106], [11.416482351439194, 44.52008037425182], [11.416448872075355, 44.51927085414211], [11.416071714726254, 44.51927883770782], [11.416038241983356, 44.518469317238846], [11.415661089690644, 44.51847729933618], [11.415605313601855, 44.517128097880835], [11.41522816984031, 44.51713607836051], [11.41521701682917, 44.51686623794971], [11.414839874648704, 44.5168742171105], [11.414828723531343, 44.51660437661004], [11.414451582931964, 44.516612354451965], [11.414395838376867, 44.51526315135121], [11.414018706307935, 44.515271127575744], [11.414007559603096, 44.51500128683592], [11.414384689934751, 44.51499331068603], [11.414373541648926, 44.514723470005826], [11.414750670087033, 44.514715492686456], [11.414739520220275, 44.51444565206588], [11.415116646764842, 44.51443767357704], [11.415105495317196, 44.51416783301613], [11.415859744462898, 44.51415187245548], [11.415815126338549, 44.51307251065906], [11.416192243728311, 44.51306452881134], [11.416181087851092, 44.512794688399396], [11.415426856389338, 44.512810650701404], [11.41541570414261, 44.51254081012507], [11.414661475529583, 44.512556767301604], [11.414672624302202, 44.512826608027254], [11.413918391589878, 44.512842560376974], [11.413907246291373, 44.51257271950205], [11.412398785940198, 44.5126046089746], [11.41238764774611, 44.51233476778628], [11.409747848280153, 44.51239052594615], [11.409758974314844, 44.51266036765621], [11.40900474101771, 44.51267628751174], [11.409015863734195, 44.51294612935578], [11.408261626339145, 44.512962044384054], [11.408272745737317, 44.513231886362014], [11.407895625068827, 44.513239842084495], [11.407906742885734, 44.513509684121914], [11.407529620324228, 44.51351763867476], [11.407551852951263, 44.514057322853446], [11.40717472675953, 44.51406527631105], [11.407208071657175, 44.51487480268987], [11.40683094009785, 44.514882755126614], [11.406842053638083, 44.515152597297295], [11.406464920185648, 44.51516054856429], [11.406476032144358, 44.51543039079438], [11.406098896798802, 44.515438340891606], [11.406110007175942, 44.51570818318109], [11.405732869937264, 44.515716132108516], [11.405743978732781, 44.515985974457394], [11.405366839600974, 44.51599392221501], [11.40540016170969, 44.516803449394764], [11.405023017209844, 44.51681139613126], [11.405067441918222, 44.51789076579179], [11.404690290312567, 44.51789871158144], [11.40470139514135, 44.51816855403343], [11.403569934177568, 44.5181923841597], [11.403581033949193, 44.518462226819686], [11.403203878245705, 44.51847016778081], [11.403214976435303, 44.51874001050012], [11.40283781883857, 44.51874795029123], [11.402848915446093, 44.51901779306983], [11.402471755956109, 44.51902573169092], [11.402482850981507, 44.51929557452882], [11.402105689598265, 44.51930351197982], [11.402127876640254, 44.51984319775921], [11.401750711625995, 44.51985113411439], [11.401761803642517, 44.52012097705586], [11.404401967639593, 44.52006539591768], [11.40442417646849, 44.52060508071546], [11.404801345606835, 44.520597135426655], [11.404823558534186, 44.521136820015755], [11.405200730992497, 44.52112887333383], [11.405222948018515, 44.52166855771425], [11.405600123796862, 44.52166060963914], [11.405622344921758, 44.522200293810826], [11.4059995240202, 44.52219234434253], [11.406010636554285, 44.52246218633149], [11.406764997759668, 44.52244628351267], [11.406742765895476, 44.52190659981736], [11.407119942788492, 44.5218986466901], [11.407108825352259, 44.52162880489436], [11.40748600035149, 44.52162085059707], [11.407463762470881, 44.52108116710947], [11.40784093383847, 44.521073211716626], [11.407785333176054, 44.51972400310734], [11.409671144230277, 44.51968420933883], [11.409682272739603, 44.51995405071832], [11.410436599544745, 44.519938124351455], [11.41044773168559, 44.52020796556691], [11.410824896591803, 44.52020000044241], [11.410847164817287, 44.52073968267925], [11.411601501112486, 44.52072374839896], [11.41161263893501, 44.520993589345764], [11.412366978081197, 44.52097764993877], [11.412378119535541, 44.52124749072143], [11.412755290612163, 44.52123951907675], [11.412811008916572, 44.52258872239191], [11.412433829150451, 44.52259669440956], [11.412456114089958, 44.52313637577976], [11.41207893069164, 44.523144346702104], [11.41209007165771, 44.52341418743928], [11.411712886365162, 44.52342215719172], [11.411735165289796, 44.5239618387702], [11.41211235405847, 44.523953868868595], [11.412123495493168, 44.52422370956075], [11.413255066076099, 44.52419979216501], [11.413266212881366, 44.52446963261835], [11.413643404501249, 44.52446165758942], [11.41367685106928, 44.525271178635485], [11.414054047747324, 44.525263202138106], [11.414065198654184, 44.525533042382136], [11.414442396914087, 44.52552506456552], [11.41445023217779, 44.52571463745259], [11.415052282927654, 44.5259878037281], [11.415737659423467, 44.52636318277994], [11.416146468250053, 44.52659601430847], [11.416427322485443, 44.526755571755], [11.416473785502165, 44.526784494573874], [11.416480143580706, 44.526788519145704], [11.416513684839126, 44.52680928912623], [11.417004969751206, 44.527113057957884], [11.417154558881505, 44.52720389168312], [11.417149772515643, 44.5270882225646], [11.418658601327435, 44.527056262209825], [11.41866977418912, 44.52732610145214], [11.417915356619746, 44.52734208426837], [11.417926526161347, 44.52761192364523], [11.41782673936265, 44.52761403720688], [11.418307129179212, 44.52790777846726], [11.419272161805514, 44.52849771905764], [11.419287117228512, 44.528511806137416], [11.419287181588029, 44.52851184078348], [11.419444647343008, 44.52866005959177], [11.419480075174373, 44.52865930889559]], [[11.418968763828842, 44.525429233688925], [11.418214370908565, 44.52544521794744], [11.4182032008816, 44.5251753785252], [11.418957590325526, 44.525159394416235], [11.418968763828842, 44.525429233688925]], [[11.413253298471004, 44.51501723540333], [11.413231012479116, 44.51447755358018], [11.413985266662225, 44.51446160531125], [11.414007559603096, 44.51500128683592], [11.413253298471004, 44.51501723540333]], [[11.417781334335416, 44.524104010574625], [11.418158522339843, 44.52409602068605], [11.418180861297502, 44.52463569963567], [11.417803669816891, 44.52464368967377], [11.417848342658873, 44.52572304769184], [11.416716746419569, 44.52574701123583], [11.416683257196851, 44.52493749207213], [11.417060450885282, 44.52492950569291], [11.417049286385938, 44.524659666016376], [11.417426478179694, 44.524651678467336], [11.417415312098774, 44.52438183885053], [11.417792501997864, 44.52437385013172], [11.417781334335416, 44.524104010574625]], [[11.41814735309592, 44.52382618118872], [11.418524539205688, 44.5238181901304], [11.418535710187665, 44.524088029552956], [11.418158522339843, 44.52409602068605], [11.41814735309592, 44.52382618118872]]]}}, {"type": "Feature", "properties": {"threshold": "ge_3", "source": "HistorySUHI", "period": "2013-2025", "hotspot_percentile": "top_10_pct", "label": ">= 3 estati"}, "geometry": {"type": "Polygon", "coordinates": [[[11.433151129985045, 44.51243422106275], [11.43277402139416, 44.512442258815774], [11.432751557255125, 44.51190258454234], [11.432374451980614, 44.511910620901006], [11.432385682234495, 44.51218045812044], [11.432008575065638, 44.512188493310354], [11.432064720011741, 44.513537679557885], [11.431687604000555, 44.51354571387971], [11.431698831724985, 44.51381555115926], [11.431321713819338, 44.51382358431224], [11.431310487831968, 44.51355374695752], [11.430933371506004, 44.51356177879129], [11.430922147413048, 44.51329194134639], [11.43016791776317, 44.51330800113161], [11.430179138382043, 44.51357783872681], [11.429802021584093, 44.51358586682852], [11.42983567917327, 44.51439537974924], [11.42993645129578, 44.51439323430455], [11.432605790860062, 44.513521559831425], [11.433188483113765, 44.513331402445175], [11.433151129985045, 44.51243422106275]]]}}, {"type": "Feature", "properties": {"threshold": "ge_3", "source": "HistorySUHI", "period": "2013-2025", "hotspot_percentile": "top_10_pct", "label": ">= 3 estati"}, "geometry": {"type": "Polygon", "coordinates": [[[11.428338402126075, 44.51469731852744], [11.428347329672045, 44.51491216294616], [11.429051743780631, 44.51468213608664], [11.428338402126075, 44.51469731852744]]]}}, {"type": "Feature", "properties": {"threshold": "ge_3", "source": "HistorySUHI", "period": "2013-2025", "hotspot_percentile": "top_10_pct", "label": ">= 3 estati"}, "geometry": {"type": "Polygon", "coordinates": [[[11.427972488575872, 44.514975178679826], [11.427974923032586, 44.51503377256285], [11.428167028473343, 44.514971040413265], [11.427972488575872, 44.514975178679826]]]}}, {"type": "Feature", "properties": {"threshold": "ge_3", "source": "HistorySUHI", "period": "2013-2025", "hotspot_percentile": "top_10_pct", "label": ">= 3 estati"}, "geometry": {"type": "Polygon", "coordinates": [[[11.427251859031637, 44.51580073373307], [11.425743330277431, 44.51583280126708], [11.425754531464792, 44.51610263962766], [11.425000262670794, 44.51611866607982], [11.425011460540548, 44.51638850457533], [11.424634324170729, 44.516396516010154], [11.424645520460125, 44.5166663545656], [11.425022658567293, 44.516658343055816], [11.425033856751032, 44.51692818152126], [11.424656716906489, 44.51693619310601], [11.424667913509824, 44.51720603163141], [11.425045055091767, 44.51719801997169], [11.4250562535895, 44.51746785840707], [11.425433396751862, 44.51745984542819], [11.42542219651671, 44.517190007067775], [11.426553619849305, 44.517165960890885], [11.426587236662797, 44.517975475251994], [11.426964382671805, 44.51796745714623], [11.426975590327988, 44.518237295161505], [11.426221294677902, 44.51825333027884], [11.4262324990162, 44.518523168429134], [11.426609648657305, 44.51851515141755], [11.426620854890222, 44.5187849894778], [11.425112248433235, 44.51881705035857], [11.425134647469815, 44.51935672703392], [11.424757491987808, 44.51936473929341], [11.424767722334277, 44.51961125629386], [11.425238043519528, 44.51945681823597], [11.425975125432023, 44.51921552474492], [11.426360902745436, 44.519093668092964], [11.426464009559362, 44.51905373771677], [11.426473136375671, 44.51905020376235], [11.426794206945628, 44.51957144032499], [11.426799614378348, 44.519580147853034], [11.427287002398522, 44.52035128645239], [11.427328893339505, 44.520419778237006], [11.427566198156807, 44.52080771063292], [11.42806529332656, 44.520612552257724], [11.428719373898423, 44.520342064845835], [11.429194029456426, 44.52014459472383], [11.429970128201761, 44.51984199304034], [11.43000993407153, 44.5198254902277], [11.430309768578915, 44.519698274749175], [11.430311762352927, 44.51969599066704], [11.430379742446197, 44.519619011963094], [11.429873043523058, 44.51898588223462], [11.429649280551674, 44.51899064543649], [11.429638060261276, 44.51872080799185], [11.429260910140211, 44.518728835032476], [11.429238540432431, 44.51819076974138], [11.42923728081584, 44.51818918532819], [11.428861326702993, 44.51819718559404], [11.428840234663156, 44.51768975941919], [11.428677661608049, 44.51748526632619], [11.427247072265112, 44.515685489778534], [11.427251859031637, 44.51580073373307]]]}}, {"type": "Feature", "properties": {"threshold": "ge_3", "source": "HistorySUHI", "period": "2013-2025", "hotspot_percentile": "top_10_pct", "label": ">= 3 estati"}, "geometry": {"type": "Polygon", "coordinates": [[[11.424413925655474, 44.52018226565873], [11.424424519651662, 44.5204375778983], [11.424589434482652, 44.52017853769136], [11.424413925655474, 44.52018226565873]]]}}, {"type": "Feature", "properties": {"threshold": "ge_3", "source": "HistorySUHI", "period": "2013-2025", "hotspot_percentile": "top_10_pct", "label": ">= 3 estati"}, "geometry": {"type": "Polygon", "coordinates": [[[11.424492306198756, 44.522071134282996], [11.424115133025463, 44.5220791448034], [11.424126329136037, 44.522348983193126], [11.423749154067902, 44.522356992544076], [11.423771543284174, 44.522896669428334], [11.424148721828116, 44.5228886599275], [11.424159918409625, 44.52315849827214], [11.4244898266116, 44.52315149090097], [11.424686149504254, 44.52310128355449], [11.424988015916334, 44.5230162788555], [11.425003606899551, 44.52301172544452], [11.425217838120965, 44.522947604226715], [11.425262464823588, 44.522924986956234], [11.425334858597038, 44.522888302895865], [11.425336543703885, 44.52288736683803], [11.425381123541761, 44.522767838198625], [11.425380514210579, 44.52276710393491], [11.425334852670428, 44.52272902112239], [11.424697499422297, 44.52194727717499], [11.424687460746332, 44.52193521995319], [11.424491716376364, 44.52167211934502], [11.424488873860975, 44.52166820960006], [11.424474798905733, 44.52164924328599], [11.424492306198756, 44.522071134282996]]]}}, {"type": "Feature", "properties": {"threshold": "ge_3", "source": "HistorySUHI", "period": "2013-2025", "hotspot_percentile": "top_10_pct", "label": ">= 3 estati"}, "geometry": {"type": "Polygon", "coordinates": [[[11.41292245724425, 44.52528712789652], [11.412933602936477, 44.525556968364434], [11.412179205009917, 44.52557291279635], [11.412190347381939, 44.52584275339845], [11.41181314644606, 44.52585072382208], [11.411824287236044, 44.52612056448376], [11.409938271522662, 44.526160398305606], [11.40997166875498, 44.52696992131879], [11.410348877424923, 44.526961956820095], [11.410360011886262, 44.52723179771996], [11.410737222138463, 44.52722383190207], [11.41073756947428, 44.52723224800513], [11.410809476126166, 44.52720872217076], [11.411429808824394, 44.52695535943545], [11.412510942247541, 44.526509386786536], [11.413052149350943, 44.526283011624436], [11.413707267504765, 44.52600732386724], [11.41367685106928, 44.525271178635485], [11.41292245724425, 44.52528712789652]]]}}, {"type": "Feature", "properties": {"threshold": "ge_3", "source": "HistorySUHI", "period": "2013-2025", "hotspot_percentile": "top_10_pct", "label": ">= 3 estati"}, "geometry": {"type": "Polygon", "coordinates": [[[11.40979484153269, 44.53183502115741], [11.409817109277412, 44.53237470270006], [11.410157558363574, 44.53236751479817], [11.4101344335246, 44.53232956339934], [11.409845344177018, 44.53183395490516], [11.40979484153269, 44.53183502115741]]]}}, {"type": "Feature", "properties": {"threshold": "ge_3", "source": "HistorySUHI", "period": "2013-2025", "hotspot_percentile": "top_10_pct", "label": ">= 3 estati"}, "geometry": {"type": "Polygon", "coordinates": [[[11.410216624722702, 44.53290641928917], [11.409839377646628, 44.53291438418269], [11.409850512065427, 44.5331842249015], [11.408718764683766, 44.53320811233605], [11.408741023556004, 44.53374779417569], [11.407986517565366, 44.53376371320532], [11.407997643757573, 44.53403355425158], [11.408752153226219, 44.53401763507301], [11.408785543173272, 44.53482715767494], [11.409162802890648, 44.53481919599471], [11.409173934924242, 44.535089036757505], [11.409551196224612, 44.53508107375776], [11.409540062451928, 44.53481123306946], [11.410671840198928, 44.534787336823754], [11.410660701365172, 44.53451749634406], [11.411037958562755, 44.53450952851339], [11.411049099135568, 44.53477936891853], [11.411426357915987, 44.53477139976831], [11.411437500384098, 44.535041240083864], [11.411805738587901, 44.535033459618155], [11.411295081679627, 44.53421780004645], [11.411264358025461, 44.534183942382526], [11.410197060321341, 44.532432343554625], [11.410216624722702, 44.53290641928917]]]}}, {"type": "Feature", "properties": {"threshold": "ge_3", "source": "HistorySUHI", "period": "2013-2025", "hotspot_percentile": "top_10_pct", "label": ">= 3 estati"}, "geometry": {"type": "Polygon", "coordinates": [[[11.412225459730912, 44.53583481830839], [11.41224775303015, 44.536374498506085], [11.411493215068425, 44.53639044143657], [11.411504358474062, 44.5366602816621], [11.410372545141897, 44.536684186943546], [11.41039482198637, 44.537223867796925], [11.41077209673185, 44.53721590046575], [11.410783237127687, 44.5374857407954], [11.411160513456249, 44.537477772144555], [11.411182798195263, 44.53801745260967], [11.411560077846248, 44.538009482564576], [11.411548933659269, 44.53773964241409], [11.411926211414633, 44.53773167119845], [11.411903920030875, 44.53719199100164], [11.411526645754128, 44.53719996206811], [11.411515502035963, 44.53693012187261], [11.412270046954625, 44.536914178643755], [11.41225889991423, 44.53664433858243], [11.412815377039754, 44.536632576818995], [11.412710509850985, 44.53647862824112], [11.412306371621163, 44.53583310830375], [11.412225459730912, 44.53583481830839]]]}}, {"type": "Feature", "properties": {"threshold": "ge_3", "source": "HistorySUHI", "period": "2013-2025", "hotspot_percentile": "top_10_pct", "label": ">= 3 estati"}, "geometry": {"type": "Polygon", "coordinates": [[[11.413857217277085, 44.53877115516447], [11.414141710345833, 44.538765138563505], [11.413924413124219, 44.53842054555243], [11.413924385741044, 44.538420492116394], [11.41383682103326, 44.538277763309], [11.413857217277085, 44.53877115516447]]]}}, {"type": "Feature", "properties": {"threshold": "ge_3", "source": "HistorySUHI", "period": "2013-2025", "hotspot_percentile": "top_10_pct", "label": ">= 3 estati"}, "geometry": {"type": "Polygon", "coordinates": [[[11.414245658039901, 44.539033015747556], [11.4143097760452, 44.53903165952947], [11.414241098925771, 44.53892275038097], [11.414245658039901, 44.539033015747556]]]}}, {"type": "Feature", "properties": {"threshold": "ge_3", "source": "HistorySUHI", "period": "2013-2025", "hotspot_percentile": "top_10_pct", "label": ">= 3 estati"}, "geometry": {"type": "Polygon", "coordinates": [[[11.41407634971739, 44.52580288261116], [11.414078288733583, 44.52584980311691], [11.41419204449262, 44.525800435632526], [11.41407634971739, 44.52580288261116]]]}}, {"type": "Feature", "properties": {"threshold": "ge_3", "source": "HistorySUHI", "period": "2013-2025", "hotspot_percentile": "top_10_pct", "label": ">= 3 estati"}, "geometry": {"type": "Polygon", "coordinates": [[[11.417538147600132, 44.52735007380951], [11.417400112384394, 44.52735299703168], [11.417423995986981, 44.52736749966694], [11.417541859782437, 44.527439768552284], [11.417538147600132, 44.52735007380951]]]}}, {"type": "Feature", "properties": {"threshold": "ge_3", "source": "HistorySUHI", "period": "2013-2025", "hotspot_percentile": "top_10_pct", "label": ">= 3 estati"}, "geometry": {"type": "Polygon", "coordinates": [[[11.410805518388024, 44.538025421409635], [11.410816659252534, 44.53829526169425], [11.411193940799146, 44.53828729281971], [11.411182798195263, 44.53801745260967], [11.410805518388024, 44.538025421409635]]]}}, {"type": "Feature", "properties": {"threshold": "ge_3", "source": "HistorySUHI", "period": "2013-2025", "hotspot_percentile": "top_10_pct", "label": ">= 3 estati"}, "geometry": {"type": "Polygon", "coordinates": [[[11.41347993334598, 44.53877913290429], [11.413491086855268, 44.53904897262166], [11.413868372525801, 44.5390409948072], [11.413857217277085, 44.53877115516447], [11.41347993334598, 44.53877913290429]]]}}]}